amount,tx_velocity_1h,origin_balance_drain_ratio,urgency_signal,coercion_pressure_signal,authority_claim_signal,has_obfuscated_url,recipient_age_days,kyc_verified,is_masked_virtual_handle,connected_entities,elevated_risk_mule_hops,cluster_risk_score,story_mismatch_detected,is_fraud
-0.42928813294863616,-0.19844712981526558,-0.49026393596947526,0,0,0,0,0.9090592677397276,1,1,-0.8266062607722404,-0.5874223568598589,-0.8391364536852063,0,0
-0.39554630780449107,-0.4241475902250075,-0.06219486829139442,0,0,0,0,-0.8113738966548621,1,0,-0.33589313475725646,-0.5874223568598589,-0.719091515238401,0,0
-0.43520556638585617,-0.19844712981526558,-0.026522445984887653,0,0,0,0,0.7811988343825739,1,0,-0.5812496977647484,-0.5874223568598589,-0.6409227181102487,0,0
-0.3858235131037524,-0.19844712981526558,-0.06219486829139442,0,0,0,0,0.0040915338674289104,1,0,-0.33589313475725646,-0.5874223568598589,-0.6995493159563628,0,0
-0.4414362774428929,-0.6498480506347494,-0.8469881590345426,1,1,1,0,-1.1310249800477463,0,1,1.6269593693026794,1.3625273754550251,1.6845989964522836,1,1
-0.43280965997765924,-0.6498480506347494,-0.7042984698085157,0,0,0,0,1.6961112686270958,0,0,-0.8266062607722404,-0.5874223568598589,-0.7051328014655166,0,0
-0.40670829517972595,-0.6498480506347494,-0.8826605813410494,0,0,0,0,1.2755925100302348,1,0,-0.8266062607722404,-0.5874223568598589,-0.4678346673264827,0,0
2.0389723521917538,1.60715655346267,2.220840159325037,1,0,1,1,-1.0869841641136155,0,1,0.4001765542652195,1.3625273754550251,1.4333421485403652,1,1
-0.4168120872865199,-0.4241475902250075,-0.6686260475020089,0,0,0,0,1.6762218678826497,1,0,-0.8266062607722404,-0.5874223568598589,-0.6492979463739792,0,0
-0.40926869196725013,-0.19844712981526558,-0.3832466690499551,1,0,1,0,1.0468644014691042,1,0,-0.5812496977647484,-0.5874223568598589,-0.5404199789454813,0,0
2.9188192212808715,1.60715655346267,2.18516773701853,0,0,1,0,-1.0727774492961542,0,1,2.6083856213326473,0.7125441313500638,1.6873907392068603,1,1
-0.3308639993402696,0.02725333059447637,0.4015466216931932,1,0,0,0,1.015609628870689,1,0,-0.5812496977647484,-0.5874223568598589,-0.5962548340370187,0,0
2.077820936230611,2.284257934691896,1.4003744462753818,1,0,0,0,-1.1026115504128233,0,1,1.6269593693026794,0.06256088724510249,1.6566815689065149,1,1
-0.4209624268813843,-0.19844712981526558,-0.8826605813410494,0,0,0,0,1.6165536656493114,1,0,-0.5812496977647484,-0.5874223568598589,-0.7386337145204391,0,0
0.8894617610944292,2.284257934691896,2.399202270857571,0,1,1,0,-1.099770207449331,0,1,0.6455331172727115,2.0125106195599867,1.718099909507206,0,1
-0.2513857027398635,-0.19844712981526558,-0.026522445984887653,1,0,0,0,-0.5627563873492857,1,0,-0.5812496977647484,-0.5874223568598589,-0.5822961202641344,0,0
-0.3655593975903479,0.02725333059447637,-0.2405569798239281,1,0,0,0,1.8694331894001264,1,0,-0.5812496977647484,-0.5874223568598589,-0.6520896891285561,0,0
3.449784940155323,3.4127602367406054,1.4003744462753818,0,1,0,1,-1.099770207449331,1,0,0.6455331172727115,1.3625273754550251,1.6818072536977065,1,1
-0.4414362774428929,-0.4241475902250075,-0.9896778482605697,1,1,1,1,-1.1239216226390156,0,1,1.1362462432876954,1.3625273754550251,1.5757210290237855,1,1
-0.3603222044986633,0.02725333059447637,0.6869260001452472,0,0,0,0,1.109373946665935,1,0,-0.5812496977647484,-0.5874223568598589,-0.5320447506817507,0,0
-0.44160861939163915,-0.4241475902250075,-0.026522445984887653,0,0,0,0,1.2358137085413425,1,0,-0.8266062607722404,-0.5874223568598589,-0.7302584862567084,0,0
2.8966617979467024,0.7043547118237021,1.7570986693404496,1,1,0,1,-1.116818265230285,0,1,2.853742184340139,0.06256088724510249,1.3858825217125585,1,1
-0.43822066718735614,-0.4241475902250075,-0.20488455751742132,0,0,0,0,0.2754397868809439,1,0,-0.5812496977647484,-0.5874223568598589,-0.7386337145204391,0,0
-0.42961377679028767,-0.19844712981526558,-0.9896778482605697,0,0,0,0,1.4148183152413576,1,0,-0.5812496977647484,-0.5874223568598589,-0.7860933413482458,0,0
-0.4370295841064993,-0.4241475902250075,-0.7756433144215291,1,1,1,1,-1.1296043085660001,0,1,1.8723159323101712,0.7125441313500638,1.4947604891410566,1,1
-0.43486343424842483,-0.6498480506347494,-0.7042984698085157,0,0,0,0,0.6504970580619279,1,0,-0.8266062607722404,-0.5874223568598589,-0.7498006855387466,0,0
-0.4392907379545432,-0.6498480506347494,-0.8469881590345426,0,0,0,0,0.12911062426109027,1,0,-0.8266062607722404,-0.5874223568598589,-0.44550072528986784,0,0
-0.4370295841064993,-0.6498480506347494,-0.8469881590345426,1,1,0,0,-1.116818265230285,0,1,0.4001765542652195,0.7125441313500638,1.7097246812434752,1,1
-0.390775497936293,-0.19844712981526558,-0.20488455751742132,0,0,0,0,-0.08256942651908634,1,0,-0.33589313475725646,-0.5874223568598589,-0.6241722615827874,0,0
-0.4017666155320477,-0.6498480506347494,0.009149976321619119,0,0,0,0,0.6987998884412971,1,0,-0.5812496977647484,-0.5874223568598589,-0.6967575732017861,0,0
-0.4272395603426106,-0.4241475902250075,0.009149976321619119,0,0,0,0,1.0326576866516428,1,0,-0.5812496977647484,-0.5874223568598589,-0.6967575732017861,0,0
-0.4331196006804729,-0.19844712981526558,-0.4189190913564617,0,0,0,0,-0.3723864087953013,1,0,-0.33589313475725646,-0.5874223568598589,-0.38966587019833043,0,0
-0.4370295841064993,-0.4241475902250075,-0.8469881590345426,1,1,1,1,-1.118238936712031,0,1,0.6455331172727115,0.7125441313500638,1.371923807939674,1,1
-0.43913380471078167,-0.6498480506347494,-0.49026393596947526,0,0,0,0,0.39193484838412834,1,0,-0.5812496977647484,-0.5874223568598589,-0.847511681948937,0,0
-0.43799827148356396,-0.6498480506347494,-0.0978672905979012,0,0,0,0,0.44449969320873595,1,0,-0.8266062607722404,-0.5874223568598589,-0.7162997724838241,0,0
-0.35807047253392216,-0.19844712981526558,0.08049482093463266,0,0,0,0,0.07086309350949804,1,0,-0.5812496977647484,-0.5874223568598589,-0.6660484029014404,0,0
-0.4220595855630668,-0.6498480506347494,-0.8826605813410494,0,0,0,0,0.3649420902309515,1,0,-0.8266062607722404,-0.5874223568598589,-0.6520896891285561,0,0
-0.4293031490751499,-0.4241475902250075,-0.6686260475020089,0,0,0,0,1.0326576866516428,1,0,-0.33589313475725646,-0.5874223568598589,-0.4678346673264827,0,0
-0.3960510655735127,-0.6498480506347494,-0.13353971290440778,0,0,0,0,1.1832488637167349,1,0,-0.8266062607722404,-0.5874223568598589,-0.41758329774409914,0,0
-0.4180305527157254,-0.19844712981526558,-0.06219486829139442,0,0,0,0,-0.3482349936056167,1,0,-0.5812496977647484,-0.5874223568598589,-0.6465062036194024,0,0
-0.4143902706992404,-0.6498480506347494,-0.8113157367280359,0,0,0,0,-0.07404539762860944,1,0,-0.8266062607722404,-0.5874223568598589,-0.6353392326010948,0,0
0.17189063803337246,1.381456093052928,2.363529848551064,0,0,1,1,-1.119659608193777,0,0,2.3630290583251554,0.7125441313500638,1.2937550108115219,0,1
0.648870928475381,-0.4241475902250075,0.6155811555322337,1,0,0,0,1.6961112686270958,1,0,-0.5812496977647484,-0.5874223568598589,-0.5515869499637888,0,0
-0.41218751289875005,-0.4241475902250075,-0.4189190913564617,0,0,0,0,0.2910671731801516,1,0,-0.8266062607722404,-0.5874223568598589,-0.8754291094947056,0,0
-0.4368179843106582,-0.4241475902250075,-0.8469881590345426,0,0,0,0,-0.8099532251731161,0,0,-0.5812496977647484,-0.5874223568598589,-0.43154201151698346,0,0
-0.4343659391811157,-0.6498480506347494,-0.06219486829139442,0,0,0,0,1.2258690081691195,1,0,-0.33589313475725646,-0.5874223568598589,-0.6130052905644799,0,0
-0.36672133171973686,-0.19844712981526558,-0.525936358275982,0,0,0,0,0.2896465016984054,1,0,-0.33589313475725646,-0.5874223568598589,-0.590671348527865,0,0
0.44766975117277424,0.9300551722334441,2.1138228924055165,0,0,0,1,-1.0983495359675848,0,0,1.1362462432876954,2.6624938636649476,1.7851017356170507,1,1
-0.42755902107334476,-0.19844712981526558,-0.06219486829139442,0,0,0,0,-0.5442876580865856,1,0,-0.33589313475725646,-0.5874223568598589,-0.8419281964397832,0,0
-0.41654169886465436,-0.19844712981526558,-0.9540054259540629,0,0,0,0,0.7300546610397125,1,0,-0.8266062607722404,-0.5874223568598589,-0.5515869499637888,0,0
-0.4415681838091315,-0.4241475902250075,-0.7399708921150225,0,0,0,0,-0.5883284740207164,1,0,-0.5812496977647484,-0.5874223568598589,-0.48179338109936704,0,0
-0.4057582552800313,-0.19844712981526558,-0.8469881590345426,0,0,0,0,0.22145427057459013,1,0,-0.5812496977647484,-0.5874223568598589,-0.6520896891285561,0,0
-0.41077756732033954,-0.4241475902250075,-0.7756433144215291,0,0,0,0,0.5922495273103358,1,0,-0.8266062607722404,-0.5874223568598589,-0.88938782326759,0,0
3.851189065853533,3.6384606971503475,1.5073917131949022,1,0,0,1,-1.089825507077108,0,1,2.6083856213326473,2.6624938636649476,1.6957659674705907,1,1
-0.4321472819525519,-0.4241475902250075,-0.5616087805824888,0,0,0,0,-0.6536793621810394,1,1,-0.5812496977647484,-0.5874223568598589,-0.6604649173922867,0,0
-0.4020830337796319,0.02725333059447637,-0.3475742467434483,1,0,0,0,0.3635214187492053,1,0,-0.5812496977647484,-0.5874223568598589,-0.8000520551211302,0,0
-0.4230302358324863,-0.6498480506347494,-0.7399708921150225,0,0,0,0,0.5453673684127127,1,0,-0.5812496977647484,-0.5874223568598589,-0.8810125950038594,0,0
-0.4370295841064993,-0.4241475902250075,-0.8113157367280359,1,1,1,1,-1.1054528933763157,0,1,1.6269593693026794,2.0125106195599867,1.45567609057698,1,1
-0.4335074682097697,-0.19844712981526558,-0.8826605813410494,0,0,0,0,-0.3425523076786321,1,0,-0.5812496977647484,-0.5874223568598589,-0.88938782326759,0,0
-0.4357538022205354,-0.4241475902250075,0.04482239862812589,0,0,0,0,-0.27151873359132456,1,0,-0.33589313475725646,-0.5874223568598589,-0.45108421079902156,0,0
-0.21556988553369907,-0.4241475902250075,-0.31190182443694153,1,0,0,0,-0.21185053135798615,1,0,-0.5812496977647484,-0.5874223568598589,-0.6632566601468636,0,0
-0.37006129120594644,-0.4241475902250075,0.6512535778387404,1,0,0,0,1.9475701208961647,1,0,-0.5812496977647484,-0.5874223568598589,-0.6465062036194024,1,0
-0.4355417117016056,-0.6498480506347494,-0.20488455751742132,0,0,0,0,0.8394463651341662,1,0,-0.8266062607722404,-0.5874223568598589,-0.42316678325325285,0,0
-0.4409455543542076,-0.4241475902250075,-0.9183330036475561,1,1,1,0,-1.1082942363398078,0,1,1.3816028062951873,1.3625273754550251,1.3328394093755978,1,1
-0.36254940030897026,-0.19844712981526558,0.2945293547736731,1,0,0,0,-0.4206892391746705,1,0,-0.5812496977647484,-0.5874223568598589,-0.7860933413482458,0,0
-0.43666968779325754,-0.19844712981526558,-0.8826605813410494,0,0,0,0,1.1434700622278426,1,0,-0.8266062607722404,-0.5874223568598589,-0.590671348527865,0,0
-0.4173088953415049,-0.19844712981526558,-0.0978672905979012,0,0,0,0,0.3521560468952361,1,0,-0.8266062607722404,-0.5874223568598589,-0.7972603123665533,0,0
-0.38027942179240404,-0.6498480506347494,-0.49026393596947526,0,0,0,0,0.9900375421992582,1,0,-0.5812496977647484,-0.5874223568598589,-0.4706264100810596,0,0
-0.15906822539171409,0.02725333059447637,-0.13353971290440778,1,0,0,0,2.389398951719218,1,0,-0.5812496977647484,-0.5874223568598589,-0.6409227181102487,0,0
-0.26191740537999103,-0.4241475902250075,-0.16921213521091455,1,0,0,0,2.044175781654903,1,0,-0.5812496977647484,-0.5874223568598589,-0.6520896891285561,0,0
1.9180823267156697,1.832857013872412,2.3278574262445573,0,1,0,0,-1.119659608193777,0,1,2.3630290583251554,0.06256088724510249,1.5226779166868252,1,1
-0.4370295841064993,-0.6498480506347494,-0.6329536251955021,1,1,1,0,-1.126762965602508,0,1,0.1548199912577275,2.0125106195599867,1.2546706122474456,1,1
-0.4317857171808086,-0.6498480506347494,-0.49026393596947526,0,0,0,0,-0.08114875503734019,1,0,-0.8266062607722404,-0.5874223568598589,-0.4734181528356365,0,0
-0.432174860590136,-0.6498480506347494,-0.4189190913564617,0,0,0,0,0.3081152309611054,1,0,-0.33589313475725646,-0.5874223568598589,-0.5013355803814052,0,0
-0.42759562901576065,-0.4241475902250075,-0.9896778482605697,0,0,0,0,0.9673067984913198,1,0,-0.33589313475725646,-0.5874223568598589,-0.6046300623007493,0,0
-0.4416816389872355,-0.6498480506347494,-0.9540054259540629,1,1,0,1,-1.1210802796755233,0,1,0.6455331172727115,0.7125441313500638,1.4110082065037504,1,1
-0.4345754779399843,-0.19844712981526558,-0.3832466690499551,0,0,0,0,-0.9150829148223313,1,0,-0.33589313475725646,-0.5874223568598589,-0.462251181817329,0,0
-0.4409455543542076,-0.6498480506347494,-0.8826605813410494,1,1,1,1,-1.1296043085660001,1,1,0.1548199912577275,2.0125106195599867,1.377507293448828,1,1
-0.4389309397859192,-0.19844712981526558,-0.9183330036475561,0,0,0,0,-0.865359412961216,1,0,-0.33589313475725646,-0.5874223568598589,-0.8140107688940146,0,0
-0.37612231021891573,-0.4241475902250075,-0.7042984698085157,0,0,0,0,0.2157715846476055,1,0,-0.5812496977647484,-0.5874223568598589,-0.8642621384763982,0,0
-0.3205407558682156,-0.4241475902250075,0.8296156893712743,1,0,1,0,0.5595740832301742,1,0,-0.5812496977647484,-0.5874223568598589,-0.6632566601468636,0,0
3.325230783520644,3.4127602367406054,2.3278574262445573,1,0,0,1,-1.0841428211501234,0,1,2.3630290583251554,0.06256088724510249,1.5561788297417474,1,1
-0.4409455543542076,-0.6498480506347494,-0.7042984698085157,1,1,1,1,-1.1210802796755233,0,1,0.8908896802802034,1.3625273754550251,1.7013494529797446,1,1
2.375467651648005,1.155755632643186,1.9711332031794895,1,0,1,0,-1.091246178558854,0,1,1.3816028062951873,1.3625273754550251,1.6120136848332847,1,1
3.6253107984455926,3.6384606971503475,1.899788358566476,1,0,1,1,-1.1225009511572694,0,1,1.3816028062951873,2.6624938636649476,1.419383434767481,1,1
-0.4412499008138102,-0.4241475902250075,0.04482239862812589,0,0,0,0,-0.6096385462469086,1,0,-0.8266062607722404,-0.5874223568598589,-0.5515869499637888,0,0
1.2916255261339238,2.9613593159211216,1.899788358566476,1,0,0,0,-1.118238936712031,0,1,1.1362462432876954,0.06256088724510249,1.4835935181227489,1,1
-0.4257017323272888,0.02725333059447637,0.25885693246716635,1,0,0,0,0.791143534754797,1,0,-0.5812496977647484,-0.5874223568598589,-0.6297557470919412,0,0
-0.4409455543542076,-0.6498480506347494,-1.061022692873583,1,1,1,1,-1.1225009511572694,0,1,0.4001765542652195,1.3625273754550251,1.6873907392068603,1,1
0.09798617056348895,-0.19844712981526558,0.43721904399969996,1,0,0,0,1.950411463859657,1,0,-0.5812496977647484,-0.5874223568598589,-0.8056355406302839,0,0
-0.4406742826307824,-0.4241475902250075,-0.3832466690499551,0,0,0,0,1.6179743371310575,1,0,-0.5812496977647484,-0.5874223568598589,-0.760967656557054,0,0
-0.4300497351822756,-0.4241475902250075,-0.3475742467434483,0,0,0,0,-0.5613357158675395,1,0,-0.8266062607722404,-0.5874223568598589,-0.5962548340370187,0,0
0.9639166235805819,0.7043547118237021,1.8284435139534625,1,1,1,0,-1.1068735648580619,0,1,1.8723159323101712,2.0125106195599867,1.4500926050678264,1,1
-0.4414026138390091,-0.4241475902250075,-0.3475742467434483,0,0,0,0,-0.13513427134369396,1,0,-0.5812496977647484,-0.5874223568598589,-0.6800071166743248,0,0
-0.4363108710708108,-0.6498480506347494,-0.4189190913564617,0,0,0,0,-0.21042985987624,1,0,-0.33589313475725646,-0.5874223568598589,-0.504127323135982,0,0
-0.41819445422734625,-0.6498480506347494,-0.3475742467434483,0,0,0,0,0.1575240538960133,1,0,-0.5812496977647484,-0.5874223568598589,-0.7693428848207846,0,0
-0.423943667789765,-0.19844712981526558,0.009149976321619119,1,0,1,0,-0.5698597447580164,1,0,-0.5812496977647484,-0.5874223568598589,-0.7721346275753616,0,0
-0.4416816389872355,-0.6498480506347494,-1.0253502705670765,1,1,1,1,-1.1139769222667926,0,1,0.8908896802802034,2.0125106195599867,1.4110082065037504,1,1
-0.42722493679456786,-0.6498480506347494,0.04482239862812589,0,0,0,0,0.6774898162151048,1,0,-0.8266062607722404,-0.5874223568598589,-0.6967575732017861,0,0
-0.4004074107210073,-0.6498480506347494,-0.0978672905979012,0,0,0,0,1.2429170659500732,1,0,-0.33589313475725646,-0.5874223568598589,-0.4650429245719059,0,0
-0.4346648876867427,-0.4241475902250075,-0.6329536251955021,0,0,0,0,-0.0839900980008325,1,0,-0.33589313475725646,-0.5874223568598589,-0.5236695224180201,0,0
-0.4409455543542076,-0.4241475902250075,-1.0253502705670765,1,1,1,1,-1.1125562507850464,0,1,1.8723159323101712,2.0125106195599867,1.436133891294942,1,1
1.7116045021850481,1.60715655346267,1.5787365578079158,1,1,1,0,-1.1068735648580619,0,1,2.853742184340139,2.6624938636649476,1.5059274601593637,1,1
1.813168282114823,1.60715655346267,1.685753824727436,1,1,0,0,-1.1310249800477463,0,1,1.3816028062951873,2.6624938636649476,1.7962687066353582,1,1
-0.43317848745111515,-0.6498480506347494,-0.3832466690499551,0,0,0,0,0.2569710576182439,1,0,-0.8266062607722404,-0.5874223568598589,-0.7665511420662078,0,0
-0.4418288559138411,-0.6498480506347494,-0.8469881590345426,1,0,1,0,-1.1153975937485388,0,1,1.3816028062951873,0.7125441313500638,1.692974224716014,1,1
-0.4403669918326477,-0.6498480506347494,-0.7399708921150225,0,0,0,0,-0.8980348570413774,1,0,-0.5812496977647484,-0.5874223568598589,-0.4678346673264827,0,0
3.5778297082644377,3.1870597763308637,2.18516773701853,0,1,0,1,-1.1139769222667926,0,1,1.3816028062951873,0.06256088724510249,1.5059274601593637,1,1
-0.4334153104137146,-0.4241475902250075,-0.13353971290440778,1,1,1,0,0.6007735562008126,1,0,-0.5812496977647484,-0.5874223568598589,-0.6381309753556718,0,0
-0.42827439719203014,-0.4241475902250075,-0.2405569798239281,0,0,0,0,-0.4022205099119705,0,0,-0.33589313475725646,-0.5874223568598589,-0.632547489846518,0,0
-0.4017589602518642,-0.19844712981526558,-0.4545915136629685,0,0,0,0,-0.19054045913179388,1,0,-0.8266062607722404,-0.5874223568598589,-0.7107162869746704,0,0
-0.38621422682696355,-0.19844712981526558,0.009149976321619119,0,0,0,0,1.47306584599295,1,0,-0.8266062607722404,-0.5874223568598589,-0.45108421079902156,0,0
-0.14213592336124706,-0.4241475902250075,-0.16921213521091455,1,0,0,0,1.6350223949120113,1,0,-0.5812496977647484,-0.5874223568598589,-0.5850878630187113,0,0
-0.43526415872264523,-0.19844712981526558,-0.31190182443694153,0,0,0,0,0.22855762798332088,1,0,-0.33589313475725646,-0.5874223568598589,-0.5180860369088663,0,0
1.9611583920189324,2.5099583951016378,2.0068056254859963,0,0,1,0,-1.1026115504128233,0,1,1.8723159323101712,0.06256088724510249,1.586888000042093,1,1
-0.4300003684395539,-0.19844712981526558,-0.2405569798239281,0,0,0,0,1.2471790803953118,1,0,-0.8266062607722404,-0.5874223568598589,-0.7051328014655166,0,0
-0.40496524676871587,-0.19844712981526558,-0.525936358275982,0,0,0,0,-0.3638623799048244,1,0,-0.5812496977647484,-0.5874223568598589,-0.802843797875707,0,0
-0.4272889270853324,-0.4241475902250075,0.22318451016065954,1,0,0,0,1.652070452692965,1,0,-0.5812496977647484,-0.5874223568598589,-0.7386337145204391,0,0
-0.37146691842117646,-0.4241475902250075,-0.7042984698085157,0,0,0,0,-0.7446023370127931,1,0,-0.5812496977647484,-0.5874223568598589,-0.6744236311651711,0,0
1.9221205851570786,0.9300551722334441,1.543064135501409,1,1,0,0,-1.0983495359675848,1,1,1.6269593693026794,0.06256088724510249,1.7739347645987436,0,1
0.9781303196997329,2.73565885551138,1.4717192908883954,0,1,0,1,-1.099770207449331,0,0,0.8908896802802034,1.3625273754550251,1.6734320254339758,1,1
2.8938615357134285,3.6384606971503475,1.8284435139534625,0,0,0,0,-1.0784601352231387,1,0,2.6083856213326473,1.3625273754550251,1.7460173370529748,1,1
-0.17216631164104773,0.02725333059447637,0.6155811555322337,1,0,0,0,2.2643798613255566,1,0,-0.5812496977647484,-0.5874223568598589,-0.6297557470919412,0,0
-0.4197325766765213,-0.6498480506347494,-0.7399708921150225,0,0,0,0,-0.17065105838734776,1,0,-0.5812496977647484,-0.5874223568598589,-0.783301598593669,0,0
-0.4409455543542076,-0.6498480506347494,-0.9183330036475561,1,1,1,1,-1.1125562507850464,0,1,0.6455331172727115,1.3625273754550251,1.6371393696244767,1,1
-0.3460864258405218,0.02725333059447637,-0.16921213521091455,0,0,0,0,0.1873581550126825,1,0,-0.5812496977647484,-0.5874223568598589,-0.5376282361909044,0,0
-0.4330055566346624,-0.6498480506347494,-0.13353971290440778,0,0,0,0,-0.9008762000048698,1,0,-0.33589313475725646,-0.5874223568598589,-0.7972603123665533,0,0
-0.4411502840268071,-0.4241475902250075,0.009149976321619119,0,0,0,0,0.5652567691571588,1,0,-0.8266062607722404,-0.5874223568598589,-0.6604649173922867,0,0
-0.395939376998528,-0.4241475902250075,-0.9183330036475561,0,0,0,0,0.9204246395936968,1,0,-0.8266062607722404,-0.5874223568598589,-0.7330502290112852,0,0
-0.07967874967036001,0.02725333059447637,0.6512535778387404,1,1,0,0,-0.528660271787378,1,0,-0.5812496977647484,-0.5874223568598589,-0.7107162869746704,0,0
-0.4331672989646931,-0.6498480506347494,-0.4189190913564617,0,0,0,0,1.5682508352699422,1,0,-0.5812496977647484,-0.5874223568598589,-0.6297557470919412,0,0
-0.2846949064090236,-0.4241475902250075,0.6155811555322337,1,0,0,0,0.12626928129759796,1,0,-0.5812496977647484,-0.5874223568598589,-0.5348364934363277,0,0
1.2689689392739434,2.284257934691896,2.363529848551064,1,0,1,0,-1.0855634926318696,0,0,0.4001765542652195,1.3625273754550251,1.782309992862474,1,1
-0.4142020293224208,-0.4241475902250075,-0.026522445984887653,0,0,0,0,0.2896465016984054,0,0,-0.33589313475725646,-0.5874223568598589,-0.49016860936309764,0,0
-0.4383605232676314,-0.19844712981526558,-0.0978672905979012,0,0,0,0,-0.017218538358763365,1,0,-0.8266062607722404,-0.5874223568598589,-0.7916768268573996,0,0
-0.4019463183271242,-0.4241475902250075,-0.525936358275982,0,0,0,0,-0.7389196510858085,1,0,-0.8266062607722404,-0.5874223568598589,-0.8000520551211302,0,0
-0.43856741212182115,-0.19844712981526558,-0.16921213521091455,0,0,0,0,-0.4604680406635627,1,0,-0.33589313475725646,-0.5874223568598589,-0.6716318884105942,0,0
-0.4416816389872355,-0.6498480506347494,-0.8826605813410494,1,1,1,1,-1.1111355793033002,0,1,1.1362462432876954,0.7125441313500638,1.263045840511176,1,1
-0.43301684326570217,-0.6498480506347494,-0.3832466690499551,0,0,0,0,1.566830163788196,1,0,-0.5812496977647484,-0.5874223568598589,-0.40362458397121476,0,0
-0.4418288559138411,-0.6498480506347494,-0.9896778482605697,1,1,0,1,-1.109714907821554,0,1,1.8723159323101712,2.0125106195599867,1.4333421485403652,1,1
-0.43144859041888184,-0.4241475902250075,-0.026522445984887653,0,0,0,0,-0.5158742284516626,1,0,-0.5812496977647484,-0.5874223568598589,-0.5599621782275194,0,0
-0.37359224011827236,-0.19844712981526558,-0.9540054259540629,0,0,0,0,1.2159243077968964,1,0,-0.33589313475725646,-0.5874223568598589,-0.7749263703299383,0,0
-0.4373086092547257,-0.6498480506347494,-0.8113157367280359,0,0,0,0,1.633601723430265,1,0,-0.8266062607722404,-0.5874223568598589,-0.5404199789454813,0,0
3.034373614613681,2.73565885551138,1.935460780872983,1,0,1,0,-1.0727774492961542,0,0,2.6083856213326473,2.0125106195599867,1.3021302390752525,1,1
-0.42915328224386545,-0.4241475902250075,-0.5972812028889956,0,0,0,0,0.2782811298444362,1,0,-0.8266062607722404,-0.5874223568598589,-0.8642621384763982,0,0
2.5162045798674932,3.4127602367406054,2.0424780477925033,1,0,0,0,-1.1026115504128233,0,1,2.853742184340139,2.0125106195599867,1.6259723986061692,1,1
-0.4262181693058211,-0.6498480506347494,-1.0253502705670765,0,0,0,0,1.5995056078683576,1,0,-0.33589313475725646,-0.5874223568598589,-0.8642621384763982,0,0
-0.4331253912129193,-0.6498480506347494,0.11616724324113924,0,0,0,0,0.11206256648013645,1,0,-0.5812496977647484,-0.5874223568598589,-0.7162997724838241,0,0
3.302723572768859,2.5099583951016378,1.5073917131949022,0,1,0,1,-1.1040322218945695,0,1,0.4001765542652195,2.0125106195599867,1.628764141360746,1,1
-0.4370295841064993,-0.6498480506347494,-0.9896778482605697,1,1,1,0,-1.1068735648580619,0,0,0.4001765542652195,1.3625273754550251,1.246295383983715,1,1
-0.40754301515357955,-0.19844712981526558,0.11616724324113924,0,0,0,0,0.556732740266682,1,0,-0.8266062607722404,-0.5874223568598589,-0.43154201151698346,0,0
-0.4284526278178406,-0.4241475902250075,-0.2405569798239281,0,0,0,0,0.3464733609682515,1,0,-0.33589313475725646,-0.5874223568598589,-0.6437144608648254,0,0
-0.4383075251740534,-0.4241475902250075,-0.8826605813410494,0,0,0,0,1.0184509718341812,1,0,-0.5812496977647484,-0.5874223568598589,-0.41758329774409914,0,0
-0.43954807314224975,-0.19844712981526558,-0.6329536251955021,0,0,0,0,-0.6025351888381779,1,0,-0.8266062607722404,-0.5874223568598589,-0.7414254572750159,0,0
-0.40118903445666515,0.02725333059447637,-0.16921213521091455,0,0,0,0,1.2656478096580117,1,0,-0.5812496977647484,-0.5874223568598589,-0.5795043775095574,0,0
-0.4243277076789701,-0.4241475902250075,-0.2405569798239281,0,0,0,0,0.5112712528508051,1,0,-0.5812496977647484,-0.5874223568598589,-0.5543786927183657,0,0
-0.21381427461161873,-0.4241475902250075,-0.2405569798239281,1,0,1,0,1.7841929004953572,1,0,-0.5812496977647484,-0.5874223568598589,-0.6939658304472092,0,0
-0.4339447024817883,-0.6498480506347494,-0.8113157367280359,0,0,0,0,-0.15076165764290164,1,0,-0.33589313475725646,-0.5874223568598589,-0.4064163267257916,0,0
-0.40260791119528966,-0.6498480506347494,-0.3475742467434483,0,0,0,0,-0.5968525029111933,1,0,-0.33589313475725646,-0.5874223568598589,-0.8168025116485913,0,0
-0.39743490468360515,-0.6498480506347494,-0.2405569798239281,0,0,0,0,1.3849842141246884,1,0,-0.8266062607722404,-0.5874223568598589,-0.45945943906275216,0,0
-0.4409455543542076,-0.6498480506347494,-0.6686260475020089,1,1,1,0,-1.128183637084254,0,1,1.3816028062951873,1.3625273754550251,1.592471485551247,1,1
-0.2922206356971007,0.02725333059447637,0.9009605339842874,1,0,1,0,0.8053502495722585,1,0,-0.5812496977647484,-0.5874223568598589,-0.8056355406302839,0,0
-0.4414362774428929,-0.6498480506347494,-0.9183330036475561,1,1,1,1,-1.1296043085660001,0,1,0.4001765542652195,0.7125441313500638,1.6259723986061692,1,1
-0.198793240866963,-0.4241475902250075,0.7582708447582607,1,0,0,0,0.78261950586432,1,0,-0.5812496977647484,-0.5874223568598589,-0.7302584862567084,0,0
-0.4248373726788786,-0.19844712981526558,-0.4189190913564617,0,0,0,0,-0.2431053039564015,1,0,-0.5812496977647484,-0.5874223568598589,-0.5962548340370187,0,0
2.391858686111652,3.6384606971503475,1.4360468685818886,1,1,1,1,-1.0855634926318696,0,1,0.8908896802802034,0.06256088724510249,1.419383434767481,1,1
2.1241162431402665,0.7043547118237021,1.4360468685818886,1,1,1,1,-1.0855634926318696,0,1,1.8723159323101712,2.6624938636649476,1.4724265471044413,1,1
-0.4113416044384744,-0.6498480506347494,-0.06219486829139442,0,0,0,0,-0.7417609940493007,1,0,-0.33589313475725646,-0.5874223568598589,-0.38687412744375355,0,0
-0.31220906297928186,-0.19844712981526558,-0.16921213521091455,1,0,0,0,1.819709687539011,1,0,-0.5812496977647484,-0.5874223568598589,-0.7525924282933234,0,0
-0.43921909238359513,-0.6498480506347494,-0.9183330036475561,0,0,0,0,-0.7886431529469238,1,0,-0.5812496977647484,-0.5874223568598589,-0.7107162869746704,0,0
-0.4267062424898275,-0.6498480506347494,-0.49026393596947526,0,0,0,0,-0.06125935429289407,1,0,-0.5812496977647484,-0.5874223568598589,-0.7693428848207846,0,0
-0.43015543693557845,-0.6498480506347494,-0.8826605813410494,0,0,0,0,0.27117777243570546,1,0,-0.8266062607722404,-0.5874223568598589,-0.42595852600782963,0,0
-0.423378943659306,-0.6498480506347494,-0.6686260475020089,0,0,0,0,0.7130066032587586,1,0,-0.33589313475725646,-0.5874223568598589,-0.4119998122349453,0,0
-0.4259751632323043,-0.4241475902250075,-0.2405569798239281,1,0,0,0,0.2782811298444362,1,0,-0.5812496977647484,-0.5874223568598589,-0.6213805188282105,0,0
-0.4416816389872355,-0.4241475902250075,-0.8826605813410494,0,0,1,1,-1.1239216226390156,0,1,1.8723159323101712,0.7125441313500638,1.288171525302368,1,1
-0.4409455543542076,-0.6498480506347494,-0.7042984698085157,1,1,1,0,-1.1125562507850464,0,1,0.1548199912577275,0.7125441313500638,1.5729292862692088,1,1
-0.4248306988448725,-0.4241475902250075,-0.49026393596947526,0,0,0,0,0.7954055492000355,1,0,-0.33589313475725646,-0.5874223568598589,-0.6269640043373643,0,0
-0.3839947844414579,-0.4241475902250075,0.11616724324113924,0,0,0,0,1.5895609074961345,1,0,-0.8266062607722404,-0.5874223568598589,-0.4734181528356365,0,0
-0.41056243431825995,-0.4241475902250075,-0.7042984698085157,0,0,0,0,-0.7687537522024777,1,0,-0.5812496977647484,-0.5874223568598589,-0.8391364536852063,0,0
-0.4143945890624208,-0.6498480506347494,-0.8113157367280359,0,0,0,0,0.41182424912857446,1,0,-0.5812496977647484,-0.5874223568598589,-0.7721346275753616,0,0
-0.4409455543542076,-0.4241475902250075,-0.7042984698085157,1,1,1,1,-1.1125562507850464,0,0,1.1362462432876954,2.0125106195599867,1.4110082065037504,1,1
-0.42332643628881667,-0.4241475902250075,-0.6329536251955021,0,0,0,0,1.7003732830723344,1,0,-0.5812496977647484,-0.5874223568598589,-0.802843797875707,0,0
-0.4077264474441301,-0.4241475902250075,-0.8469881590345426,0,0,0,0,-0.1962231450587785,1,0,-0.5812496977647484,-0.5874223568598589,-0.7972603123665533,0,0
-0.4414957530812415,-0.6498480506347494,-0.7399708921150225,0,0,0,0,0.7300546610397125,1,0,-0.33589313475725646,-0.5874223568598589,-0.7805098558390922,0,0
-0.43418466607215533,-0.6498480506347494,-0.31190182443694153,0,0,0,0,1.1136359611111735,1,0,-0.5812496977647484,-0.5874223568598589,-0.48179338109936704,0,0
-0.43415944290539693,-0.19844712981526558,-0.525936358275982,0,0,0,0,-0.5073501995611858,1,0,-0.33589313475725646,-0.5874223568598589,-0.42595852600782963,0,0
-0.4379252518879676,-0.6498480506347494,-0.525936358275982,0,0,0,0,-0.17065105838734776,1,0,-0.5812496977647484,-0.5874223568598589,-0.8307612254214757,0,0
-0.42106420284997764,-0.6498480506347494,-0.2405569798239281,0,0,0,0,0.8721218092143277,1,0,-0.8266062607722404,-0.5874223568598589,-0.783301598593669,0,0
-0.43342522302010605,-0.4241475902250075,0.08049482093463266,0,0,0,0,0.04671167831981347,1,0,-0.8266062607722404,-0.5874223568598589,-0.5627539209820963,0,0
-0.43814705872405335,-0.6498480506347494,-0.20488455751742132,0,0,0,0,0.8010882351270201,1,0,-0.5812496977647484,-0.5874223568598589,-0.8084272833848608,0,0
-0.4350132029350916,-0.6498480506347494,-0.7042984698085157,0,0,0,0,1.3267366833730962,1,0,-0.8266062607722404,-0.5874223568598589,-0.44550072528986784,0,0
1.6596782459773467,2.9613593159211216,1.935460780872983,0,1,0,1,-1.0884048355953617,0,1,0.6455331172727115,1.3625273754550251,1.7320586232800905,1,1
-0.4409455543542076,-0.6498480506347494,-0.9540054259540629,1,1,1,0,-1.1310249800477463,0,1,1.3816028062951873,0.7125441313500638,1.3077137245844062,1,1
-0.4418288559138411,-0.6498480506347494,-0.9896778482605697,1,1,1,1,-1.1068735648580619,0,1,0.1548199912577275,0.7125441313500638,1.6259723986061692,1,1
-0.39666378242204514,-0.4241475902250075,-0.49026393596947526,0,0,0,0,-0.35391767953260134,1,0,-0.33589313475725646,-0.5874223568598589,-0.5739208920004037,0,0
1.7731231188965157,2.5099583951016378,1.8641159362599693,0,0,1,0,-1.0955081930040926,0,1,0.8908896802802034,2.0125106195599867,1.4640513188407107,1,1
-0.4370295841064993,-0.6498480506347494,-0.8826605813410494,1,1,1,1,-1.128183637084254,0,1,1.8723159323101712,2.0125106195599867,1.397049492730866,1,1
-0.4414362774428929,-0.6498480506347494,-0.8469881590345426,1,1,1,1,-1.1296043085660001,0,1,1.1362462432876954,0.7125441313500638,1.6315558841153228,1,1
-0.20264904846399856,-0.4241475902250075,0.151839665547646,0,0,0,0,2.2700625472525413,1,0,-0.5812496977647484,-0.5874223568598589,-0.6520896891285561,0,0
-0.43463249996288955,-0.6498480506347494,-0.3832466690499551,0,0,0,0,-0.12945158541670934,0,0,-0.33589313475725646,-0.5874223568598589,-0.44550072528986784,0,0
-0.37401985621775263,-0.4241475902250075,-0.6686260475020089,0,0,0,0,-0.5116122140064242,1,0,-0.33589313475725646,-0.5874223568598589,-0.6744236311651711,0,0
-0.42827724338594453,-0.19844712981526558,-0.13353971290440778,0,0,0,0,1.0014029140532275,1,0,-0.33589313475725646,-0.5874223568598589,-0.825177739912322,0,0
-0.4365136378510556,-0.19844712981526558,-0.4545915136629685,0,0,0,0,-0.11666554208099399,1,0,-0.33589313475725646,-0.5874223568598589,-0.39524935570748415,0,0
-0.4370295841064993,-0.4241475902250075,-0.6686260475020089,1,1,1,1,-1.1253422941207618,0,1,0.1548199912577275,2.0125106195599867,1.3830907789579818,1,1
2.132662774597427,2.9613593159211216,2.2565125816315437,1,1,1,0,-1.1068735648580619,0,1,1.1362462432876954,1.3625273754550251,1.6483063406427843,1,1
-0.4294609656204711,-0.6498480506347494,-0.7042984698085157,0,0,0,0,0.6121389280547819,1,0,-0.8266062607722404,-0.5874223568598589,-0.825177739912322,0,0
-0.4202323290700384,-0.4241475902250075,-0.4189190913564617,0,0,0,0,-0.8951935140778852,1,0,-0.5812496977647484,-0.5874223568598589,-0.4371254970261372,0,0
-0.42592991856352747,-0.4241475902250075,-0.0978672905979012,0,0,0,0,1.4446524163580268,1,0,-0.8266062607722404,-0.5874223568598589,-0.5515869499637888,0,0
-0.26584112905250057,-0.4241475902250075,-0.16921213521091455,1,0,1,0,1.7770895430866265,1,0,-0.5812496977647484,-0.5874223568598589,-0.825177739912322,0,0
-0.43248862893304135,-0.19844712981526558,-1.061022692873583,0,0,0,0,-0.6380519758818317,1,0,-0.5812496977647484,-0.5874223568598589,-0.8586786529672444,0,0
-0.4128288879756617,-0.4241475902250075,-0.9540054259540629,0,0,0,0,0.3336873176325361,1,0,-0.8266062607722404,-0.5874223568598589,-0.42595852600782963,0,0
0.9214908645144448,2.73565885551138,1.6144089801144224,1,1,1,1,-1.0969288644858386,0,0,0.8908896802802034,2.0125106195599867,1.5813045145329394,1,1
-0.4415848683941468,-0.19844712981526558,0.04482239862812589,0,0,0,0,1.4034529433873884,1,0,-0.8266062607722404,-0.5874223568598589,-0.5711291492458269,0,0
-0.2762305219969094,-0.19844712981526558,-0.13353971290440778,1,1,1,0,0.9516794121921122,1,0,-0.5812496977647484,-0.5874223568598589,-0.6576731746377098,0,0
-0.4393505080267451,-0.6498480506347494,-0.20488455751742132,0,0,0,0,-0.2132712028397323,1,0,-0.33589313475725646,-0.5874223568598589,-0.7944685696119764,0,0
-0.4154337442750208,-0.19844712981526558,-0.8826605813410494,0,0,0,0,-0.6337899614365933,1,1,-0.8266062607722404,-0.5874223568598589,-0.590671348527865,0,0
-0.41801161080450217,-0.6498480506347494,-0.5972812028889956,0,0,0,0,-0.8880901566691544,1,0,-0.33589313475725646,-0.5874223568598589,-0.4650429245719059,0,0
-0.4293756779476576,-0.19844712981526558,-0.16921213521091455,0,0,0,0,1.5028999471096192,1,0,-0.8266062607722404,-0.5874223568598589,-0.5934630912824418,0,0
3.438174333732412,2.284257934691896,2.0068056254859963,0,0,0,0,-1.0955081930040926,0,0,2.3630290583251554,0.06256088724510249,1.6594733116610916,1,1
1.1529199952123572,1.155755632643186,2.2921850039380507,1,1,1,0,-1.0855634926318696,0,1,1.8723159323101712,2.6624938636649476,1.4249669202766349,1,1
-0.433349455375213,-0.19844712981526558,-0.8826605813410494,0,0,0,0,1.6222363515762959,1,0,-0.33589313475725646,-0.5874223568598589,-0.8782208522492826,0,0
3.497563114094368,0.2529537910042183,1.9711332031794895,1,1,1,0,-1.0699361063326618,0,1,0.6455331172727115,1.3625273754550251,1.7962687066353582,0,1
3.9358697142063273,2.73565885551138,1.4717192908883954,0,1,1,0,-1.0798808067048848,0,0,1.8723159323101712,2.6624938636649476,1.5198861739322482,1,1
-0.4409153258119446,-0.4241475902250075,-0.9896778482605697,0,0,0,0,1.4162389867231038,1,1,-0.8266062607722404,-0.5874223568598589,-0.8530951674580907,0,0
-0.30915970970619167,0.02725333059447637,-0.27622940213043484,1,0,0,0,-0.4022205099119705,1,0,-0.5812496977647484,-0.5874223568598589,-0.5432117217000583,0,0
-0.41001763354520154,-0.4241475902250075,0.7582708447582607,1,0,0,0,0.0751251079547365,1,0,-0.5812496977647484,-0.5874223568598589,-0.5711291492458269,0,0
-0.42591146737539287,-0.4241475902250075,0.3658741993866864,1,0,0,0,1.9830869079398186,1,0,-0.5812496977647484,-0.5874223568598589,-0.6130052905644799,0,0
-0.4370295841064993,-0.4241475902250075,-0.8826605813410494,1,1,1,1,-1.1068735648580619,0,1,0.6455331172727115,1.3625273754550251,1.6790155109431297,1,1
-0.3789203151259814,-0.6498480506347494,-0.5972812028889956,0,0,0,0,1.4972172611826347,1,0,-0.8266062607722404,-0.5874223568598589,-0.6716318884105942,0,0
-0.430644197131909,-0.19844712981526558,-0.06219486829139442,0,0,0,0,1.1903522211254656,1,0,-0.5812496977647484,-0.5874223568598589,-0.8530951674580907,0,0
0.233523495079886,0.9300551722334441,2.363529848551064,1,1,0,1,-1.099770207449331,0,1,0.8908896802802034,0.7125441313500638,1.8158109059173968,1,1
3.0621701332491686,2.9613593159211216,1.543064135501409,1,1,1,1,-1.1125562507850464,0,1,1.8723159323101712,1.3625273754550251,1.478010032613595,1,1
3.7819209501255475,0.7043547118237021,2.2921850039380507,0,0,1,1,-1.1026115504128233,0,1,0.6455331172727115,0.7125441313500638,1.5198861739322482,1,1
2.2456725724261672,1.381456093052928,2.220840159325037,1,0,1,1,-1.1125562507850464,1,1,1.3816028062951873,2.6624938636649476,1.3998412354854428,1,1
0.21662299190556578,0.7043547118237021,2.399202270857571,1,1,1,0,-1.1239216226390156,0,0,1.3816028062951873,0.06256088724510249,1.5840962572875161,1,1
-0.11442989406331289,0.02725333059447637,0.6512535778387404,1,0,0,0,-0.4874607988167396,1,0,-0.5812496977647484,-0.5874223568598589,-0.6772153739197478,0,0
-0.4311874275910835,-0.6498480506347494,-0.6329536251955021,0,0,0,0,1.4858518893286654,0,0,-0.8266062607722404,-0.5874223568598589,-0.7944685696119764,0,0
-0.4068199837547107,-0.4241475902250075,-0.5972812028889956,0,0,0,0,0.9715688129365583,1,0,-0.33589313475725646,-0.5874223568598589,-0.5767126347549807,0,0
-0.42849954094511894,-0.4241475902250075,-0.4189190913564617,0,0,0,0,-0.9491790303842389,1,0,-0.5812496977647484,-0.5874223568598589,-0.4734181528356365,0,0
-0.428085959525975,-0.19844712981526558,-0.6686260475020089,0,0,0,0,0.8621771088421045,1,0,-0.5812496977647484,-0.5874223568598589,-0.7553841710479002,0,0
-0.4366387722386703,-0.19844712981526558,-1.0966951151800899,0,0,0,0,0.9431553833016352,1,0,-0.8266062607722404,-0.5874223568598589,-0.4119998122349453,0,0
2.8926586752784433,1.381456093052928,2.1494953147120235,0,1,1,0,-1.1139769222667926,0,1,1.6269593693026794,2.0125106195599867,1.4221751775220577,1,1
-0.3733009468928287,-0.6498480506347494,0.08049482093463266,0,0,0,0,0.27401911539919777,1,0,-0.8266062607722404,-0.5874223568598589,-0.7944685696119764,0,0
-0.3933168546679763,-0.19844712981526558,-0.7399708921150225,0,0,0,0,0.09359383721743647,1,1,-0.8266062607722404,-0.5874223568598589,-0.4147915549895222,0,0
-0.41545916373101466,-0.4241475902250075,-0.49026393596947526,0,0,0,0,-0.44199931140086274,1,0,-0.5812496977647484,-0.5874223568598589,-0.6716318884105942,0,0
-0.4370295841064993,-0.4241475902250075,-0.9183330036475561,1,1,1,0,-1.1210802796755233,0,1,1.1362462432876954,1.3625273754550251,1.6203889130970157,1,1
-0.391802286927058,-0.6498480506347494,-0.7399708921150225,0,0,0,0,1.0369197010968811,1,0,-0.33589313475725646,-0.5874223568598589,-0.7888850841028227,0,0
-0.4389124885977846,-0.6498480506347494,-0.27622940213043484,0,0,0,0,-0.38801379509450895,1,0,-0.8266062607722404,-0.5874223568598589,-0.6381309753556718,0,0
0.7770306239318662,2.058557474282154,1.5787365578079158,1,1,1,0,-1.071356777814408,1,1,1.8723159323101712,1.3625273754550251,1.4584678333315568,1,1
1.4098033250988444,1.381456093052928,1.4360468685818886,1,0,1,1,-1.0784601352231387,1,1,1.3816028062951873,0.7125441313500638,1.6064301993241312,1,1
1.1826750878394054,3.6384606971503475,1.4717192908883954,1,1,0,0,-1.116818265230285,0,1,1.6269593693026794,0.7125441313500638,1.8158109059173968,1,1
3.029337421699122,1.60715655346267,2.399202270857571,1,0,1,0,-1.1324456515294925,0,1,1.1362462432876954,2.6624938636649476,1.4417173768040958,1,1
1.2485252191100802,2.284257934691896,1.7570986693404496,1,1,1,1,-1.1011908789310771,0,0,1.8723159323101712,0.7125441313500638,1.3105054673389829,0,1
-0.4418288559138411,-0.4241475902250075,-0.6686260475020089,1,1,1,0,-1.1239216226390156,0,1,0.6455331172727115,2.0125106195599867,1.5840962572875161,1,1
-0.4390708940108122,-0.4241475902250075,-0.4189190913564617,0,0,0,0,-0.4675713980722935,1,0,-0.5812496977647484,-0.5874223568598589,-0.5292530079271739,0,0
-0.41488256410180946,-0.19844712981526558,-0.9896778482605697,0,0,0,0,-0.5556530299405549,1,1,-0.5812496977647484,-0.5874223568598589,-0.5404199789454813,0,0
3.1617049694964656,0.47865425141396023,2.1494953147120235,1,1,0,0,-1.119659608193777,0,0,2.853742184340139,0.7125441313500638,1.436133891294942,1,1
-0.30252346508866546,-0.19844712981526558,0.04482239862812589,1,0,0,0,0.6774898162151048,1,0,-0.5812496977647484,-0.5874223568598589,-0.5320447506817507,0,0
3.8911828994367634,0.9300551722334441,2.220840159325037,0,1,1,0,-1.0741981207779003,0,1,1.6269593693026794,2.0125106195599867,1.3328394093755978,1,1
-0.4330417719986074,-0.4241475902250075,-0.49026393596947526,0,0,0,0,1.231551694096104,1,0,-0.5812496977647484,-0.5874223568598589,-0.7777181130845152,0,0
-0.43448734407325645,-0.6498480506347494,-0.525936358275982,0,0,0,0,1.0695951451770427,1,0,-0.8266062607722404,-0.5874223568598589,-0.49575209487225136,0,0
-0.4409455543542076,-0.4241475902250075,-0.9183330036475561,1,1,1,1,-1.1225009511572694,1,1,0.4001765542652195,1.3625273754550251,1.6315558841153228,1,1
-0.43910102440845744,-0.4241475902250075,-1.061022692873583,0,0,0,0,1.39919092894215,1,0,-0.5812496977647484,-0.5874223568598589,-0.8307612254214757,0,0
-0.4275501880577484,-0.6498480506347494,-0.31190182443694153,0,0,0,0,-0.07972808355559405,1,0,-0.5812496977647484,-0.5874223568598589,-0.6716318884105942,0,0
-0.41819680969817197,-0.19844712981526558,-0.2405569798239281,0,0,0,0,-0.5343429577143626,0,0,-0.8266062607722404,-0.5874223568598589,-0.7079245442200935,0,0
-0.4306593114030405,-0.19844712981526558,-0.9896778482605697,0,0,0,0,1.2812751959572193,1,0,-0.5812496977647484,-0.5874223568598589,-0.6883823449380554,0,0
-0.43672082113909855,-0.4241475902250075,-0.9896778482605697,0,0,0,0,0.7314753325214586,1,0,-0.33589313475725646,-0.5874223568598589,-0.5878796057732881,0,0
-0.3893721280472709,-0.4241475902250075,-0.31190182443694153,0,0,0,0,-0.8909314996326467,1,0,-0.8266062607722404,-0.5874223568598589,-0.8782208522492826,0,0
-0.4383734783571727,-0.4241475902250075,-0.2405569798239281,0,0,0,0,-0.8326839688810544,0,0,-0.5812496977647484,-0.5874223568598589,-0.8530951674580907,0,0
2.3150060524695655,2.9613593159211216,1.364702023968875,0,1,0,1,-1.1310249800477463,0,1,0.4001765542652195,1.3625273754550251,1.6678485399248222,1,1
-0.4110023184949574,-0.4241475902250075,-0.8469881590345426,0,0,0,0,-0.38801379509450895,1,0,-0.5812496977647484,-0.5874223568598589,-0.5487952072092119,0,0
-0.4316427204727657,-0.6498480506347494,-0.3832466690499551,0,0,0,0,-0.7460230084945392,1,0,-0.8266062607722404,-0.5874223568598589,-0.7777181130845152,0,0
-0.4414362774428929,-0.4241475902250075,-0.7399708921150225,1,1,1,1,-1.1153975937485388,1,1,1.6269593693026794,1.3625273754550251,1.4082164637491734,1,1
-0.4409455543542076,-0.4241475902250075,-0.8826605813410494,1,1,1,1,-1.1111355793033002,0,1,1.1362462432876954,0.7125441313500638,1.2853797825477913,1,1
-0.41812850104422694,-0.4241475902250075,-0.6686260475020089,0,0,0,0,1.2755925100302348,1,0,-0.8266062607722404,-0.5874223568598589,-0.6520896891285561,0,0
-0.43004198175747443,-0.19844712981526558,0.47289146630620676,1,0,0,0,0.7627301051198739,1,0,-0.5812496977647484,-0.5874223568598589,-0.6437144608648254,0,0
-0.43632873339123895,-0.19844712981526558,-0.7756433144215291,0,0,0,0,1.3324193693000808,1,0,-0.33589313475725646,-0.5874223568598589,-0.6074218050553262,0,0
-0.4234260530758198,-0.4241475902250075,-0.6686260475020089,0,0,0,0,1.0795398455492657,1,0,-0.33589313475725646,-0.5874223568598589,-0.5460034644546351,0,0
-0.4370295841064993,-0.6498480506347494,-0.9183330036475561,1,1,1,1,-1.1225009511572694,0,0,1.6269593693026794,1.3625273754550251,1.2490871267382917,1,1
-0.4074892319030597,-0.19844712981526558,0.7939432670647675,0,0,0,0,0.6249249713904972,1,0,-0.5812496977647484,-0.5874223568598589,-0.590671348527865,0,0
-0.3836010282350968,-0.6498480506347494,0.08049482093463266,0,0,0,0,0.006932876830921214,1,0,-0.33589313475725646,-0.5874223568598589,-0.6437144608648254,0,0
-0.4409455543542076,-0.4241475902250075,-0.9540054259540629,1,1,1,1,-1.128183637084254,0,1,0.1548199912577275,1.3625273754550251,1.3160889528481368,1,1
-0.405792704040857,-0.4241475902250075,-0.9540054259540629,0,0,0,0,1.1704628203810195,1,0,-0.5812496977647484,-0.5874223568598589,-0.6381309753556718,0,0
-0.27373490065709166,-0.19844712981526558,0.2945293547736731,1,0,1,0,0.40614156320158984,1,0,-0.5812496977647484,-0.5874223568598589,-0.6604649173922867,0,0
1.69330956028192,2.284257934691896,1.5787365578079158,1,1,1,0,-1.0798808067048848,0,1,1.8723159323101712,2.6624938636649476,1.5170944311776715,1,1
-0.3783038687819749,-0.4241475902250075,-0.6686260475020089,0,0,0,0,1.6208156800945497,1,0,-0.5812496977647484,-0.5874223568598589,-0.42316678325325285,0,0
-0.3328758658592615,-0.19844712981526558,0.5799087332257269,1,0,0,0,1.632181051948519,1,0,-0.5812496977647484,-0.5874223568598589,-0.7805098558390922,0,0
-0.44011760635897784,-0.6498480506347494,-0.9540054259540629,0,0,0,0,0.2044062127936363,1,0,-0.8266062607722404,-0.5874223568598589,-0.5013355803814052,0,0
0.7478670489159192,3.4127602367406054,1.7570986693404496,1,0,1,1,-1.0770394637413925,0,1,1.3816028062951873,2.6624938636649476,1.5785127717783627,1,1
0.4343317994776913,2.284257934691896,1.5787365578079158,1,1,0,1,-1.0955081930040926,0,1,1.3816028062951873,2.6624938636649476,1.4249669202766349,1,1
-0.42068997742254627,-0.6498480506347494,-0.4189190913564617,0,0,0,0,-0.10530017022702477,1,0,-0.33589313475725646,-0.5874223568598589,-0.8335529681760526,0,0
-0.4184208738604656,-0.19844712981526558,-0.0978672905979012,0,0,0,0,-0.13939628578893243,1,0,-0.33589313475725646,-0.5874223568598589,-0.7442172000295928,0,0
-0.42814788877976706,-0.6498480506347494,-0.49026393596947526,0,0,0,0,-0.04136995354844795,1,0,-0.33589313475725646,-0.5874223568598589,-0.7553841710479002,0,0
-0.42637382666955215,-0.19844712981526558,-0.6686260475020089,0,0,0,0,0.6206629569452587,1,0,-0.5812496977647484,-0.5874223568598589,-0.6241722615827874,0,0
-0.42535322078970456,-0.4241475902250075,-1.0966951151800899,0,0,0,0,0.556732740266682,1,0,-0.8266062607722404,-0.5874223568598589,-0.6576731746377098,0,0
2.3294832668873404,2.73565885551138,2.4348746931640775,1,0,0,0,-1.1153975937485388,0,1,1.6269593693026794,0.06256088724510249,1.4249669202766349,1,1
-0.43917659576411505,-0.6498480506347494,-0.49026393596947526,0,0,0,0,0.2228749420563363,1,0,-0.33589313475725646,-0.5874223568598589,-0.48737686660852086,0,0
-0.4368379076680588,-0.19844712981526558,-0.7399708921150225,0,0,0,0,1.4588591311754884,1,0,-0.8266062607722404,-0.5874223568598589,-0.4119998122349453,0,0
-0.44016540278781585,-0.6498480506347494,-0.13353971290440778,0,0,0,0,-0.17349240135084007,1,0,-0.5812496977647484,-0.5874223568598589,-0.802843797875707,0,0
3.586111936266032,3.4127602367406054,2.2921850039380507,1,1,0,1,-1.0798808067048848,0,1,1.8723159323101712,0.06256088724510249,1.5896797427966698,1,1
-0.4409455543542076,-0.6498480506347494,-0.7756433144215291,1,1,1,1,-1.1210802796755233,0,1,1.3816028062951873,1.3625273754550251,1.2435036412291383,1,1
-0.40955478352795366,-0.19844712981526558,-1.0253502705670765,0,0,0,0,1.044023058505612,1,0,-0.5812496977647484,-0.5874223568598589,-0.7358419717658622,0,0
-0.4208127563393353,-0.4241475902250075,-0.9540054259540629,0,0,0,0,-0.48319878437150116,1,0,-0.8266062607722404,-0.5874223568598589,-0.5878796057732881,0,0
-0.42828764671542463,-0.19844712981526558,-0.9896778482605697,0,0,0,0,1.6094503082405807,1,0,-0.5812496977647484,-0.5874223568598589,-0.8363447109306296,0,0
3.0720191419283176,3.1870597763308637,1.543064135501409,0,0,0,1,-1.1040322218945695,0,0,0.8908896802802034,0.06256088724510249,1.7432255942983976,1,1
-0.4163154755207704,-0.19844712981526558,0.11616724324113924,1,0,0,0,2.3297307494858797,1,0,-0.5812496977647484,-0.5874223568598589,-0.7693428848207846,0,0
-0.44067438077540017,-0.19844712981526558,-0.9540054259540629,0,0,0,0,1.3736188422707192,1,0,-0.8266062607722404,-0.5874223568598589,-0.4092080694803685,0,0
-0.39291289142137054,-0.6498480506347494,-0.8469881590345426,0,0,0,0,-0.6181625751373856,1,0,-0.33589313475725646,-0.5874223568598589,-0.41758329774409914,0,0
3.3029866984890117,0.02725333059447637,1.4003744462753818,1,0,1,0,-1.0855634926318696,0,1,0.4001765542652195,2.6624938636649476,1.4891770036319028,1,1
-0.43671375472662144,-0.4241475902250075,-0.9183330036475561,0,0,0,0,-0.8142152396183545,1,0,-0.33589313475725646,-0.5874223568598589,-0.5069190658905589,0,0
-0.4110600275301868,-0.19844712981526558,-0.0978672905979012,0,0,0,0,0.9658861270095737,1,0,-0.8266062607722404,-0.5874223568598589,-0.4845851238539439,0,0
-0.40297879970571804,-0.6498480506347494,0.08049482093463266,0,0,0,0,1.4347077159858037,1,0,-0.8266062607722404,-0.5874223568598589,-0.8726373667401287,0,0
-0.42759180137566893,-0.4241475902250075,-0.8826605813410494,0,0,0,0,-0.20048515950401694,1,0,-0.5812496977647484,-0.5874223568598589,-0.7386337145204391,0,0
-0.4381670802260717,-0.19844712981526558,-0.06219486829139442,0,0,0,0,-0.36244170842307827,1,1,-0.33589313475725646,-0.5874223568598589,-0.4092080694803685,0,0
-0.41263230430633435,-0.6498480506347494,-0.6686260475020089,0,0,0,0,0.11774525240712105,1,0,-0.33589313475725646,-0.5874223568598589,-0.45945943906275216,0,0
-0.41116788846507984,-0.6498480506347494,-0.3475742467434483,0,0,0,0,0.16746875426823638,1,0,-0.8266062607722404,-0.5874223568598589,-0.802843797875707,0,0
-0.4368100345966215,-0.4241475902250075,-0.7042984698085157,0,0,0,0,1.4318663730223113,1,0,-0.5812496977647484,-0.5874223568598589,-0.6827988594289017,0,0
1.6973405560216162,0.2529537910042183,2.2921850039380507,0,1,1,1,-1.0926668500406003,0,1,2.853742184340139,1.3625273754550251,1.4975522318956334,1,1
1.7141640156710127,1.381456093052928,1.6500814024209292,1,1,0,1,-1.1253422941207618,1,1,1.1362462432876954,0.7125441313500638,1.7962687066353582,1,1
-0.3891906586490751,-0.4241475902250075,-0.4545915136629685,0,0,0,0,-0.07546606911035558,1,0,-0.8266062607722404,-0.5874223568598589,-0.4762098955902133,0,0
-0.43863258014799855,-0.19844712981526558,-0.8113157367280359,0,0,0,0,-0.4206892391746705,1,0,-0.8266062607722404,-0.5874223568598589,-0.4706264100810596,0,0
-0.4382786706564387,-0.6498480506347494,-0.2405569798239281,0,0,0,0,0.42745163542778214,1,0,-0.33589313475725646,-0.5874223568598589,-0.4203750404986759,0,0
0.1422003208540306,1.155755632643186,1.7927710916469557,1,1,0,0,-1.1310249800477463,0,0,0.4001765542652195,0.7125441313500638,1.7683512790895897,1,1
-0.43365605916102357,-0.4241475902250075,-0.16921213521091455,0,0,0,0,1.4205010011683423,1,0,-0.8266062607722404,-0.5874223568598589,-0.5878796057732881,0,0
-0.42714298603875744,-0.19844712981526558,-0.3475742467434483,0,0,0,0,-0.6309486184731009,1,0,-0.5812496977647484,-0.5874223568598589,-0.6883823449380554,0,0
-0.42108334105043643,-0.6498480506347494,-0.6686260475020089,0,0,0,0,-0.35249700805085515,1,0,-0.5812496977647484,-0.5874223568598589,-0.6632566601468636,0,0
-0.4188323942426371,-0.19844712981526558,-0.0978672905979012,0,0,0,0,-0.12661024245321706,1,0,-0.8266062607722404,-0.5874223568598589,-0.5125025513997127,0,0
-0.11234235804404583,-0.4241475902250075,0.33020177708017967,1,1,0,0,0.47717513728889743,1,0,-0.5812496977647484,-0.5874223568598589,-0.6465062036194024,0,0
-0.4418288559138411,-0.6498480506347494,-0.9896778482605697,1,1,1,1,-1.116818265230285,1,1,0.4001765542652195,2.0125106195599867,1.6399311123790534,1,1
-0.02632821877005848,0.47865425141396023,2.07815047009901,0,1,1,0,-1.1153975937485388,0,1,1.1362462432876954,2.0125106195599867,1.7236833950163595,1,1
1.323611151488282,1.381456093052928,2.363529848551064,1,1,1,1,-1.1210802796755233,0,1,0.4001765542652195,0.06256088724510249,1.3607568369213665,1,1
-0.42352714203208897,-0.19844712981526558,-0.5972812028889956,0,0,0,0,-0.20616784543100156,0,0,-0.33589313475725646,-0.5874223568598589,-0.5292530079271739,0,0
-0.4418288559138411,-0.4241475902250075,-0.6329536251955021,1,1,1,1,-1.118238936712031,0,1,1.6269593693026794,1.3625273754550251,1.2825880397932143,1,1
2.915509392192307,0.7043547118237021,2.1494953147120235,0,1,1,1,-1.1296043085660001,0,1,1.1362462432876954,0.06256088724510249,1.8158109059173968,1,1
-0.41184685293058476,-0.19844712981526558,-0.2405569798239281,0,0,0,0,-0.6309486184731009,1,0,-0.33589313475725646,-0.5874223568598589,-0.6995493159563628,0,0
-0.3915851910326237,-0.19844712981526558,-0.8826605813410494,0,0,0,0,0.40330022023809753,1,0,-0.8266062607722404,-0.5874223568598589,-0.5599621782275194,0,0
-0.42680752773533215,-0.19844712981526558,-0.4189190913564617,0,0,0,0,-0.41216521028419356,1,0,-0.8266062607722404,-0.5874223568598589,-0.4092080694803685,0,0
-0.44039309830096574,-0.6498480506347494,-0.7756433144215291,0,0,0,0,0.5680981121206512,1,0,-0.33589313475725646,-0.5874223568598589,-0.8084272833848608,0,0
-0.41789815562639815,-0.6498480506347494,-0.525936358275982,0,0,0,0,0.16746875426823638,1,0,-0.8266062607722404,-0.5874223568598589,-0.7162997724838241,0,0
-0.4160169195936143,-0.4241475902250075,-0.20488455751742132,0,0,0,0,-0.7360783081223161,1,0,-0.5812496977647484,-0.5874223568598589,-0.8558869102126676,0,0
-0.4228902816075932,-0.19844712981526558,-0.7399708921150225,0,0,0,0,-0.6195832466191317,1,0,-0.33589313475725646,-0.5874223568598589,-0.5739208920004037,0,0
-0.4418288559138411,-0.6498480506347494,-0.6329536251955021,1,1,1,1,-1.1139769222667926,0,0,0.4001765542652195,2.0125106195599867,1.5366366304597097,1,1
-0.4418288559138411,-0.6498480506347494,-0.7399708921150225,1,1,1,1,-1.116818265230285,0,1,0.6455331172727115,2.0125106195599867,1.7264751377709366,1,1
-0.4355160959563762,-0.6498480506347494,-0.6686260475020089,0,0,0,0,-0.7147682358961239,1,0,-0.8266062607722404,-0.5874223568598589,-0.5487952072092119,0,0
-0.4278783836594611,-0.19844712981526558,-0.8113157367280359,0,0,0,0,0.1276899527793441,1,0,-0.33589313475725646,-0.5874223568598589,-0.6046300623007493,0,0
-0.4285634330912657,-0.19844712981526558,0.5085638886127135,1,0,0,0,2.307000005777941,1,0,-0.5812496977647484,-0.5874223568598589,-0.5878796057732881,0,0
-0.39459322542164654,-0.4241475902250075,-0.31190182443694153,0,0,0,0,-0.12661024245321706,1,0,-0.8266062607722404,-0.5874223568598589,-0.4566676963081753,0,0
-0.43949811753182155,-0.6498480506347494,-0.13353971290440778,0,0,0,0,0.09359383721743647,1,0,-0.8266062607722404,-0.5874223568598589,-0.6772153739197478,0,0
-0.4409455543542076,-0.6498480506347494,-0.5972812028889956,1,1,1,1,-1.109714907821554,0,1,0.6455331172727115,1.3625273754550251,1.330047666621021,1,1
-0.41214413297771024,-0.19844712981526558,-0.27622940213043484,0,0,0,0,-0.2743600765548168,1,0,-0.33589313475725646,-0.5874223568598589,-0.6744236311651711,0,0
0.5064300134027421,1.381456093052928,1.8284435139534625,1,0,0,1,-1.1210802796755233,0,1,1.1362462432876954,2.6624938636649476,1.4333421485403652,0,1
-0.4187724278811997,-0.6498480506347494,-0.49026393596947526,0,0,0,0,-0.5400256436413472,1,0,-0.5812496977647484,-0.5874223568598589,-0.7637593993116308,0,0
1.3642422380744796,0.7043547118237021,1.7927710916469557,1,1,1,0,-1.089825507077108,0,1,1.8723159323101712,0.7125441313500638,1.550595344232594,1,1
-0.4401879760498953,-0.6498480506347494,-0.026522445984887653,0,0,0,0,1.0738571596222812,1,0,-0.5812496977647484,-0.5874223568598589,-0.783301598593669,0,0
-0.41845188755967055,-0.19844712981526558,-0.9540054259540629,0,0,0,0,1.5597268063794651,1,0,-0.33589313475725646,-0.5874223568598589,-0.38687412744375355,0,0
1.629479441533509,2.284257934691896,2.3278574262445573,1,1,1,0,-1.109714907821554,0,0,2.117672495317663,2.0125106195599867,1.5617623152509013,1,1
-0.42539826916924584,-0.6498480506347494,-0.9183330036475561,0,0,0,0,-0.5968525029111933,1,0,-0.8266062607722404,-0.5874223568598589,-0.504127323135982,0,0
-0.42595141223481187,-0.6498480506347494,-0.525936358275982,0,0,0,0,0.4871198376611205,1,0,-0.5812496977647484,-0.5874223568598589,-0.6353392326010948,0,0
-0.4257658207626711,-0.4241475902250075,0.47289146630620676,1,0,0,0,1.5767748641604191,1,0,-0.5812496977647484,-0.5874223568598589,-0.5460034644546351,0,0
1.6246709441321,3.1870597763308637,1.7214262470339428,1,1,1,0,-1.071356777814408,0,1,0.8908896802802034,2.0125106195599867,1.3691320651850973,1,1
-0.4409455543542076,-0.4241475902250075,-0.8469881590345426,1,1,1,1,-1.1068735648580619,0,1,0.4001765542652195,2.0125106195599867,1.550595344232594,1,1
-0.41224168872774086,-0.19844712981526558,-0.6686260475020089,0,0,0,0,-0.5627563873492857,1,0,-0.33589313475725646,-0.5874223568598589,-0.6576731746377098,0,0
-0.43810171591065883,-0.19844712981526558,0.08049482093463266,0,0,0,0,-0.9420756729755082,1,0,-0.8266062607722404,-0.5874223568598589,-0.39524935570748415,0,0
-0.43782857943949666,-0.4241475902250075,-0.7042984698085157,0,0,0,0,0.6746484732516126,1,0,-0.33589313475725646,-0.5874223568598589,-0.8614703957218213,0,0
1.8411067178675584,0.02725333059447637,2.1138228924055165,0,1,0,1,-1.0827221496683772,0,1,0.6455331172727115,2.6624938636649476,1.4863852608773256,1,1
-0.4243327130544747,-0.19844712981526558,-0.9896778482605697,0,0,0,0,1.3594121274532578,1,0,-0.33589313475725646,-0.5874223568598589,-0.5152942941542895,0,0
1.1660874697064307,0.9300551722334441,1.899788358566476,1,0,1,1,-1.0798808067048848,0,1,2.6083856213326473,0.06256088724510249,1.6818072536977065,1,1
3.0538184188582163,2.73565885551138,1.6144089801144224,0,0,1,0,-1.0784601352231387,0,1,2.6083856213326473,0.7125441313500638,1.6622650544156687,1,1
-0.41654042298462374,-0.4241475902250075,-0.3832466690499551,0,0,0,0,0.538264011003982,1,0,-0.8266062607722404,-0.5874223568598589,-0.8140107688940146,0,0
-0.42589782527352743,-0.19844712981526558,-0.8826605813410494,0,0,0,0,1.203138264461181,1,0,-0.33589313475725646,-0.5874223568598589,-0.4343337542715603,0,0
-0.4405940984780913,-0.6498480506347494,-1.061022692873583,0,0,0,0,-0.8554147125889929,1,0,-0.33589313475725646,-0.5874223568598589,-0.8558869102126676,0,0
-0.4148606778520541,0.02725333059447637,0.33020177708017967,1,0,0,0,-0.5783837736484934,1,0,-0.5812496977647484,-0.5874223568598589,-0.6102135478099031,0,0
-0.4370295841064993,-0.4241475902250075,-0.7042984698085157,1,1,1,1,-1.118238936712031,0,1,0.6455331172727115,1.3625273754550251,1.3160889528481368,0,1
-0.2560537551932909,-0.4241475902250075,-0.13353971290440778,1,0,0,0,1.5455200915620038,1,0,-0.5812496977647484,-0.5874223568598589,-0.8223859971577452,0,0
-0.4278501180095528,-0.19844712981526558,-0.9896778482605697,0,0,0,0,1.0312370151698966,1,0,-0.33589313475725646,-0.5874223568598589,-0.8698456239855519,0,0
-0.37489295073714146,0.02725333059447637,-0.20488455751742132,1,0,0,0,2.120892041669195,1,0,-0.5812496977647484,-0.5874223568598589,-0.5515869499637888,0,0
-0.4293333776174129,-0.6498480506347494,0.04482239862812589,0,0,0,0,0.3081152309611054,1,0,-0.8266062607722404,-0.5874223568598589,-0.40083284121663787,0,0
-0.43138440383888177,-0.4241475902250075,-1.0253502705670765,0,0,0,0,1.585298893050896,1,0,-0.33589313475725646,-0.5874223568598589,-0.8168025116485913,0,0
-0.37058685563392835,-0.19844712981526558,-0.8469881590345426,0,0,0,0,0.31521858836983613,1,0,-0.5812496977647484,-0.5874223568598589,-0.4119998122349453,0,0
-0.2298422721342566,-0.19844712981526558,0.722598422451754,1,0,0,0,-0.15360300060639392,1,0,-0.5812496977647484,-0.5874223568598589,-0.632547489846518,0,0
1.7629774190379481,2.284257934691896,1.7927710916469557,0,1,0,1,-1.118238936712031,1,1,1.6269593693026794,2.0125106195599867,1.330047666621021,1,1
-0.43473614067921984,-0.6498480506347494,-0.5972812028889956,0,0,0,0,1.0894845459214888,1,0,-0.33589313475725646,-0.5874223568598589,-0.6185887760736337,0,0
-0.44091934974127184,-0.4241475902250075,0.11616724324113924,0,0,0,0,1.0099269429437043,1,0,-0.8266062607722404,-0.5874223568598589,-0.7637593993116308,0,0
-0.4416816389872355,-0.6498480506347494,-0.7399708921150225,1,1,1,1,-1.119659608193777,0,1,1.3816028062951873,2.0125106195599867,1.5561788297417474,1,1
-0.39406559995669216,-0.19844712981526558,-0.4545915136629685,0,0,0,0,1.437549058949296,1,0,-0.5812496977647484,-0.5874223568598589,-0.4845851238539439,0,0
1.4745553162416594,2.058557474282154,2.07815047009901,1,1,1,0,-1.118238936712031,0,1,1.1362462432876954,0.7125441313500638,1.7264751377709366,1,1
1.1698462122765245,0.9300551722334441,2.0068056254859963,1,1,1,0,-1.1139769222667926,1,0,2.853742184340139,1.3625273754550251,1.4445091195586726,1,1
-0.4350501053113607,-0.4241475902250075,-0.20488455751742132,0,0,0,0,0.8522324084698815,1,0,-0.8266062607722404,-0.5874223568598589,-0.719091515238401,0,0
2.306923745054301,0.47865425141396023,2.1494953147120235,0,0,1,1,-1.0969288644858386,0,0,2.6083856213326473,0.7125441313500638,1.3495898659030592,0,1
0.7247538932942257,3.1870597763308637,2.2921850039380507,1,1,1,0,-1.1153975937485388,0,1,0.4001765542652195,0.06256088724510249,1.419383434767481,1,1
-0.4411039597672352,-0.6498480506347494,-0.13353971290440778,0,0,0,0,1.3679361563437347,1,0,-0.8266062607722404,-0.5874223568598589,-0.4064163267257916,0,0
-0.3669278279954556,-0.19844712981526558,-0.31190182443694153,1,0,0,0,0.8025089066087662,1,0,-0.5812496977647484,-0.5874223568598589,-0.8000520551211302,0,0
-0.4414362774428929,-0.6498480506347494,-0.6686260475020089,1,1,1,1,-1.126762965602508,0,1,0.6455331172727115,0.7125441313500638,1.2937550108115219,1,1
-0.4143433575719621,0.02725333059447637,0.6512535778387404,1,0,0,0,1.0766985025857736,1,0,-0.5812496977647484,-0.5874223568598589,-0.7358419717658622,0,0
2.2941288275291574,2.058557474282154,2.363529848551064,1,1,0,0,-1.1040322218945695,1,1,0.8908896802802034,2.0125106195599867,1.550595344232594,1,1
-0.4409455543542076,-0.6498480506347494,-0.7756433144215291,1,1,1,1,-1.1068735648580619,0,1,0.1548199912577275,2.0125106195599867,1.3244641811118674,1,1
-0.41107317890896355,-0.19844712981526558,-0.5616087805824888,0,0,0,0,0.5126919243325513,1,0,-0.8266062607722404,-0.5874223568598589,-0.6688401456560173,0,0
2.832875157263949,0.9300551722334441,1.7570986693404496,1,1,0,0,-1.0798808067048848,0,0,0.4001765542652195,2.0125106195599867,1.550595344232594,1,1
-0.4273056116703477,-0.6498480506347494,-0.9540054259540629,0,0,0,0,-0.7147682358961239,1,0,-0.5812496977647484,-0.5874223568598589,-0.7107162869746704,0,0
0.9793922631945958,1.381456093052928,2.399202270857571,1,0,0,0,-1.0827221496683772,0,1,1.8723159323101712,2.6624938636649476,1.5952632283058237,1,1
3.461848680278326,1.60715655346267,2.0424780477925033,1,1,1,1,-1.071356777814408,1,1,2.117672495317663,2.0125106195599867,1.782309992862474,1,1
-0.43226201301068656,-0.19844712981526558,-0.026522445984887653,0,0,0,0,1.5512027774889883,1,0,-0.33589313475725646,-0.5874223568598589,-0.8391364536852063,0,0
-0.440838674865492,-0.19844712981526558,-0.06219486829139442,0,0,0,0,-0.6153212321738932,1,0,-0.5812496977647484,-0.5874223568598589,-0.8838043377584363,0,0
-0.4416816389872355,-0.6498480506347494,-0.8826605813410494,1,1,1,0,-1.1253422941207618,0,0,1.6269593693026794,1.3625273754550251,1.4165916920129038,1,1
-0.40213828919941785,-0.19844712981526558,-0.7042984698085157,0,0,0,0,1.5412580771167652,1,0,-0.33589313475725646,-0.5874223568598589,-0.5543786927183657,0,0
2.109066354877996,2.5099583951016378,2.0424780477925033,1,1,0,1,-1.1253422941207618,0,1,0.8908896802802034,1.3625273754550251,1.2993384963206758,1,1
-0.4370295841064993,-0.6498480506347494,-0.6329536251955021,1,1,0,1,-1.1239216226390156,0,1,0.6455331172727115,0.7125441313500638,1.4473008623132497,1,1
-0.42723622342560763,-0.6498480506347494,-0.13353971290440778,0,0,0,0,0.529739982113505,1,0,-0.8266062607722404,-0.5874223568598589,-0.8782208522492826,0,0
-0.12379720895860803,0.02725333059447637,0.33020177708017967,1,0,0,0,-0.02148055280400182,1,0,-0.5812496977647484,-0.5874223568598589,-0.7525924282933234,0,0
-0.35868368010554325,-0.6498480506347494,-0.27622940213043484,0,0,0,0,-0.5215569143786473,1,0,-0.8266062607722404,-0.5874223568598589,-0.5739208920004037,0,0
-0.42322966569572795,-0.19844712981526558,0.08049482093463266,0,0,0,0,-0.7105062214508854,1,0,-0.5812496977647484,-0.5874223568598589,-0.8112190261394376,0,0
0.6663528403651755,3.1870597763308637,1.4003744462753818,1,0,1,0,-1.0869841641136155,0,1,0.8908896802802034,2.6624938636649476,1.4473008623132497,1,1
-0.18512984161946391,-0.19844712981526558,0.2945293547736731,1,0,1,0,0.9573620981190968,1,0,-0.5812496977647484,-0.5874223568598589,-0.7525924282933234,0,0
-0.4355035334453059,-0.19844712981526558,-0.20488455751742132,0,0,0,0,1.3750395137524654,1,0,-0.33589313475725646,-0.5874223568598589,-0.5599621782275194,0,0
-0.43895390562646963,-0.6498480506347494,-0.5616087805824888,0,0,0,0,-0.3723864087953013,1,0,-0.5812496977647484,-0.5874223568598589,-0.6381309753556718,0,0
-0.4370750250645115,-0.4241475902250075,-0.13353971290440778,0,0,0,0,0.21293024168411323,1,0,-0.5812496977647484,-0.5874223568598589,-0.5571704354729425,0,0
-0.40122132403590066,-0.4241475902250075,-0.7399708921150225,0,0,0,0,0.006932876830921214,1,0,-0.33589313475725646,-0.5874223568598589,-0.5208777796634433,0,0
-0.41121470344774036,-0.4241475902250075,-0.13353971290440778,0,0,0,0,0.9928788851627506,1,0,-0.5812496977647484,-0.5874223568598589,-0.4845851238539439,0,0
0.6576961906469143,2.9613593159211216,2.1138228924055165,1,1,0,1,-1.1054528933763157,1,1,0.6455331172727115,0.06256088724510249,1.5282614021959786,1,1
1.4303625614777842,0.7043547118237021,1.4360468685818886,1,1,0,1,-1.126762965602508,1,1,2.117672495317663,2.0125106195599867,1.7292668805255134,0,1
-0.43639615874362436,-0.19844712981526558,0.08049482093463266,0,0,0,0,1.0312370151698966,1,1,-0.33589313475725646,-0.5874223568598589,-0.8419281964397832,0,0
-0.40502256322547436,-0.4241475902250075,-0.9896778482605697,0,0,0,0,0.07938712239997496,0,0,-0.33589313475725646,-0.5874223568598589,-0.39524935570748415,0,0
-0.4328698226283321,-0.6498480506347494,-0.31190182443694153,0,0,0,0,0.42603096394603596,1,0,-0.33589313475725646,-0.5874223568598589,-0.6492979463739792,0,0
-0.42886522779080716,-0.6498480506347494,-0.8113157367280359,0,0,0,0,0.7059032458500278,1,0,-0.33589313475725646,-0.5874223568598589,-0.6576731746377098,0,0
-0.4416816389872355,-0.4241475902250075,-0.9540054259540629,1,0,1,1,-1.1239216226390156,0,1,0.6455331172727115,0.7125441313500638,1.4082164637491734,1,1
-0.4315553717629798,-0.4241475902250075,0.009149976321619119,0,0,0,0,-0.6337899614365933,1,0,-0.33589313475725646,-0.5874223568598589,-0.4203750404986759,0,0
-0.43306140092215484,-0.19844712981526558,-0.49026393596947526,0,0,0,0,-0.4718334125175319,1,0,-0.5812496977647484,-0.5874223568598589,-0.4343337542715603,0,0
2.7963054912489462,3.1870597763308637,1.9711332031794895,1,1,1,1,-1.0940875215223465,0,1,2.853742184340139,1.3625273754550251,1.6594733116610916,1,1
-0.42568671620077503,-0.4241475902250075,-0.7042984698085157,0,0,0,0,-0.13513427134369396,1,0,-0.5812496977647484,-0.5874223568598589,-0.6269640043373643,0,0
2.978475838304632,2.9613593159211216,2.1494953147120235,0,1,0,0,-1.0699361063326618,0,1,1.1362462432876954,2.6624938636649476,1.4808017753681721,1,1
-0.4414362774428929,-0.6498480506347494,-0.6686260475020089,1,1,1,1,-1.1068735648580619,0,1,0.6455331172727115,1.3625273754550251,1.3691320651850973,1,1
-0.4104605602050489,-0.4241475902250075,-0.5616087805824888,0,0,0,0,0.3294253031872977,1,0,-0.8266062607722404,-0.5874223568598589,-0.398041098462061,0,0
-0.4370295841064993,-0.6498480506347494,-0.9540054259540629,0,1,1,1,-1.116818265230285,0,1,0.8908896802802034,0.7125441313500638,1.5282614021959786,1,1
-0.29503669921382997,0.02725333059447637,0.9366329562907942,1,0,0,0,2.35530283615731,1,0,-0.5812496977647484,-0.5874223568598589,-0.5376282361909044,0,0
-0.4409455543542076,-0.4241475902250075,-1.0966951151800899,1,1,1,1,-1.118238936712031,0,1,1.6269593693026794,2.0125106195599867,1.4082164637491734,1,1
-0.43839536460692813,-0.6498480506347494,-0.9540054259540629,0,0,0,0,1.1818281922349887,1,0,-0.8266062607722404,-0.5874223568598589,-0.7888850841028227,0,0
-0.31989987151439264,-0.4241475902250075,0.3658741993866864,1,0,0,0,0.43597566431825907,1,0,-0.5812496977647484,-0.5874223568598589,-0.5962548340370187,0,0
-0.08051209561956528,0.02725333059447637,0.6869260001452472,1,0,0,0,0.9857755277540198,1,0,-0.5812496977647484,-0.5874223568598589,-0.6827988594289017,0,0
-0.38078329625986607,-0.6498480506347494,-0.525936358275982,0,0,0,0,-0.39085513805800126,1,0,-0.33589313475725646,-0.5874223568598589,-0.4064163267257916,0,0
-0.42773322776982803,-0.4241475902250075,-0.7399708921150225,0,0,0,0,0.9843548562722736,1,0,-0.5812496977647484,-0.5874223568598589,-0.5962548340370187,0,0
-0.440876362398703,-0.4241475902250075,-0.4545915136629685,0,0,0,0,0.5908288558285896,1,0,-0.8266062607722404,-0.5874223568598589,-0.6102135478099031,0,0
-0.4243323204760037,-0.4241475902250075,-0.31190182443694153,0,0,0,0,0.9673067984913198,1,0,-0.5812496977647484,-0.5874223568598589,-0.7721346275753616,0,0
-0.3330183718442156,-0.19844712981526558,-0.026522445984887653,0,0,0,0,-0.9491790303842389,1,0,-0.8266062607722404,-0.5874223568598589,-0.5152942941542895,0,0
-0.3941682592268452,-0.19844712981526558,-0.5616087805824888,0,0,0,0,0.3663627617126976,1,0,-0.5812496977647484,-0.5874223568598589,-0.4734181528356365,0,0
-0.4073774451834572,-0.19844712981526558,-0.8113157367280359,0,0,0,0,0.7385786899301894,1,0,-0.8266062607722404,-0.5874223568598589,-0.8307612254214757,0,0
-0.4370295841064993,-0.4241475902250075,-0.7756433144215291,1,0,1,1,-1.1210802796755233,0,1,1.3816028062951873,2.0125106195599867,1.5729292862692088,0,1
3.500424422279874,3.6384606971503475,2.2565125816315437,0,1,1,0,-1.1225009511572694,1,1,0.6455331172727115,0.06256088724510249,1.804643934899089,1,1
-0.4409455543542076,-0.6498480506347494,-0.9183330036475561,1,1,1,1,-1.1054528933763157,0,1,1.8723159323101712,1.3625273754550251,1.4473008623132497,1,1
0.5538388691452424,3.1870597763308637,2.1138228924055165,1,0,1,1,-1.1253422941207618,0,1,0.4001765542652195,0.06256088724510249,1.6706402826793991,0,1
-0.4370295841064993,-0.4241475902250075,-0.8113157367280359,1,0,1,0,-1.126762965602508,0,1,1.3816028062951873,2.0125106195599867,1.5896797427966698,1,1
-0.4416816389872355,-0.4241475902250075,-1.061022692873583,1,1,1,1,-1.109714907821554,0,1,0.6455331172727115,0.7125441313500638,1.6008467138149776,1,1
-0.40390037766626885,0.02725333059447637,0.8296156893712743,1,0,0,0,0.35641806134047455,1,0,-0.5812496977647484,-0.5874223568598589,-0.7749263703299383,0,0
-0.40197311180776646,-0.6498480506347494,-0.16921213521091455,0,0,0,0,1.0894845459214888,1,0,-0.5812496977647484,-0.5874223568598589,-0.5460034644546351,0,0
-0.17898127760747312,3.4127602367406054,2.07815047009901,0,0,0,0,-1.0884048355953617,0,1,1.1362462432876954,2.6624938636649476,1.6901824819614375,0,1
-0.398440101858468,-0.19844712981526558,0.33020177708017967,1,0,0,0,-0.6153212321738932,1,0,-0.5812496977647484,-0.5874223568598589,-0.6688401456560173,0,0
-0.37406500274191173,0.02725333059447637,0.33020177708017967,1,0,1,0,0.0722837649912442,1,0,-0.5812496977647484,-0.5874223568598589,-0.719091515238401,0,0
-0.36446410365640236,-0.4241475902250075,0.9366329562907942,1,0,0,0,-0.1308722568984555,1,0,-0.5812496977647484,-0.5874223568598589,-0.6911740876926322,0,0
-0.34748999201877934,0.02725333059447637,0.5085638886127135,1,0,0,0,1.464541817102473,1,0,-0.5812496977647484,-0.5874223568598589,-0.5934630912824418,0,0
-0.43636121925970994,-0.6498480506347494,-0.7042984698085157,0,0,0,0,1.0014029140532275,1,0,-0.33589313475725646,-0.5874223568598589,-0.8642621384763982,0,0
2.8827185883940345,2.058557474282154,2.3278574262445573,1,1,1,0,-1.1054528933763157,0,1,0.8908896802802034,0.7125441313500638,1.352381608657636,1,1
-0.4370295841064993,-0.6498480506347494,-0.8826605813410494,1,1,1,1,-1.1040322218945695,0,1,1.6269593693026794,0.7125441313500638,1.542220115968863,1,1
-0.41196089697639515,-0.4241475902250075,-0.525936358275982,0,0,0,0,1.2059796074246734,1,0,-0.8266062607722404,-0.5874223568598589,-0.5571704354729425,0,0
0.9040369238407056,0.02725333059447637,2.1138228924055165,1,1,1,1,-1.0955081930040926,0,1,1.3816028062951873,1.3625273754550251,1.413799949258327,1,1
-0.42173148810597183,-0.4241475902250075,-0.06219486829139442,0,0,0,0,-0.03142525317622488,1,0,-0.5812496977647484,-0.5874223568598589,-0.8223859971577452,0,0
-0.34663593755523153,-0.19844712981526558,0.2945293547736731,1,0,0,0,0.846549722542897,1,0,-0.5812496977647484,-0.5874223568598589,-0.825177739912322,0,0
-0.3817162589960745,0.02725333059447637,-0.3475742467434483,1,1,1,0,0.791143534754797,1,0,-0.5812496977647484,-0.5874223568598589,-0.7860933413482458,0,0
-0.42930059731508874,-0.6498480506347494,-0.9183330036475561,0,0,0,0,1.697531940108842,1,1,-0.8266062607722404,-0.5874223568598589,-0.4790016383447902,0,0
-0.38682871027861526,-0.6498480506347494,0.04482239862812589,0,0,0,0,-0.1308722568984555,0,0,-0.33589313475725646,-0.5874223568598589,-0.42595852600782963,0,0
-0.4116198444297589,-0.19844712981526558,-0.49026393596947526,0,0,0,0,0.519795281741282,1,0,-0.8266062607722404,-0.5874223568598589,-0.42595852600782963,0,0
-0.4272472156227941,-0.6498480506347494,-0.026522445984887653,0,0,0,0,-0.2956701487810091,1,0,-0.5812496977647484,-0.5874223568598589,-0.7023410587109398,0,0
-0.4414362774428929,-0.4241475902250075,-0.9896778482605697,1,1,1,0,-1.109714907821554,0,1,1.8723159323101712,0.7125441313500638,1.3105054673389829,1,1
-0.4396652578158278,-0.19844712981526558,-0.2405569798239281,0,0,0,0,0.2569710576182439,1,0,-0.33589313475725646,-0.5874223568598589,-0.6381309753556718,0,0
-0.41281347927067696,-0.6498480506347494,-0.49026393596947526,0,0,0,0,1.1434700622278426,1,0,-0.5812496977647484,-0.5874223568598589,-0.6102135478099031,0,0
-0.2581424689479708,-0.19844712981526558,0.47289146630620676,1,0,0,0,0.6107182565730357,1,0,-0.5812496977647484,-0.5874223568598589,-0.6827988594289017,0,0
-0.39564798562846665,0.02725333059447637,0.5442363109192201,0,1,1,0,-0.5172948999334088,1,0,-0.5812496977647484,-0.5874223568598589,-0.6744236311651711,0,0
0.7709752973067254,2.284257934691896,2.1138228924055165,0,0,0,0,-1.0926668500406003,1,1,0.6455331172727115,2.0125106195599867,1.3412146376393288,1,1
1.1175315978164377,2.284257934691896,1.7570986693404496,1,1,0,1,-1.0827221496683772,0,0,0.6455331172727115,0.7125441313500638,1.355173351412213,1,1
-0.4409455543542076,-0.4241475902250075,-0.8113157367280359,1,1,1,1,-1.1068735648580619,0,1,0.8908896802802034,1.3625273754550251,1.4110082065037504,1,1
-0.3965634786227179,-0.4241475902250075,-0.49026393596947526,0,0,0,0,1.2741718385484886,1,0,-0.8266062607722404,-0.5874223568598589,-0.40362458397121476,0,0
-0.36775724815995137,-0.6498480506347494,0.04482239862812589,0,0,0,0,0.30101187355237463,1,0,-0.33589313475725646,-0.5874223568598589,-0.4482924680444446,0,0
-0.4409455543542076,-0.6498480506347494,-0.6329536251955021,1,1,1,0,-1.128183637084254,0,1,1.1362462432876954,0.7125441313500638,1.2993384963206758,1,1
-0.3861773244506944,-0.6498480506347494,-0.2405569798239281,0,0,0,0,1.1974555785341965,1,0,-0.5812496977647484,-0.5874223568598589,-0.4427089825352909,0,0
3.8482104748498314,1.60715655346267,2.1494953147120235,1,1,1,1,-1.089825507077108,0,1,1.8723159323101712,2.0125106195599867,1.4640513188407107,1,1
-0.4413927012326176,-0.6498480506347494,-0.9540054259540629,0,0,0,0,1.1662008059357811,1,0,-0.5812496977647484,-0.5874223568598589,-0.4343337542715603,0,0
-0.4329861240003505,-0.6498480506347494,0.04482239862812589,0,0,0,0,0.2939085161436439,1,0,-0.33589313475725646,-0.5874223568598589,-0.6046300623007493,0,0
0.5747444578801763,1.155755632643186,1.5073917131949022,0,1,1,1,-1.1125562507850464,1,1,1.1362462432876954,1.3625273754550251,1.7739347645987436,1,1
-0.44112388312463585,-0.4241475902250075,-0.49026393596947526,0,0,0,0,-0.07830741207384789,1,0,-0.8266062607722404,-0.5874223568598589,-0.8782208522492826,0,0
-0.4416816389872355,-0.4241475902250075,-0.7756433144215291,1,1,1,0,-1.116818265230285,0,1,0.8908896802802034,1.3625273754550251,1.3244641811118674,1,1
3.003630205686021,0.47865425141396023,2.1494953147120235,0,0,1,1,-1.1153975937485388,0,1,0.4001765542652195,2.6624938636649476,1.7934769638807815,1,1
-0.41950389971719404,-0.4241475902250075,-0.8113157367280359,0,0,0,0,-0.5215569143786473,1,0,-0.8266062607722404,-0.5874223568598589,-0.5348364934363277,0,0
-0.43416660746249175,-0.19844712981526558,-0.9896778482605697,0,0,0,0,-0.0896727839278171,1,1,-0.5812496977647484,-0.5874223568598589,-0.8000520551211302,0,0
-0.38760042140788165,-0.4241475902250075,-0.4189190913564617,0,0,0,0,-0.034266596139717186,1,0,-0.8266062607722404,-0.5874223568598589,-0.8112190261394376,0,0
-0.4416816389872355,-0.4241475902250075,-1.0253502705670765,1,1,1,0,-1.1225009511572694,0,1,1.3816028062951873,2.0125106195599867,1.3272559238664443,1,1
-0.4418288559138411,-0.4241475902250075,-0.7756433144215291,1,1,1,0,-1.128183637084254,0,1,0.6455331172727115,1.3625273754550251,1.3467981231484822,1,1
2.9679704384220584,3.6384606971503475,1.685753824727436,1,1,1,0,-1.0955081930040926,1,1,2.6083856213326473,0.7125441313500638,1.5617623152509013,1,1
-0.4186487656628511,-0.6498480506347494,0.11616724324113924,0,0,0,0,-0.28856679137227836,1,0,-0.5812496977647484,-0.5874223568598589,-0.5292530079271739,0,0
-0.44034922765683726,-0.4241475902250075,-0.4545915136629685,0,0,0,0,0.0040915338674289104,1,0,-0.33589313475725646,-0.5874223568598589,-0.6632566601468636,0,0
-0.4150428342625741,-0.4241475902250075,-0.525936358275982,0,0,0,0,0.41466559209206677,1,0,-0.5812496977647484,-0.5874223568598589,-0.6827988594289017,0,0
-0.441151069183749,-0.19844712981526558,-0.9896778482605697,0,0,0,0,0.9459967262651275,1,0,-0.5812496977647484,-0.5874223568598589,-0.7498006855387466,0,0
-0.3846743377746692,-0.4241475902250075,0.08049482093463266,1,0,0,0,-0.2374226180294169,1,0,-0.5812496977647484,-0.5874223568598589,-0.8307612254214757,0,0
-0.43528103959689596,-0.4241475902250075,-0.49026393596947526,0,0,0,0,-0.7488643514580315,1,0,-0.33589313475725646,-0.5874223568598589,-0.39245761295290726,0,0
1.011080412212593,1.155755632643186,2.4348746931640775,0,0,1,0,-1.0926668500406003,0,1,1.1362462432876954,2.6624938636649476,1.7543925653167054,1,1
-0.43991739133879426,-0.4241475902250075,-0.0978672905979012,0,0,0,0,1.25144109484055,1,0,-0.8266062607722404,-0.5874223568598589,-0.5515869499637888,0,0
-0.4076673643842524,-0.6498480506347494,-0.8826605813410494,0,0,0,0,0.02824294905711349,0,0,-0.5812496977647484,-0.5874223568598589,-0.8447199391943601,0,0
-0.41440695528425575,-0.19844712981526558,-0.27622940213043484,0,0,0,0,-0.5229775858603934,1,0,-0.5812496977647484,-0.5874223568598589,-0.825177739912322,0,0
-0.26762441675678283,-0.4241475902250075,-0.27622940213043484,1,0,0,0,1.2102416218699117,1,0,-0.5812496977647484,-0.5874223568598589,-0.8140107688940146,0,0
-0.32888736673904545,-0.19844712981526558,-0.8113157367280359,0,0,0,0,0.9587827696008429,1,0,-0.8266062607722404,-0.5874223568598589,-0.6576731746377098,0,0
-0.41082026022905516,-0.4241475902250075,-1.0966951151800899,0,0,0,0,0.5979322132373204,1,0,-0.33589313475725646,-0.5874223568598589,-0.7051328014655166,0,0
-0.43836729524625534,-0.4241475902250075,-0.3475742467434483,0,0,0,0,1.1420493907460965,1,0,-0.33589313475725646,-0.5874223568598589,-0.398041098462061,0,0
-0.3833163106990416,-0.19844712981526558,-0.06219486829139442,0,0,0,0,1.6279190375032806,1,0,-0.8266062607722404,-0.5874223568598589,-0.7972603123665533,0,0
-0.4362594432911166,-0.4241475902250075,-0.3475742467434483,0,0,0,0,0.12484860981585182,1,0,-0.5812496977647484,-0.5874223568598589,-0.48737686660852086,0,0
-0.4207641747535555,-0.19844712981526558,-0.8113157367280359,0,0,0,0,-0.20900918839449387,1,0,-0.8266062607722404,-0.5874223568598589,-0.632547489846518,0,0
-0.41527298339116747,-0.4241475902250075,-0.7399708921150225,0,0,0,0,0.40898290616508215,1,1,-0.5812496977647484,-0.5874223568598589,-0.40362458397121476,0,0
-0.4107715804986576,-0.4241475902250075,-0.13353971290440778,0,0,0,0,-0.6238452610643702,1,0,-0.5812496977647484,-0.5874223568598589,-0.4845851238539439,0,0
-0.40841296904520075,-0.19844712981526558,-0.0978672905979012,0,0,0,0,-0.09819681281829401,1,0,-0.33589313475725646,-0.5874223568598589,-0.88938782326759,0,0
-0.4346255316950302,-0.19844712981526558,-0.13353971290440778,0,0,0,0,-0.5542323584588087,1,0,-0.8266062607722404,-0.5874223568598589,-0.45387595355359833,0,0
-0.4362398143675692,-0.19844712981526558,-0.8113157367280359,0,0,0,0,-0.9108209003770928,1,0,-0.5812496977647484,-0.5874223568598589,-0.5878796057732881,0,0
-0.37651734230530737,-0.19844712981526558,-0.06219486829139442,0,0,0,0,-0.0484733109571787,1,0,-0.33589313475725646,-0.5874223568598589,-0.7051328014655166,0,0
-0.42401335046835825,-0.4241475902250075,-0.16921213521091455,0,0,0,0,-0.49456415622547034,1,0,-0.5812496977647484,-0.5874223568598589,-0.5152942941542895,0,0
-0.3755629840424323,-0.19844712981526558,0.4015466216931932,1,0,0,0,2.0867959261072877,1,0,-0.5812496977647484,-0.5874223568598589,-0.825177739912322,0,0
-0.4169995435063976,-0.19844712981526558,-1.0253502705670765,0,0,0,0,-0.04989398243892486,1,0,-0.8266062607722404,-0.5874223568598589,-0.526461265172597,0,0
2.8767517882140927,2.9613593159211216,2.363529848551064,1,1,1,0,-1.0940875215223465,0,1,1.3816028062951873,2.6624938636649476,1.3914660072217122,1,1
-0.4417302205730153,-0.19844712981526558,0.04482239862812589,0,0,0,0,0.14473801056029795,1,0,-0.5812496977647484,-0.5874223568598589,-0.5125025513997127,0,0
-0.44071550337023196,-0.19844712981526558,-0.8113157367280359,0,0,0,0,0.7598887621563817,1,0,-0.33589313475725646,-0.5874223568598589,-0.42595852600782963,0,0
-0.43883318774665303,-0.19844712981526558,-0.49026393596947526,0,0,0,0,-0.4491026688095935,1,0,-0.5812496977647484,-0.5874223568598589,-0.825177739912322,0,0
3.07585512431257,2.058557474282154,1.4003744462753818,1,0,1,0,-1.1296043085660001,0,1,2.117672495317663,0.06256088724510249,1.759976050825859,0,1
-0.4114311123298506,-0.4241475902250075,0.5442363109192201,1,0,0,0,-0.04989398243892486,1,0,-0.5812496977647484,-0.5874223568598589,-0.7051328014655166,0,0
-0.4416816389872355,-0.6498480506347494,-0.7756433144215291,0,1,1,0,-1.119659608193777,0,1,1.8723159323101712,0.7125441313500638,1.6483063406427843,1,1
-0.41293066394425504,-0.6498480506347494,0.009149976321619119,0,0,0,0,0.4757544658071513,1,1,-0.5812496977647484,-0.5874223568598589,-0.526461265172597,0,0
-0.4418288559138411,-0.4241475902250075,-0.7756433144215291,1,1,1,1,-1.1082942363398078,0,1,1.6269593693026794,0.7125441313500638,1.3021302390752525,1,1
-0.24896329728487762,0.02725333059447637,-0.06219486829139442,1,0,1,0,0.7016412314047894,1,0,-0.5812496977647484,-0.5874223568598589,-0.6492979463739792,0,0
-0.43693340238111694,-0.19844712981526558,-0.6329536251955021,0,0,0,0,1.1775661777897504,1,0,-0.5812496977647484,-0.5874223568598589,-0.8084272833848608,0,0
-0.42626783048239614,-0.19844712981526558,0.009149976321619119,0,0,0,0,1.0283956722064043,1,0,-0.5812496977647484,-0.5874223568598589,-0.5543786927183657,0,0
-0.43007947300144994,-0.4241475902250075,-0.8469881590345426,0,0,0,0,1.6549117956564574,1,0,-0.33589313475725646,-0.5874223568598589,-0.5990465767915957,0,0
-0.4042317138957492,-0.6498480506347494,-0.9183330036475561,0,0,0,0,-0.8497320266620083,1,0,-0.8266062607722404,-0.5874223568598589,-0.6213805188282105,0,0
-0.4278887869889412,-0.19844712981526558,-0.5972812028889956,0,0,0,0,0.9246866540389352,1,0,-0.8266062607722404,-0.5874223568598589,-0.6772153739197478,0,0
-0.43831459158653047,-0.19844712981526558,-0.13353971290440778,0,0,0,0,0.8962732244040122,1,0,-0.8266062607722404,-0.5874223568598589,-0.8698456239855519,0,0
-0.4162389227189355,-0.19844712981526558,-0.9183330036475561,0,0,0,0,-0.7730157666477161,1,0,-0.33589313475725646,-0.5874223568598589,-0.8084272833848608,0,0
-0.4409455543542076,-0.4241475902250075,-0.9896778482605697,1,1,1,0,-1.1310249800477463,0,1,0.6455331172727115,1.3625273754550251,1.2965467535660986,1,1
-0.4029002840115284,-0.19844712981526558,-0.3832466690499551,0,0,0,0,0.2044062127936363,1,0,-0.8266062607722404,-0.5874223568598589,-0.6185887760736337,0,0
-0.43464319772622284,-0.4241475902250075,-0.7756433144215291,0,0,0,0,-0.22037456024846308,1,0,-0.8266062607722404,-0.5874223568598589,-0.8279694826668988,0,0
-0.4273623392593997,-0.6498480506347494,-0.9540054259540629,0,0,0,0,0.39335551986587447,1,0,-0.8266062607722404,-0.5874223568598589,-0.8642621384763982,0,0
-0.4305517449020007,-0.19844712981526558,0.009149976321619119,0,0,0,0,0.9559414266373506,1,0,-0.5812496977647484,-0.5874223568598589,-0.632547489846518,0,0
-0.4357746088794956,-0.19844712981526558,-0.16921213521091455,0,0,0,0,-0.4718334125175319,1,0,-0.8266062607722404,-0.5874223568598589,-0.847511681948937,0,0
-0.4416816389872355,-0.6498480506347494,-1.0253502705670765,1,1,0,0,-1.118238936712031,0,1,1.6269593693026794,2.0125106195599867,1.2770045542840605,1,1
-0.4409455543542076,-0.6498480506347494,-0.5972812028889956,1,1,1,1,-1.109714907821554,0,1,0.1548199912577275,0.7125441313500638,1.4863852608773256,1,1
-0.4308722852235299,-0.19844712981526558,-0.5972812028889956,0,0,0,0,0.37772813356666685,1,0,-0.8266062607722404,-0.5874223568598589,-0.8140107688940146,0,0
1.7131171070336115,2.5099583951016378,1.6144089801144224,1,1,1,1,-1.118238936712031,0,1,2.117672495317663,2.6624938636649476,1.5729292862692088,1,1
-0.21462141594788822,-0.4241475902250075,0.43721904399969996,1,0,0,0,1.3366813837453193,1,0,-0.5812496977647484,-0.5874223568598589,-0.7442172000295928,0,0
-0.42863713969918626,-0.19844712981526558,-0.06219486829139442,0,0,0,0,0.5226366247047743,1,0,-0.5812496977647484,-0.5874223568598589,-0.4845851238539439,0,0
-0.4264916002108366,-0.4241475902250075,-0.20488455751742132,0,0,0,0,-0.7176095788596162,1,0,-0.8266062607722404,-0.5874223568598589,-0.7693428848207846,0,0
2.425526313924788,3.6384606971503475,2.0424780477925033,1,1,0,0,-1.0727774492961542,0,1,0.6455331172727115,1.3625273754550251,1.5198861739322482,1,1
-0.42916672805649536,-0.19844712981526558,-0.16921213521091455,0,0,0,0,0.8735424806960738,1,0,-0.5812496977647484,-0.5874223568598589,-0.7665511420662078,0,0
-0.44125785052784694,-0.6498480506347494,-0.9896778482605697,0,0,0,0,0.13763465315156717,1,0,-0.8266062607722404,-0.5874223568598589,-0.40362458397121476,0,0
2.9866757229719454,1.155755632643186,1.7570986693404496,0,1,0,0,-1.099770207449331,1,1,2.117672495317663,1.3625273754550251,1.8102274204082425,0,1
2.6127800614561645,2.5099583951016378,1.4360468685818886,0,1,1,0,-1.118238936712031,0,1,1.1362462432876954,0.06256088724510249,1.525469659441402,1,1
1.9396295849613685,0.2529537910042183,1.7570986693404496,1,1,1,1,-1.1082942363398078,0,1,1.3816028062951873,2.6624938636649476,1.586888000042093,1,1
2.0709252953884056,2.9613593159211216,1.7570986693404496,1,1,0,0,-1.0741981207779003,0,1,1.6269593693026794,1.3625273754550251,1.5589705724963245,1,1
3.7450400675277007,0.02725333059447637,2.363529848551064,1,1,1,0,-1.0727774492961542,0,1,2.117672495317663,2.0125106195599867,1.7851017356170507,1,1
-0.39977349463504364,-0.19844712981526558,-0.5972812028889956,0,0,0,0,-0.7559677088667622,1,0,-0.5812496977647484,-0.5874223568598589,-0.42316678325325285,0,0
-0.4014788555128426,-0.19844712981526558,-0.8469881590345426,0,0,0,0,0.9729894844183045,1,0,-0.8266062607722404,-0.5874223568598589,-0.6632566601468636,0,0
-0.41747603562551105,-0.4241475902250075,0.47289146630620676,1,0,0,0,-0.5996938458746855,1,0,-0.5812496977647484,-0.5874223568598589,-0.6381309753556718,0,0
-0.4364162783902605,-0.4241475902250075,-0.4545915136629685,0,0,0,0,0.6504970580619279,0,0,-0.8266062607722404,-0.5874223568598589,-0.5404199789454813,0,0
-0.4286905303712352,-0.6498480506347494,-0.9896778482605697,0,0,0,0,-0.6423139903270702,1,0,-0.33589313475725646,-0.5874223568598589,-0.6883823449380554,0,0
-0.4271586891775953,-0.19844712981526558,-0.06219486829139442,0,0,0,0,1.137787376300858,1,0,-0.8266062607722404,-0.5874223568598589,-0.4678346673264827,0,0
-0.4418288559138411,-0.6498480506347494,-0.6686260475020089,1,1,1,1,-1.128183637084254,0,1,0.4001765542652195,1.3625273754550251,1.3886742644671353,1,1
-0.4374137221403221,-0.19844712981526558,-0.9896778482605697,0,0,0,0,0.06802175054600575,1,0,-0.33589313475725646,-0.5874223568598589,-0.38966587019833043,0,0
-0.4175433628332787,-0.19844712981526558,-0.3832466690499551,0,0,0,0,0.7655714480833663,1,0,-0.8266062607722404,-0.5874223568598589,-0.5180860369088663,0,0
3.5769194169349268,3.4127602367406054,2.0424780477925033,0,1,1,0,-1.0940875215223465,0,1,2.3630290583251554,0.7125441313500638,1.3272559238664443,1,1
-0.41892622049719375,-0.19844712981526558,-1.061022692873583,0,0,0,0,-0.6210039181008778,1,0,-0.8266062607722404,-0.5874223568598589,-0.5822961202641344,0,0
-0.4152067357741949,-0.19844712981526558,0.6512535778387404,1,0,1,0,2.2359664316906334,1,0,-0.5812496977647484,-0.5874223568598589,-0.5850878630187113,0,0
2.863458394175462,3.6384606971503475,2.1138228924055165,1,0,1,0,-1.1139769222667926,1,1,0.6455331172727115,1.3625273754550251,1.6064301993241312,1,1
1.6325083807261103,3.6384606971503475,1.899788358566476,1,1,1,1,-1.1011908789310771,0,1,1.1362462432876954,1.3625273754550251,1.6203889130970157,1,1
-0.4355544705019114,-0.6498480506347494,-0.9540054259540629,0,0,0,0,-0.4363166254738781,1,0,-0.8266062607722404,-0.5874223568598589,-0.6967575732017861,0,0
0.565878465692282,3.6384606971503475,1.935460780872983,1,1,1,0,-1.128183637084254,0,1,2.6083856213326473,1.3625273754550251,1.6790155109431297,1,1
-0.247891558059189,0.02725333059447637,0.6869260001452472,1,0,1,0,0.38909350542063603,1,0,-0.5812496977647484,-0.5874223568598589,-0.7330502290112852,0,0
-0.41720054368352316,-0.6498480506347494,-0.7399708921150225,0,0,0,0,0.2626537435452285,0,0,-0.8266062607722404,-0.5874223568598589,-0.5320447506817507,0,0
-0.13668320468901193,-0.4241475902250075,0.22318451016065954,1,0,0,0,-0.2374226180294169,1,0,-0.5812496977647484,-0.5874223568598589,-0.6883823449380554,0,0
-0.4050929329163918,-0.6498480506347494,-0.5972812028889956,0,0,0,0,-0.13655494282544012,0,0,-0.5812496977647484,-0.5874223568598589,-0.5795043775095574,0,0
-0.4313504458011448,-0.4241475902250075,0.08049482093463266,0,0,0,0,0.39761753431111296,1,0,-0.8266062607722404,-0.5874223568598589,-0.8279694826668988,0,0
-0.4282161974337121,-0.19844712981526558,0.11616724324113924,0,0,0,0,0.7087445888135202,1,0,-0.33589313475725646,-0.5874223568598589,-0.5515869499637888,0,0
-0.4321292233428883,-0.19844712981526558,-0.4545915136629685,0,0,0,0,1.0695951451770427,1,0,-0.5812496977647484,-0.5874223568598589,-0.5655456637366731,0,0
1.3417218759439178,2.058557474282154,1.4717192908883954,0,1,0,1,-1.128183637084254,0,1,2.6083856213326473,2.0125106195599867,1.4668430615952879,1,1
-0.2861359638312568,-0.19844712981526558,-0.27622940213043484,1,0,0,0,1.0795398455492657,1,0,-0.5812496977647484,-0.5874223568598589,-0.7777181130845152,0,0
-0.4239346384849332,-0.4241475902250075,-0.5972812028889956,0,0,0,0,-0.5414463151230934,1,0,-0.5812496977647484,-0.5874223568598589,-0.6744236311651711,0,0
-0.4414362774428929,-0.4241475902250075,-0.6329536251955021,1,1,1,1,-1.1225009511572694,0,1,1.6269593693026794,2.0125106195599867,1.3440063803939055,1,1
-0.4414362774428929,-0.6498480506347494,-0.7042984698085157,1,1,1,1,-1.1082942363398078,0,1,1.3816028062951873,2.0125106195599867,1.3914660072217122,1,1
-0.4322535725735612,-0.4241475902250075,-0.27622940213043484,1,0,0,0,0.8806458381048046,1,0,-0.5812496977647484,-0.5874223568598589,-0.6157970333190568,0,0
-0.4364979347122177,-0.4241475902250075,-0.4545915136629685,0,0,0,0,1.1619387914905426,1,0,-0.33589313475725646,-0.5874223568598589,-0.6437144608648254,0,0
-0.4318912226448759,-0.4241475902250075,-0.13353971290440778,0,0,0,0,-0.4689920695540396,1,0,-0.33589313475725646,-0.5874223568598589,-0.7637593993116308,0,0
-0.35520160721285043,-0.19844712981526558,0.151839665547646,1,0,0,0,-0.3482349936056167,1,0,-0.5812496977647484,-0.5874223568598589,-0.825177739912322,0,0
-0.43343621521729264,-0.4241475902250075,-1.0253502705670765,0,0,0,0,-0.3794897662040321,1,0,-0.5812496977647484,-0.5874223568598589,-0.5571704354729425,0,0
-0.4182296881451139,-0.19844712981526558,-0.525936358275982,0,0,0,0,-0.30277350618973986,1,0,-0.8266062607722404,-0.5874223568598589,-0.38966587019833043,0,0
-0.43877027704668364,-0.6498480506347494,-0.8469881590345426,0,0,0,0,0.678910487696851,1,0,-0.33589313475725646,-0.5874223568598589,-0.8810125950038594,0,0
-0.4409455543542076,-0.6498480506347494,-1.0253502705670765,1,1,1,0,-1.116818265230285,0,1,0.6455331172727115,2.0125106195599867,1.419383434767481,1,1
-0.42955655847814694,-0.4241475902250075,-0.16921213521091455,1,0,0,0,0.5254779676682666,1,0,-0.5812496977647484,-0.5874223568598589,-0.802843797875707,0,0
1.6549660284459378,2.058557474282154,2.2921850039380507,1,1,1,0,-1.126762965602508,0,1,1.8723159323101712,2.6624938636649476,1.7934769638807815,1,1
-0.42818606703606676,-0.4241475902250075,0.11616724324113924,0,0,0,0,-0.5840664595754779,1,0,-0.8266062607722404,-0.5874223568598589,-0.5822961202641344,0,0
1.6570410019541344,3.4127602367406054,1.7927710916469557,0,1,0,1,-1.1210802796755233,0,0,0.8908896802802034,1.3625273754550251,1.7041411957343218,1,1
-0.27468768860608295,0.02725333059447637,0.04482239862812589,1,1,1,0,1.164780134454035,1,0,-0.5812496977647484,-0.5874223568598589,-0.526461265172597,0,0
2.071940110735807,2.284257934691896,1.7214262470339428,1,1,0,1,-1.1082942363398078,0,1,1.1362462432876954,2.6624938636649476,1.7320586232800905,1,1
-0.4414362774428929,-0.4241475902250075,-0.8826605813410494,1,1,1,1,-1.1139769222667926,0,1,1.3816028062951873,1.3625273754550251,1.4640513188407107,1,1
-0.4352181288969265,-0.19844712981526558,-0.8826605813410494,0,0,0,0,0.670386458806374,1,0,-0.33589313475725646,-0.5874223568598589,-0.44550072528986784,0,0
-0.39945540792895784,-0.4241475902250075,-0.20488455751742132,0,0,0,0,1.6094503082405807,1,0,-0.8266062607722404,-0.5874223568598589,-0.6967575732017861,0,0
2.773838029067345,2.73565885551138,2.2921850039380507,1,0,0,0,-1.0727774492961542,1,0,2.6083856213326473,0.7125441313500638,1.5701375435146316,1,1
-0.3870651406627438,-0.4241475902250075,-0.9183330036475561,0,0,0,0,0.7130066032587586,0,0,-0.33589313475725646,-0.5874223568598589,-0.7944685696119764,0,0
-0.43680758098117806,-0.6498480506347494,-0.5616087805824888,0,0,0,0,0.5510500543396973,1,0,-0.8266062607722404,-0.5874223568598589,-0.6632566601468636,0,0
3.079018129053,1.832857013872412,1.9711332031794895,1,1,1,1,-1.126762965602508,0,1,0.4001765542652195,0.06256088724510249,1.2909632680569447,1,1
-0.4416816389872355,-0.4241475902250075,-0.8113157367280359,1,1,1,1,-1.1239216226390156,0,1,1.3816028062951873,2.0125106195599867,1.54501185872344,1,1
-0.4082776276173414,-0.19844712981526558,0.009149976321619119,0,0,0,0,0.501326552478582,1,0,-0.5812496977647484,-0.5874223568598589,-0.40083284121663787,0,0
-0.3974724940721985,-0.4241475902250075,-0.9540054259540629,0,0,0,0,0.09359383721743647,1,0,-0.5812496977647484,-0.5874223568598589,-0.5097108086451357,0,0
-0.30090525663141693,-0.19844712981526558,-0.13353971290440778,1,0,1,0,1.9958729512755338,1,0,-0.5812496977647484,-0.5874223568598589,-0.5348364934363277,0,0
1.9230256748218493,0.47865425141396023,1.9711332031794895,1,1,1,0,-1.1054528933763157,0,1,1.6269593693026794,2.0125106195599867,1.371923807939674,1,1
-0.43147989855193997,-0.19844712981526558,-0.525936358275982,0,0,0,0,-0.6266866040278625,1,0,-0.5812496977647484,-0.5874223568598589,-0.8223859971577452,0,0
2.8336146769585975,0.02725333059447637,1.6144089801144224,1,0,0,0,-1.126762965602508,0,1,2.853742184340139,0.06256088724510249,1.7264751377709366,1,1
-0.4409455543542076,-0.6498480506347494,-0.9183330036475561,1,1,1,1,-1.1296043085660001,0,1,0.8908896802802034,2.0125106195599867,1.3328394093755978,1,1
-0.4370295841064993,-0.4241475902250075,-0.5972812028889956,1,1,1,0,-1.126762965602508,0,1,0.8908896802802034,2.0125106195599867,1.4752182898590185,1,1
-0.40393188208856246,-0.4241475902250075,-0.9183330036475561,0,0,0,0,-0.07546606911035558,1,0,-0.5812496977647484,-0.5874223568598589,-0.7805098558390922,0,0
-0.4204114429974085,-0.6498480506347494,-0.27622940213043484,0,0,0,0,-0.2374226180294169,1,0,-0.5812496977647484,-0.5874223568598589,-0.6660484029014404,0,0
-0.43701162364145335,-0.4241475902250075,-0.6686260475020089,0,0,0,0,-0.06125935429289407,1,0,-0.8266062607722404,-0.5874223568598589,-0.6883823449380554,0,0
3.056629280710206,0.7043547118237021,2.0068056254859963,0,0,1,1,-1.1054528933763157,0,1,1.6269593693026794,2.0125106195599867,1.3858825217125585,1,1
-0.4079497264494819,-0.19844712981526558,-0.8113157367280359,0,0,0,0,0.32374261726031306,1,0,-0.8266062607722404,-0.5874223568598589,-0.7498006855387466,0,0
-0.4236512949735263,-0.4241475902250075,-0.8826605813410494,0,0,0,0,1.1548354340818119,1,0,-0.33589313475725646,-0.5874223568598589,-0.5487952072092119,0,0
-0.4390907192235951,-0.6498480506347494,-0.7042984698085157,0,0,0,0,1.052547087396089,1,0,-0.33589313475725646,-0.5874223568598589,-0.5739208920004037,0,0
-0.42729422689469015,-0.19844712981526558,-0.06219486829139442,0,0,0,0,1.4389697304310423,1,0,-0.33589313475725646,-0.5874223568598589,-0.6660484029014404,0,0
0.5543740517457627,1.155755632643186,2.0068056254859963,1,1,1,0,-1.0841428211501234,0,0,0.6455331172727115,0.06256088724510249,1.6678485399248222,1,1
-0.40906563075315217,-0.6498480506347494,-0.7042984698085157,0,0,0,0,-0.865359412961216,1,0,-0.8266062607722404,-0.5874223568598589,-0.8279694826668988,0,0
-0.40515427330247744,-0.4241475902250075,-1.061022692873583,0,0,0,0,-0.763071066275493,1,0,-0.33589313475725646,-0.5874223568598589,-0.7386337145204391,0,0
-0.4416816389872355,-0.4241475902250075,-0.8113157367280359,1,1,0,0,-1.1239216226390156,0,1,0.8908896802802034,2.0125106195599867,1.6455145978882073,1,1
-0.424358721378175,-0.19844712981526558,-0.49026393596947526,0,0,0,0,0.8493910655063892,1,0,-0.5812496977647484,-0.5874223568598589,-0.8335529681760526,0,0
-0.32832715726100237,-0.4241475902250075,0.11616724324113924,0,0,0,0,0.43029297839127445,1,0,-0.33589313475725646,-0.5874223568598589,-0.6185887760736337,0,0
-0.39533441357479676,-0.4241475902250075,-0.9540054259540629,0,0,0,0,0.44165835024524364,1,1,-0.8266062607722404,-0.5874223568598589,-0.5013355803814052,0,0
-0.4340707201709626,-0.6498480506347494,-0.026522445984887653,0,0,0,0,0.9403140403381429,0,0,-0.33589313475725646,-0.5874223568598589,-0.6660484029014404,0,0
-0.4370295841064993,-0.4241475902250075,-1.0253502705670765,1,1,1,0,-1.128183637084254,0,1,0.1548199912577275,0.7125441313500638,1.7292668805255134,1,1
-0.34991023829217505,-0.4241475902250075,-0.7756433144215291,0,0,0,0,0.3578387328222207,1,1,-0.5812496977647484,-0.5874223568598589,-0.4287502687624066,0,0
-0.42993304123178633,-0.4241475902250075,0.04482239862812589,0,0,0,0,-0.17349240135084007,1,0,-0.8266062607722404,-0.5874223568598589,-0.632547489846518,0,0
-0.43762080728374725,-0.19844712981526558,-0.4189190913564617,0,0,0,0,0.9900375421992582,1,0,-0.8266062607722404,-0.5874223568598589,-0.5878796057732881,0,0
-0.39659890882972093,0.02725333059447637,0.11616724324113924,1,1,0,0,1.8651711749548878,1,0,-0.5812496977647484,-0.5874223568598589,-0.8223859971577452,0,0
-0.41198867190321475,-0.19844712981526558,-0.9896778482605697,0,0,0,0,1.3281573548548424,1,0,-0.33589313475725646,-0.5874223568598589,-0.5432117217000583,0,0
2.3130275551206045,0.47865425141396023,1.4360468685818886,1,0,0,0,-1.109714907821554,0,1,1.8723159323101712,1.3625273754550251,1.7097246812434752,1,1
-0.4409455543542076,-0.6498480506347494,-1.061022692873583,1,1,0,0,-1.1296043085660001,0,1,1.8723159323101712,0.7125441313500638,1.3886742644671353,1,1
2.7243436001979324,2.284257934691896,1.7570986693404496,1,0,1,1,-1.1082942363398078,0,1,2.3630290583251554,0.7125441313500638,1.4417173768040958,1,1
-0.4414362774428929,-0.6498480506347494,-0.8469881590345426,1,0,1,1,-1.1068735648580619,1,1,0.6455331172727115,1.3625273754550251,1.6371393696244767,1,1
-0.2364359219876849,-0.4241475902250075,0.9723053785973009,1,1,0,0,-0.49740549918896265,1,0,-0.5812496977647484,-0.5874223568598589,-0.7916768268573996,0,0
3.803399016415742,3.4127602367406054,1.5787365578079158,0,1,0,0,-1.1026115504128233,0,1,1.8723159323101712,1.3625273754550251,1.6873907392068603,1,1
-0.43328958715839344,-0.4241475902250075,0.009149976321619119,0,0,0,0,0.20582688427538245,1,0,-0.8266062607722404,-0.5874223568598589,-0.6967575732017861,0,0
-0.4300830062076885,-0.19844712981526558,-1.0253502705670765,0,0,0,0,-0.8198979255453391,1,0,-0.5812496977647484,-0.5874223568598589,-0.7302584862567084,0,0
0.4727776961499731,2.5099583951016378,2.18516773701853,1,0,1,0,-1.118238936712031,0,1,2.6083856213326473,2.6624938636649476,1.7432255942983976,1,1
-0.44173071129610403,-0.6498480506347494,0.009149976321619119,0,0,0,0,-0.7147682358961239,1,0,-0.5812496977647484,-0.5874223568598589,-0.439917239780714,0,0
1.989786882578977,1.155755632643186,1.8641159362599693,1,1,1,1,-1.0756187922596465,0,1,0.4001765542652195,0.06256088724510249,1.3244641811118674,1,1
-0.42166288501817367,-0.4241475902250075,-0.5972812028889956,0,0,0,0,-0.6281072755096087,1,0,-0.5812496977647484,-0.5874223568598589,-0.5962548340370187,0,0
-0.4418288559138411,-0.4241475902250075,-0.8113157367280359,1,1,0,0,-1.1253422941207618,0,0,0.6455331172727115,1.3625273754550251,1.3691320651850973,1,1
-0.4365116749587009,-0.4241475902250075,-0.9896778482605697,0,0,0,0,0.5865668413833511,1,0,-0.8266062607722404,-0.5874223568598589,-0.8810125950038594,0,0
0.7411382539238669,0.9300551722334441,1.5787365578079158,0,0,1,0,-1.0884048355953617,0,1,0.6455331172727115,0.06256088724510249,1.5896797427966698,1,1
-0.4418288559138411,-0.4241475902250075,-1.0253502705670765,1,0,1,1,-1.128183637084254,0,1,1.1362462432876954,1.3625273754550251,1.2435036412291383,1,1
1.3507085860116288,3.6384606971503475,2.07815047009901,1,0,1,0,-1.1040322218945695,0,1,1.8723159323101712,2.6624938636649476,1.4110082065037504,1,1
-0.4409455543542076,-0.4241475902250075,-0.6329536251955021,1,1,1,1,-1.1054528933763157,0,1,1.8723159323101712,0.7125441313500638,1.4863852608773256,1,1
-0.42870888341475205,0.02725333059447637,0.6512535778387404,1,0,0,0,1.9418874349691801,1,0,-0.5812496977647484,-0.5874223568598589,-0.8195942544031682,0,0
-0.41612242505768166,0.02725333059447637,0.08049482093463266,1,0,0,0,0.7059032458500278,1,0,-0.5812496977647484,-0.5874223568598589,-0.654881431883133,1,0
2.2733916549582607,1.832857013872412,1.5073917131949022,1,0,1,1,-1.0827221496683772,1,1,1.1362462432876954,0.06256088724510249,1.8018521921445123,1,1
-0.4216412932022715,0.02725333059447637,0.5085638886127135,1,1,0,0,2.1890842727930107,1,0,-0.5812496977647484,-0.5874223568598589,-0.719091515238401,0,0
-0.4269147998025188,-0.6498480506347494,-0.525936358275982,0,0,0,0,-0.9335516440850312,1,0,-0.33589313475725646,-0.5874223568598589,-0.7079245442200935,0,0
-0.4321902692951207,-0.4241475902250075,-0.7399708921150225,0,0,0,0,-0.22889858913893998,1,0,-0.5812496977647484,-0.5874223568598589,-0.8279694826668988,0,0
-0.4224076063775625,-0.19844712981526558,-0.3832466690499551,0,0,0,0,0.7698334625286047,1,0,-0.8266062607722404,-0.5874223568598589,-0.5152942941542895,0,0
-0.4315976720932244,-0.4241475902250075,-0.9540054259540629,0,0,0,0,-0.8198979255453391,1,0,-0.8266062607722404,-0.5874223568598589,-0.4427089825352909,0,0
-0.4275837535170145,-0.19844712981526558,-0.3832466690499551,0,0,0,0,0.9261073255206814,1,0,-0.33589313475725646,-0.5874223568598589,-0.4790016383447902,0,0
-0.44022850977702077,-0.19844712981526558,0.04482239862812589,0,0,0,0,0.5340019965587435,1,0,-0.5812496977647484,-0.5874223568598589,-0.6157970333190568,0,0
-0.4385672158325856,-0.6498480506347494,-0.16921213521091455,0,0,0,0,-0.6281072755096087,1,0,-0.8266062607722404,-0.5874223568598589,-0.8810125950038594,0,0
-0.43555790556353224,-0.6498480506347494,-0.8826605813410494,0,0,0,0,0.9928788851627506,1,1,-0.8266062607722404,-0.5874223568598589,-0.7944685696119764,0,0
3.5811353171344393,0.9300551722334441,1.5073917131949022,0,1,0,0,-1.1139769222667926,0,1,2.3630290583251554,2.0125106195599867,1.5813045145329394,1,1
-0.4087725709245893,-0.6498480506347494,-0.9540054259540629,0,0,0,0,-0.19906448802227078,1,1,-0.33589313475725646,-0.5874223568598589,-0.8782208522492826,0,0
-0.4363021361998322,-0.19844712981526558,-0.7042984698085157,0,0,0,0,-0.17207172986909391,0,0,-0.8266062607722404,-0.5874223568598589,-0.4790016383447902,0,0
3.464344203473526,1.155755632643186,1.7570986693404496,1,0,1,0,-1.0784601352231387,1,1,1.8723159323101712,2.0125106195599867,1.4500926050678264,1,1
-0.4414362774428929,-0.4241475902250075,-0.7756433144215291,1,1,1,1,-1.1054528933763157,0,1,1.1362462432876954,1.3625273754550251,1.3272559238664443,1,1
-0.13181866671087497,-0.19844712981526558,0.5799087332257269,1,1,0,0,1.7017939545540803,1,0,-0.5812496977647484,-0.5874223568598589,-0.8112190261394376,0,0
-0.38968236318393773,0.02725333059447637,0.8296156893712743,1,0,1,0,1.0937465603667273,1,0,-0.5812496977647484,-0.5874223568598589,-0.5878796057732881,0,0
3.4996664513970908,0.47865425141396023,2.2565125816315437,0,0,0,1,-1.0983495359675848,1,1,2.117672495317663,2.6624938636649476,1.7013494529797446,1,1
-0.4370295841064993,-0.4241475902250075,-0.8469881590345426,1,1,1,1,-1.118238936712031,0,1,0.4001765542652195,0.7125441313500638,1.7208916522617828,1,1
-0.4321662238637752,-0.19844712981526558,-0.5972812028889956,0,0,0,0,0.20582688427538245,1,0,-0.8266062607722404,-0.5874223568598589,-0.4678346673264827,0,0
-0.4230144345490306,-0.19844712981526558,0.6512535778387404,0,0,0,0,-0.5627563873492857,1,0,-0.5812496977647484,-0.5874223568598589,-0.6688401456560173,0,0
1.5079696327964156,3.6384606971503475,1.4003744462753818,1,1,1,1,-1.116818265230285,0,0,2.3630290583251554,2.0125106195599867,1.6845989964522836,1,1
-0.43212667158282714,-0.6498480506347494,-0.8826605813410494,0,0,0,0,0.0722837649912442,1,0,-0.33589313475725646,-0.5874223568598589,-0.7553841710479002,0,0
-0.4190376146383253,-0.4241475902250075,-0.3475742467434483,0,0,0,0,0.6092975850912895,1,0,-0.33589313475725646,-0.5874223568598589,-0.4371254970261372,0,0
-0.4351642475017889,-0.4241475902250075,-0.5972812028889956,0,0,0,0,0.501326552478582,1,0,-0.8266062607722404,-0.5874223568598589,-0.6353392326010948,0,0
-0.42494876682001015,-0.19844712981526558,-0.7042984698085157,0,0,0,0,-0.7389196510858085,1,0,-0.8266062607722404,-0.5874223568598589,-0.7721346275753616,0,0
2.4004567434931245,2.5099583951016378,1.9711332031794895,1,1,1,0,-1.0741981207779003,0,1,1.6269593693026794,2.0125106195599867,1.4696348043498646,1,1
1.9115062447488165,0.7043547118237021,1.7570986693404496,1,1,1,0,-1.119659608193777,0,0,2.117672495317663,0.7125441313500638,1.2993384963206758,1,1
-0.4191299687236158,-0.6498480506347494,-0.49026393596947526,0,0,0,0,1.707476640481065,1,0,-0.5812496977647484,-0.5874223568598589,-0.526461265172597,0,0
-0.4265440094367082,-0.6498480506347494,-0.27622940213043484,0,0,0,0,1.6648564960286805,1,1,-0.8266062607722404,-0.5874223568598589,-0.4092080694803685,0,0
-0.4373943876506279,-0.6498480506347494,-0.3475742467434483,0,0,0,0,-0.4746747554810242,1,0,-0.8266062607722404,-0.5874223568598589,-0.802843797875707,0,0
-0.4370295841064993,-0.4241475902250075,-0.7756433144215291,1,1,1,0,-1.1253422941207618,0,1,1.3816028062951873,2.0125106195599867,1.4277586630312116,1,1
-0.42802874121383433,-0.6498480506347494,-0.8113157367280359,0,0,0,0,1.5540441204524806,1,0,-0.33589313475725646,-0.5874223568598589,-0.7972603123665533,0,0
-0.4409455543542076,-0.6498480506347494,-0.5972812028889956,1,1,1,0,-1.1125562507850464,0,1,1.6269593693026794,2.0125106195599867,1.550595344232594,1,1
2.3632732810387944,0.7043547118237021,1.4360468685818886,0,0,0,0,-1.0955081930040926,0,1,1.1362462432876954,2.0125106195599867,1.4808017753681721,1,1
2.8384757798751137,3.6384606971503475,1.6500814024209292,0,0,1,1,-1.1210802796755233,0,1,2.6083856213326473,2.6624938636649476,1.6566815689065149,0,1
-0.34459080001082687,-0.4241475902250075,-0.31190182443694153,1,1,0,0,1.8083443156850418,1,0,-0.5812496977647484,-0.5874223568598589,-0.5990465767915957,0,0
-0.430329545487444,-0.4241475902250075,-0.16921213521091455,0,0,0,0,1.024133657761166,0,0,-0.8266062607722404,-0.5874223568598589,-0.40362458397121476,0,0
-0.11990754146845321,-0.19844712981526558,-0.3475742467434483,1,0,1,0,1.3096886255921423,1,0,-0.5812496977647484,-0.5874223568598589,-0.5543786927183657,0,0
-0.1734264885327915,0.02725333059447637,-0.13353971290440778,1,0,1,0,1.1534147626000657,1,0,-0.5812496977647484,-0.5874223568598589,-0.6632566601468636,0,0
-0.4099370568140394,-0.19844712981526558,-0.20488455751742132,0,0,0,0,0.16462741130474406,1,0,-0.5812496977647484,-0.5874223568598589,-0.7553841710479002,0,0
3.7682023936028806,3.4127602367406054,1.9711332031794895,1,1,0,0,-1.0969288644858386,0,1,1.1362462432876954,0.7125441313500638,1.676223768188553,0,1
-0.43056362040074686,-0.19844712981526558,-0.4545915136629685,0,0,0,0,1.3963495859786577,1,0,-0.5812496977647484,-0.5874223568598589,-0.6046300623007493,0,0
-0.43135466601970746,-0.4241475902250075,0.009149976321619119,0,0,0,0,-0.40364118139371663,1,0,-0.8266062607722404,-0.5874223568598589,-0.7218832579929778,0,0
-0.4027182257456261,-0.19844712981526558,-0.6329536251955021,0,0,0,0,0.7286339895579663,1,0,-0.8266062607722404,-0.5874223568598589,-0.6381309753556718,0,0
-0.44070058538833595,-0.4241475902250075,0.08049482093463266,0,0,0,0,1.4545971167302498,1,0,-0.5812496977647484,-0.5874223568598589,-0.4287502687624066,0,0
-0.4297971109362205,-0.4241475902250075,-0.8469881590345426,0,0,0,0,0.9232659825571891,1,0,-0.5812496977647484,-0.5874223568598589,-0.8084272833848608,0,0
-0.4043840343424771,-0.19844712981526558,-0.8826605813410494,0,0,0,0,-0.9165035863040775,1,0,-0.33589313475725646,-0.5874223568598589,-0.632547489846518,0,0
-0.4291931289586667,-0.19844712981526558,-0.026522445984887653,0,0,0,0,0.10637988055315184,1,0,-0.5812496977647484,-0.5874223568598589,-0.8279694826668988,0,0
-0.39846051593895737,-0.6498480506347494,-0.7756433144215291,0,0,0,0,-0.6934581636699316,1,0,-0.8266062607722404,-0.5874223568598589,-0.8140107688940146,0,0
0.28550206236884124,0.47865425141396023,2.0068056254859963,0,1,1,0,-1.0727774492961542,1,0,0.6455331172727115,2.6624938636649476,1.4835935181227489,1,1
3.694241002254709,3.6384606971503475,1.899788358566476,0,1,0,1,-1.126762965602508,0,1,1.1362462432876954,1.3625273754550251,1.4417173768040958,1,1
-0.4281912687008068,-0.4241475902250075,-0.20488455751742132,0,0,0,0,0.7286339895579663,1,0,-0.5812496977647484,-0.5874223568598589,-0.7888850841028227,0,0
2.530412681743433,1.381456093052928,2.220840159325037,1,1,1,1,-1.1239216226390156,0,1,1.3816028062951873,0.7125441313500638,1.355173351412213,0,1
-0.4370171197400467,-0.19844712981526558,-0.8826605813410494,0,0,0,0,-0.14649964319766318,1,1,-0.8266062607722404,-0.5874223568598589,-0.5655456637366731,0,0
-0.43329518140160445,-0.19844712981526558,-1.0253502705670765,0,0,0,0,1.0085062714619581,1,0,-0.5812496977647484,-0.5874223568598589,-0.6967575732017861,0,0
-0.4396074506359807,-0.4241475902250075,-0.8826605813410494,0,0,0,0,0.2839638157714208,1,0,-0.8266062607722404,-0.5874223568598589,-0.4566676963081753,0,0
-0.4414362774428929,-0.6498480506347494,-1.0966951151800899,1,1,1,0,-1.1253422941207618,0,1,0.8908896802802034,0.7125441313500638,1.4835935181227489,1,1
1.8307905408079814,2.73565885551138,2.399202270857571,1,0,1,1,-1.0741981207779003,1,1,1.8723159323101712,0.7125441313500638,1.787893478371628,1,1
-0.4346097304115746,-0.19844712981526558,-0.49026393596947526,0,0,0,0,-0.9207656007493159,1,0,-0.5812496977647484,-0.5874223568598589,-0.8754291094947056,0,0
-0.39384143764978075,-0.19844712981526558,-0.2405569798239281,0,0,0,0,0.41466559209206677,1,0,-0.8266062607722404,-0.5874223568598589,-0.439917239780714,0,0
-0.43950253403961975,-0.6498480506347494,-0.8826605813410494,0,0,0,0,0.3819901480119053,1,0,-0.33589313475725646,-0.5874223568598589,-0.5125025513997127,0,0
-0.43817660025399224,-0.6498480506347494,-0.9183330036475561,0,0,0,0,0.05949772165552883,1,0,-0.33589313475725646,-0.5874223568598589,-0.5180860369088663,0,0
-0.42875226333579186,-0.6498480506347494,0.04482239862812589,0,0,0,0,-0.6139005606921472,0,0,-0.8266062607722404,-0.5874223568598589,-0.5208777796634433,0,0
-0.1243372006453973,-0.4241475902250075,0.11616724324113924,1,0,0,0,0.5425260254492205,1,0,-0.5812496977647484,-0.5874223568598589,-0.6465062036194024,0,0
-0.4405272619934123,-0.4241475902250075,-0.5616087805824888,0,0,0,0,-0.3993791669484782,1,0,-0.5812496977647484,-0.5874223568598589,-0.6353392326010948,0,0
-0.4325321069986989,-0.6498480506347494,-0.06219486829139442,0,0,0,0,0.9232659825571891,1,0,-0.5812496977647484,-0.5874223568598589,-0.7553841710479002,0,0
-0.416154027624593,-0.6498480506347494,-0.8469881590345426,0,0,0,0,1.1718834918627656,1,0,-0.8266062607722404,-0.5874223568598589,-0.39524935570748415,0,0
-0.2813041080108262,-0.4241475902250075,0.11616724324113924,0,0,0,0,0.9417347118198891,1,0,-0.5812496977647484,-0.5874223568598589,-0.5711291492458269,0,0
-0.4209519254072865,-0.6498480506347494,-0.8826605813410494,0,0,0,0,0.6519177295436741,1,0,-0.5812496977647484,-0.5874223568598589,-0.398041098462061,0,0
-0.43106877074823946,-0.6498480506347494,0.08049482093463266,0,0,0,0,1.642125752320742,1,0,-0.8266062607722404,-0.5874223568598589,-0.8084272833848608,0,0
-0.411532103141502,-0.6498480506347494,-0.4189190913564617,0,0,0,0,1.6478084382477267,1,0,-0.5812496977647484,-0.5874223568598589,-0.8447199391943601,0,0
-0.407886619460277,-0.4241475902250075,0.04482239862812589,1,0,0,0,-0.12945158541670934,1,0,-0.5812496977647484,-0.5874223568598589,-0.6688401456560173,0,0
-0.43044368767787217,-0.19844712981526558,-0.9540054259540629,0,0,0,0,-0.7303956221953315,1,0,-0.8266062607722404,-0.5874223568598589,-0.5627539209820963,0,0
-0.419657692333188,-0.19844712981526558,-0.27622940213043484,0,0,0,0,-0.6266866040278625,1,0,-0.33589313475725646,-0.5874223568598589,-0.49575209487225136,0,0
-0.434914862028119,-0.4241475902250075,-0.31190182443694153,0,0,0,0,-0.8838281422239159,1,0,-0.33589313475725646,-0.5874223568598589,-0.6102135478099031,0,0
-0.2515303679064079,0.02725333059447637,0.009149976321619119,1,0,0,0,0.772674805492097,1,0,-0.5812496977647484,-0.5874223568598589,-0.6744236311651711,0,0
-0.4404345153296508,-0.19844712981526558,-0.16921213521091455,0,0,0,0,-0.7659124092389853,1,0,-0.8266062607722404,-0.5874223568598589,-0.462251181817329,0,0
-0.43387403835701766,-0.6498480506347494,-0.7756433144215291,0,0,0,0,-0.03994928206670179,1,0,-0.8266062607722404,-0.5874223568598589,-0.43154201151698346,0,0
-0.4073182639789617,-0.6498480506347494,-0.8113157367280359,0,0,0,0,-0.22321590321195536,1,0,-0.5812496977647484,-0.5874223568598589,-0.4427089825352909,0,0
-0.43155046453209295,0.02725333059447637,0.47289146630620676,1,0,1,0,0.08364913684521341,1,0,-0.5812496977647484,-0.5874223568598589,-0.5711291492458269,0,0
-0.42822905437863557,-0.6498480506347494,-0.2405569798239281,0,0,0,0,1.623657023058042,1,0,-0.33589313475725646,-0.5874223568598589,-0.5376282361909044,0,0
-0.43832852812224915,-0.6498480506347494,-0.0978672905979012,0,0,0,0,-0.7389196510858085,1,0,-0.8266062607722404,-0.5874223568598589,-0.49575209487225136,0,0
2.1371502409542176,0.02725333059447637,1.8641159362599693,1,1,1,1,-1.091246178558854,0,1,2.853742184340139,2.6624938636649476,1.4947604891410566,1,1
-0.4182903415188754,-0.19844712981526558,-1.061022692873583,0,0,0,0,-0.8511526981437545,1,0,-0.5812496977647484,-0.5874223568598589,-0.7525924282933234,0,0
-0.4418288559138411,-0.4241475902250075,-0.7399708921150225,0,1,1,1,-1.119659608193777,0,1,1.3816028062951873,2.0125106195599867,1.6818072536977065,1,1
-0.36885224766004365,-0.4241475902250075,-0.3475742467434483,0,0,0,0,-0.03710793910320949,1,0,-0.5812496977647484,-0.5874223568598589,-0.7693428848207846,0,0
-0.3785680740929231,-0.19844712981526558,-0.9896778482605697,0,0,0,0,1.4389697304310423,0,0,-0.5812496977647484,-0.5874223568598589,-0.5320447506817507,0,0
-0.4414362774428929,-0.4241475902250075,-0.8113157367280359,0,1,1,1,-1.126762965602508,0,1,1.1362462432876954,2.0125106195599867,1.2993384963206758,0,1
-0.4414362774428929,-0.6498480506347494,-0.6686260475020089,1,1,0,0,-1.1054528933763157,0,1,0.6455331172727115,1.3625273754550251,1.4752182898590185,1,1
-0.35974501600175174,-0.4241475902250075,0.7939432670647675,0,0,0,0,1.7699861856778958,1,0,-0.5812496977647484,-0.5874223568598589,-0.6855906021834786,0,0
-0.4210837336289073,-0.19844712981526558,-0.3475742467434483,0,0,0,0,1.2557031092857887,1,0,-0.5812496977647484,-0.5874223568598589,-0.5320447506817507,0,0
-0.3818091038044537,-0.4241475902250075,-0.4189190913564617,0,0,0,0,-0.2516293328468784,1,0,-0.33589313475725646,-0.5874223568598589,-0.6157970333190568,0,0
1.3359653996797867,2.058557474282154,2.220840159325037,1,1,1,0,-1.126762965602508,0,1,0.6455331172727115,0.06256088724510249,1.779518250107897,1,1
-0.4416816389872355,-0.4241475902250075,-0.6686260475020089,1,1,1,0,-1.126762965602508,0,1,1.6269593693026794,2.0125106195599867,1.6120136848332847,1,1
-0.4248939039786951,-0.6498480506347494,-0.8826605813410494,0,0,0,0,1.3324193693000808,1,0,-0.33589313475725646,-0.5874223568598589,-0.6157970333190568,0,0
-0.43642452253815034,-0.6498480506347494,0.08049482093463266,0,0,0,0,1.427604358577073,1,1,-0.5812496977647484,-0.5874223568598589,-0.8810125950038594,0,0
-0.4370295841064993,-0.4241475902250075,-0.9183330036475561,1,1,1,1,-1.116818265230285,0,1,1.3816028062951873,0.7125441313500638,1.6538898261519377,1,1
3.2396498545893477,1.381456093052928,2.1138228924055165,1,0,1,0,-1.126762965602508,0,1,1.1362462432876954,0.7125441313500638,1.3216724383572906,1,1
-0.4319311675042949,-0.4241475902250075,-0.13353971290440778,0,0,0,0,1.0198716433159274,1,0,-0.8266062607722404,-0.5874223568598589,-0.6046300623007493,0,0
-0.09619109088153019,2.284257934691896,1.7927710916469557,0,0,0,1,-1.0869841641136155,0,1,0.4001765542652195,2.6624938636649476,1.3244641811118674,1,1
-0.3277353452160479,-0.4241475902250075,0.33020177708017967,1,0,0,0,-0.44199931140086274,1,0,-0.5812496977647484,-0.5874223568598589,-0.5487952072092119,0,0
-0.43426710755105447,-0.19844712981526558,-0.31190182443694153,0,0,0,0,1.1321046903738734,1,0,-0.8266062607722404,-0.5874223568598589,-0.6995493159563628,0,0
-0.4400651971331063,-0.6498480506347494,-0.6686260475020089,0,0,0,0,-0.33544895026990135,1,0,-0.8266062607722404,-0.5874223568598589,-0.42595852600782963,0,0
-0.43528290434463296,-0.4241475902250075,-0.9183330036475561,0,0,0,0,0.5411053539674743,1,0,-0.33589313475725646,-0.5874223568598589,-0.7386337145204391,0,0
-0.4370295841064993,-0.4241475902250075,-0.8826605813410494,1,1,1,1,-1.1153975937485388,0,1,0.6455331172727115,1.3625273754550251,1.692974224716014,1,1
-0.43623539785977106,-0.19844712981526558,0.08049482093463266,0,0,0,0,1.1733041633445118,1,0,-0.5812496977647484,-0.5874223568598589,-0.49016860936309764,0,0
-0.438892565240384,-0.6498480506347494,-0.5616087805824888,0,0,0,0,-0.416427224729432,1,0,-0.5812496977647484,-0.5874223568598589,-0.6213805188282105,0,0
-0.43735297062194284,-0.19844712981526558,-0.9896778482605697,0,0,0,0,0.2910671731801516,1,0,-0.33589313475725646,-0.5874223568598589,-0.462251181817329,0,0
-0.4392649259200784,-0.4241475902250075,-0.6686260475020089,0,0,0,0,0.08649047980870571,1,0,-0.5812496977647484,-0.5874223568598589,-0.526461265172597,0,0
2.028070349908904,1.60715655346267,2.0068056254859963,1,0,0,1,-1.0699361063326618,0,1,1.6269593693026794,2.6624938636649476,1.5952632283058237,1,1
-0.43206189613512064,-0.19844712981526558,0.04482239862812589,0,0,0,0,-0.1578650150516324,1,0,-0.33589313475725646,-0.5874223568598589,-0.4427089825352909,0,0
-0.38379839706136604,-0.4241475902250075,-0.525936358275982,0,0,0,0,0.39193484838412834,0,0,-0.5812496977647484,-0.5874223568598589,-0.56833740649125,0,0
1.0655100431849136,1.832857013872412,1.7570986693404496,1,0,0,1,-1.116818265230285,0,1,1.1362462432876954,2.6624938636649476,1.6706402826793991,1,1
-0.4239829256368598,-0.19844712981526558,-0.49026393596947526,0,0,0,0,0.35641806134047455,1,0,-0.8266062607722404,-0.5874223568598589,-0.6967575732017861,0,0
-0.38273009289729826,-0.4241475902250075,-0.27622940213043484,0,0,0,0,0.2981705305888823,1,0,-0.5812496977647484,-0.5874223568598589,-0.8084272833848608,0,0
-0.17104765928808083,-0.4241475902250075,-0.026522445984887653,0,0,0,0,0.7783574914190816,1,0,-0.5812496977647484,-0.5874223568598589,-0.5404199789454813,0,0
0.955715364888621,1.832857013872412,1.5787365578079158,1,0,1,1,-1.0798808067048848,0,0,1.3816028062951873,0.06256088724510249,1.6399311123790534,1,1
-0.17216572277334136,-0.4241475902250075,0.9723053785973009,1,0,0,0,1.2940612392929347,1,0,-0.5812496977647484,-0.5874223568598589,-0.719091515238401,0,0
-0.43098878288478376,-0.6498480506347494,-0.6686260475020089,0,0,0,0,1.49153457525565,1,0,-0.33589313475725646,-0.5874223568598589,-0.5627539209820963,0,0
-0.4359365474987617,-0.6498480506347494,-0.8469881590345426,0,0,0,0,1.062491787768312,1,0,-0.8266062607722404,-0.5874223568598589,-0.7358419717658622,0,0
-0.4375602520546035,-0.4241475902250075,-0.3475742467434483,0,0,0,0,-0.1493409861611555,1,0,-0.33589313475725646,-0.5874223568598589,-0.6353392326010948,0,0
-0.4416816389872355,-0.6498480506347494,-0.9896778482605697,1,1,1,1,-1.1139769222667926,0,1,0.1548199912577275,1.3625273754550251,1.6148054275878618,1,1
1.1399622557663875,1.832857013872412,1.7927710916469557,1,1,1,1,-1.1026115504128233,0,1,1.8723159323101712,2.6624938636649476,1.7041411957343218,1,1
-0.4416816389872355,-0.6498480506347494,-0.9540054259540629,1,1,1,1,-1.1111355793033002,0,1,0.4001765542652195,1.3625273754550251,1.4473008623132497,1,1
-0.20805298926121835,-0.19844712981526558,-0.31190182443694153,0,0,0,0,2.4163917098723946,1,0,-0.5812496977647484,-0.5874223568598589,-0.7470089427841696,0,0
-0.3688675582204107,-0.19844712981526558,-0.026522445984887653,0,0,0,0,-0.8142152396183545,1,0,-0.8266062607722404,-0.5874223568598589,-0.7051328014655166,0,0
-0.41333344945544787,-0.6498480506347494,-0.7399708921150225,0,0,0,0,0.8280809932801969,1,0,-0.33589313475725646,-0.5874223568598589,-0.4203750404986759,0,0
-0.42940757494842213,-0.6498480506347494,0.08049482093463266,0,0,0,0,1.6705391819556652,1,0,-0.5812496977647484,-0.5874223568598589,-0.8586786529672444,0,0
3.2421213323532023,2.5099583951016378,1.6500814024209292,1,0,0,1,-1.1139769222667926,1,1,1.1362462432876954,1.3625273754550251,1.7348503660346672,1,1
-0.4180945430064899,-0.4241475902250075,-0.8113157367280359,0,0,0,0,1.6250776945397882,0,0,-0.8266062607722404,-0.5874223568598589,-0.8363447109306296,0,0
-0.41222873363819956,-0.19844712981526558,-0.7399708921150225,0,0,0,0,1.6407050808389958,1,0,-0.8266062607722404,-0.5874223568598589,-0.5627539209820963,0,0
-0.43685213863763067,-0.6498480506347494,-0.7399708921150225,0,0,0,0,0.19446151242141324,1,0,-0.8266062607722404,-0.5874223568598589,-0.49575209487225136,0,0
-0.39684132603553146,-0.4241475902250075,-0.7399708921150225,0,0,0,0,-0.5840664595754779,1,0,-0.8266062607722404,-0.5874223568598589,-0.7162997724838241,0,0
-0.4370295841064993,-0.4241475902250075,-0.9540054259540629,1,1,1,1,-1.1225009511572694,0,1,0.8908896802802034,0.7125441313500638,1.2909632680569447,1,1
-0.43594930629906753,-0.19844712981526558,-0.8469881590345426,0,0,0,0,0.13763465315156717,1,0,-0.8266062607722404,-0.5874223568598589,-0.7525924282933234,0,0
3.1501933909928512,2.5099583951016378,1.6144089801144224,1,0,0,1,-1.1310249800477463,0,1,0.4001765542652195,0.06256088724510249,1.377507293448828,1,1
-0.4417603509706606,-0.19844712981526558,-1.061022692873583,0,0,0,0,1.677642539364396,1,0,-0.5812496977647484,-0.5874223568598589,-0.7972603123665533,0,0
-0.42797888374802384,-0.6498480506347494,-0.6329536251955021,0,0,0,0,-0.015797866877017213,1,0,-0.33589313475725646,-0.5874223568598589,-0.8698456239855519,0,0
-0.43833628154705034,-0.6498480506347494,-0.06219486829139442,0,0,0,0,0.20014419834839786,1,0,-0.8266062607722404,-0.5874223568598589,-0.8503034247035138,0,0
-0.4370295841064993,-0.4241475902250075,-0.9896778482605697,1,1,1,0,-1.1239216226390156,0,0,0.4001765542652195,2.0125106195599867,1.3858825217125585,1,1
-0.4378979676842367,-0.19844712981526558,-1.061022692873583,0,0,0,0,0.9587827696008429,1,0,-0.5812496977647484,-0.5874223568598589,-0.632547489846518,0,0
-0.44057201593910045,-0.19844712981526558,-0.4189190913564617,0,0,0,0,0.613559599536528,1,0,-0.5812496977647484,-0.5874223568598589,-0.4706264100810596,0,0
1.668807363885394,0.7043547118237021,2.220840159325037,1,1,1,0,-1.099770207449331,1,1,2.6083856213326473,0.06256088724510249,1.4975522318956334,1,1
1.1868737145861965,2.73565885551138,2.3278574262445573,1,0,1,1,-1.1111355793033002,0,0,1.6269593693026794,2.0125106195599867,1.6873907392068603,1,1
-0.4329596249535615,-0.19844712981526558,-0.5972812028889956,0,0,0,0,-0.22605724617544767,1,0,-0.8266062607722404,-0.5874223568598589,-0.4650429245719059,0,0
2.9754677057709915,2.73565885551138,1.685753824727436,1,1,1,1,-1.1296043085660001,0,0,1.3816028062951873,2.0125106195599867,1.50034397465021,0,1
2.563235676976324,3.6384606971503475,2.0068056254859963,1,1,1,0,-1.0770394637413925,0,1,2.117672495317663,0.7125441313500638,1.5170944311776715,1,1
-0.430867377992643,-0.6498480506347494,-0.7399708921150225,0,0,0,0,-0.30561484915323217,1,0,-0.8266062607722404,-0.5874223568598589,-0.6213805188282105,0,0
2.9320487231733554,3.6384606971503475,2.0424780477925033,1,1,1,1,-1.119659608193777,0,1,2.853742184340139,0.06256088724510249,1.352381608657636,1,1
-0.4305922786291261,-0.6498480506347494,-0.8826605813410494,0,0,0,0,0.37772813356666685,1,0,-0.33589313475725646,-0.5874223568598589,-0.6437144608648254,0,0
-0.42348405654490234,-0.19844712981526558,-0.20488455751742132,0,0,0,0,0.585146169901605,0,0,-0.5812496977647484,-0.5874223568598589,-0.7581759138024772,0,0
-0.4379778574030747,-0.19844712981526558,-0.6329536251955021,0,0,0,0,-0.11808621356274014,1,0,-0.8266062607722404,-0.5874223568598589,-0.6632566601468636,0,0
-0.4418288559138411,-0.6498480506347494,-0.9183330036475561,1,1,1,1,-1.1210802796755233,0,1,1.8723159323101712,2.0125106195599867,1.3858825217125585,1,1
-0.2852241021878618,-0.4241475902250075,-0.2405569798239281,0,0,0,0,-0.6011145173564317,1,0,-0.8266062607722404,-0.5874223568598589,-0.4427089825352909,0,0
-0.39680000715146413,-0.6498480506347494,-0.3475742467434483,0,0,0,0,-0.5258189288238857,1,0,-0.33589313475725646,-0.5874223568598589,-0.847511681948937,0,0
-0.4340145814496171,-0.6498480506347494,0.009149976321619119,0,0,0,0,0.4558650650627052,1,0,-0.33589313475725646,-0.5874223568598589,-0.4427089825352909,0,0
-0.38101580085928516,-0.6498480506347494,-0.7042984698085157,0,0,0,0,-0.8241599399905776,1,0,-0.8266062607722404,-0.5874223568598589,-0.7246750007475548,0,0
-0.4346930551920333,-0.6498480506347494,-0.06219486829139442,0,0,0,0,1.286957881884204,1,0,-0.33589313475725646,-0.5874223568598589,-0.6241722615827874,0,0
-0.42697093852386436,-0.6498480506347494,-1.061022692873583,0,0,0,0,-0.6792514488524701,1,0,-0.8266062607722404,-0.5874223568598589,-0.8140107688940146,0,0
-0.38134193542402534,-0.4241475902250075,0.3658741993866864,1,0,0,0,2.223180388354918,1,0,-0.5812496977647484,-0.5874223568598589,-0.5376282361909044,0,0
3.625229436557489,3.1870597763308637,1.5073917131949022,1,1,0,0,-1.1068735648580619,0,1,1.1362462432876954,2.6624938636649476,1.3021302390752525,1,1
-0.4257474677191543,-0.19844712981526558,-0.4189190913564617,0,0,0,0,0.18309614056744403,1,0,-0.5812496977647484,-0.5874223568598589,-0.4203750404986759,0,0
-0.4416816389872355,-0.4241475902250075,-0.6329536251955021,1,1,1,1,-1.116818265230285,1,1,0.8908896802802034,0.7125441313500638,1.335631152130175,1,1
-0.3845561716549138,-0.19844712981526558,0.5085638886127135,1,0,1,0,0.81955696438972,1,0,-0.5812496977647484,-0.5874223568598589,-0.8140107688940146,0,0
-0.3345976168882225,-0.4241475902250075,-0.525936358275982,0,0,0,0,-0.5357636291961088,1,0,-0.33589313475725646,-0.5874223568598589,-0.7274667435021316,0,0
2.5357501786344447,2.73565885551138,1.364702023968875,1,1,1,0,-1.0884048355953617,0,0,0.6455331172727115,2.6624938636649476,1.3188806956027135,1,1
-0.3776758413730755,-0.19844712981526558,0.009149976321619119,0,0,0,0,1.5327340482262883,1,0,-0.33589313475725646,-0.5874223568598589,-0.5069190658905589,0,0
-0.23063714539330898,0.02725333059447637,0.722598422451754,1,0,0,0,-0.510191542524678,1,0,-0.5812496977647484,-0.5874223568598589,-0.6520896891285561,0,0
-0.339414947305228,-0.4241475902250075,-0.4189190913564617,0,0,0,0,0.5680981121206512,1,0,-0.5812496977647484,-0.5874223568598589,-0.44550072528986784,0,0
-0.4085780482922345,-0.6498480506347494,-0.4545915136629685,0,0,0,0,1.136366704819112,1,0,-0.8266062607722404,-0.5874223568598589,-0.7442172000295928,0,0
-0.4370295841064993,-0.6498480506347494,-0.9896778482605697,1,1,0,1,-1.1082942363398078,0,1,1.6269593693026794,0.7125441313500638,1.7348503660346672,1,1
0.9816442895931901,1.381456093052928,2.2921850039380507,1,1,0,0,-1.118238936712031,0,1,0.4001765542652195,2.0125106195599867,1.5896797427966698,1,1
3.6006546131438375,0.02725333059447637,2.3278574262445573,0,0,1,1,-1.119659608193777,0,1,1.3816028062951873,2.0125106195599867,1.394257749976289,1,1
-0.43622146132405243,-0.4241475902250075,-0.3832466690499551,0,0,0,0,-0.5229775858603934,1,0,-0.8266062607722404,-0.5874223568598589,-0.4287502687624066,0,0
-0.4416816389872355,-0.6498480506347494,-1.0253502705670765,1,1,1,1,-1.118238936712031,0,1,1.1362462432876954,0.7125441313500638,1.5980549710604004,0,1
-0.41389365893349095,-0.4241475902250075,-0.026522445984887653,0,0,0,0,0.021139591648382732,1,1,-0.33589313475725646,-0.5874223568598589,-0.42316678325325285,0,0
-0.43743551024545974,-0.19844712981526558,-0.8113157367280359,0,0,0,0,0.17315144019522097,1,0,-0.33589313475725646,-0.5874223568598589,-0.5934630912824418,0,0
-0.4409455543542076,-0.6498480506347494,-1.0966951151800899,1,1,1,1,-1.1082942363398078,0,0,1.1362462432876954,0.7125441313500638,1.3049219818298292,1,1
-0.3380101052469398,-0.19844712981526558,0.151839665547646,1,0,0,0,1.2088209503881655,1,0,-0.5812496977647484,-0.5874223568598589,-0.6297557470919412,0,0
0.38859316883984,2.058557474282154,2.220840159325037,0,1,1,1,-1.1310249800477463,0,1,0.8908896802802034,0.7125441313500638,1.377507293448828,1,1
-0.38860071135185764,-0.4241475902250075,-0.9896778482605697,0,0,0,0,0.7982468921635277,1,0,-0.33589313475725646,-0.5874223568598589,-0.4678346673264827,0,0
-0.09881351506746425,3.1870597763308637,1.7214262470339428,1,1,1,1,-1.1011908789310771,0,1,1.8723159323101712,2.6624938636649476,1.3440063803939055,1,1
-0.4076888580555368,-0.6498480506347494,-0.525936358275982,0,0,0,0,-0.5670184017945241,1,0,-0.33589313475725646,-0.5874223568598589,-0.44550072528986784,0,0
1.1677889047995205,3.4127602367406054,1.935460780872983,0,1,1,1,-1.0798808067048848,0,1,2.853742184340139,2.6624938636649476,1.7125164239980524,1,1
2.6720813949637168,1.832857013872412,2.0424780477925033,1,0,1,0,-1.1296043085660001,0,1,0.6455331172727115,0.06256088724510249,1.50034397465021,0,1
0.7711583370188053,2.9613593159211216,2.0424780477925033,1,1,1,0,-1.1125562507850464,1,0,0.6455331172727115,2.0125106195599867,1.7320586232800905,1,1
-0.41065331623428447,-0.19844712981526558,0.33020177708017967,0,0,1,0,1.8268130449477418,1,0,-0.5812496977647484,-0.5874223568598589,-0.6827988594289017,0,0
-0.42635537548141755,-0.6498480506347494,-0.49026393596947526,0,0,0,0,1.633601723430265,1,0,-0.33589313475725646,-0.5874223568598589,-0.4147915549895222,0,0
-0.40318009431669666,-0.4241475902250075,-0.20488455751742132,0,0,0,0,-0.5400256436413472,1,0,-0.33589313475725646,-0.5874223568598589,-0.7358419717658622,0,0
-0.4407448486109354,-0.19844712981526558,-0.13353971290440778,0,0,0,0,0.8692804662508353,1,1,-0.5812496977647484,-0.5874223568598589,-0.6744236311651711,0,0
-0.41837278299777453,-0.19844712981526558,-0.2405569798239281,0,0,0,0,-0.8824074707421697,1,0,-0.8266062607722404,-0.5874223568598589,-0.7218832579929778,0,0
-0.41440440352419455,-0.6498480506347494,-0.06219486829139442,0,0,0,0,-0.4746747554810242,1,0,-0.8266062607722404,-0.5874223568598589,-0.6381309753556718,0,0
-0.3893188355198397,-0.19844712981526558,0.47289146630620676,1,0,0,0,0.7399993614119356,1,0,-0.5812496977647484,-0.5874223568598589,-0.8140107688940146,0,0
3.134221335902324,0.02725333059447637,1.7927710916469557,1,1,1,1,-1.1225009511572694,0,1,0.4001765542652195,0.06256088724510249,1.609221942078708,0,1
2.1011231183860657,2.5099583951016378,2.1494953147120235,1,1,0,0,-1.0798808067048848,0,0,2.117672495317663,2.6624938636649476,1.8102274204082425,0,1
-0.4414362774428929,-0.4241475902250075,-0.9183330036475561,1,1,1,1,-1.1125562507850464,0,1,0.1548199912577275,0.7125441313500638,1.45567609057698,1,1
-0.4226475699679295,-0.4241475902250075,-0.13353971290440778,0,0,0,0,0.7925642062365431,1,1,-0.33589313475725646,-0.5874223568598589,-0.5515869499637888,0,0
-0.4370295841064993,-0.4241475902250075,-1.061022692873583,1,1,0,1,-1.1296043085660001,1,1,1.8723159323101712,0.7125441313500638,1.7041411957343218,1,1
-0.4414362774428929,-0.6498480506347494,-0.6329536251955021,1,1,0,1,-1.1239216226390156,0,1,0.1548199912577275,2.0125106195599867,1.355173351412213,1,1
-0.42455461803517813,-0.19844712981526558,-0.8469881590345426,0,0,0,0,0.13479331018807486,1,0,-0.8266062607722404,-0.5874223568598589,-0.4371254970261372,0,0
-0.40231171073895927,-0.4241475902250075,-0.20488455751742132,0,0,0,0,0.6860138451055817,1,0,-0.5812496977647484,-0.5874223568598589,-0.8865960805130131,0,0
-0.42748295899459854,-0.4241475902250075,-1.061022692873583,0,0,0,0,-0.3723864087953013,1,0,-0.33589313475725646,-0.5874223568598589,-0.5292530079271739,0,0
-0.43936248167010894,-0.4241475902250075,-1.061022692873583,0,0,0,0,-0.4050618528754628,1,0,-0.8266062607722404,-0.5874223568598589,-0.5069190658905589,0,0
-0.43799905664050587,-0.4241475902250075,-0.5972812028889956,0,0,0,0,0.5794634839746203,1,0,-0.5812496977647484,-0.5874223568598589,-0.5208777796634433,0,0
-0.44086517391228097,-0.19844712981526558,0.08049482093463266,0,0,0,0,0.8067709210540046,1,0,-0.8266062607722404,-0.5874223568598589,-0.8530951674580907,0,0
-0.34581888361257057,0.02725333059447637,0.47289146630620676,1,0,0,0,1.4972172611826347,1,0,-0.5812496977647484,-0.5874223568598589,-0.56833740649125,0,0
-0.43373840249530504,-0.4241475902250075,0.009149976321619119,0,0,0,0,-0.22037456024846308,0,0,-0.8266062607722404,-0.5874223568598589,-0.42316678325325285,0,0
3.1581781426580844,1.381456093052928,2.1138228924055165,0,1,0,0,-1.089825507077108,0,0,2.117672495317663,1.3625273754550251,1.737642108789244,1,1
2.122747616445923,0.47865425141396023,1.8284435139534625,1,1,1,0,-1.109714907821554,0,1,1.8723159323101712,0.7125441313500638,1.4640513188407107,1,1
-0.4360564802216364,-0.6498480506347494,-0.31190182443694153,0,0,0,0,1.1022705892572042,1,0,-0.33589313475725646,-0.5874223568598589,-0.5934630912824418,0,0
-0.39658909436794726,-0.6498480506347494,-0.8826605813410494,0,0,0,0,0.10211786610791339,1,0,-0.5812496977647484,-0.5874223568598589,-0.439917239780714,0,0
0.865670426164173,3.6384606971503475,2.0068056254859963,1,1,1,0,-1.1324456515294925,0,0,2.853742184340139,0.06256088724510249,1.3188806956027135,1,1
-0.4414362774428929,-0.4241475902250075,-0.8826605813410494,0,1,1,1,-1.119659608193777,0,1,0.1548199912577275,0.7125441313500638,1.609221942078708,1,1
-0.4385176528006285,-0.4241475902250075,-0.3475742467434483,0,0,0,0,-0.4689920695540396,0,0,-0.5812496977647484,-0.5874223568598589,-0.48737686660852086,0,0
-0.3972225197308222,-0.6498480506347494,-0.8113157367280359,0,0,0,0,1.0965879033302197,1,0,-0.8266062607722404,-0.5874223568598589,-0.526461265172597,0,0
-0.4215773029115069,-0.19844712981526558,0.151839665547646,1,0,0,0,1.0980085748119657,1,0,-0.5812496977647484,-0.5874223568598589,-0.6632566601468636,0,0
-0.4236435415487251,-0.4241475902250075,-0.20488455751742132,0,0,0,0,0.1873581550126825,1,0,-0.5812496977647484,-0.5874223568598589,-0.8530951674580907,0,0
-0.4356200311065597,-0.6498480506347494,-0.7399708921150225,0,0,0,0,1.1335253618556196,1,0,-0.5812496977647484,-0.5874223568598589,-0.7442172000295928,0,0
-0.41836404812679584,-0.4241475902250075,-0.0978672905979012,0,0,0,0,0.6519177295436741,1,0,-0.5812496977647484,-0.5874223568598589,-0.44550072528986784,0,0
-0.431909477543775,-0.19844712981526558,0.009149976321619119,0,0,0,0,1.2287103511326116,1,0,-0.33589313475725646,-0.5874223568598589,-0.7665511420662078,0,0
-0.39393408616892456,-0.4241475902250075,0.22318451016065954,1,0,0,0,1.2088209503881655,1,0,-0.5812496977647484,-0.5874223568598589,-0.8279694826668988,0,0
-0.39222646796491756,-0.19844712981526558,-0.525936358275982,0,0,0,0,-0.9463376874207466,1,0,-0.33589313475725646,-0.5874223568598589,-0.49575209487225136,0,0
-0.14331267732791428,-0.4241475902250075,-0.13353971290440778,1,0,0,0,0.1688894257499825,1,0,-0.5812496977647484,-0.5874223568598589,-0.5850878630187113,0,0
-0.4418288559138411,-0.6498480506347494,-0.6686260475020089,0,1,1,0,-1.1296043085660001,0,1,0.6455331172727115,0.7125441313500638,1.413799949258327,1,1
-0.41138910643345916,-0.19844712981526558,-0.27622940213043484,0,0,0,0,1.5980849363866114,1,0,-0.8266062607722404,-0.5874223568598589,-0.5348364934363277,0,0
-0.4409455543542076,-0.6498480506347494,-0.7399708921150225,0,1,1,1,-1.1225009511572694,0,0,0.6455331172727115,0.7125441313500638,1.4417173768040958,1,1
3.4426291179314967,0.2529537910042183,1.4360468685818886,0,1,1,0,-1.126762965602508,0,1,1.1362462432876954,2.0125106195599867,1.371923807939674,1,1
-0.3649297017229469,-0.4241475902250075,-0.49026393596947526,0,0,0,0,0.2313989709468132,1,0,-0.8266062607722404,-0.5874223568598589,-0.6381309753556718,0,0
-0.4415645524582752,-0.19844712981526558,-0.6686260475020089,0,0,0,0,0.01829824868489043,1,0,-0.33589313475725646,-0.5874223568598589,-0.5152942941542895,0,0
-0.24319357149735182,-0.4241475902250075,0.8296156893712743,1,0,1,0,0.9275279970024276,1,0,-0.5812496977647484,-0.5874223568598589,-0.7581759138024772,0,0
-0.42446412869762457,-0.4241475902250075,-0.4545915136629685,0,0,0,0,1.2230276652056271,1,0,-0.8266062607722404,-0.5874223568598589,-0.5795043775095574,0,0
-0.41307474024309304,-0.4241475902250075,0.43721904399969996,1,0,0,0,-0.11666554208099399,1,0,-0.5812496977647484,-0.5874223568598589,-0.6465062036194024,0,0
-0.1136194158100403,-0.19844712981526558,0.9009605339842874,1,0,0,0,-0.5968525029111933,1,0,-0.5812496977647484,-0.5874223568598589,-0.6492979463739792,0,0
-0.40290371907314915,-0.19844712981526558,-0.7042984698085157,0,0,0,0,-0.8056912107278776,1,0,-0.5812496977647484,-0.5874223568598589,-0.4845851238539439,0,0
0.33076645821378703,0.02725333059447637,-0.06219486829139442,1,0,0,0,0.19304084093966709,1,0,-0.5812496977647484,-0.5874223568598589,-0.6102135478099031,0,0
-0.43136762110924876,-0.6498480506347494,0.08049482093463266,0,0,0,0,0.9942995566444967,1,0,-0.33589313475725646,-0.5874223568598589,-0.49016860936309764,0,0
-0.4260638859667385,-0.4241475902250075,-0.31190182443694153,0,0,0,0,-0.7573883803485084,1,0,-0.8266062607722404,-0.5874223568598589,-0.760967656557054,0,0
-0.4409455543542076,-0.4241475902250075,-1.0253502705670765,1,1,1,0,-1.1082942363398078,0,1,1.1362462432876954,2.0125106195599867,1.397049492730866,1,1
-0.3967988294160514,-0.4241475902250075,-0.0978672905979012,1,0,0,0,0.33226664615079,1,0,-0.5812496977647484,-0.5874223568598589,-0.5655456637366731,0,0
-0.41057342651544654,-0.19844712981526558,-0.026522445984887653,0,0,0,0,1.4304457015405654,1,1,-0.8266062607722404,-0.5874223568598589,-0.4929603521176746,0,0
-0.3820312050743927,-0.19844712981526558,-0.49026393596947526,0,0,0,0,1.0710158166587889,1,0,-0.5812496977647484,-0.5874223568598589,-0.654881431883133,0,0
-0.4409455543542076,-0.4241475902250075,-0.9540054259540629,1,1,1,1,-1.119659608193777,0,1,0.6455331172727115,1.3625273754550251,1.3272559238664443,1,1
-0.43357381397135997,-0.19844712981526558,-0.06219486829139442,0,0,0,0,0.6945378739960587,1,0,-0.8266062607722404,-0.5874223568598589,-0.48179338109936704,0,0
-0.42334400417539164,-0.19844712981526558,0.04482239862812589,0,0,0,0,-0.2956701487810091,1,0,-0.33589313475725646,-0.5874223568598589,-0.5069190658905589,0,0
-0.43385225025188,-0.6498480506347494,-0.525936358275982,0,0,0,0,-0.18627844468655544,1,0,-0.8266062607722404,-0.5874223568598589,-0.5990465767915957,0,0
2.1782936424450026,1.155755632643186,1.899788358566476,1,0,1,0,-1.1239216226390156,0,1,0.6455331172727115,1.3625273754550251,1.6818072536977065,1,1
-0.4014573618415582,-0.4241475902250075,0.8296156893712743,0,0,0,0,0.8238189788349585,1,0,-0.5812496977647484,-0.5874223568598589,-0.7805098558390922,0,0
1.6867382874013355,2.5099583951016378,2.4348746931640775,1,1,0,0,-1.0827221496683772,0,1,1.3816028062951873,0.06256088724510249,1.5701375435146316,1,1
-0.4416816389872355,-0.6498480506347494,-0.8113157367280359,1,0,1,1,-1.1068735648580619,0,1,1.1362462432876954,1.3625273754550251,1.6483063406427843,1,1
-0.415839375980128,-0.19844712981526558,0.04482239862812589,0,0,0,0,0.9289486684841737,1,0,-0.33589313475725646,-0.5874223568598589,-0.6353392326010948,0,0
-0.4055593161398783,-0.6498480506347494,-0.8469881590345426,0,0,0,0,-0.8042705392461315,1,0,-0.8266062607722404,-0.5874223568598589,-0.6688401456560173,0,0
-0.43119302183429453,-0.6498480506347494,-0.8826605813410494,0,0,0,0,1.5071619615548577,1,0,-0.33589313475725646,-0.5874223568598589,-0.590671348527865,0,0
-0.4269503281541395,-0.6498480506347494,-1.0253502705670765,0,0,0,0,-0.3297662643429167,1,0,-0.33589313475725646,-0.5874223568598589,-0.783301598593669,0,0
0.03598654708049207,2.5099583951016378,1.8284435139534625,0,1,0,1,-1.1125562507850464,0,1,1.1362462432876954,2.0125106195599867,1.3691320651850973,1,1
-0.41054790891483484,-0.4241475902250075,-0.4189190913564617,0,0,0,0,-0.7374989796040623,1,0,-0.33589313475725646,-0.5874223568598589,-0.8223859971577452,0,0
-0.4272800940697361,-0.19844712981526558,-1.0253502705670765,0,0,0,0,1.2372343800230887,1,0,-0.5812496977647484,-0.5874223568598589,-0.5013355803814052,0,0
-0.3922284308572723,-0.4241475902250075,0.08049482093463266,0,0,0,0,-0.9008762000048698,0,0,-0.33589313475725646,-0.5874223568598589,-0.6604649173922867,0,0
-0.43608209596686576,-0.6498480506347494,-0.4545915136629685,0,0,0,0,-0.903717542968362,1,0,-0.33589313475725646,-0.5874223568598589,-0.38687412744375355,0,0
-0.15003195229204602,0.02725333059447637,-0.3832466690499551,1,1,0,0,1.353729441526273,1,0,-0.5812496977647484,-0.5874223568598589,-0.654881431883133,0,0
-0.4414362774428929,-0.4241475902250075,-0.9183330036475561,1,1,1,1,-1.1139769222667926,0,0,1.8723159323101712,1.3625273754550251,1.478010032613595,1,1
-0.4006662180779798,-0.4241475902250075,-1.0253502705670765,0,0,0,0,-0.2047471739492554,0,0,-0.5812496977647484,-0.5874223568598589,-0.5487952072092119,0,0
-0.4414362774428929,-0.4241475902250075,-0.7042984698085157,1,0,1,1,-1.1296043085660001,0,1,0.8908896802802034,1.3625273754550251,1.6622650544156687,1,1
1.98493058874873,0.2529537910042183,2.2565125816315437,0,1,1,0,-1.099770207449331,0,1,0.8908896802802034,2.6624938636649476,1.6203889130970157,1,1
-0.4255891604507444,-0.4241475902250075,-0.6686260475020089,0,0,0,0,0.6860138451055817,1,0,-0.33589313475725646,-0.5874223568598589,-0.6046300623007493,0,0
-0.4414362774428929,-0.6498480506347494,-1.061022692873583,1,0,1,1,-1.116818265230285,0,1,1.8723159323101712,1.3625273754550251,1.6203889130970157,1,1
-0.4266730696090324,-0.19844712981526558,-0.16921213521091455,0,0,0,0,1.5824575500874036,1,0,-0.33589313475725646,-0.5874223568598589,-0.6157970333190568,0,0
-0.42129749260633864,-0.4241475902250075,-0.7756433144215291,0,0,0,0,1.0710158166587889,1,0,-0.33589313475725646,-0.5874223568598589,-0.802843797875707,0,0
-0.40493992545733976,-0.6498480506347494,-0.3832466690499551,0,0,0,0,-0.9278689581580466,1,0,-0.5812496977647484,-0.5874223568598589,-0.5767126347549807,0,0
-0.4398385812107514,-0.19844712981526558,-0.525936358275982,0,0,0,0,0.15610338241426716,1,0,-0.33589313475725646,-0.5874223568598589,-0.8810125950038594,0,0
-0.4247428594119978,-0.19844712981526558,-0.4545915136629685,0,0,0,0,1.687587239736619,1,0,-0.33589313475725646,-0.5874223568598589,-0.7470089427841696,0,0
-0.4306796273389121,-0.4241475902250075,-0.27622940213043484,0,0,0,0,0.1518413679690287,1,0,-0.5812496977647484,-0.5874223568598589,-0.39524935570748415,0,0
-0.4271363122047513,-0.19844712981526558,-0.9896778482605697,0,0,0,0,1.1164773040746658,1,0,-0.33589313475725646,-0.5874223568598589,-0.8307612254214757,0,0
-0.4370295841064993,-0.6498480506347494,-1.0966951151800899,1,1,1,0,-1.1125562507850464,0,1,0.1548199912577275,0.7125441313500638,1.6818072536977065,1,1
-0.4185927250861232,-0.4241475902250075,-0.7399708921150225,0,0,0,0,0.7641507766016201,1,0,-0.8266062607722404,-0.5874223568598589,-0.45108421079902156,0,0
-0.41736846912447123,-0.6498480506347494,-0.8469881590345426,0,0,0,0,-0.2743600765548168,1,0,-0.33589313475725646,-0.5874223568598589,-0.8530951674580907,0,0
-0.4263771635865552,-0.4241475902250075,-0.20488455751742132,0,0,0,0,-0.7502850229397777,1,0,-0.5812496977647484,-0.5874223568598589,-0.7218832579929778,0,0
-0.43347723966750673,-0.4241475902250075,-1.061022692873583,0,0,0,0,0.6149802710182741,1,0,-0.8266062607722404,-0.5874223568598589,-0.5822961202641344,0,0
3.1204573384216436,2.73565885551138,2.3278574262445573,1,1,0,1,-1.126762965602508,0,1,0.8908896802802034,2.6624938636649476,1.5310531449505558,1,1
1.4545073151765118,1.381456093052928,1.6144089801144224,1,1,0,0,-1.1225009511572694,0,1,1.6269593693026794,1.3625273754550251,1.718099909507206,1,1
-0.4333899891023385,-0.19844712981526558,-0.4545915136629685,0,0,0,0,0.8948525529222661,1,0,-0.5812496977647484,-0.5874223568598589,-0.38966587019833043,0,0
-0.4139664822398519,-0.4241475902250075,0.04482239862812589,0,0,0,0,1.017030300352435,1,0,-0.5812496977647484,-0.5874223568598589,-0.8223859971577452,0,0
-0.44123674943503344,-0.6498480506347494,-0.7756433144215291,0,0,0,0,-0.9477583589024927,1,0,-0.8266062607722404,-0.5874223568598589,-0.48737686660852086,0,0
-0.4261953016098884,-0.6498480506347494,-0.13353971290440778,0,0,0,0,0.8451290510611508,1,0,-0.33589313475725646,-0.5874223568598589,-0.8419281964397832,0,0
-0.411496280356028,-0.4241475902250075,-0.4545915136629685,0,0,0,0,1.677642539364396,1,0,-0.33589313475725646,-0.5874223568598589,-0.7302584862567084,0,0
-0.41376842640125844,-0.19844712981526558,-0.4545915136629685,0,0,0,0,-0.9420756729755082,1,0,-0.8266062607722404,-0.5874223568598589,-0.48737686660852086,0,0
-0.4392082964756441,-0.6498480506347494,0.08049482093463266,0,0,0,0,1.5710921782334344,1,0,-0.8266062607722404,-0.5874223568598589,-0.7972603123665533,0,0
-0.3994782756248905,-0.6498480506347494,-0.3475742467434483,0,0,0,0,-0.912241571858839,1,0,-0.33589313475725646,-0.5874223568598589,-0.5125025513997127,0,0
2.809420458372531,1.60715655346267,1.8641159362599693,1,1,0,0,-1.1239216226390156,0,1,1.8723159323101712,2.6624938636649476,1.436133891294942,1,1
-0.3443714467901845,-0.19844712981526558,0.8652881116777811,1,1,0,0,1.6264983660215344,1,0,-0.5812496977647484,-0.5874223568598589,-0.6800071166743248,0,0
-0.4234320398975018,-0.4241475902250075,-0.16921213521091455,0,0,0,0,0.49706453803334355,1,0,-0.33589313475725646,-0.5874223568598589,-0.7079245442200935,0,0
-0.4347661729322474,-0.4241475902250075,-1.0253502705670765,0,0,0,0,-0.5016675136342011,1,0,-0.33589313475725646,-0.5874223568598589,-0.42595852600782963,0,0
-0.4416816389872355,-0.6498480506347494,-0.8113157367280359,1,0,0,1,-1.1040322218945695,0,1,0.4001765542652195,1.3625273754550251,1.542220115968863,1,1
-0.4409455543542076,-0.4241475902250075,-0.8469881590345426,1,1,1,0,-1.1111355793033002,0,1,1.8723159323101712,1.3625273754550251,1.6036384565695543,1,1
-0.3975996894967857,-0.6498480506347494,-0.7042984698085157,0,0,0,0,0.031084292020605794,1,0,-0.5812496977647484,-0.5874223568598589,-0.6130052905644799,0,0
-0.4409455543542076,-0.4241475902250075,-0.8113157367280359,1,0,1,1,-1.1082942363398078,1,0,0.4001765542652195,1.3625273754550251,1.3077137245844062,1,1
-0.4205618005517817,-0.4241475902250075,-0.7756433144215291,0,0,0,0,0.8366050221706739,1,0,-0.33589313475725646,-0.5874223568598589,-0.5543786927183657,0,0
-0.4414362774428929,-0.4241475902250075,-0.8826605813410494,1,1,1,1,-1.1139769222667926,0,1,1.6269593693026794,2.0125106195599867,1.3579650941667898,1,1
3.7960125543402334,3.4127602367406054,1.4003744462753818,0,0,0,0,-1.1324456515294925,0,1,2.853742184340139,0.7125441313500638,1.5729292862692088,1,1
-0.325998970639044,0.02725333059447637,0.6512535778387404,1,0,0,0,1.8211303590207573,1,0,-0.5812496977647484,-0.5874223568598589,-0.6520896891285561,0,0
-0.42972791898071583,-0.4241475902250075,0.5085638886127135,1,0,0,0,2.0143416805382337,1,0,-0.5812496977647484,-0.5874223568598589,-0.8112190261394376,0,0
-0.4414362774428929,-0.4241475902250075,-0.8469881590345426,1,0,1,0,-1.1111355793033002,0,1,1.3816028062951873,2.0125106195599867,1.6901824819614375,1,1
-0.3868428431035693,-0.19844712981526558,0.6155811555322337,1,0,0,0,0.1518413679690287,1,0,-0.5812496977647484,-0.5874223568598589,-0.7860933413482458,0,0
-0.4232154347261561,-0.6498480506347494,-0.7756433144215291,0,0,0,0,1.5867195645326422,1,0,-0.5812496977647484,-0.5874223568598589,-0.4790016383447902,0,0
2.5657912646775785,3.6384606971503475,2.0424780477925033,1,0,1,1,-1.119659608193777,0,1,0.4001765542652195,2.0125106195599867,1.4389256340495191,1,1
-0.41887901293606217,-0.4241475902250075,-0.9896778482605697,0,0,0,0,1.0752778311040274,1,0,-0.33589313475725646,-0.5874223568598589,-0.5152942941542895,0,0
3.3510405606592806,2.9613593159211216,2.0424780477925033,1,1,1,0,-1.0727774492961542,0,1,0.6455331172727115,2.6624938636649476,1.3328394093755978,1,1
-0.4418288559138411,-0.4241475902250075,-0.7756433144215291,1,1,1,0,-1.1239216226390156,1,1,1.1362462432876954,2.0125106195599867,1.6148054275878618,0,1
-0.44042175652934495,-0.4241475902250075,-0.9896778482605697,0,0,0,0,-0.5982731743929395,1,0,-0.5812496977647484,-0.5874223568598589,-0.8782208522492826,0,0
-0.43258530138151235,-0.6498480506347494,-0.5972812028889956,0,0,0,0,0.03818764942933655,1,0,-0.8266062607722404,-0.5874223568598589,-0.5878796057732881,0,0
-0.43916952935163794,-0.6498480506347494,-0.5616087805824888,0,0,0,0,0.10922122351664414,1,0,-0.5812496977647484,-0.5874223568598589,-0.8084272833848608,0,0
-0.4418288559138411,-0.6498480506347494,-0.6329536251955021,1,1,1,1,-1.109714907821554,0,1,1.1362462432876954,1.3625273754550251,1.6985577102251679,1,1
-0.43998589628197476,-0.19844712981526558,-0.7042984698085157,0,0,0,0,-0.4192685676929243,1,0,-0.5812496977647484,-0.5874223568598589,-0.7218832579929778,0,0
-0.43945768194931395,-0.4241475902250075,-0.8469881590345426,0,0,0,0,0.6448143721349433,1,0,-0.5812496977647484,-0.5874223568598589,-0.4650429245719059,0,0
0.7116275413949836,2.73565885551138,2.3278574262445573,1,1,1,1,-1.1011908789310771,0,1,0.4001765542652195,0.06256088724510249,1.5701375435146316,1,1
-0.4413381328251558,-0.4241475902250075,-0.6686260475020089,0,0,0,0,0.6050355706460511,1,0,-0.33589313475725646,-0.5874223568598589,-0.8810125950038594,0,0
-0.37857219616686805,-0.4241475902250075,-0.2405569798239281,1,0,0,0,1.3594121274532578,1,0,-0.5812496977647484,-0.5874223568598589,-0.5739208920004037,0,0
-0.4409455543542076,-0.6498480506347494,-0.9183330036475561,1,1,1,1,-1.1310249800477463,0,1,1.6269593693026794,1.3625273754550251,1.5617623152509013,1,1
-0.43198239899475366,-0.4241475902250075,-0.525936358275982,0,0,0,0,-0.4377372969556243,1,0,-0.33589313475725646,-0.5874223568598589,-0.5208777796634433,0,0
-0.391378302178434,-0.4241475902250075,-1.061022692873583,0,0,0,0,0.0339256349840981,1,0,-0.8266062607722404,-0.5874223568598589,-0.88938782326759,0,0
-0.43949723423026194,-0.6498480506347494,-0.9896778482605697,0,0,0,0,-0.846890683698516,1,0,-0.5812496977647484,-0.5874223568598589,-0.8279694826668988,0,0
0.04825540945456541,-0.19844712981526558,0.7939432670647675,1,0,0,0,1.4759071889564424,1,0,-0.5812496977647484,-0.5874223568598589,-0.6297557470919412,0,0
-0.4366447590603523,-0.6498480506347494,-0.49026393596947526,0,0,0,0,-0.3098768635984706,1,0,-0.5812496977647484,-0.5874223568598589,-0.6716318884105942,0,0
1.7542954480083106,1.155755632643186,1.4003744462753818,1,1,0,0,-1.0727774492961542,0,1,0.6455331172727115,2.0125106195599867,1.7348503660346672,1,1
-0.35605929302725453,-0.4241475902250075,0.25885693246716635,1,0,0,0,1.1804075207532425,1,0,-0.5812496977647484,-0.5874223568598589,-0.5711291492458269,0,0
-0.3657290896344152,-0.6498480506347494,-0.2405569798239281,0,0,0,0,0.2939085161436439,1,0,-0.5812496977647484,-0.5874223568598589,-0.4064163267257916,0,0
-0.4320013409059769,-0.6498480506347494,-0.3832466690499551,0,0,0,0,0.2569710576182439,1,0,-0.5812496977647484,-0.5874223568598589,-0.719091515238401,0,0
-0.4414362774428929,-0.6498480506347494,-0.6329536251955021,1,1,1,1,-1.1153975937485388,0,1,1.1362462432876954,1.3625273754550251,1.2853797825477913,1,1
-0.42036325399009966,-0.19844712981526558,-0.6686260475020089,0,0,0,0,0.987196199235766,1,1,-0.33589313475725646,-0.5874223568598589,-0.38966587019833043,0,0
-0.4418288559138411,-0.6498480506347494,-0.8826605813410494,1,1,0,1,-1.1054528933763157,0,1,1.8723159323101712,2.0125106195599867,1.3272559238664443,1,1
-0.20985355041822226,-0.4241475902250075,0.5799087332257269,1,0,1,0,0.44592036469048213,1,0,-0.5812496977647484,-0.5874223568598589,-0.6297557470919412,0,0
-0.43547055685374625,-0.4241475902250075,-0.5616087805824888,0,0,0,0,0.8877491955135353,1,0,-0.33589313475725646,-0.5874223568598589,-0.6688401456560173,0,0
2.038602052549032,1.60715655346267,1.9711332031794895,0,1,0,1,-1.0727774492961542,1,1,1.3816028062951873,2.0125106195599867,1.5115109456685176,1,1
-0.43960372114050666,-0.4241475902250075,0.08049482093463266,0,0,0,0,-0.3098768635984706,1,0,-0.33589313475725646,-0.5874223568598589,-0.56833740649125,0,0
-0.40313553666024404,-0.6498480506347494,-0.026522445984887653,0,0,0,0,0.744261375857174,1,0,-0.8266062607722404,-0.5874223568598589,-0.590671348527865,0,0
-0.3758887260287016,0.02725333059447637,0.47289146630620676,1,0,1,0,1.5455200915620038,1,0,-0.5812496977647484,-0.5874223568598589,-0.6409227181102487,0,0
-0.08046665466155305,-0.4241475902250075,0.47289146630620676,1,0,0,0,0.8394463651341662,1,0,-0.5812496977647484,-0.5874223568598589,-0.7442172000295928,0,0
-0.43699847226267663,-0.19844712981526558,-0.49026393596947526,0,0,0,0,-0.9449170159390005,1,0,-0.5812496977647484,-0.5874223568598589,-0.4762098955902133,0,0
-0.42249348291808236,-0.4241475902250075,-0.8826605813410494,0,0,0,0,1.6066089652770883,1,0,-0.5812496977647484,-0.5874223568598589,-0.7916768268573996,0,0
-0.2484597172512688,-0.19844712981526558,0.47289146630620676,1,0,0,0,1.8168683445755187,1,0,-0.5812496977647484,-0.5874223568598589,-0.8112190261394376,0,0
-0.4383320613284877,-0.19844712981526558,-0.49026393596947526,0,0,0,0,0.5411053539674743,1,0,-0.5812496977647484,-0.5874223568598589,-0.8223859971577452,0,0
-0.3977711481439723,-0.4241475902250075,-0.026522445984887653,0,0,0,0,1.6989526115905882,1,0,-0.33589313475725646,-0.5874223568598589,-0.41758329774409914,0,0
-0.3869533539431413,-0.4241475902250075,-0.06219486829139442,0,0,0,0,0.27117777243570546,1,0,-0.5812496977647484,-0.5874223568598589,-0.8530951674580907,0,0
-0.4322592649613899,-0.6498480506347494,-0.3475742467434483,0,0,0,0,1.5540441204524806,1,0,-0.5812496977647484,-0.5874223568598589,-0.4371254970261372,0,0
-0.42321396255689003,-0.6498480506347494,-0.0978672905979012,0,0,0,0,-0.2729394050730707,1,0,-0.33589313475725646,-0.5874223568598589,-0.5097108086451357,0,0
-0.3903344360241827,-0.19844712981526558,-0.8469881590345426,0,0,0,0,0.4743337943254051,1,0,-0.5812496977647484,-0.5874223568598589,-0.590671348527865,0,0
0.05327079571016418,0.9300551722334441,1.935460780872983,1,0,0,0,-1.0770394637413925,0,1,1.3816028062951873,1.3625273754550251,1.5226779166868252,1,1
-0.427943747974874,-0.4241475902250075,-0.27622940213043484,0,0,0,0,-0.8412079977715314,1,0,-0.8266062607722404,-0.5874223568598589,-0.4371254970261372,0,0
-0.4370295841064993,-0.6498480506347494,-0.9183330036475561,1,1,0,0,-1.116818265230285,0,1,0.4001765542652195,1.3625273754550251,1.715308166752629,1,1
-0.4185864438305881,-0.19844712981526558,-0.4189190913564617,0,0,0,0,1.250020423358804,1,0,-0.33589313475725646,-0.5874223568598589,-0.719091515238401,0,0
-0.36785225214992084,-0.6498480506347494,-0.13353971290440778,0,0,0,0,0.6888551880690741,0,0,-0.33589313475725646,-0.5874223568598589,-0.40362458397121476,0,0
1.8951560384461477,1.832857013872412,1.543064135501409,1,1,1,1,-1.118238936712031,0,1,0.8908896802802034,2.0125106195599867,1.4863852608773256,1,1
0.28177060400247855,0.9300551722334441,2.1494953147120235,1,0,1,0,-1.1125562507850464,0,1,1.3816028062951873,2.6624938636649476,1.352381608657636,1,1
-0.4399206301111796,-0.6498480506347494,-0.8469881590345426,0,0,0,0,1.1434700622278426,0,0,-0.8266062607722404,-0.5874223568598589,-0.5795043775095574,0,0
-0.3349552558752563,-0.4241475902250075,0.47289146630620676,1,1,0,0,0.632028328799228,1,0,-0.5812496977647484,-0.5874223568598589,-0.825177739912322,0,0
-0.22126080119318203,-0.4241475902250075,0.47289146630620676,1,0,0,0,-0.4931434847437242,1,0,-0.5812496977647484,-0.5874223568598589,-0.7944685696119764,0,0
-0.42373844739407684,-0.6498480506347494,-0.9896778482605697,0,0,0,0,1.5128446474818422,1,0,-0.8266062607722404,-0.5874223568598589,-0.8586786529672444,0,0
-0.3934639734499641,-0.19844712981526558,-0.8826605813410494,0,0,0,0,0.8309223362436893,1,0,-0.8266062607722404,-0.5874223568598589,-0.8112190261394376,0,0
-0.4370295841064993,-0.6498480506347494,-0.5972812028889956,1,1,1,1,-1.1082942363398078,0,1,0.8908896802802034,2.0125106195599867,1.6008467138149776,1,1
-0.4374971450653986,-0.4241475902250075,-0.7399708921150225,0,0,0,0,1.3466260841175424,1,1,-0.5812496977647484,-0.5874223568598589,-0.4119998122349453,0,0
-0.4273530155207147,-0.6498480506347494,-0.16921213521091455,0,0,0,0,0.9559414266373506,1,0,-0.8266062607722404,-0.5874223568598589,-0.7246750007475548,0,0
-0.42882135714667874,-0.6498480506347494,-0.9896778482605697,0,0,0,0,0.46580976543492825,1,0,-0.8266062607722404,-0.5874223568598589,-0.4427089825352909,0,0
-0.4370295841064993,-0.4241475902250075,-1.0253502705670765,1,1,1,1,-1.1054528933763157,0,1,1.8723159323101712,0.7125441313500638,1.676223768188553,0,1
-0.4416816389872355,-0.4241475902250075,-0.9183330036475561,1,1,1,1,-1.1139769222667926,0,1,0.1548199912577275,1.3625273754550251,1.2546706122474456,1,1
-0.3984278337812509,-0.19844712981526558,-0.6686260475020089,0,0,0,0,-0.912241571858839,1,0,-0.33589313475725646,-0.5874223568598589,-0.5655456637366731,0,0
-0.4352684770858256,-0.4241475902250075,0.11616724324113924,0,0,0,0,-0.4334752825103858,1,0,-0.33589313475725646,-0.5874223568598589,-0.6437144608648254,0,0
-0.4097292846582901,-0.4241475902250075,-1.061022692873583,0,0,0,0,1.072436488140535,1,0,-0.8266062607722404,-0.5874223568598589,-0.5236695224180201,0,0
-0.2590346035232006,0.02725333059447637,0.9366329562907942,1,0,1,0,1.4986379326643808,1,0,-0.5812496977647484,-0.5874223568598589,-0.6939658304472092,0,0
-0.3328422022553776,-0.19844712981526558,0.11616724324113924,0,0,0,0,0.9388933688563967,1,0,-0.5812496977647484,-0.5874223568598589,-0.760967656557054,0,0
-0.4308637466417868,-0.4241475902250075,-0.4545915136629685,0,0,0,0,0.19446151242141324,1,0,-0.33589313475725646,-0.5874223568598589,-0.6632566601468636,0,0
-0.4343362995065591,-0.4241475902250075,-0.525936358275982,0,0,0,0,1.5810368786056574,1,0,-0.33589313475725646,-0.5874223568598589,-0.44550072528986784,0,0
-0.3858220409344863,-0.4241475902250075,0.009149976321619119,0,0,0,0,1.0028235855349736,1,0,-0.33589313475725646,-0.5874223568598589,-0.4790016383447902,0,0
-0.4370295841064993,-0.4241475902250075,-0.9540054259540629,1,1,1,1,-1.116818265230285,1,1,0.6455331172727115,2.0125106195599867,1.5059274601593637,1,1
-0.3938755919767532,-0.19844712981526558,-0.9896778482605697,0,0,0,0,-0.8198979255453391,1,0,-0.33589313475725646,-0.5874223568598589,-0.8223859971577452,0,0
-0.4414162559408745,-0.19844712981526558,-0.8113157367280359,0,0,0,0,-0.5187155714151549,1,0,-0.5812496977647484,-0.5874223568598589,-0.5627539209820963,0,0
-0.43770452464267695,-0.4241475902250075,-0.8826605813410494,0,0,0,0,-0.2729394050730707,1,1,-0.8266062607722404,-0.5874223568598589,-0.8112190261394376,0,0
-0.44002466340598084,-0.4241475902250075,-0.49026393596947526,0,0,0,0,-0.6323692899548471,1,0,-0.8266062607722404,-0.5874223568598589,-0.8865960805130131,0,0
-0.3955925339194452,-0.19844712981526558,-0.20488455751742132,0,0,0,0,0.28822583021665926,1,0,-0.5812496977647484,-0.5874223568598589,-0.7777181130845152,0,0
3.6856826934434204,0.2529537910042183,1.8641159362599693,1,1,1,0,-1.0983495359675848,0,1,0.4001765542652195,2.0125106195599867,1.7767265073533203,1,1
-0.41541568566535714,-0.4241475902250075,-1.0253502705670765,0,0,0,0,0.9630447840460814,1,0,-0.5812496977647484,-0.5874223568598589,-0.6520896891285561,0,0
-0.44024568508512474,-0.19844712981526558,-0.6686260475020089,0,0,0,0,1.679063210846142,0,0,-0.5812496977647484,-0.5874223568598589,-0.504127323135982,0,0
-0.22687437889388815,-0.4241475902250075,0.5799087332257269,1,0,0,0,0.42745163542778214,1,0,-0.5812496977647484,-0.5874223568598589,-0.6185887760736337,0,0
-0.44030211824032356,-0.6498480506347494,-0.31190182443694153,0,0,0,0,1.1619387914905426,1,0,-0.8266062607722404,-0.5874223568598589,-0.6213805188282105,0,0
2.0992486543319053,0.9300551722334441,2.2921850039380507,0,1,1,0,-1.091246178558854,1,1,0.6455331172727115,2.0125106195599867,1.3914660072217122,1,1
-0.4418288559138411,-0.6498480506347494,-1.0253502705670765,1,1,1,1,-1.126762965602508,0,1,0.8908896802802034,1.3625273754550251,1.45567609057698,1,1
3.698625024184406,2.284257934691896,1.4360468685818886,1,1,1,1,-1.0784601352231387,0,1,2.3630290583251554,0.7125441313500638,1.4054247209945967,1,1
3.083832318842237,1.60715655346267,2.07815047009901,0,1,1,1,-1.0955081930040926,0,1,1.1362462432876954,0.06256088724510249,1.7516008225621282,1,1
-0.42367416266945906,-0.4241475902250075,-0.5616087805824888,0,0,0,0,0.13337263870632873,1,0,-0.8266062607722404,-0.5874223568598589,-0.504127323135982,0,0
-0.41490975016092263,-0.4241475902250075,-0.6329536251955021,0,0,0,0,0.5084299098873127,1,0,-0.33589313475725646,-0.5874223568598589,-0.7051328014655166,0,0
-0.4125283691561508,-0.6498480506347494,-0.49026393596947526,0,0,0,0,1.3707774993072268,1,0,-0.33589313475725646,-0.5874223568598589,-0.5767126347549807,0,0
-0.4306768792896154,-0.19844712981526558,-0.4189190913564617,0,0,0,0,-0.3169802210072014,1,0,-0.33589313475725646,-0.5874223568598589,-0.7079245442200935,0,0
0.5042410939933526,2.284257934691896,1.7570986693404496,1,1,1,1,-1.1324456515294925,0,1,0.8908896802802034,1.3625273754550251,1.3244641811118674,1,1
-0.43224797833035017,-0.6498480506347494,-0.27622940213043484,0,0,0,0,1.2940612392929347,1,0,-0.33589313475725646,-0.5874223568598589,-0.4092080694803685,0,0
-0.43905057807494063,-0.6498480506347494,-0.5972812028889956,0,0,0,0,0.28680515873491313,1,0,-0.33589313475725646,-0.5874223568598589,-0.6018383195461724,0,0
-0.42260291416685913,-0.4241475902250075,-0.525936358275982,0,0,0,0,-0.818477254063593,1,0,-0.33589313475725646,-0.5874223568598589,-0.6018383195461724,0,0
2.330681121946821,1.60715655346267,2.220840159325037,1,1,1,0,-1.1153975937485388,1,1,2.6083856213326473,2.0125106195599867,1.6315558841153228,1,1
-0.4412377308812108,-0.19844712981526558,-0.9896778482605697,0,0,0,0,-0.7786984525747007,1,0,-0.33589313475725646,-0.5874223568598589,-0.40083284121663787,0,0
2.224013036737777,0.9300551722334441,1.7214262470339428,1,0,1,1,-1.0756187922596465,0,1,2.3630290583251554,0.7125441313500638,1.3440063803939055,1,1
-0.4240111912867681,-0.19844712981526558,-0.2405569798239281,0,0,0,0,0.8493910655063892,1,0,-0.5812496977647484,-0.5874223568598589,-0.4064163267257916,0,0
1.9960581273631395,0.7043547118237021,2.18516773701853,0,1,1,0,-1.1153975937485388,0,1,0.8908896802802034,2.0125106195599867,1.2965467535660986,0,1
-0.38585904145537314,-0.19844712981526558,0.9009605339842874,1,1,0,0,0.7059032458500278,1,0,-0.5812496977647484,-0.5874223568598589,-0.7581759138024772,0,0
-0.40694305710535295,-0.6498480506347494,-0.525936358275982,0,0,0,0,0.022560263130128884,1,0,-0.8266062607722404,-0.5874223568598589,-0.4287502687624066,0,0
-0.4345422069145714,-0.4241475902250075,-0.5972812028889956,0,0,0,0,-0.2601533617373553,0,0,-0.33589313475725646,-0.5874223568598589,-0.7023410587109398,0,0
-0.4063116927794505,-0.4241475902250075,-0.16921213521091455,0,0,0,0,0.09075249425394417,1,0,-0.33589313475725646,-0.5874223568598589,-0.7637593993116308,0,0
-0.4082226666314086,-0.4241475902250075,-0.5972812028889956,0,0,0,0,0.6092975850912895,1,0,-0.33589313475725646,-0.5874223568598589,-0.6576731746377098,0,0
-0.4393892751507512,-0.4241475902250075,0.08049482093463266,0,0,0,0,1.3835635426429422,1,0,-0.33589313475725646,-0.5874223568598589,-0.8642621384763982,0,0
-0.24948945058056596,0.02725333059447637,0.11616724324113924,1,0,0,0,1.0681744736952965,1,0,-0.5812496977647484,-0.5874223568598589,-0.8112190261394376,0,0
-0.4416816389872355,-0.4241475902250075,-0.9896778482605697,1,1,1,0,-1.1225009511572694,0,1,1.3816028062951873,1.3625273754550251,1.4696348043498646,1,1
-0.4073439778688088,-0.6498480506347494,-0.5616087805824888,0,0,0,0,-0.481778112889755,1,0,-0.8266062607722404,-0.5874223568598589,-0.7135080297292472,0,0
0.8423781566151094,1.60715655346267,2.220840159325037,1,0,0,1,-1.1310249800477463,1,0,1.1362462432876954,2.0125106195599867,1.7683512790895897,1,1
-0.4223584359240762,-0.6498480506347494,0.009149976321619119,0,0,0,0,-0.3851724521310167,1,0,-0.8266062607722404,-0.5874223568598589,-0.4147915549895222,0,0
-0.4393114464688857,-0.19844712981526558,-1.0253502705670765,0,0,0,0,0.7144272747405048,1,0,-0.5812496977647484,-0.5874223568598589,-0.462251181817329,0,0
-0.3250434346407561,0.02725333059447637,0.25885693246716635,1,0,1,0,1.2329723655778502,1,0,-0.5812496977647484,-0.5874223568598589,-0.8168025116485913,0,0
-0.435633378774572,0.02725333059447637,0.6869260001452472,1,0,0,0,1.017030300352435,1,0,-0.5812496977647484,-0.5874223568598589,-0.6855906021834786,0,0
1.5061446336295954,1.832857013872412,1.6144089801144224,0,0,1,0,-1.091246178558854,0,1,1.8723159323101712,2.0125106195599867,1.4054247209945967,1,1
2.4792809062163133,2.9613593159211216,2.18516773701853,1,1,0,1,-1.0770394637413925,0,0,2.853742184340139,0.7125441313500638,1.6678485399248222,1,1
-0.4402983887448495,-0.6498480506347494,-1.0253502705670765,0,0,0,0,-0.9250276151945543,1,0,-0.8266062607722404,-0.5874223568598589,-0.6185887760736337,0,0
0.2808396041586249,2.73565885551138,1.685753824727436,0,1,0,0,-1.0940875215223465,0,1,0.4001765542652195,0.7125441313500638,1.6594733116610916,0,1
-0.4314890260013895,-0.19844712981526558,-1.061022692873583,0,0,0,0,0.49848520951508973,1,0,-0.8266062607722404,-0.5874223568598589,-0.5236695224180201,0,0
-0.39894770582140404,-0.19844712981526558,0.9366329562907942,1,1,0,0,-0.26867739062783225,1,0,-0.5812496977647484,-0.5874223568598589,-0.5460034644546351,0,0
-0.4418288559138411,-0.4241475902250075,-0.5972812028889956,1,1,1,1,-1.1239216226390156,0,1,0.6455331172727115,2.0125106195599867,1.4975522318956334,1,1
-0.4163315712380793,-0.4241475902250075,-0.9896778482605697,0,0,0,0,-0.04421129651194025,1,0,-0.33589313475725646,-0.5874223568598589,-0.5990465767915957,0,0
-0.4282913762108987,-0.4241475902250075,-0.3832466690499551,0,0,0,0,1.4418110733945344,1,0,-0.5812496977647484,-0.5874223568598589,-0.6911740876926322,0,0
-0.4138388942367937,-0.4241475902250075,-0.3475742467434483,0,0,0,0,-0.8554147125889929,1,0,-0.33589313475725646,-0.5874223568598589,-0.5152942941542895,0,0
-0.4190413441337993,-0.4241475902250075,0.11616724324113924,0,0,0,0,0.6206629569452587,1,0,-0.5812496977647484,-0.5874223568598589,-0.654881431883133,0,0
-0.3909960288923482,-0.4241475902250075,-0.8826605813410494,0,0,0,0,1.0497057444325966,1,0,-0.8266062607722404,-0.5874223568598589,-0.8391364536852063,0,0
-0.43316582679542703,-0.4241475902250075,0.04482239862812589,0,0,0,0,-0.23316060358417842,1,0,-0.33589313475725646,-0.5874223568598589,-0.45387595355359833,0,0
3.050385221985157,1.155755632643186,1.685753824727436,1,0,1,1,-1.0784601352231387,0,1,1.8723159323101712,0.7125441313500638,1.330047666621021,1,1
-0.4205882014539529,-0.19844712981526558,-0.4189190913564617,0,0,0,0,1.427604358577073,1,0,-0.8266062607722404,-0.5874223568598589,-0.5934630912824418,0,0
-0.4370295841064993,-0.4241475902250075,-0.7399708921150225,1,1,1,1,-1.126762965602508,0,1,1.3816028062951873,1.3625273754550251,1.413799949258327,1,1
-0.4409455543542076,-0.6498480506347494,-0.7756433144215291,1,1,1,1,-1.1296043085660001,0,1,0.4001765542652195,0.7125441313500638,1.436133891294942,1,1
-0.41813488044437985,-0.6498480506347494,-1.0253502705670765,0,0,0,0,0.1575240538960133,1,0,-0.8266062607722404,-0.5874223568598589,-0.4343337542715603,0,0
0.12135882055447902,2.9613593159211216,1.4360468685818886,1,0,0,0,-1.0940875215223465,0,0,1.8723159323101712,2.6624938636649476,1.4640513188407107,1,1
-0.3002835104780527,-0.4241475902250075,0.22318451016065954,1,0,0,0,0.24418501428252856,1,0,-0.5812496977647484,-0.5874223568598589,-0.6576731746377098,0,0
2.9887224308302334,0.02725333059447637,1.8641159362599693,1,1,1,1,-1.1026115504128233,0,0,0.8908896802802034,0.06256088724510249,1.50034397465021,0,1
-0.43870167395888543,-0.6498480506347494,-0.6329536251955021,0,0,0,0,1.6478084382477267,1,0,-0.5812496977647484,-0.5874223568598589,-0.5180860369088663,0,0
3.375551688216021,0.02725333059447637,1.5073917131949022,0,0,0,0,-1.128183637084254,0,1,2.117672495317663,0.7125441313500638,1.6566815689065149,1,1
-0.424578172743435,-0.4241475902250075,-0.16921213521091455,0,0,0,0,0.913321282184966,1,0,-0.8266062607722404,-0.5874223568598589,-0.7721346275753616,0,0
-0.39235032647250173,-0.6498480506347494,-0.5616087805824888,0,0,0,0,-0.1777544157960785,1,0,-0.8266062607722404,-0.5874223568598589,-0.6632566601468636,0,0
3.228316212277691,3.4127602367406054,1.4717192908883954,1,1,1,0,-1.1125562507850464,0,1,2.853742184340139,1.3625273754550251,1.4668430615952879,1,1
-0.40180391048678776,-0.6498480506347494,-0.6329536251955021,0,0,0,0,-0.04136995354844795,0,0,-0.8266062607722404,-0.5874223568598589,-0.5767126347549807,0,0
1.1033988710069198,1.832857013872412,1.4360468685818886,1,0,1,1,-1.109714907821554,0,1,2.6083856213326473,0.7125441313500638,1.7516008225621282,1,1
-0.42446216580526985,-0.19844712981526558,-0.7042984698085157,0,0,0,0,1.6307603804667727,1,0,-0.5812496977647484,-0.5874223568598589,-0.7246750007475548,0,0
-0.40517076159825727,-0.4241475902250075,-0.5972812028889956,0,0,0,0,-0.3667037228683167,1,0,-0.5812496977647484,-0.5874223568598589,-0.5711291492458269,0,0
-0.43597178141652937,-0.19844712981526558,-0.5972812028889956,0,0,0,0,1.32531601189135,1,0,-0.8266062607722404,-0.5874223568598589,-0.5795043775095574,0,0
-0.4408397544562871,-0.6498480506347494,-0.5616087805824888,0,0,0,0,0.8252396503167047,1,0,-0.8266062607722404,-0.5874223568598589,-0.8140107688940146,0,0
-0.43127271526389704,-0.19844712981526558,-0.026522445984887653,0,0,0,0,-0.07830741207384789,1,0,-0.5812496977647484,-0.5874223568598589,-0.6074218050553262,0,0
-0.4414321553689479,-0.19844712981526558,-0.3832466690499551,0,0,0,0,-0.24452597543814764,1,0,-0.8266062607722404,-0.5874223568598589,-0.6074218050553262,0,0
-0.43363417291126827,-0.19844712981526558,-0.026522445984887653,0,0,0,0,-0.20900918839449387,1,0,-0.8266062607722404,-0.5874223568598589,-0.5543786927183657,0,0
-0.0005371872534096877,3.6384606971503475,1.685753824727436,1,1,1,0,-1.1111355793033002,0,0,2.3630290583251554,1.3625273754550251,1.3412146376393288,1,1
-0.4277230207295834,-0.6498480506347494,-0.8469881590345426,0,0,0,0,0.5709394550841435,1,0,-0.33589313475725646,-0.5874223568598589,-0.8782208522492826,0,0
0.0035718334573874256,-0.4241475902250075,0.33020177708017967,1,1,0,0,-0.5840664595754779,1,0,-0.5812496977647484,-0.5874223568598589,-0.5376282361909044,0,0
-0.4354341452005658,-0.6498480506347494,-0.8113157367280359,0,0,0,0,0.4530237220992129,1,0,-0.8266062607722404,-0.5874223568598589,-0.4845851238539439,0,0
-0.4073982518424174,-0.4241475902250075,-1.0966951151800899,0,0,0,0,0.2583917290999901,1,0,-0.8266062607722404,-0.5874223568598589,-0.4287502687624066,0,0
-0.41671806474272777,-0.6498480506347494,-0.20488455751742132,0,0,0,0,0.3990382057928591,1,0,-0.33589313475725646,-0.5874223568598589,-0.8558869102126676,0,0
-0.3829105808493167,-0.19844712981526558,0.04482239862812589,0,0,0,0,1.1505734196365733,1,0,-0.8266062607722404,-0.5874223568598589,-0.4845851238539439,0,0
-0.4153450215405865,-0.6498480506347494,-1.061022692873583,0,0,0,0,0.18025479760395172,1,0,-0.5812496977647484,-0.5874223568598589,-0.6157970333190568,0,0
-0.4325704815442341,-0.19844712981526558,0.009149976321619119,0,0,0,0,-0.18059575875957082,1,0,-0.8266062607722404,-0.5874223568598589,-0.8056355406302839,0,0
-0.35870330902909064,-0.6498480506347494,-0.13353971290440778,0,0,0,0,-0.6962995066334239,1,0,-0.8266062607722404,-0.5874223568598589,-0.48179338109936704,0,0
3.773951214586828,2.284257934691896,1.4360468685818886,1,1,0,0,-1.0798808067048848,0,1,2.853742184340139,0.06256088724510249,1.3635485796759437,1,1
-0.43757330528876254,-0.4241475902250075,-0.27622940213043484,0,0,0,0,0.3905141769023822,1,0,-0.33589313475725646,-0.5874223568598589,-0.8112190261394376,0,0
-0.41707413341587785,-0.6498480506347494,-1.0966951151800899,0,0,0,0,0.9388933688563967,1,1,-0.5812496977647484,-0.5874223568598589,-0.6185887760736337,0,0
-0.40818566611052176,-0.19844712981526558,-0.06219486829139442,0,0,0,0,0.19162016945792093,1,0,-0.5812496977647484,-0.5874223568598589,-0.7358419717658622,0,0
-0.43655819550750824,-0.6498480506347494,0.009149976321619119,0,0,0,0,0.11490390944362874,1,0,-0.8266062607722404,-0.5874223568598589,-0.504127323135982,0,0
-0.4350771932258561,-0.19844712981526558,-0.20488455751742132,0,0,0,0,-0.5570737014223011,1,0,-0.8266062607722404,-0.5874223568598589,-0.88938782326759,0,0
-0.3967078493554091,-0.6498480506347494,-0.6329536251955021,0,0,0,0,1.6676978389921728,1,0,-0.33589313475725646,-0.5874223568598589,-0.719091515238401,0,0
3.7795816731617853,2.9613593159211216,2.18516773701853,1,0,1,0,-1.089825507077108,0,1,2.6083856213326473,1.3625273754550251,1.7236833950163595,1,1
0.5951602068279844,0.2529537910042183,2.0068056254859963,1,0,1,1,-1.1068735648580619,0,1,2.117672495317663,2.6624938636649476,1.6622650544156687,1,1
0.12899103675280083,3.6384606971503475,1.9711332031794895,1,1,1,0,-1.1253422941207618,0,1,2.3630290583251554,1.3625273754550251,1.4445091195586726,1,1
-0.3863717489384315,-0.6498480506347494,-0.9896778482605697,0,0,0,0,1.0937465603667273,1,1,-0.8266062607722404,-0.5874223568598589,-0.8419281964397832,0,0
-0.4312812538456402,-0.4241475902250075,-0.7756433144215291,0,0,0,0,1.2017175929794348,1,0,-0.33589313475725646,-0.5874223568598589,-0.5515869499637888,0,0
-0.34186846460403647,-0.19844712981526558,0.2945293547736731,1,0,0,0,0.8678597947690891,1,0,-0.5812496977647484,-0.5874223568598589,-0.5320447506817507,0,0
-0.43474595514099357,-0.6498480506347494,-1.061022692873583,0,0,0,0,1.2173449792786426,1,0,-0.8266062607722404,-0.5874223568598589,-0.7721346275753616,0,0
-0.39908972108326957,0.02725333059447637,0.7939432670647675,1,0,0,0,1.5696715067516882,1,0,-0.5812496977647484,-0.5874223568598589,-0.6520896891285561,0,0
0.6738468689417235,1.60715655346267,2.07815047009901,0,0,0,0,-1.1210802796755233,0,0,0.8908896802802034,0.7125441313500638,1.4082164637491734,1,1
-0.4414362774428929,-0.4241475902250075,-0.7399708921150225,1,0,1,1,-1.1068735648580619,0,0,1.3816028062951873,1.3625273754550251,1.2770045542840605,1,1
2.1086302001967727,2.5099583951016378,1.8284435139534625,1,1,1,0,-1.099770207449331,0,1,1.6269593693026794,2.0125106195599867,1.5561788297417474,1,1
1.9422523035811554,0.9300551722334441,2.1494953147120235,1,1,0,1,-1.1125562507850464,0,1,2.6083856213326473,2.0125106195599867,1.5282614021959786,1,1
-0.3670293095301957,-0.4241475902250075,-0.8826605813410494,0,0,0,0,0.4388170072817513,1,0,-0.5812496977647484,-0.5874223568598589,-0.56833740649125,0,0
-0.4370295841064993,-0.6498480506347494,-0.7042984698085157,1,1,1,0,-1.1125562507850464,0,1,0.8908896802802034,0.7125441313500638,1.3244641811118674,1,1
-0.4249918523071967,-0.4241475902250075,-0.8469881590345426,0,0,0,0,-0.3297662643429167,1,0,-0.8266062607722404,-0.5874223568598589,-0.8614703957218213,0,0
-0.42905395989071554,-0.19844712981526558,-0.6329536251955021,0,0,0,0,-0.7090855499691393,0,0,-0.33589313475725646,-0.5874223568598589,-0.7107162869746704,0,0
0.1157507389523662,2.058557474282154,2.18516773701853,1,0,0,0,-1.0841428211501234,0,1,0.8908896802802034,2.6624938636649476,1.419383434767481,1,1
-0.40028060787489095,-0.4241475902250075,-0.13353971290440778,0,0,0,0,0.14473801056029795,1,0,-0.5812496977647484,-0.5874223568598589,-0.8865960805130131,0,0
-0.4334203157892192,-0.19844712981526558,-0.5616087805824888,0,0,0,0,1.1590974485270502,1,0,-0.33589313475725646,-0.5874223568598589,-0.7581759138024772,0,0
-0.4317536238908086,-0.6498480506347494,-0.49026393596947526,0,0,0,0,0.9047972532944891,1,0,-0.33589313475725646,-0.5874223568598589,-0.8168025116485913,0,0
-0.43788108680998594,-0.19844712981526558,-0.16921213521091455,0,0,0,0,0.6206629569452587,0,1,-0.8266062607722404,-0.5874223568598589,-0.504127323135982,0,0
-0.4222510657122718,-0.6498480506347494,-0.6329536251955021,0,0,0,0,-0.8767247848151852,1,0,-0.33589313475725646,-0.5874223568598589,-0.8754291094947056,0,0
-0.44036758070035414,-0.4241475902250075,-0.5972812028889956,0,0,0,0,0.5354226680404897,1,0,-0.8266062607722404,-0.5874223568598589,-0.7581759138024772,0,0
-0.4414362774428929,-0.4241475902250075,-0.6329536251955021,1,1,1,0,-1.119659608193777,0,1,1.3816028062951873,0.7125441313500638,1.246295383983715,1,1
-0.3785435379384888,-0.19844712981526558,0.9366329562907942,1,0,1,0,-0.5798044451302394,1,0,-0.5812496977647484,-0.5874223568598589,-0.8223859971577452,0,0
1.3093547624604158,2.73565885551138,2.0068056254859963,1,1,1,0,-1.1026115504128233,0,0,1.8723159323101712,2.6624938636649476,1.4305504057857883,1,1
1.8440848181481715,0.47865425141396023,2.2565125816315437,1,0,1,0,-1.0699361063326618,0,1,2.6083856213326473,2.0125106195599867,1.4752182898590185,1,1
-0.4223361570958498,-0.19844712981526558,-0.06219486829139442,0,0,0,0,-0.42353058213816275,1,0,-0.33589313475725646,-0.5874223568598589,-0.7916768268573996,0,0
-0.4210800041334333,-0.4241475902250075,-0.4189190913564617,0,0,0,0,0.46580976543492825,1,0,-0.5812496977647484,-0.5874223568598589,-0.5097108086451357,0,0
-0.42988014128282603,-0.6498480506347494,-0.7756433144215291,0,0,0,0,0.09927652314442108,0,0,-0.8266062607722404,-0.5874223568598589,-0.7107162869746704,0,0
-0.43339470004398983,-0.6498480506347494,-1.061022692873583,0,0,0,0,0.39761753431111296,1,0,-0.8266062607722404,-0.5874223568598589,-0.5180860369088663,0,0
-0.2838453665978917,0.02725333059447637,0.8652881116777811,1,0,0,0,1.3182126544826194,1,0,-0.5812496977647484,-0.5874223568598589,-0.7637593993116308,0,0
-0.4114893120881687,-0.6498480506347494,-0.8826605813410494,0,0,0,0,-0.21753321728497077,1,0,-0.5812496977647484,-0.5874223568598589,-0.48737686660852086,0,0
-0.37223421304264476,-0.6498480506347494,-0.8469881590345426,0,0,0,0,-0.9278689581580466,1,0,-0.8266062607722404,-0.5874223568598589,-0.4734181528356365,0,0
-0.1796240267090331,-0.4241475902250075,0.25885693246716635,1,0,0,0,-0.39369648102149357,1,0,-0.5812496977647484,-0.5874223568598589,-0.8195942544031682,0,0
-0.3722330353072319,-0.4241475902250075,-0.13353971290440778,1,0,0,0,0.8039295780905124,1,0,-0.5812496977647484,-0.5874223568598589,-0.6269640043373643,0,0
-0.4398316129428921,-0.19844712981526558,-0.7042984698085157,0,0,0,0,0.25412971465475165,1,0,-0.5812496977647484,-0.5874223568598589,-0.7553841710479002,0,0
-0.4167025578931254,-0.4241475902250075,-0.7399708921150225,0,0,0,0,-0.00017048057780954468,1,0,-0.8266062607722404,-0.5874223568598589,-0.4650429245719059,0,0
-0.4400470403788249,-0.4241475902250075,-0.7399708921150225,0,0,0,0,0.9559414266373506,1,0,-0.5812496977647484,-0.5874223568598589,-0.4845851238539439,0,0
-0.4083982473525402,-0.4241475902250075,-0.13353971290440778,0,0,0,0,-0.9292896296397928,1,1,-0.5812496977647484,-0.5874223568598589,-0.6381309753556718,0,0
-0.4030687983201829,-0.6498480506347494,-1.061022692873583,0,0,0,0,0.8721218092143277,1,0,-0.33589313475725646,-0.5874223568598589,-0.6409227181102487,0,0
-0.40815180621740244,0.02725333059447637,0.04482239862812589,1,0,0,0,0.46154775098968975,1,0,-0.5812496977647484,-0.5874223568598589,-0.7581759138024772,0,0
-0.39541548102904756,-0.4241475902250075,-0.9896778482605697,0,0,0,0,-0.20048515950401694,1,0,-0.5812496977647484,-0.5874223568598589,-0.8195942544031682,0,0
-0.4278084065470146,-0.19844712981526558,-0.13353971290440778,0,0,0,0,1.6634358245469343,1,0,-0.8266062607722404,-0.5874223568598589,-0.590671348527865,0,0
-0.4370295841064993,-0.6498480506347494,-0.6329536251955021,1,1,1,1,-1.1054528933763157,0,1,1.1362462432876954,1.3625273754550251,1.7320586232800905,1,1
-0.3994971193914961,-0.19844712981526558,-0.8826605813410494,0,0,0,0,0.7328960040032048,1,0,-0.33589313475725646,-0.5874223568598589,-0.8698456239855519,0,0
-0.06365232246160592,0.7043547118237021,2.1494953147120235,0,1,1,1,-1.128183637084254,0,1,0.6455331172727115,2.6624938636649476,1.550595344232594,1,1
-0.4416816389872355,-0.4241475902250075,-0.9540054259540629,1,1,1,1,-1.1082942363398078,0,1,1.8723159323101712,0.7125441313500638,1.4221751775220577,1,1
-0.39734166729675496,-0.19844712981526558,-0.2405569798239281,0,0,0,0,1.6407050808389958,1,0,-0.5812496977647484,-0.5874223568598589,-0.5487952072092119,0,0
-0.44019180368998706,-0.4241475902250075,0.009149976321619119,0,0,0,0,0.2768604583626901,1,1,-0.8266062607722404,-0.5874223568598589,-0.45387595355359833,0,0
-0.4418288559138411,-0.6498480506347494,-0.5972812028889956,1,1,1,1,-1.1253422941207618,0,1,1.1362462432876954,1.3625273754550251,1.397049492730866,0,1
-0.4407567241096816,-0.4241475902250075,-0.06219486829139442,0,0,0,0,-0.39511715250323975,1,0,-0.8266062607722404,-0.5874223568598589,-0.8726373667401287,0,0
-0.33292591961430734,-0.4241475902250075,0.18751208785415277,1,0,0,0,0.9275279970024276,1,0,-0.5812496977647484,-0.5874223568598589,-0.6827988594289017,0,0
0.7299643910498858,3.6384606971503475,1.543064135501409,0,1,1,0,-1.1011908789310771,0,1,0.4001765542652195,2.0125106195599867,1.4082164637491734,1,1
-0.3749997320812394,-0.6498480506347494,-0.7756433144215291,0,0,0,0,0.5709394550841435,1,0,-0.8266062607722404,-0.5874223568598589,-0.6660484029014404,0,0
-0.41587716165795674,-0.19844712981526558,-0.6329536251955021,0,0,0,0,0.8167156214262277,1,0,-0.8266062607722404,-0.5874223568598589,-0.6800071166743248,0,0
-0.42041742981909047,-0.4241475902250075,0.009149976321619119,0,0,0,0,-0.5528116869770626,1,0,-0.8266062607722404,-0.5874223568598589,-0.6241722615827874,0,0
-0.3974789716169691,-0.19844712981526558,-0.6329536251955021,0,0,0,0,-0.33544895026990135,1,0,-0.8266062607722404,-0.5874223568598589,-0.7358419717658622,0,0
-0.42311513092682884,-0.4241475902250075,-0.525936358275982,0,0,0,0,-0.4022205099119705,1,1,-0.8266062607722404,-0.5874223568598589,-0.5097108086451357,0,0
-0.44050890894989553,-0.4241475902250075,-1.0253502705670765,0,0,0,0,1.392087571533419,1,0,-0.5812496977647484,-0.5874223568598589,-0.7414254572750159,0,0
-0.4102197133131222,-0.4241475902250075,-0.5616087805824888,0,0,0,0,-0.6110592177286548,1,1,-0.33589313475725646,-0.5874223568598589,-0.4790016383447902,0,0
-0.4393849567875707,-0.6498480506347494,-0.7042984698085157,0,0,0,0,0.8124536069809892,1,0,-0.8266062607722404,-0.5874223568598589,-0.4092080694803685,0,0
3.722211923875916,3.1870597763308637,2.363529848551064,1,0,1,0,-1.0756187922596465,0,1,1.8723159323101712,2.0125106195599867,1.7851017356170507,1,1
-0.42673941537062265,-0.6498480506347494,-0.4545915136629685,0,0,0,0,1.7046352975175727,1,0,-0.8266062607722404,-0.5874223568598589,-0.526461265172597,0,0
-0.43196414409585454,0.02725333059447637,-0.16921213521091455,1,1,1,0,1.2613857952127732,1,0,-0.5812496977647484,-0.5874223568598589,-0.8112190261394376,0,0
-0.43936100950084295,-0.4241475902250075,-0.8469881590345426,0,0,0,0,0.18451681204919018,1,0,-0.5812496977647484,-0.5874223568598589,-0.7805098558390922,0,0
-0.39942763300213824,0.02725333059447637,0.6512535778387404,1,0,0,0,2.223180388354918,1,0,-0.5812496977647484,-0.5874223568598589,-0.7079245442200935,0,0
-0.44151067106313757,-0.19844712981526558,-0.8826605813410494,0,0,0,0,-0.07972808355559405,1,0,-0.5812496977647484,-0.5874223568598589,-0.7330502290112852,0,0
-0.4271999099170449,-0.19844712981526558,-0.31190182443694153,0,0,0,0,-0.07972808355559405,1,0,-0.5812496977647484,-0.5874223568598589,-0.5125025513997127,0,0
-0.4239489675991228,-0.6498480506347494,-1.0253502705670765,0,0,0,0,1.549782106007242,1,1,-0.8266062607722404,-0.5874223568598589,-0.4734181528356365,0,0
-0.4342147964698006,-0.6498480506347494,-0.7042984698085157,0,0,0,0,0.7840401773460662,1,0,-0.33589313475725646,-0.5874223568598589,-0.7051328014655166,0,0
-0.22485652555321436,-0.19844712981526558,0.25885693246716635,1,0,1,0,0.8834871810682968,1,0,-0.5812496977647484,-0.5874223568598589,-0.6967575732017861,0,0
-0.424823043564689,-0.19844712981526558,-0.5616087805824888,0,0,0,0,-0.5300809432691241,1,0,-0.33589313475725646,-0.5874223568598589,-0.7888850841028227,0,0
-0.4249112755760346,-0.4241475902250075,0.2945293547736731,1,0,0,0,1.6066089652770883,1,0,-0.5812496977647484,-0.5874223568598589,-0.7665511420662078,0,0
-0.4332148009596778,-0.6498480506347494,-1.0966951151800899,0,0,0,0,1.4560177882119962,1,0,-0.33589313475725646,-0.5874223568598589,-0.760967656557054,0,0
-0.4210609640775923,-0.19844712981526558,-0.8826605813410494,0,0,0,0,1.184669535198481,1,0,-0.33589313475725646,-0.5874223568598589,-0.5487952072092119,0,0
-0.4053498755256274,-0.4241475902250075,-1.0253502705670765,0,0,0,0,0.809612264017497,1,0,-0.8266062607722404,-0.5874223568598589,-0.6492979463739792,0,0
-0.4006716160319554,-0.4241475902250075,-0.525936358275982,0,0,0,0,-0.3468143221238706,1,0,-0.8266062607722404,-0.5874223568598589,-0.4092080694803685,0,0
-0.4331007569138674,-0.6498480506347494,-0.7042984698085157,0,0,0,0,0.20156486983014402,1,0,-0.8266062607722404,-0.5874223568598589,-0.5934630912824418,0,0
1.8085001315167777,3.1870597763308637,1.6500814024209292,1,1,0,1,-1.0827221496683772,0,1,1.3816028062951873,1.3625273754550251,1.782309992862474,1,1
-0.44101219454965107,-0.6498480506347494,-0.3475742467434483,0,0,0,0,1.6847458967731266,1,0,-0.8266062607722404,-0.5874223568598589,-0.4482924680444446,0,0
-0.4357402582632876,-0.6498480506347494,-0.49026393596947526,0,0,0,0,0.5752014695293819,1,0,-0.33589313475725646,-0.5874223568598589,-0.6576731746377098,0,0
2.833652364491809,2.058557474282154,2.18516773701853,0,0,1,0,-1.0784601352231387,0,1,2.117672495317663,2.0125106195599867,1.7767265073533203,1,1
-0.4375689869255821,-0.6498480506347494,-1.061022692873583,0,0,0,0,0.009774219794413518,1,0,-0.33589313475725646,-0.5874223568598589,-0.5850878630187113,0,0
2.699962317970458,3.4127602367406054,1.4717192908883954,1,1,0,1,-1.1153975937485388,0,1,0.6455331172727115,1.3625273754550251,1.5896797427966698,1,1
3.408619946848636,3.6384606971503475,1.8641159362599693,1,1,0,1,-1.1239216226390156,0,1,1.1362462432876954,1.3625273754550251,1.7208916522617828,1,1
-0.24957159762561185,-0.4241475902250075,0.6869260001452472,1,0,0,0,1.7344693986342419,1,0,-0.5812496977647484,-0.5874223568598589,-0.8307612254214757,0,0
2.359702190977814,1.155755632643186,2.2565125816315437,1,1,1,0,-1.0741981207779003,0,1,2.6083856213326473,0.7125441313500638,1.7460173370529748,1,1
-0.41880491374967077,-0.6498480506347494,-0.026522445984887653,0,0,0,0,-0.8582560555524852,1,0,-0.8266062607722404,-0.5874223568598589,-0.6046300623007493,0,0
-0.4343743796182411,-0.6498480506347494,-0.026522445984887653,0,0,0,0,1.5924022504596267,1,0,-0.5812496977647484,-0.5874223568598589,-0.6046300623007493,0,0
-0.4371850451809947,-0.19844712981526558,0.04482239862812589,0,0,0,0,0.9374726973746507,1,0,-0.8266062607722404,-0.5874223568598589,-0.49016860936309764,0,0
-0.4184310809007103,-0.4241475902250075,-0.13353971290440778,0,0,0,0,1.5071619615548577,1,0,-0.33589313475725646,-0.5874223568598589,-0.7665511420662078,0,0
-0.41211311927850536,-0.4241475902250075,0.04482239862812589,0,0,0,0,-0.18059575875957082,1,0,-0.8266062607722404,-0.5874223568598589,-0.7414254572750159,0,0
-0.4370688419535941,-0.6498480506347494,-0.5972812028889956,0,0,0,0,1.4886932322921576,0,0,-0.5812496977647484,-0.5874223568598589,-0.5571704354729425,0,0
-0.4416816389872355,-0.6498480506347494,-0.7042984698085157,1,1,1,1,-1.1139769222667926,0,1,1.3816028062951873,0.7125441313500638,1.5282614021959786,1,1
-0.436381338906346,-0.6498480506347494,-0.4545915136629685,0,0,0,0,-0.05273532540241716,1,0,-0.5812496977647484,-0.5874223568598589,-0.4650429245719059,0,0
-0.40391313646657473,-0.19844712981526558,-0.49026393596947526,0,0,0,0,0.9587827696008429,1,0,-0.8266062607722404,-0.5874223568598589,-0.5236695224180201,0,0
0.35660145851918196,0.2529537910042183,1.4360468685818886,1,0,1,1,-1.0969288644858386,0,1,2.117672495317663,0.06256088724510249,1.5757210290237855,1,1
-0.3694167755012672,0.02725333059447637,0.9009605339842874,1,0,0,0,1.1164773040746658,1,0,-0.5812496977647484,-0.5874223568598589,-0.6967575732017861,0,0
-0.4418288559138411,-0.4241475902250075,-0.5972812028889956,1,1,1,1,-1.128183637084254,0,1,1.6269593693026794,1.3625273754550251,1.4668430615952879,1,1
-0.4414362774428929,-0.4241475902250075,-0.8113157367280359,1,1,1,1,-1.126762965602508,0,0,1.3816028062951873,0.7125441313500638,1.5645540580054782,1,1
3.0956580582672277,2.284257934691896,1.4360468685818886,1,0,1,1,-1.1210802796755233,1,1,1.1362462432876954,1.3625273754550251,1.288171525302368,1,1
-0.41625393884544926,-0.6498480506347494,-0.8826605813410494,0,0,0,0,-0.8824074707421697,1,0,-0.5812496977647484,-0.5874223568598589,-0.48737686660852086,0,0
-0.43318143178964724,-0.6498480506347494,-0.49026393596947526,0,0,0,0,1.1164773040746658,1,0,-0.33589313475725646,-0.5874223568598589,-0.6074218050553262,0,0
-0.42968807226591466,-0.19844712981526558,-0.8826605813410494,0,0,0,0,0.8806458381048046,1,0,-0.8266062607722404,-0.5874223568598589,-0.847511681948937,0,0
2.738298979683199,0.2529537910042183,1.4003744462753818,1,1,0,0,-1.091246178558854,0,1,1.8723159323101712,2.0125106195599867,1.413799949258327,1,1
-0.4303945172243859,-0.19844712981526558,-0.4189190913564617,0,0,0,0,1.2841165389207116,1,0,-0.8266062607722404,-0.5874223568598589,-0.4427089825352909,0,0
0.3683374937635609,2.058557474282154,2.2565125816315437,1,0,1,1,-1.091246178558854,0,1,2.117672495317663,0.7125441313500638,1.4473008623132497,1,1
-0.4375440581926769,-0.4241475902250075,-0.6686260475020089,0,0,0,0,1.2926405678111885,1,0,-0.8266062607722404,-0.5874223568598589,-0.6632566601468636,0,0
3.940031144142995,3.6384606971503475,1.7570986693404496,0,0,1,1,-1.0827221496683772,0,1,2.117672495317663,2.0125106195599867,1.7208916522617828,1,1
-0.1996149076066576,-0.4241475902250075,0.43721904399969996,1,0,1,0,1.5483614345254961,1,0,-0.5812496977647484,-0.5874223568598589,-0.5320447506817507,0,0
-0.42119080940685844,-0.4241475902250075,-0.3475742467434483,0,0,0,0,-0.7786984525747007,1,0,-0.5812496977647484,-0.5874223568598589,-0.8642621384763982,0,0
-0.3754487437073864,-0.19844712981526558,0.22318451016065954,1,0,0,0,1.5554647919342268,1,0,-0.5812496977647484,-0.5874223568598589,-0.719091515238401,0,0
-0.435276917522951,-0.6498480506347494,0.08049482093463266,0,0,0,0,0.8579150943968661,1,0,-0.8266062607722404,-0.5874223568598589,-0.5571704354729425,0,0
-0.22063964390752422,-0.19844712981526558,0.18751208785415277,1,1,0,0,0.744261375857174,1,0,-0.5812496977647484,-0.5874223568598589,-0.6241722615827874,0,0
-0.4001907074050438,-0.4241475902250075,-0.9896778482605697,0,0,0,0,-0.004432495023048,1,0,-0.5812496977647484,-0.5874223568598589,-0.802843797875707,0,0
-0.440092186902984,-0.19844712981526558,-0.49026393596947526,0,0,0,0,-0.8696214274064544,1,0,-0.33589313475725646,-0.5874223568598589,-0.8279694826668988,0,0
-0.3190816398363189,-0.6498480506347494,-0.525936358275982,0,0,0,0,1.1150566325929196,1,1,-0.33589313475725646,-0.5874223568598589,-0.5348364934363277,0,0
0.9201179194569215,3.1870597763308637,1.4360468685818886,1,1,1,1,-1.089825507077108,0,1,2.6083856213326473,0.06256088724510249,1.3244641811118674,1,1
-0.43687058982576527,-0.4241475902250075,-0.16921213521091455,0,0,0,0,1.129263347410381,1,1,-0.33589313475725646,-0.5874223568598589,-0.654881431883133,0,0
-0.43968096095466574,-0.6498480506347494,-0.8826605813410494,0,0,0,0,0.8806458381048046,1,0,-0.5812496977647484,-0.5874223568598589,-0.4678346673264827,0,0
-0.4293589933626423,-0.4241475902250075,0.009149976321619119,1,1,0,0,1.2855372104024578,1,0,-0.5812496977647484,-0.5874223568598589,-0.6744236311651711,0,0
2.126928479016904,2.5099583951016378,1.8641159362599693,1,1,1,0,-1.0955081930040926,0,1,1.6269593693026794,0.7125441313500638,1.628764141360746,1,1
-0.4314435850433772,-0.4241475902250075,-0.5616087805824888,0,0,0,0,-0.7062442070056469,1,0,-0.5812496977647484,-0.5874223568598589,-0.5432117217000583,0,0
-0.39798480897678584,-0.19844712981526558,0.22318451016065954,1,0,0,0,0.20014419834839786,1,0,-0.5812496977647484,-0.5874223568598589,-0.6381309753556718,0,0
-0.4414362774428929,-0.4241475902250075,-0.9540054259540629,1,1,1,1,-1.1310249800477463,0,1,1.8723159323101712,2.0125106195599867,1.7041411957343218,1,1
-0.33101033296531557,-0.4241475902250075,0.18751208785415277,1,0,0,0,1.5369960626715269,1,0,-0.5812496977647484,-0.5874223568598589,-0.6883823449380554,0,0
-0.4414305850550641,-0.19844712981526558,-0.4545915136629685,0,0,0,0,-0.538604972159601,1,0,-0.5812496977647484,-0.5874223568598589,-0.41758329774409914,0,0
-0.4332007662793414,-0.4241475902250075,-0.6686260475020089,0,0,0,0,1.0994292462937119,1,0,-0.8266062607722404,-0.5874223568598589,-0.5432117217000583,0,0
-0.4412095633759203,-0.19844712981526558,-0.20488455751742132,0,0,0,0,0.03250496350235194,1,0,-0.33589313475725646,-0.5874223568598589,-0.719091515238401,0,0
-0.4370295841064993,-0.6498480506347494,-0.7756433144215291,1,1,1,1,-1.1125562507850464,0,1,0.4001765542652195,0.7125441313500638,1.6455145978882073,1,1
-0.4418288559138411,-0.6498480506347494,-0.6686260475020089,1,1,1,1,-1.109714907821554,0,1,0.6455331172727115,1.3625273754550251,1.2797962970386376,1,1
-0.4225866221603148,-0.19844712981526558,-0.8113157367280359,0,0,0,0,0.1717307687134748,1,0,-0.5812496977647484,-0.5874223568598589,-0.5767126347549807,0,0
2.4154204607810215,3.4127602367406054,1.4360468685818886,1,1,1,1,-1.099770207449331,0,0,0.6455331172727115,0.7125441313500638,1.5980549710604004,1,1
-0.4307537265253035,-0.6498480506347494,-0.9183330036475561,0,0,0,0,-0.6977201781151701,1,0,-0.8266062607722404,-0.5874223568598589,-0.7777181130845152,0,0
-0.3958363251499041,-0.19844712981526558,-0.525936358275982,0,0,0,0,-0.7318162936770777,1,0,-0.8266062607722404,-0.5874223568598589,-0.6046300623007493,0,0
-0.44096940349631775,-0.19844712981526558,-0.9896778482605697,0,0,0,0,0.7272133180762201,1,0,-0.5812496977647484,-0.5874223568598589,-0.632547489846518,0,0
-0.4035764022831189,-0.4241475902250075,0.5799087332257269,0,0,0,0,1.4048736148691345,1,0,-0.5812496977647484,-0.5874223568598589,-0.5655456637366731,0,0
-0.43780080451267706,-0.19844712981526558,-0.4189190913564617,0,0,0,0,1.1164773040746658,1,0,-0.33589313475725646,-0.5874223568598589,-0.7246750007475548,0,0
-0.4416816389872355,-0.4241475902250075,-0.9183330036475561,1,1,1,1,-1.126762965602508,0,1,1.3816028062951873,2.0125106195599867,1.2686293260203299,1,1
-0.4370295841064993,-0.6498480506347494,-0.7399708921150225,1,1,1,1,-1.118238936712031,0,1,1.1362462432876954,1.3625273754550251,1.5840962572875161,1,1
-0.4343609338056111,0.02725333059447637,-0.31190182443694153,1,0,0,0,2.2515938179898414,1,0,-0.5812496977647484,-0.5874223568598589,-0.802843797875707,0,0
-0.42804424806343677,-0.4241475902250075,-0.06219486829139442,0,0,0,0,1.2059796074246734,1,0,-0.5812496977647484,-0.5874223568598589,-0.8223859971577452,0,0
-0.4373416839909031,-0.6498480506347494,0.08049482093463266,0,0,0,0,-0.8255806114723238,1,0,-0.33589313475725646,-0.5874223568598589,-0.8530951674580907,0,0
-0.4374499375042671,-0.6498480506347494,-0.6686260475020089,0,0,0,0,0.6362903432444664,1,0,-0.8266062607722404,-0.5874223568598589,-0.5125025513997127,0,0
-0.42425773056652355,-0.19844712981526558,-0.7042984698085157,0,0,0,0,0.2399229998372901,1,0,-0.33589313475725646,-0.5874223568598589,-0.5125025513997127,0,0
-0.38183727130974426,-0.19844712981526558,0.08049482093463266,0,0,0,0,0.735737346966697,1,0,-0.8266062607722404,-0.5874223568598589,-0.6492979463739792,0,0
-0.41321822767422456,-0.6498480506347494,-0.3475742467434483,0,0,0,0,-0.7332369651588239,1,0,-0.33589313475725646,-0.5874223568598589,-0.39245761295290726,0,0
-0.435488909897263,-0.4241475902250075,-0.525936358275982,0,0,0,0,-0.8170565825818468,1,0,-0.5812496977647484,-0.5874223568598589,-0.4706264100810596,0,0
-0.21651109241779742,-0.4241475902250075,0.04482239862812589,1,0,0,0,1.0965879033302197,1,0,-0.5812496977647484,-0.5874223568598589,-0.7274667435021316,0,0
-0.4359084781380889,-0.6498480506347494,-0.5972812028889956,0,0,0,0,0.45018237913572057,1,0,-0.5812496977647484,-0.5874223568598589,-0.6520896891285561,0,0
3.030088031735575,0.7043547118237021,2.0424780477925033,0,1,1,0,-1.1026115504128233,0,1,1.8723159323101712,2.6624938636649476,1.6622650544156687,1,1
-0.38458227812323187,-0.19844712981526558,-0.9183330036475561,0,0,0,0,0.4175069350555591,0,0,-0.5812496977647484,-0.5874223568598589,-0.45108421079902156,0,0
-0.4314124731995546,-0.19844712981526558,-0.3832466690499551,0,0,0,0,1.4432317448762806,1,0,-0.33589313475725646,-0.5874223568598589,-0.7302584862567084,0,0
3.517787579182207,3.1870597763308637,1.6144089801144224,1,0,1,1,-1.0869841641136155,0,1,1.3816028062951873,0.06256088724510249,1.6678485399248222,1,1
-0.4414362774428929,-0.4241475902250075,-1.0253502705670765,1,1,1,1,-1.1253422941207618,0,1,1.1362462432876954,2.0125106195599867,1.5170944311776715,1,1
-0.4300543479793093,-0.19844712981526558,-0.2405569798239281,0,0,0,0,0.6348696717627202,1,0,-0.5812496977647484,-0.5874223568598589,-0.43154201151698346,0,0
-0.4230123735120581,-0.19844712981526558,-0.3832466690499551,0,0,0,0,-0.5414463151230934,1,0,-0.33589313475725646,-0.5874223568598589,-0.7079245442200935,0,0
-0.12327036865059554,-0.19844712981526558,0.151839665547646,1,0,1,0,-0.15502367208814008,1,0,-0.5812496977647484,-0.5874223568598589,-0.7358419717658622,0,0
-0.4338078888846628,-0.19844712981526558,-0.7399708921150225,0,0,0,0,0.6760691447333587,1,0,-0.8266062607722404,-0.5874223568598589,-0.8530951674580907,0,0
0.7129179468289906,0.47865425141396023,1.6144089801144224,1,1,1,0,-1.109714907821554,0,1,2.117672495317663,1.3625273754550251,1.4473008623132497,0,1
-0.4416816389872355,-0.4241475902250075,-0.7399708921150225,1,1,1,1,-1.1068735648580619,0,1,1.6269593693026794,1.3625273754550251,1.6650567971702455,1,1
0.45366619102727257,2.9613593159211216,2.363529848551064,1,1,0,1,-1.1040322218945695,0,1,2.6083856213326473,2.0125106195599867,1.3160889528481368,1,1
-0.43585783551533663,-0.6498480506347494,-0.5616087805824888,0,0,0,0,-0.5428669866048396,1,0,-0.8266062607722404,-0.5874223568598589,-0.8168025116485913,0,0
-0.2792068556744032,-0.4241475902250075,-0.13353971290440778,1,0,0,0,-0.5627563873492857,1,0,-0.5812496977647484,-0.5874223568598589,-0.6995493159563628,0,0
-0.4308441177182394,-0.19844712981526558,-0.2405569798239281,0,0,0,0,0.9388933688563967,1,0,-0.33589313475725646,-0.5874223568598589,-0.8838043377584363,0,0
-0.4401133861404152,-0.19844712981526558,-0.7756433144215291,0,0,0,0,-0.3311869358246629,1,0,-0.33589313475725646,-0.5874223568598589,-0.88938782326759,0,0
-0.4232555758748105,-0.4241475902250075,-0.0978672905979012,0,0,0,0,-0.9534410448294773,1,0,-0.33589313475725646,-0.5874223568598589,-0.5543786927183657,0,0
-0.43629673824585674,-0.19844712981526558,-0.13353971290440778,0,0,0,0,0.6774898162151048,1,0,-0.8266062607722404,-0.5874223568598589,-0.8865960805130131,0,0
-0.35545001124034287,-0.6498480506347494,-0.9540054259540629,0,0,0,0,1.32531601189135,1,0,-0.8266062607722404,-0.5874223568598589,-0.5571704354729425,0,0
-0.00048399287059622297,3.1870597763308637,1.7570986693404496,1,1,0,0,-1.089825507077108,0,0,1.6269593693026794,2.0125106195599867,1.7041411957343218,1,1
-0.2969296144561245,0.02725333059447637,-0.20488455751742132,1,0,0,0,1.3594121274532578,1,0,-0.5812496977647484,-0.5874223568598589,-0.6576731746377098,0,0
3.0290039262880515,3.1870597763308637,1.4003744462753818,0,0,1,0,-1.1054528933763157,0,1,1.1362462432876954,2.0125106195599867,1.6538898261519377,1,1
0.5496960866859437,3.1870597763308637,1.8284435139534625,0,1,0,1,-1.128183637084254,0,1,2.853742184340139,1.3625273754550251,1.5478036014780168,1,1
-0.4289111594719081,-0.4241475902250075,-0.31190182443694153,0,0,0,0,1.539837405635019,1,0,-0.33589313475725646,-0.5874223568598589,-0.48179338109936704,0,0
-0.4369742305420956,-0.19844712981526558,-0.3832466690499551,0,0,0,0,-0.02148055280400182,1,0,-0.5812496977647484,-0.5874223568598589,-0.8865960805130131,0,0
-0.36987805520463135,-0.4241475902250075,-0.8826605813410494,0,0,0,0,0.12911062426109027,1,0,-0.5812496977647484,-0.5874223568598589,-0.4119998122349453,0,0
-0.4415839850925872,-0.6498480506347494,-0.8113157367280359,0,0,0,0,-0.015797866877017213,1,0,-0.33589313475725646,-0.5874223568598589,-0.8000520551211302,0,0
-0.36224613344016277,-0.4241475902250075,-0.6686260475020089,0,0,0,0,-0.19196113061354003,1,0,-0.33589313475725646,-0.5874223568598589,-0.6492979463739792,0,0
-0.4266184030569528,-0.4241475902250075,-0.27622940213043484,0,0,0,0,-0.875304113333439,1,0,-0.5812496977647484,-0.5874223568598589,-0.49575209487225136,0,0
-0.4275331108942622,-0.19844712981526558,-0.31190182443694153,0,0,0,0,0.31379791688809,1,0,-0.33589313475725646,-0.5874223568598589,-0.8084272833848608,0,0
3.3845102307784405,0.47865425141396023,2.1494953147120235,1,1,0,0,-1.0926668500406003,0,1,1.3816028062951873,0.06256088724510249,1.7320586232800905,1,1
-0.4353701549098012,-0.19844712981526558,-0.49026393596947526,0,0,0,0,0.360680075785713,1,0,-0.8266062607722404,-0.5874223568598589,-0.8279694826668988,0,0
-0.4232461539915078,-0.6498480506347494,-0.8469881590345426,0,0,0,0,0.27401911539919777,1,0,-0.33589313475725646,-0.5874223568598589,-0.8084272833848608,0,0
-0.350533554759423,-0.4241475902250075,0.6512535778387404,1,0,0,0,1.987348922385057,1,0,-0.5812496977647484,-0.5874223568598589,-0.8223859971577452,0,0
-0.3519790286894543,-0.19844712981526558,-0.27622940213043484,0,0,0,0,-0.6891961492246932,1,0,-0.8266062607722404,-0.5874223568598589,-0.4092080694803685,0,0
-0.432570874122705,-0.19844712981526558,-0.27622940213043484,0,0,0,0,0.7385786899301894,1,0,-0.33589313475725646,-0.5874223568598589,-0.7135080297292472,0,0
-0.43046488691530344,-0.19844712981526558,-0.9540054259540629,0,0,0,0,-0.36812439435006283,1,0,-0.8266062607722404,-0.5874223568598589,-0.7442172000295928,0,0
-0.4305438933325817,-0.19844712981526558,-0.13353971290440778,0,0,0,0,1.0397610440603735,1,0,-0.5812496977647484,-0.5874223568598589,-0.5348364934363277,0,0
-0.4292368033135596,-0.19844712981526558,-0.16921213521091455,0,0,0,0,0.7797781629008278,1,0,-0.5812496977647484,-0.5874223568598589,-0.5571704354729425,0,0
-0.4332842873490356,-0.4241475902250075,-0.2405569798239281,0,0,0,0,-0.9136622433405851,1,0,-0.5812496977647484,-0.5874223568598589,-0.5655456637366731,0,0
-0.390982288645865,-0.4241475902250075,-0.2405569798239281,0,0,0,0,0.35925940430396686,1,0,-0.8266062607722404,-0.5874223568598589,-0.7051328014655166,0,0
-0.4415578786242691,-0.6498480506347494,0.11616724324113924,0,0,0,0,0.78261950586432,1,0,-0.33589313475725646,-0.5874223568598589,-0.5180860369088663,0,0
1.0146057668817081,0.02725333059447637,2.0424780477925033,1,0,1,1,-1.119659608193777,1,0,0.6455331172727115,0.7125441313500638,1.3635485796759437,1,1
-0.4331358926870172,-0.19844712981526558,-0.13353971290440778,0,0,0,0,0.7755161484555894,1,0,-0.5812496977647484,-0.5874223568598589,-0.4203750404986759,0,0
-0.4375270791738084,-0.4241475902250075,-0.16921213521091455,0,0,0,0,-0.6465760047723086,1,0,-0.33589313475725646,-0.5874223568598589,-0.6046300623007493,0,0
-0.4304837306819089,-0.6498480506347494,-0.026522445984887653,0,0,0,0,0.501326552478582,1,0,-0.5812496977647484,-0.5874223568598589,-0.4678346673264827,0,0
-0.4414362774428929,-0.4241475902250075,-0.7042984698085157,1,1,1,1,-1.1239216226390156,0,1,0.4001765542652195,0.7125441313500638,1.5701375435146316,1,1
-0.3957524115017389,-0.19844712981526558,-0.8113157367280359,0,0,0,0,0.921845311075443,1,0,-0.33589313475725646,-0.5874223568598589,-0.5292530079271739,0,0
3.2265121179144485,1.381456093052928,2.3278574262445573,0,0,0,0,-1.0969288644858386,0,1,2.117672495317663,2.6624938636649476,1.592471485551247,1,1
-0.4191304594467045,-0.19844712981526558,-0.3832466690499551,0,0,0,0,-0.8682007559247082,1,0,-0.33589313475725646,-0.5874223568598589,-0.867053881230975,0,0
-0.4409455543542076,-0.6498480506347494,-1.0253502705670765,1,1,1,1,-1.1253422941207618,0,1,0.6455331172727115,0.7125441313500638,1.5338448877051325,1,1
-0.4416816389872355,-0.4241475902250075,-0.7756433144215291,1,1,1,0,-1.1082942363398078,0,1,0.1548199912577275,0.7125441313500638,1.525469659441402,1,1
1.8554121792042932,2.058557474282154,1.6144089801144224,1,0,0,1,-1.109714907821554,1,0,2.853742184340139,2.0125106195599867,1.3802990362034047,0,1
0.520743620742749,3.6384606971503475,1.7570986693404496,0,1,1,0,-1.1082942363398078,0,1,0.4001765542652195,2.6624938636649476,1.4808017753681721,1,1
-0.4375047022009644,-0.6498480506347494,0.08049482093463266,0,0,0,0,-0.41216521028419356,1,0,-0.5812496977647484,-0.5874223568598589,-0.8168025116485913,0,0
-0.42399735289566715,-0.19844712981526558,-0.6329536251955021,0,0,0,0,1.6407050808389958,1,0,-0.5812496977647484,-0.5874223568598589,-0.7581759138024772,0,0
-0.4418288559138411,-0.4241475902250075,-0.6686260475020089,1,1,1,1,-1.1082942363398078,0,1,0.1548199912577275,0.7125441313500638,1.45567609057698,1,1
2.180901344938276,1.60715655346267,1.5787365578079158,1,0,1,0,-1.0784601352231387,0,1,2.3630290583251554,2.0125106195599867,1.7236833950163595,1,1
-0.36763123047077706,-0.19844712981526558,-0.20488455751742132,1,0,0,0,1.6648564960286805,1,0,-0.5812496977647484,-0.5874223568598589,-0.56833740649125,0,0
-0.417445807083248,-0.19844712981526558,-0.2405569798239281,0,0,0,0,0.42603096394603596,1,0,-0.33589313475725646,-0.5874223568598589,-0.4706264100810596,0,0
-0.4174062548023,-0.6498480506347494,-0.7399708921150225,0,0,0,0,0.6647037728793895,1,0,-0.33589313475725646,-0.5874223568598589,-0.4064163267257916,0,0
-0.4414362774428929,-0.6498480506347494,-0.6686260475020089,1,1,1,1,-1.1253422941207618,0,1,1.6269593693026794,2.0125106195599867,1.6790155109431297,1,1
-0.42975481060597576,-0.6498480506347494,-0.4189190913564617,0,0,0,0,1.6179743371310575,1,0,-0.33589313475725646,-0.5874223568598589,-0.7051328014655166,0,0
-0.4418288559138411,-0.4241475902250075,-0.6329536251955021,1,0,1,0,-1.1068735648580619,0,1,1.6269593693026794,2.0125106195599867,1.5170944311776715,0,1
-0.4337867877918493,-0.6498480506347494,-0.4545915136629685,0,0,0,0,-0.0839900980008325,1,0,-0.5812496977647484,-0.5874223568598589,-0.4566676963081753,0,0
-0.4001699988907013,-0.4241475902250075,-0.3475742467434483,0,0,0,0,1.0198716433159274,1,0,-0.33589313475725646,-0.5874223568598589,-0.5655456637366731,0,0
-0.42760662121294724,-0.6498480506347494,-0.16921213521091455,0,0,0,0,1.6080296367588345,1,0,-0.33589313475725646,-0.5874223568598589,-0.4287502687624066,0,0
1.8278634757285914,0.7043547118237021,2.18516773701853,0,1,0,0,-1.118238936712031,0,1,2.853742184340139,1.3625273754550251,1.3886742644671353,1,1
-0.4370295841064993,-0.6498480506347494,-0.7042984698085157,1,1,1,0,-1.126762965602508,0,1,1.8723159323101712,0.7125441313500638,1.7208916522617828,1,1
-0.21676391295308806,0.02725333059447637,0.25885693246716635,0,1,0,0,0.4047208917198437,1,0,-0.5812496977647484,-0.5874223568598589,-0.6967575732017861,0,0
-0.4377591911947565,-0.4241475902250075,-0.3475742467434483,0,0,0,0,0.01971892016663658,1,0,-0.8266062607722404,-0.5874223568598589,-0.5376282361909044,0,0
-0.348434437675263,-0.19844712981526558,0.7939432670647675,1,0,1,0,0.3166392598515823,1,0,-0.5812496977647484,-0.5874223568598589,-0.5655456637366731,0,0
-0.4370295841064993,-0.6498480506347494,-0.7399708921150225,1,1,1,1,-1.1239216226390156,0,1,1.1362462432876954,1.3625273754550251,1.4808017753681721,1,1
-0.40995688202682234,-0.6498480506347494,-0.8826605813410494,0,0,0,0,1.4673831600659655,1,0,-0.5812496977647484,-0.5874223568598589,-0.4427089825352909,0,0
-0.36522030793606636,-0.4241475902250075,-0.06219486829139442,1,0,0,0,1.9362047490421954,1,0,-0.5812496977647484,-0.5874223568598589,-0.8195942544031682,0,0
-0.244501741107169,-0.19844712981526558,0.11616724324113924,1,0,0,0,2.2075530020557106,1,0,-0.5812496977647484,-0.5874223568598589,-0.5739208920004037,0,0
2.263438024116604,1.155755632643186,2.4348746931640775,0,1,0,1,-1.071356777814408,0,1,1.6269593693026794,2.6624938636649476,1.3021302390752525,1,1
1.287640363930711,1.832857013872412,1.7214262470339428,0,1,1,1,-1.0855634926318696,0,1,0.6455331172727115,0.7125441313500638,1.6901824819614375,1,1
-0.42054128832667464,-0.4241475902250075,-0.525936358275982,0,0,0,0,0.48569916617937436,1,0,-0.5812496977647484,-0.5874223568598589,-0.6353392326010948,0,0
-0.4409455543542076,-0.4241475902250075,-0.5972812028889956,1,1,1,0,-1.1296043085660001,0,1,0.8908896802802034,2.0125106195599867,1.5729292862692088,1,1
1.2237765815784163,1.155755632643186,1.935460780872983,1,1,1,1,-1.0727774492961542,0,0,0.6455331172727115,1.3625273754550251,1.7488090798075515,1,1
3.4549536283038274,2.5099583951016378,2.399202270857571,1,0,0,1,-1.1296043085660001,0,1,0.6455331172727115,2.0125106195599867,1.7934769638807815,1,1
-0.43415443752989236,-0.19844712981526558,-1.061022692873583,0,0,0,0,-0.7858018099834315,1,0,-0.8266062607722404,-0.5874223568598589,-0.6018383195461724,0,0
-0.4130608037073743,-0.4241475902250075,0.009149976321619119,0,0,0,0,1.4901139037739037,1,0,-0.33589313475725646,-0.5874223568598589,-0.5208777796634433,0,0
-0.4409455543542076,-0.4241475902250075,-1.061022692873583,1,1,1,0,-1.1068735648580619,0,1,0.6455331172727115,1.3625273754550251,1.4110082065037504,1,1
-0.4399377072746658,-0.4241475902250075,-0.8113157367280359,0,0,0,0,-0.8554147125889929,0,0,-0.33589313475725646,-0.5874223568598589,-0.5152942941542895,0,0
-0.4418288559138411,-0.4241475902250075,-0.9183330036475561,1,1,0,1,-1.1210802796755233,1,1,0.4001765542652195,2.0125106195599867,1.5813045145329394,1,1
-0.41226220095284793,-0.4241475902250075,0.9366329562907942,1,0,0,0,-0.49740549918896265,1,0,-0.5812496977647484,-0.5874223568598589,-0.56833740649125,0,0
-0.38758412940133735,-0.6498480506347494,-0.5972812028889956,0,0,0,0,1.1420493907460965,1,0,-0.33589313475725646,-0.5874223568598589,-0.7888850841028227,0,0
0.6720118590238939,1.381456093052928,1.8284435139534625,0,1,0,1,-1.126762965602508,0,0,2.117672495317663,0.7125441313500638,1.5785127717783627,1,1
-0.4320925172558546,-0.19844712981526558,0.08049482093463266,0,0,0,0,0.8422877080976584,1,0,-0.5812496977647484,-0.5874223568598589,-0.7051328014655166,0,0
-0.36259631343624854,0.02725333059447637,0.08049482093463266,1,0,0,0,1.9475701208961647,1,0,-0.5812496977647484,-0.5874223568598589,-0.6660484029014404,0,0
-0.4279751542525499,-0.19844712981526558,0.5442363109192201,1,0,0,0,-0.4434199828826089,1,0,-0.5812496977647484,-0.5874223568598589,-0.7805098558390922,0,0
-0.44058830794564474,-0.6498480506347494,-0.4545915136629685,0,0,0,0,-0.28856679137227836,1,0,-0.5812496977647484,-0.5874223568598589,-0.88938782326759,0,0
-0.4160105401934614,0.02725333059447637,-0.16921213521091455,0,0,0,0,-0.5627563873492857,1,0,-0.5812496977647484,-0.5874223568598589,-0.7023410587109398,0,0
0.8293795890081609,0.02725333059447637,1.543064135501409,0,1,0,1,-1.1153975937485388,0,1,2.853742184340139,2.0125106195599867,1.4528843478224036,1,1
2.8006143344014562,1.381456093052928,2.399202270857571,0,1,0,0,-1.1310249800477463,0,0,0.4001765542652195,1.3625273754550251,1.7208916522617828,1,1
-0.4418288559138411,-0.4241475902250075,-0.8113157367280359,1,1,1,1,-1.1040322218945695,0,1,0.8908896802802034,0.7125441313500638,1.7320586232800905,1,1
-0.42411797263086604,-0.6498480506347494,-0.49026393596947526,0,0,0,0,0.5908288558285896,1,0,-0.8266062607722404,-0.5874223568598589,-0.7749263703299383,0,0
-0.38432023199387394,-0.19844712981526558,-0.7756433144215291,0,0,0,0,-0.7616503947937469,1,0,-0.8266062607722404,-0.5874223568598589,-0.8586786529672444,0,0
-0.39213794151971876,-0.4241475902250075,-0.8113157367280359,0,0,0,0,1.4858518893286654,1,0,-0.5812496977647484,-0.5874223568598589,-0.43154201151698346,0,0
-0.2129494242401198,-0.19844712981526558,0.8652881116777811,1,0,1,0,1.649229109729473,1,0,-0.5812496977647484,-0.5874223568598589,-0.8168025116485913,0,0
2.0234414571579538,2.058557474282154,1.9711332031794895,0,0,1,0,-1.1139769222667926,0,1,2.117672495317663,1.3625273754550251,1.4445091195586726,1,1
-0.4361665003381196,-0.4241475902250075,0.04482239862812589,0,0,0,0,0.4700717798801667,1,0,-0.33589313475725646,-0.5874223568598589,-0.8335529681760526,0,0
-0.4368087587165909,-0.19844712981526558,-1.061022692873583,0,0,0,0,-0.08825211244607095,1,0,-0.33589313475725646,-0.5874223568598589,-0.4985438376268283,0,0
-0.4353225547701987,-0.4241475902250075,-0.13353971290440778,1,0,0,0,1.139208047782604,1,0,-0.5812496977647484,-0.5874223568598589,-0.719091515238401,0,0
-0.4277054528430084,-0.4241475902250075,-0.7042984698085157,0,0,0,0,-0.4434199828826089,1,0,-0.5812496977647484,-0.5874223568598589,-0.760967656557054,0,0
-0.4284516463716632,-0.6498480506347494,-0.49026393596947526,0,0,0,0,0.7513647332659047,0,0,-0.33589313475725646,-0.5874223568598589,-0.526461265172597,0,0
-0.43887921757237175,-0.19844712981526558,-0.27622940213043484,0,0,0,0,0.4743337943254051,1,0,-0.8266062607722404,-0.5874223568598589,-0.44550072528986784,0,0
-0.40831138936584294,-0.4241475902250075,-0.31190182443694153,0,0,0,0,1.2812751959572193,1,1,-0.33589313475725646,-0.5874223568598589,-0.7777181130845152,0,0
-0.42620737339787007,-0.19844712981526558,-0.4545915136629685,0,0,0,0,1.2755925100302348,1,0,-0.5812496977647484,-0.5874223568598589,-0.8391364536852063,0,0
-0.4303939283566795,-0.6498480506347494,-0.16921213521091455,0,0,0,0,-0.8412079977715314,1,0,-0.8266062607722404,-0.5874223568598589,-0.7749263703299383,0,0
-0.40345470295712493,-0.6498480506347494,-0.20488455751742132,0,0,0,0,0.08791115129045186,1,0,-0.8266062607722404,-0.5874223568598589,-0.7135080297292472,0,0
-0.42916574661031803,-0.4241475902250075,0.3658741993866864,1,0,0,0,0.5467880398944589,1,0,-0.5812496977647484,-0.5874223568598589,-0.7107162869746704,0,0
0.3354434418274285,3.1870597763308637,1.9711332031794895,1,1,1,1,-1.0798808067048848,0,1,2.853742184340139,2.6624938636649476,1.3328394093755978,1,1
-0.40875745665345786,-0.4241475902250075,-0.3475742467434483,0,0,0,0,1.3224746689278577,1,0,-0.5812496977647484,-0.5874223568598589,-0.590671348527865,0,0
-0.44134431593607326,-0.6498480506347494,-0.8826605813410494,0,0,0,0,0.41324492061032064,0,0,-0.5812496977647484,-0.5874223568598589,-0.5152942941542895,0,0
-0.4360707111912083,-0.6498480506347494,-0.026522445984887653,0,0,0,0,-0.7289749507135854,0,0,-0.8266062607722404,-0.5874223568598589,-0.5655456637366731,0,0
-0.43193018605811756,-0.19844712981526558,-0.06219486829139442,0,0,0,0,1.2159243077968964,1,0,-0.5812496977647484,-0.5874223568598589,-0.590671348527865,0,0
-0.42166651636902996,-0.4241475902250075,-1.061022692873583,0,0,0,0,0.8138742784627354,1,0,-0.5812496977647484,-0.5874223568598589,-0.8195942544031682,0,0
-0.4315111085403804,-0.4241475902250075,-1.0253502705670765,0,0,0,0,0.34221134652301305,1,0,-0.33589313475725646,-0.5874223568598589,-0.4427089825352909,0,0
-0.4307819921752118,-0.6498480506347494,-0.3475742467434483,0,0,0,0,1.6435464238024882,1,0,-0.8266062607722404,-0.5874223568598589,-0.6185887760736337,0,0
0.2687342507177015,-0.19844712981526558,-0.3475742467434483,1,0,0,0,1.913474005334257,1,0,-0.5812496977647484,-0.5874223568598589,-0.7888850841028227,0,0
-0.42440337717924537,-0.4241475902250075,-0.7399708921150225,0,0,0,0,1.2741718385484886,1,0,-0.8266062607722404,-0.5874223568598589,-0.4147915549895222,0,0
-0.4418288559138411,-0.4241475902250075,-0.5972812028889956,1,1,1,1,-1.1054528933763157,0,1,1.8723159323101712,0.7125441313500638,1.6790155109431297,1,1
-0.409064551162357,-0.6498480506347494,0.009149976321619119,0,0,0,0,1.0582297733230734,1,0,-0.33589313475725646,-0.5874223568598589,-0.439917239780714,0,0
2.3774725498991374,0.2529537910042183,1.899788358566476,1,1,0,0,-1.1111355793033002,1,0,0.8908896802802034,2.0125106195599867,1.6734320254339758,1,1
-0.41752373390973124,-0.19844712981526558,-0.5616087805824888,0,0,0,0,0.4601270795079436,1,0,-0.33589313475725646,-0.5874223568598589,-0.4566676963081753,0,0
-0.20719177024057572,-0.19844712981526558,0.47289146630620676,1,0,0,0,1.6918492541818573,1,0,-0.5812496977647484,-0.5874223568598589,-0.6744236311651711,1,0
-0.4236249922159728,-0.4241475902250075,-0.8113157367280359,0,0,0,0,-0.11808621356274014,1,0,-0.5812496977647484,-0.5874223568598589,-0.5125025513997127,0,0
-0.4418288559138411,-0.6498480506347494,-0.5972812028889956,1,1,1,1,-1.1040322218945695,0,1,0.4001765542652195,2.0125106195599867,1.6036384565695543,1,1
-0.4242062046422116,-0.6498480506347494,-0.8826605813410494,0,0,0,0,0.7044825743682818,1,0,-0.33589313475725646,-0.5874223568598589,-0.6772153739197478,0,0
-0.330840739065866,-0.4241475902250075,-0.6329536251955021,0,0,0,0,-0.5144535569699165,1,0,-0.8266062607722404,-0.5874223568598589,-0.8782208522492826,0,0
-0.42857099022683154,-0.19844712981526558,-0.49026393596947526,0,0,0,0,0.46154775098968975,1,0,-0.33589313475725646,-0.5874223568598589,-0.5487952072092119,0,0
-0.4236002597723031,-0.19844712981526558,-1.0253502705670765,0,0,0,0,1.6549117956564574,1,1,-0.33589313475725646,-0.5874223568598589,-0.5152942941542895,0,0
-0.4370295841064993,-0.6498480506347494,-0.9183330036475561,1,1,1,1,-1.1082942363398078,0,1,0.1548199912577275,1.3625273754550251,1.4054247209945967,1,1
1.646023679745444,3.1870597763308637,2.2565125816315437,1,1,1,0,-1.0855634926318696,0,1,0.8908896802802034,2.0125106195599867,1.5589705724963245,1,1
-0.41189042914085994,0.02725333059447637,0.9009605339842874,0,0,0,0,1.6662771675104266,1,0,-0.5812496977647484,-0.5874223568598589,-0.719091515238401,0,0
2.6596853371650564,0.02725333059447637,2.2565125816315437,1,0,0,0,-1.071356777814408,0,1,2.853742184340139,0.06256088724510249,1.8102274204082425,1,1
-0.4414362774428929,-0.6498480506347494,-0.9896778482605697,1,1,1,1,-1.109714907821554,0,1,1.1362462432876954,0.7125441313500638,1.2435036412291383,1,1
-0.44086654793692925,-0.19844712981526558,-0.4545915136629685,0,0,0,0,0.2555503861364978,1,0,-0.5812496977647484,-0.5874223568598589,-0.4064163267257916,0,0
-0.4150563782198218,-0.19844712981526558,-0.8469881590345426,0,0,0,0,-0.8071118822096237,1,0,-0.5812496977647484,-0.5874223568598589,-0.7498006855387466,0,0
-0.3361390762544007,0.02725333059447637,0.6869260001452472,0,0,1,0,1.828233716429488,1,0,-0.5812496977647484,-0.5874223568598589,-0.5627539209820963,0,0
-0.43066029284921786,-0.6498480506347494,-0.7042984698085157,0,0,0,0,0.5482087113762051,1,0,-0.33589313475725646,-0.5874223568598589,-0.8419281964397832,0,0
-0.4405566072341157,-0.6498480506347494,-0.9183330036475561,0,0,0,0,1.3281573548548424,1,0,-0.5812496977647484,-0.5874223568598589,-0.6967575732017861,0,0
0.4198941373408646,0.7043547118237021,1.9711332031794895,1,1,1,1,-1.1324456515294925,0,0,1.1362462432876954,2.6624938636649476,1.5840962572875161,1,1
-0.4412769887283056,-0.4241475902250075,-0.7756433144215291,0,0,0,0,0.11916592388886721,1,0,-0.5812496977647484,-0.5874223568598589,-0.8698456239855519,0,0
-0.42033302544783663,-0.4241475902250075,-0.31190182443694153,0,0,0,0,0.585146169901605,1,0,-0.8266062607722404,-0.5874223568598589,-0.40083284121663787,0,0
-0.4387336691042677,-0.19844712981526558,-0.8469881590345426,0,0,0,0,-0.1251895709714709,1,0,-0.5812496977647484,-0.5874223568598589,-0.4790016383447902,0,0
-0.43431038932747656,-0.6498480506347494,-0.7756433144215291,0,0,0,0,-0.26441537618259375,1,0,-0.33589313475725646,-0.5874223568598589,-0.5487952072092119,0,0
-0.4409455543542076,-0.4241475902250075,-0.5972812028889956,1,1,1,1,-1.1239216226390156,0,1,0.1548199912577275,0.7125441313500638,1.478010032613595,1,1
-0.39379373936556056,-0.6498480506347494,0.04482239862812589,0,0,0,0,-0.8426286692532775,1,1,-0.5812496977647484,-0.5874223568598589,-0.8391364536852063,0,0
0.805078981656467,0.47865425141396023,1.4360468685818886,1,1,0,0,-1.1026115504128233,0,1,2.3630290583251554,0.06256088724510249,1.6455145978882073,1,1
1.5819638044469109,3.4127602367406054,1.6500814024209292,1,1,1,0,-1.081301478186631,1,0,1.6269593693026794,1.3625273754550251,1.586888000042093,0,1
-0.42937096700600624,-0.19844712981526558,-0.4545915136629685,0,0,0,0,0.8664391232873431,1,0,-0.8266062607722404,-0.5874223568598589,-0.5125025513997127,0,0
3.745413213364337,2.058557474282154,1.5073917131949022,0,1,1,0,-1.089825507077108,0,1,2.853742184340139,2.6624938636649476,1.5226779166868252,1,1
-0.22781175813789473,0.02725333059447637,0.151839665547646,1,0,1,0,0.34221134652301305,1,0,-0.5812496977647484,-0.5874223568598589,-0.7162997724838241,0,0
3.7573068688648017,2.058557474282154,2.363529848551064,1,1,1,0,-1.0798808067048848,0,1,2.3630290583251554,2.6624938636649476,1.628764141360746,1,1
-0.4334294432386688,-0.4241475902250075,-0.0978672905979012,0,0,0,0,0.9516794121921122,1,0,-0.33589313475725646,-0.5874223568598589,-0.7246750007475548,0,0
-0.4401867983144825,-0.19844712981526558,-0.06219486829139442,0,0,0,0,-0.15076165764290164,1,0,-0.33589313475725646,-0.5874223568598589,-0.4678346673264827,0,0
-0.4221738258981127,-0.19844712981526558,-0.8826605813410494,0,0,0,0,0.3720454476396822,1,0,-0.8266062607722404,-0.5874223568598589,-0.4734181528356365,0,0
2.8516767216838357,2.284257934691896,2.07815047009901,1,0,1,1,-1.1040322218945695,0,0,0.6455331172727115,1.3625273754550251,1.804643934899089,1,1
-0.4402220322322501,-0.6498480506347494,-1.061022692873583,0,0,0,0,-0.5925904884659549,1,0,-0.5812496977647484,-0.5874223568598589,-0.6213805188282105,0,0
-0.4301538666216947,-0.19844712981526558,0.11616724324113924,0,0,0,0,0.32232194577856693,1,0,-0.8266062607722404,-0.5874223568598589,-0.7162997724838241,0,0
-0.4274451733167698,-0.4241475902250075,0.04482239862812589,0,0,0,0,0.6050355706460511,1,0,-0.5812496977647484,-0.5874223568598589,-0.8754291094947056,0,0
-0.4416816389872355,-0.6498480506347494,-0.7756433144215291,1,1,1,1,-1.1139769222667926,0,1,0.8908896802802034,2.0125106195599867,1.6343476268699,1,1
-0.37840476144900864,-0.19844712981526558,-0.16921213521091455,1,0,0,0,1.8680125179183802,1,0,-0.5812496977647484,-0.5874223568598589,-0.7749263703299383,0,0
-0.37668850651864083,-0.4241475902250075,-0.13353971290440778,1,0,0,0,0.24702635724602087,1,0,-0.5812496977647484,-0.5874223568598589,-0.7944685696119764,0,0
-0.4210111066117819,-0.6498480506347494,-0.4189190913564617,0,0,0,0,-0.9207656007493159,1,0,-0.8266062607722404,-0.5874223568598589,-0.6716318884105942,0,0
-0.4414362774428929,-0.4241475902250075,-0.7756433144215291,1,1,1,1,-1.1139769222667926,0,1,1.6269593693026794,1.3625273754550251,1.6678485399248222,1,1
0.06392272550701959,2.9613593159211216,2.2565125816315437,0,1,1,0,-1.1296043085660001,0,1,1.6269593693026794,0.7125441313500638,1.779518250107897,1,1
-0.4418288559138411,-0.6498480506347494,-0.6329536251955021,1,1,1,1,-1.1139769222667926,0,1,0.4001765542652195,1.3625273754550251,1.5282614021959786,1,1
-0.4005970261224752,-0.4241475902250075,-0.9540054259540629,0,0,0,0,0.25412971465475165,1,0,-0.5812496977647484,-0.5874223568598589,-0.7972603123665533,0,0
-0.4339979950092195,-0.6498480506347494,-1.061022692873583,0,0,0,0,-0.2743600765548168,1,0,-0.33589313475725646,-0.5874223568598589,-0.8000520551211302,0,0
-0.4379140634015456,-0.4241475902250075,-0.4545915136629685,0,0,0,0,0.5794634839746203,1,0,-0.5812496977647484,-0.5874223568598589,-0.8447199391943601,0,0
-0.3692809433503191,-0.4241475902250075,-0.6686260475020089,0,0,0,0,1.501479275627873,1,0,-0.5812496977647484,-0.5874223568598589,-0.6409227181102487,0,0
-0.4070567085726925,-0.4241475902250075,-0.9540054259540629,0,0,0,0,1.2713304955849962,1,0,-0.5812496977647484,-0.5874223568598589,-0.6660484029014404,0,0
2.5892893434900373,2.73565885551138,1.899788358566476,0,1,0,1,-1.0699361063326618,1,0,1.3816028062951873,2.0125106195599867,1.6371393696244767,1,1
2.0491865569935017,0.02725333059447637,1.899788358566476,1,0,1,0,-1.0841428211501234,1,1,2.853742184340139,1.3625273754550251,1.3105054673389829,1,1
-0.44170872690173096,-0.6498480506347494,-0.4189190913564617,0,0,0,0,1.4247630156135807,0,0,-0.33589313475725646,-0.5874223568598589,-0.4147915549895222,0,0
0.8482448492849595,2.284257934691896,2.363529848551064,1,0,1,1,-1.1153975937485388,0,1,0.4001765542652195,2.0125106195599867,1.4165916920129038,1,1
-0.43382143284191055,-0.4241475902250075,-0.9896778482605697,0,0,0,0,-0.453364683254832,1,0,-0.33589313475725646,-0.5874223568598589,-0.6995493159563628,0,0
1.6897721338248233,2.284257934691896,2.1138228924055165,1,0,0,1,-1.1026115504128233,0,0,1.8723159323101712,0.06256088724510249,1.737642108789244,1,1
-0.4414362774428929,-0.6498480506347494,-0.8469881590345426,1,1,1,1,-1.119659608193777,0,1,1.6269593693026794,0.7125441313500638,1.7236833950163595,1,1
-0.4326597931463748,-0.19844712981526558,-0.525936358275982,0,0,0,0,-0.9051382144501082,1,0,-0.8266062607722404,-0.5874223568598589,-0.719091515238401,0,0
-0.3532817022006782,0.02725333059447637,0.25885693246716635,1,0,0,0,-0.22747791765719383,1,0,-0.5812496977647484,-0.5874223568598589,-0.7218832579929778,0,0
-0.3875854052813679,-0.4241475902250075,-0.5972812028889956,0,0,0,0,-0.73465763664057,1,0,-0.33589313475725646,-0.5874223568598589,-0.49575209487225136,0,0
-0.4370295841064993,-0.4241475902250075,-0.8469881590345426,1,0,1,1,-1.119659608193777,0,0,1.1362462432876954,0.7125441313500638,1.6790155109431297,1,1
-0.426295114686127,-0.19844712981526558,-0.16921213521091455,0,0,0,0,0.08222846536346726,1,0,-0.33589313475725646,-0.5874223568598589,-0.5711291492458269,0,0
-0.4398591915804762,-0.6498480506347494,-0.7399708921150225,0,0,0,0,0.7371580184484432,1,0,-0.8266062607722404,-0.5874223568598589,-0.7330502290112852,0,0
0.157073646948992,0.7043547118237021,2.2565125816315437,1,1,1,0,-1.1225009511572694,0,1,2.117672495317663,1.3625273754550251,1.7711430218441664,1,1
-0.41420045900853697,-0.19844712981526558,-0.06219486829139442,1,0,1,0,1.7131593264080496,1,0,-0.5812496977647484,-0.5874223568598589,-0.56833740649125,0,0
-0.4379776611138392,-0.4241475902250075,-1.061022692873583,0,0,0,0,-0.09535546985480171,1,0,-0.5812496977647484,-0.5874223568598589,-0.5152942941542895,0,0
-0.41520084709713073,-0.19844712981526558,-0.9183330036475561,0,0,0,0,1.26990982410325,1,0,-0.5812496977647484,-0.5874223568598589,-0.7637593993116308,0,0
-0.4418288559138411,-0.6498480506347494,-1.0253502705670765,1,1,1,1,-1.1210802796755233,0,1,0.1548199912577275,2.0125106195599867,1.3328394093755978,1,1
-0.4410477229012719,-0.19844712981526558,-0.8826605813410494,0,0,0,0,-0.4363166254738781,1,0,-0.5812496977647484,-0.5874223568598589,-0.760967656557054,0,0
-0.4234801307601929,-0.19844712981526558,0.009149976321619119,0,0,0,0,0.5098505813690589,1,0,-0.8266062607722404,-0.5874223568598589,-0.5292530079271739,0,0
-0.4176803727196396,-0.4241475902250075,-1.0253502705670765,0,0,0,0,1.090905217403235,1,0,-0.5812496977647484,-0.5874223568598589,-0.867053881230975,0,0
-0.4321621017898302,-0.4241475902250075,-0.9540054259540629,0,0,0,0,1.2386550515048347,1,0,-0.33589313475725646,-0.5874223568598589,-0.7805098558390922,0,0
-0.4409455543542076,-0.6498480506347494,-0.8826605813410494,1,1,1,0,-1.119659608193777,0,1,1.3816028062951873,2.0125106195599867,1.6734320254339758,1,1
-0.30869371906117615,-0.19844712981526558,0.43721904399969996,1,0,0,0,1.6023469508318497,1,0,-0.5812496977647484,-0.5874223568598589,-0.6688401456560173,0,0
-0.43059983576469185,-0.4241475902250075,-0.8469881590345426,0,0,0,0,1.193193564088958,1,0,-0.8266062607722404,-0.5874223568598589,-0.5208777796634433,0,0
-0.4089528625873723,-0.19844712981526558,0.11616724324113924,1,0,0,0,-0.45052334029133967,1,0,-0.5812496977647484,-0.5874223568598589,-0.7805098558390922,0,0
2.210377510561716,1.381456093052928,2.07815047009901,1,1,1,1,-1.0855634926318696,1,1,1.3816028062951873,2.0125106195599867,1.5059274601593637,1,1
0.511525191232561,2.9613593159211216,1.685753824727436,0,1,0,0,-1.0798808067048848,1,1,1.6269593693026794,2.0125106195599867,1.5701375435146316,1,1
-0.3651822278243844,-0.19844712981526558,-0.13353971290440778,1,0,0,0,1.1690421488992733,1,0,-0.5812496977647484,-0.5874223568598589,-0.6130052905644799,0,0
-0.4404171437323114,-0.4241475902250075,-0.4189190913564617,0,0,0,0,-0.6423139903270702,1,0,-0.33589313475725646,-0.5874223568598589,-0.6800071166743248,0,0
0.8070537495099543,2.284257934691896,1.8641159362599693,1,1,0,1,-1.0827221496683772,0,0,1.3816028062951873,1.3625273754550251,1.6901824819614375,1,1
-0.4137232798770994,-0.19844712981526558,-0.20488455751742132,0,0,0,0,-0.18343710172306313,1,0,-0.5812496977647484,-0.5874223568598589,-0.5208777796634433,0,0
-0.43054958572041047,-0.4241475902250075,0.11616724324113924,1,1,0,0,-0.1195068850444863,1,0,-0.5812496977647484,-0.5874223568598589,-0.7498006855387466,0,0
-0.31514967201591937,0.02725333059447637,0.47289146630620676,1,0,1,0,-0.37664842324053976,1,0,-0.5812496977647484,-0.5874223568598589,-0.6409227181102487,0,0
0.06416622230362519,2.73565885551138,1.5787365578079158,1,1,0,1,-1.0940875215223465,0,1,1.1362462432876954,2.6624938636649476,1.3998412354854428,1,1
-0.4317287933025211,-0.4241475902250075,-0.5616087805824888,0,0,0,0,1.2258690081691195,1,0,-0.8266062607722404,-0.5874223568598589,-0.5739208920004037,0,0
-0.43780953938365563,-0.6498480506347494,-0.7399708921150225,0,0,0,0,0.5396846824857281,1,0,-0.5812496977647484,-0.5874223568598589,-0.45945943906275216,0,0
0.45809329844415553,2.5099583951016378,1.543064135501409,1,0,1,1,-1.1125562507850464,0,1,0.6455331172727115,0.06256088724510249,1.3272559238664443,1,1
-0.40667718333590325,-0.6498480506347494,-0.3832466690499551,0,0,0,0,0.7712541340103508,1,0,-0.5812496977647484,-0.5874223568598589,-0.6995493159563628,0,0
-0.42814180381346734,-0.19844712981526558,0.6155811555322337,1,0,0,0,0.8905905384770276,1,0,-0.5812496977647484,-0.5874223568598589,-0.8195942544031682,0,0
-0.39182319173063607,-0.19844712981526558,0.11616724324113924,1,0,0,0,-0.5400256436413472,1,0,-0.5812496977647484,-0.5874223568598589,-0.7693428848207846,0,0
-0.3973367600658681,-0.6498480506347494,-0.2405569798239281,0,0,0,0,0.791143534754797,1,0,-0.33589313475725646,-0.5874223568598589,-0.6939658304472092,0,0
0.086741741709355,-0.4241475902250075,-0.13353971290440778,1,0,0,0,0.8209776358714662,1,0,-0.5812496977647484,-0.5874223568598589,-0.6213805188282105,0,0
3.050801257019744,2.73565885551138,1.899788358566476,1,0,1,1,-1.1082942363398078,0,0,1.8723159323101712,0.7125441313500638,1.7348503660346672,0,1
-0.42284150373257795,-0.6498480506347494,-0.8826605813410494,0,0,0,0,0.8266603217984507,1,0,-0.5812496977647484,-0.5874223568598589,-0.4203750404986759,0,0
-0.3816546241761356,-0.19844712981526558,0.9009605339842874,1,1,0,0,0.1632067398229979,1,0,-0.5812496977647484,-0.5874223568598589,-0.5432117217000583,0,0
-0.4193352872639218,-0.4241475902250075,-0.7756433144215291,0,0,0,0,0.5680981121206512,1,0,-0.5812496977647484,-0.5874223568598589,-0.6827988594289017,0,0
-0.4370985797727684,-0.6498480506347494,-0.31190182443694153,0,0,0,0,1.2997439252199192,1,0,-0.8266062607722404,-0.5874223568598589,-0.8642621384763982,0,0
-0.3714666239873233,-0.19844712981526558,-0.6686260475020089,0,0,0,0,0.7513647332659047,1,0,-0.8266062607722404,-0.5874223568598589,-0.5013355803814052,0,0
-0.4146423060775891,-0.19844712981526558,0.04482239862812589,0,0,0,0,1.2727511670667424,1,0,-0.5812496977647484,-0.5874223568598589,-0.7525924282933234,0,0
-0.44123105704720467,-0.6498480506347494,0.04482239862812589,0,0,0,0,1.0980085748119657,1,0,-0.33589313475725646,-0.5874223568598589,-0.5571704354729425,0,0
-0.4271717424117544,-0.6498480506347494,-0.9540054259540629,0,0,0,0,-0.7389196510858085,1,0,-0.33589313475725646,-0.5874223568598589,-0.7777181130845152,0,0
-0.4416816389872355,-0.4241475902250075,-0.9896778482605697,0,1,1,0,-1.126762965602508,0,1,0.8908896802802034,2.0125106195599867,1.7097246812434752,1,1
-0.42560712091579034,-0.19844712981526558,0.4015466216931932,1,0,0,0,0.960203441082589,1,0,-0.5812496977647484,-0.5874223568598589,-0.8279694826668988,0,0
-0.41934578873801964,-0.6498480506347494,-0.026522445984887653,0,0,0,0,0.697379216959551,1,0,-0.8266062607722404,-0.5874223568598589,-0.7498006855387466,0,0
0.3948879683322591,0.02725333059447637,2.220840159325037,0,1,1,0,-1.099770207449331,0,1,1.3816028062951873,2.0125106195599867,1.413799949258327,1,1
3.8829587730488697,0.9300551722334441,2.0424780477925033,1,1,1,0,-1.1068735648580619,0,0,2.117672495317663,1.3625273754550251,1.3049219818298292,1,1
-0.41843863803627607,-0.6498480506347494,-0.27622940213043484,0,0,0,0,1.6819045538096342,1,0,-0.5812496977647484,-0.5874223568598589,-0.7637593993116308,0,0
-0.4086895405779838,-0.6498480506347494,-0.5616087805824888,0,0,0,0,0.7996675636452739,1,0,-0.33589313475725646,-0.5874223568598589,-0.6716318884105942,0,0
-0.4409455543542076,-0.4241475902250075,-0.8826605813410494,1,1,1,1,-1.1310249800477463,0,1,1.6269593693026794,0.7125441313500638,1.2518788694928689,1,1
-0.44136414114885614,-0.4241475902250075,-0.5616087805824888,0,0,0,0,-0.10956218467226322,1,0,-0.8266062607722404,-0.5874223568598589,-0.7637593993116308,0,0
-0.43173958921047223,-0.6498480506347494,0.009149976321619119,0,0,0,0,-0.7886431529469238,1,0,-0.8266062607722404,-0.5874223568598589,-0.8307612254214757,0,0
-0.08166500044412243,0.02725333059447637,0.8296156893712743,1,0,0,0,1.3466260841175424,1,0,-0.5812496977647484,-0.5874223568598589,-0.5571704354729425,0,0
-0.42231014877214956,-0.6498480506347494,0.08049482093463266,0,0,0,0,0.154682710932521,1,0,-0.33589313475725646,-0.5874223568598589,-0.6213805188282105,0,0
-0.4370295841064993,-0.6498480506347494,-0.8469881590345426,1,0,1,0,-1.128183637084254,0,1,0.6455331172727115,0.7125441313500638,1.5059274601593637,1,1
-0.3744215621381504,-0.19844712981526558,-0.4189190913564617,0,0,0,0,-0.32692492137942447,1,0,-0.33589313475725646,-0.5874223568598589,-0.6130052905644799,0,0
-0.4336631255735007,-0.4241475902250075,-0.9896778482605697,0,0,0,0,-0.2374226180294169,1,0,-0.8266062607722404,-0.5874223568598589,-0.5850878630187113,0,0
1.557475446441486,3.4127602367406054,2.18516773701853,0,0,0,1,-1.071356777814408,0,1,2.117672495317663,1.3625273754550251,1.4277586630312116,1,1
-0.38420658052653445,-0.19844712981526558,-0.9896778482605697,0,0,0,0,-0.15928568653337855,0,0,-0.33589313475725646,-0.5874223568598589,-0.5487952072092119,0,0
-0.4346849091887611,-0.19844712981526558,-0.4189190913564617,0,0,0,0,-0.7474436799762854,1,1,-0.33589313475725646,-0.5874223568598589,-0.6297557470919412,0,0
-0.42306174025477983,-0.19844712981526558,-0.31190182443694153,0,0,0,0,0.43029297839127445,1,1,-0.5812496977647484,-0.5874223568598589,-0.6269640043373643,0,0
-0.43625267131249273,-0.6498480506347494,-0.5616087805824888,0,0,0,0,1.2755925100302348,1,0,-0.33589313475725646,-0.5874223568598589,-0.526461265172597,0,0
-0.44142734628267877,-0.6498480506347494,-0.7756433144215291,0,0,0,0,1.3409433981905576,1,0,-0.33589313475725646,-0.5874223568598589,-0.6046300623007493,0,0
-0.4148294678636137,-0.4241475902250075,-0.49026393596947526,0,0,0,0,1.005664928498466,1,0,-0.5812496977647484,-0.5874223568598589,-0.48179338109936704,0,0
-0.4163267621518102,-0.4241475902250075,-0.8826605813410494,0,0,0,0,-0.7772777810929545,1,0,-0.33589313475725646,-0.5874223568598589,-0.39524935570748415,0,0
-0.18258151661992136,-0.4241475902250075,0.6155811555322337,1,0,0,0,1.2457584089135656,1,0,-0.5812496977647484,-0.5874223568598589,-0.6353392326010948,0,0
2.5897411031654802,0.7043547118237021,2.220840159325037,0,0,0,0,-1.0741981207779003,0,1,2.6083856213326473,2.6624938636649476,1.394257749976289,1,1
-0.43634021631151426,0.02725333059447637,0.009149976321619119,1,0,0,0,1.241496394468327,1,0,-0.5812496977647484,-0.5874223568598589,-0.7693428848207846,0,0
-0.3996654374109151,-0.4241475902250075,0.08049482093463266,1,0,0,0,1.2897992248476962,1,0,-0.5812496977647484,-0.5874223568598589,-0.7916768268573996,0,0
-0.41255594779373495,-0.4241475902250075,-0.8469881590345426,0,0,0,0,-0.5883284740207164,1,0,-0.5812496977647484,-0.5874223568598589,-0.49575209487225136,0,0
0.6174877147846928,0.9300551722334441,1.5787365578079158,0,1,0,0,-1.0969288644858386,0,0,1.8723159323101712,0.06256088724510249,1.355173351412213,1,1
-0.41759793124074046,-0.19844712981526558,-0.9540054259540629,0,0,0,0,-0.875304113333439,1,1,-0.5812496977647484,-0.5874223568598589,-0.7777181130845152,0,0
-0.17725589522765578,1.381456093052928,2.0068056254859963,0,0,1,1,-1.109714907821554,0,1,2.853742184340139,0.06256088724510249,1.5589705724963245,1,1
2.1408654073140365,0.2529537910042183,1.5787365578079158,0,1,1,1,-1.0940875215223465,0,1,0.4001765542652195,1.3625273754550251,1.3663403224305204,1,1
-0.29920912134768524,-0.4241475902250075,-0.20488455751742132,1,1,1,0,-0.28430477692703987,1,0,-0.5812496977647484,-0.5874223568598589,-0.5655456637366731,0,0
-0.4179479149475908,-0.19844712981526558,-0.7399708921150225,0,0,0,0,-0.9165035863040775,1,0,-0.33589313475725646,-0.5874223568598589,-0.4371254970261372,0,0
-0.36379897758199836,-0.4241475902250075,0.7939432670647675,1,0,0,0,2.241649117617618,1,0,-0.5812496977647484,-0.5874223568598589,-0.783301598593669,0,0
-0.4199080592530352,-0.6498480506347494,-0.6329536251955021,0,0,0,0,1.3167919830008732,1,0,-0.8266062607722404,-0.5874223568598589,-0.5962548340370187,0,0
3.6331089771925082,2.284257934691896,1.935460780872983,1,1,0,0,-1.1111355793033002,0,0,1.8723159323101712,0.7125441313500638,1.6064301993241312,1,1
-0.42332211792563623,-0.6498480506347494,-0.20488455751742132,0,0,0,0,1.5654094923064499,1,0,-0.8266062607722404,-0.5874223568598589,-0.7274667435021316,0,0
-0.4191930757128207,-0.19844712981526558,-0.8113157367280359,0,0,0,0,1.4801692034016807,1,0,-0.5812496977647484,-0.5874223568598589,-0.6967575732017861,0,0
-0.4243769762770741,-0.6498480506347494,-0.31190182443694153,0,0,0,0,-0.912241571858839,1,0,-0.5812496977647484,-0.5874223568598589,-0.5348364934363277,0,0
0.04927248212817445,2.73565885551138,1.4003744462753818,1,0,0,0,-1.1210802796755233,0,1,0.8908896802802034,2.6624938636649476,1.4026329782400195,1,1
-0.4409455543542076,-0.4241475902250075,-0.9896778482605697,1,1,1,0,-1.116818265230285,0,1,0.8908896802802034,2.0125106195599867,1.7069329384888985,0,1
-0.44046886594585877,-0.19844712981526558,-0.3475742467434483,0,0,0,0,-0.3780690947222859,1,0,-0.33589313475725646,-0.5874223568598589,-0.8558869102126676,0,0
2.8752289763252845,1.155755632643186,2.4348746931640775,1,1,1,1,-1.1068735648580619,0,1,2.6083856213326473,1.3625273754550251,1.779518250107897,1,1
-0.4418288559138411,-0.4241475902250075,-0.8826605813410494,1,0,1,1,-1.1139769222667926,0,1,1.3816028062951873,1.3625273754550251,1.508719202913941,1,1
-0.3613156243193978,-0.6498480506347494,-0.3832466690499551,0,0,0,0,-0.9079795574136005,1,0,-0.33589313475725646,-0.5874223568598589,-0.48179338109936704,0,0
-0.3818436507098972,-0.6498480506347494,-0.7042984698085157,0,0,0,0,0.5865668413833511,1,0,-0.5812496977647484,-0.5874223568598589,-0.4678346673264827,0,0
0.18470950284524418,2.284257934691896,1.685753824727436,1,1,1,0,-1.0727774492961542,0,1,1.1362462432876954,2.0125106195599867,1.4724265471044413,0,1
-0.42191923875970283,-0.6498480506347494,-0.2405569798239281,0,0,0,0,0.19304084093966709,1,0,-0.33589313475725646,-0.5874223568598589,-0.6046300623007493,0,0
-0.43805333061411444,-0.4241475902250075,-0.13353971290440778,0,0,0,0,-0.4760954269627704,1,0,-0.5812496977647484,-0.5874223568598589,-0.4929603521176746,0,0
2.6652308025010525,2.9613593159211216,2.07815047009901,0,1,1,0,-1.0727774492961542,0,0,1.1362462432876954,2.0125106195599867,1.2993384963206758,1,1
-0.383937271695464,-0.4241475902250075,-0.16921213521091455,0,1,0,0,-0.2729394050730707,1,0,-0.5812496977647484,-0.5874223568598589,-0.5599621782275194,0,0
-0.4414362774428929,-0.4241475902250075,-0.9540054259540629,1,1,1,1,-1.1210802796755233,0,1,1.6269593693026794,0.7125441313500638,1.4947604891410566,1,1
-0.4229446537258195,-0.6498480506347494,-0.4189190913564617,0,0,0,0,-0.1692303869056016,1,0,-0.33589313475725646,-0.5874223568598589,-0.5962548340370187,0,0
-0.3443615341837931,-0.6498480506347494,-0.7042984698085157,0,0,0,0,0.22855762798332088,1,0,-0.5812496977647484,-0.5874223568598589,-0.7637593993116308,0,0
-0.43847172111952754,-0.4241475902250075,-0.7756433144215291,0,0,0,0,1.2571237807675348,1,0,-0.8266062607722404,-0.5874223568598589,-0.42595852600782963,0,0
-0.3955970485718611,-0.19844712981526558,-0.20488455751742132,0,0,0,0,1.5256306908175576,1,0,-0.33589313475725646,-0.5874223568598589,-0.6855906021834786,0,0
-0.35312359122150383,-0.4241475902250075,-0.13353971290440778,0,0,0,0,0.7428407043754278,1,0,-0.33589313475725646,-0.5874223568598589,-0.4064163267257916,0,0
-0.3683463121556092,-0.19844712981526558,-0.7042984698085157,0,0,0,0,1.549782106007242,1,0,-0.33589313475725646,-0.5874223568598589,-0.7888850841028227,0,0
1.8914487236557482,2.284257934691896,2.2921850039380507,1,1,1,1,-1.1111355793033002,0,1,0.4001765542652195,0.7125441313500638,1.4305504057857883,1,1
-0.42362558108367926,0.02725333059447637,0.2945293547736731,1,0,0,0,0.4388170072817513,1,0,-0.5812496977647484,-0.5874223568598589,-0.6381309753556718,0,0
-0.4194223415398545,-0.19844712981526558,0.8296156893712743,1,0,1,0,0.01971892016663658,1,0,-0.5812496977647484,-0.5874223568598589,-0.7218832579929778,0,0
-0.4416816389872355,-0.6498480506347494,-0.7756433144215291,1,1,1,1,-1.1068735648580619,0,1,0.6455331172727115,1.3625273754550251,1.2379201557199846,1,1
-0.43182281584631327,-0.19844712981526558,-0.4545915136629685,0,0,0,0,0.3109565739245977,1,0,-0.33589313475725646,-0.5874223568598589,-0.7135080297292472,0,0
-0.35550271490006774,-0.4241475902250075,0.8296156893712743,1,0,0,0,1.25144109484055,1,0,-0.5812496977647484,-0.5874223568598589,-0.7218832579929778,0,0
-0.4408162978926479,-0.4241475902250075,-0.9540054259540629,0,0,0,0,-0.6153212321738932,1,0,-0.5812496977647484,-0.5874223568598589,-0.5543786927183657,0,0
-0.42648718370303845,-0.4241475902250075,-0.9183330036475561,0,0,0,0,0.25270904317300547,1,0,-0.8266062607722404,-0.5874223568598589,-0.6492979463739792,0,0
-0.4341558115545407,-0.19844712981526558,-0.7042984698085157,0,0,0,0,-0.4206892391746705,1,0,-0.33589313475725646,-0.5874223568598589,-0.7023410587109398,0,0
-0.2688100037390464,-0.19844712981526558,0.22318451016065954,0,0,0,0,1.4545971167302498,1,0,-0.5812496977647484,-0.5874223568598589,-0.8056355406302839,0,0
0.5472950767576245,3.6384606971503475,1.935460780872983,0,1,0,0,-1.1324456515294925,0,1,1.8723159323101712,0.7125441313500638,1.288171525302368,1,1
-0.4185826161904963,-0.19844712981526558,-0.06219486829139442,0,0,0,0,1.9717215360858493,1,0,-0.5812496977647484,-0.5874223568598589,-0.5543786927183657,0,0
0.06219479136714102,0.02725333059447637,0.25885693246716635,1,0,0,0,0.2228749420563363,1,0,-0.5812496977647484,-0.5874223568598589,-0.5599621782275194,1,0
-0.4053602788551075,-0.19844712981526558,0.04482239862812589,0,0,0,0,-0.17207172986909391,1,0,-0.8266062607722404,-0.5874223568598589,-0.5543786927183657,0,0
-0.4361970233142359,-0.4241475902250075,-0.20488455751742132,0,0,0,0,1.5838782215691498,1,0,-0.33589313475725646,-0.5874223568598589,-0.8726373667401287,0,0
-0.4272936380269838,-0.4241475902250075,-0.8469881590345426,0,0,0,0,1.6179743371310575,1,0,-0.8266062607722404,-0.5874223568598589,-0.4203750404986759,0,0
-0.3935986278654993,-0.19844712981526558,0.9723053785973009,1,0,0,0,2.110947341296972,1,0,-0.5812496977647484,-0.5874223568598589,-0.5850878630187113,0,0
-0.4312777206394017,-0.19844712981526558,0.08049482093463266,0,0,0,0,1.3849842141246884,1,0,-0.33589313475725646,-0.5874223568598589,-0.7665511420662078,0,0
-0.4373686737607808,-0.19844712981526558,-0.7756433144215291,0,0,0,0,-0.9236069437128082,1,0,-0.8266062607722404,-0.5874223568598589,-0.7051328014655166,0,0
-0.4316108234720012,-0.6498480506347494,-0.4189190913564617,0,0,0,0,0.5922495273103358,1,0,-0.33589313475725646,-0.5874223568598589,-0.7135080297292472,0,0
-0.43762924772087264,-0.19844712981526558,0.08049482093463266,0,0,0,0,-0.11240352763575553,1,0,-0.5812496977647484,-0.5874223568598589,-0.7218832579929778,0,0
-0.43084372513976843,-0.4241475902250075,-0.8113157367280359,0,0,0,0,0.9900375421992582,1,0,-0.8266062607722404,-0.5874223568598589,-0.7805098558390922,0,0
-0.43552276979038235,-0.4241475902250075,-0.7042984698085157,0,0,0,0,-0.22321590321195536,1,0,-0.8266062607722404,-0.5874223568598589,-0.7553841710479002,0,0
-0.39603496985620384,-0.19844712981526558,-0.13353971290440778,0,0,0,0,0.4601270795079436,1,0,-0.33589313475725646,-0.5874223568598589,-0.7051328014655166,0,0
-0.4135476010113501,-0.19844712981526558,-0.9896778482605697,0,0,0,0,1.4744865174746962,1,0,-0.8266062607722404,-0.5874223568598589,-0.7805098558390922,0,0
-0.20118090312727,-0.19844712981526558,0.9723053785973009,1,0,1,0,-0.3255042498976783,1,0,-0.5812496977647484,-0.5874223568598589,-0.7749263703299383,0,0
-0.3988970631986517,-0.4241475902250075,-0.0978672905979012,0,0,0,0,-0.294249477299263,1,0,-0.8266062607722404,-0.5874223568598589,-0.504127323135982,0,0
-0.436819554624542,-0.4241475902250075,-0.525936358275982,0,0,0,0,-0.2814634339635476,1,0,-0.8266062607722404,-0.5874223568598589,-0.7470089427841696,0,0
-0.38366835544286443,-0.6498480506347494,-1.061022692873583,0,0,0,0,0.9019559103309969,1,0,-0.33589313475725646,-0.5874223568598589,-0.6018383195461724,0,0
-0.4030501508428128,-0.4241475902250075,0.151839665547646,0,0,0,0,-0.07262472614686329,1,0,-0.5812496977647484,-0.5874223568598589,-0.8000520551211302,0,0
-0.42101365837184307,-0.6498480506347494,-0.20488455751742132,0,0,0,0,0.6576004154706587,1,0,-0.5812496977647484,-0.5874223568598589,-0.6157970333190568,0,0
-0.4414362774428929,-0.6498480506347494,-1.0253502705670765,1,1,1,0,-1.1125562507850464,0,1,0.8908896802802034,2.0125106195599867,1.5143026884230943,1,1
-0.3925032357869361,-0.19844712981526558,0.009149976321619119,0,0,0,0,-0.13655494282544012,1,0,-0.8266062607722404,-0.5874223568598589,-0.7162997724838241,0,0
-0.4386125586459802,-0.6498480506347494,0.009149976321619119,0,0,0,0,-0.2317399321024323,1,0,-0.8266062607722404,-0.5874223568598589,-0.8195942544031682,0,0
-0.3759057050475701,-0.19844712981526558,0.7582708447582607,0,0,1,0,0.5638360976754127,1,0,-0.5812496977647484,-0.5874223568598589,-0.6827988594289017,0,0
-0.4416816389872355,-0.4241475902250075,-1.061022692873583,1,1,1,1,-1.1210802796755233,0,1,1.8723159323101712,0.7125441313500638,1.628764141360746,1,1
-0.43438851244319526,-0.4241475902250075,0.08049482093463266,0,0,0,0,2.082533911662049,1,0,-0.5812496977647484,-0.5874223568598589,-0.7246750007475548,0,0
-0.43864769441913004,-0.19844712981526558,-0.6329536251955021,0,0,0,0,-0.6721480914437393,1,1,-0.8266062607722404,-0.5874223568598589,-0.5739208920004037,0,0
-0.4414362774428929,-0.4241475902250075,-0.7756433144215291,1,1,1,1,-1.1253422941207618,0,1,0.1548199912577275,0.7125441313500638,1.2602540977565995,1,1
-0.39452727223852724,-0.6498480506347494,-0.8826605813410494,0,0,0,0,0.5467880398944589,1,0,-0.8266062607722404,-0.5874223568598589,-0.6102135478099031,0,0
-0.4414362774428929,-0.6498480506347494,-0.7399708921150225,0,1,1,0,-1.128183637084254,0,1,1.6269593693026794,2.0125106195599867,1.3998412354854428,1,1
-0.17860204680453717,0.02725333059447637,0.6512535778387404,1,0,1,0,1.100849917775458,1,0,-0.5812496977647484,-0.5874223568598589,-0.7498006855387466,0,0
-0.40969248042663875,-0.4241475902250075,-0.27622940213043484,0,0,0,0,1.4489144308032653,1,0,-0.5812496977647484,-0.5874223568598589,-0.6046300623007493,0,0
-0.42231417270147675,-0.4241475902250075,-0.525936358275982,0,0,0,0,0.11064189499839029,1,0,-0.5812496977647484,-0.5874223568598589,-0.7218832579929778,0,0
-0.4414362774428929,-0.6498480506347494,-0.9183330036475561,1,1,1,0,-1.1082942363398078,0,1,0.6455331172727115,1.3625273754550251,1.676223768188553,1,1
-0.39219859489348025,-0.4241475902250075,-0.7042984698085157,0,0,0,0,1.3579914559715116,1,0,-0.5812496977647484,-0.5874223568598589,-0.6995493159563628,0,0
-0.41189523822712915,-0.4241475902250075,-0.27622940213043484,0,0,0,0,0.7428407043754278,1,0,-0.8266062607722404,-0.5874223568598589,-0.6465062036194024,0,0
-0.4179550795046856,-0.19844712981526558,-0.9540054259540629,0,0,0,0,0.9843548562722736,1,0,-0.8266062607722404,-0.5874223568598589,-0.5180860369088663,0,0
-0.4414362774428929,-0.6498480506347494,-1.0253502705670765,1,1,1,1,-1.126762965602508,0,0,0.1548199912577275,0.7125441313500638,1.413799949258327,0,1
0.7328353174079302,2.5099583951016378,1.6144089801144224,1,0,1,0,-1.0955081930040926,0,1,2.853742184340139,0.7125441313500638,1.3998412354854428,1,1
-0.42127472305502367,-0.4241475902250075,-1.061022692873583,0,0,0,0,-0.04421129651194025,1,0,-0.33589313475725646,-0.5874223568598589,-0.825177739912322,0,0
2.787776036955272,2.058557474282154,1.6500814024209292,1,1,1,0,-1.0884048355953617,1,1,2.117672495317663,2.0125106195599867,1.5645540580054782,1,1
-0.42073070743890717,-0.19844712981526558,-1.061022692873583,0,0,0,0,0.18593748353093634,1,0,-0.8266062607722404,-0.5874223568598589,-0.6130052905644799,0,0
0.6099221387818144,0.47865425141396023,1.364702023968875,1,1,1,0,-1.0983495359675848,0,1,0.4001765542652195,2.6624938636649476,1.6566815689065149,1,1
-0.42691126659628026,-0.6498480506347494,-0.4189190913564617,0,0,0,0,-0.6238452610643702,1,0,-0.8266062607722404,-0.5874223568598589,-0.8335529681760526,0,0
3.849129402905703,3.4127602367406054,1.9711332031794895,1,0,0,0,-1.1125562507850464,0,0,2.853742184340139,2.6624938636649476,1.330047666621021,1,1
-0.43609838797341016,-0.19844712981526558,-1.0966951151800899,0,0,0,0,-0.453364683254832,1,0,-0.8266062607722404,-0.5874223568598589,-0.4064163267257916,0,0
2.923115207488458,2.9613593159211216,1.685753824727436,0,0,1,1,-1.0841428211501234,0,0,2.117672495317663,0.06256088724510249,1.3105054673389829,1,1
-0.3568498479231265,-0.19844712981526558,-0.7399708921150225,0,0,0,0,1.1804075207532425,1,0,-0.5812496977647484,-0.5874223568598589,-0.45387595355359833,0,0
-0.439421074006898,-0.6498480506347494,-1.061022692873583,0,0,0,0,1.2102416218699117,1,0,-0.5812496977647484,-0.5874223568598589,-0.8168025116485913,0,0
-0.41349578065318493,-0.19844712981526558,-0.4545915136629685,0,0,0,0,1.0298163436881504,1,0,-0.8266062607722404,-0.5874223568598589,-0.4092080694803685,0,0
-0.4294896238488503,-0.19844712981526558,0.04482239862812589,0,0,0,0,0.04244966387457501,1,0,-0.33589313475725646,-0.5874223568598589,-0.6716318884105942,0,0
-0.41371297469223706,-0.4241475902250075,0.8652881116777811,1,0,0,0,0.6718071302881202,1,0,-0.5812496977647484,-0.5874223568598589,-0.5990465767915957,0,0
3.3998362979950234,2.9613593159211216,1.899788358566476,1,0,0,0,-1.0940875215223465,0,1,1.1362462432876954,0.7125441313500638,1.7655595363350125,1,1
-0.4390229994373565,-0.4241475902250075,-0.8113157367280359,0,0,0,0,1.5313133767445422,1,0,-0.8266062607722404,-0.5874223568598589,-0.6046300623007493,0,0
-0.4370295841064993,-0.6498480506347494,-0.6686260475020089,1,1,1,1,-1.109714907821554,0,1,0.1548199912577275,0.7125441313500638,1.7348503660346672,1,1
-0.4418288559138411,-0.4241475902250075,-0.5972812028889956,1,1,1,1,-1.109714907821554,0,1,0.8908896802802034,0.7125441313500638,1.5170944311776715,1,1
-0.4409455543542076,-0.6498480506347494,-1.0253502705670765,1,1,1,0,-1.109714907821554,1,1,0.4001765542652195,0.7125441313500638,1.4891770036319028,1,1
0.3699284180170786,1.381456093052928,1.899788358566476,1,1,1,1,-1.0756187922596465,0,1,1.1362462432876954,2.6624938636649476,1.335631152130175,1,1
-0.44132409814481943,-0.4241475902250075,-1.0253502705670765,0,0,0,0,0.4558650650627052,1,1,-0.33589313475725646,-0.5874223568598589,-0.4203750404986759,0,0
-0.4417697728539634,-0.6498480506347494,0.08049482093463266,0,0,0,0,0.9445760547833814,1,0,-0.5812496977647484,-0.5874223568598589,-0.5013355803814052,0,0
-0.3987534776229024,-0.19844712981526558,-0.7756433144215291,0,0,0,0,-0.5343429577143626,1,0,-0.33589313475725646,-0.5874223568598589,-0.7414254572750159,0,0
3.6310436218568496,1.832857013872412,1.7570986693404496,0,1,1,0,-1.0784601352231387,0,1,1.3816028062951873,1.3625273754550251,1.4528843478224036,1,1
-0.4368291727970802,-0.19844712981526558,0.009149976321619119,0,0,0,0,-0.8497320266620083,1,0,-0.33589313475725646,-0.5874223568598589,-0.7330502290112852,0,0
-0.1622771618132447,-0.4241475902250075,-0.13353971290440778,1,0,0,0,0.42603096394603596,1,0,-0.5812496977647484,-0.5874223568598589,-0.6800071166743248,0,0
-0.3682936084958844,-0.19844712981526558,0.3658741993866864,1,1,0,0,0.9999822425714813,1,0,-0.5812496977647484,-0.5874223568598589,-0.5990465767915957,0,0
-0.4304637091798905,-0.4241475902250075,-0.7756433144215291,0,0,0,0,-0.39369648102149357,1,0,-0.33589313475725646,-0.5874223568598589,-0.40083284121663787,0,0
-0.402760820509724,-0.6498480506347494,-0.16921213521091455,0,0,0,0,1.3040059396651578,1,0,-0.33589313475725646,-0.5874223568598589,-0.7888850841028227,0,0
-0.4337452726185466,-0.4241475902250075,-0.7042984698085157,0,0,0,0,1.2926405678111885,1,0,-0.8266062607722404,-0.5874223568598589,-0.45945943906275216,0,0
-0.3399571963182252,-0.4241475902250075,-0.4189190913564617,0,0,0,0,2.127995399077926,1,0,-0.5812496977647484,-0.5874223568598589,-0.6353392326010948,0,0
-0.4344130485976295,-0.4241475902250075,-0.5972812028889956,0,0,0,0,-0.8767247848151852,1,0,-0.5812496977647484,-0.5874223568598589,-0.6520896891285561,0,0
0.9719478957946226,2.058557474282154,1.7927710916469557,1,1,1,1,-1.0841428211501234,0,0,0.8908896802802034,1.3625273754550251,1.2937550108115219,1,1
1.0581298623649404,1.155755632643186,1.685753824727436,1,1,0,1,-1.1253422941207618,0,0,0.4001765542652195,0.7125441313500638,1.6371393696244767,1,1
-0.037699744904161954,-0.4241475902250075,0.3658741993866864,1,0,0,0,0.3251632887420592,1,0,-0.5812496977647484,-0.5874223568598589,-0.56833740649125,0,0
-0.4294134636254863,-0.4241475902250075,-0.9183330036475561,0,0,0,0,-0.8838281422239159,1,0,-0.8266062607722404,-0.5874223568598589,-0.4706264100810596,0,0
-0.39042099957702675,-0.19844712981526558,-0.7042984698085157,0,0,0,0,1.0980085748119657,1,0,-0.33589313475725646,-0.5874223568598589,-0.462251181817329,0,0
-0.43865417196390066,-0.19844712981526558,-0.9540054259540629,0,0,0,0,-0.02858391021273258,1,0,-0.33589313475725646,-0.5874223568598589,-0.590671348527865,0,0
3.9082227679682706,2.5099583951016378,1.5073917131949022,1,1,0,0,-1.0770394637413925,0,1,1.3816028062951873,0.06256088724510249,1.7711430218441664,1,1
-0.40870956208000214,-0.6498480506347494,-0.4545915136629685,0,0,0,0,-0.37096573731355514,1,0,-0.8266062607722404,-0.5874223568598589,-0.48737686660852086,0,0
-0.43571061858873106,-0.19844712981526558,0.22318451016065954,1,0,1,0,2.0143416805382337,1,0,-0.5812496977647484,-0.5874223568598589,-0.5571704354729425,0,0
-0.4262892260090628,-0.19844712981526558,-0.7756433144215291,0,0,0,0,-0.6678860769985009,0,0,-0.5812496977647484,-0.5874223568598589,-0.6800071166743248,0,0
-0.3125484470674165,0.02725333059447637,-0.3475742467434483,1,0,0,0,0.4231896209825437,1,0,-0.5812496977647484,-0.5874223568598589,-0.7218832579929778,0,0
-0.40057425657116025,-0.4241475902250075,0.009149976321619119,0,0,0,0,1.410556300796119,1,0,-0.5812496977647484,-0.5874223568598589,-0.760967656557054,0,0
-0.3739630304840829,-0.4241475902250075,-0.3475742467434483,0,0,0,0,-0.5442876580865856,1,0,-0.33589313475725646,-0.5874223568598589,-0.847511681948937,0,0
-0.43732676600900705,-0.19844712981526558,-0.5616087805824888,0,0,0,0,1.4673831600659655,1,0,-0.5812496977647484,-0.5874223568598589,-0.632547489846518,0,0
-0.440934954735492,-0.19844712981526558,-0.8826605813410494,0,0,0,0,0.33652866059602843,1,0,-0.8266062607722404,-0.5874223568598589,-0.6297557470919412,0,0
-0.4232525333916607,0.02725333059447637,-0.13353971290440778,1,0,0,0,2.0654858538810954,1,0,-0.5812496977647484,-0.5874223568598589,-0.5460034644546351,0,0
0.16983450829178123,1.60715655346267,1.7214262470339428,1,0,0,0,-1.126762965602508,0,1,1.8723159323101712,1.3625273754550251,1.3160889528481368,1,1
-0.43434837129454074,-0.19844712981526558,-0.16921213521091455,0,0,0,0,0.3478940324499976,1,0,-0.5812496977647484,-0.5874223568598589,-0.8279694826668988,0,0
-0.3650004639923353,-0.4241475902250075,0.8296156893712743,1,0,0,0,0.5141125958142974,1,0,-0.5812496977647484,-0.5874223568598589,-0.5515869499637888,0,0
0.8477629592118705,1.60715655346267,1.7214262470339428,0,0,1,0,-1.0770394637413925,0,1,2.3630290583251554,0.7125441313500638,1.4445091195586726,0,1
-0.4343831144892197,0.02725333059447637,0.6512535778387404,1,0,0,0,0.6064562421277973,1,0,-0.5812496977647484,-0.5874223568598589,-0.7916768268573996,0,0
-0.423335269304413,-0.6498480506347494,-0.6329536251955021,0,0,0,0,0.5524707258214435,1,0,-0.8266062607722404,-0.5874223568598589,-0.6576731746377098,0,0
3.9358940540715257,0.9300551722334441,1.7570986693404496,1,0,1,0,-1.1054528933763157,0,1,2.3630290583251554,1.3625273754550251,1.5533870869871707,1,1
2.3264590386363904,2.058557474282154,1.6144089801144224,1,0,1,0,-1.0727774492961542,0,1,1.1362462432876954,0.06256088724510249,1.609221942078708,1,1
2.28705328760264,0.7043547118237021,2.3278574262445573,1,0,0,0,-1.1125562507850464,0,1,2.117672495317663,0.06256088724510249,1.6427228551336306,1,1
-0.23819663642988761,-0.4241475902250075,0.7582708447582607,1,0,0,0,1.3139506400373808,1,0,-0.5812496977647484,-0.5874223568598589,-0.6800071166743248,0,0
-0.4416816389872355,-0.6498480506347494,-0.6329536251955021,1,1,1,1,-1.1239216226390156,0,1,1.6269593693026794,2.0125106195599867,1.7320586232800905,1,1
-0.4404556164224643,-0.19844712981526558,-0.525936358275982,0,0,0,0,1.5426787485985114,1,0,-0.5812496977647484,-0.5874223568598589,-0.41758329774409914,0,0
-0.4364635840960097,-0.6498480506347494,-0.026522445984887653,0,0,0,0,1.6890079112183651,1,0,-0.5812496977647484,-0.5874223568598589,-0.5795043775095574,0,0
0.13263141691390354,0.7043547118237021,1.5073917131949022,0,1,0,1,-1.0841428211501234,0,1,2.853742184340139,0.7125441313500638,1.5394283732142864,1,1
-0.43651560074341034,-0.6498480506347494,-0.06219486829139442,0,0,0,0,1.4517557737667575,1,0,-0.8266062607722404,-0.5874223568598589,-0.7107162869746704,0,0
-0.3168060587294676,-0.19844712981526558,-0.20488455751742132,0,1,0,0,2.2942139624422255,1,0,-0.5812496977647484,-0.5874223568598589,-0.6437144608648254,0,0
3.906400418706129,0.7043547118237021,2.220840159325037,0,0,0,0,-1.119659608193777,0,0,1.1362462432876954,1.3625273754550251,1.413799949258327,0,1
-0.43433796796506063,-0.4241475902250075,-0.3832466690499551,0,0,0,0,0.1788341261222056,1,0,-0.5812496977647484,-0.5874223568598589,-0.867053881230975,0,0
1.3901601705818625,3.6384606971503475,1.8641159362599693,0,0,0,0,-1.1125562507850464,1,1,1.8723159323101712,2.0125106195599867,1.5729292862692088,1,1
-0.4370295841064993,-0.6498480506347494,-0.9183330036475561,1,1,1,1,-1.1125562507850464,1,1,0.6455331172727115,0.7125441313500638,1.413799949258327,1,1
2.2826694619621795,1.832857013872412,2.2921850039380507,0,0,0,0,-1.0770394637413925,0,1,2.3630290583251554,1.3625273754550251,1.461259576086134,1,1
-0.4409455543542076,-0.6498480506347494,-0.7042984698085157,1,1,0,0,-1.1239216226390156,0,1,1.3816028062951873,1.3625273754550251,1.4333421485403652,1,1
-0.4175100918078658,-0.6498480506347494,-0.3475742467434483,0,0,0,0,1.6122916512040728,1,0,-0.5812496977647484,-0.5874223568598589,-0.8865960805130131,0,0
2.4118886285671364,0.7043547118237021,2.0424780477925033,1,1,0,1,-1.1011908789310771,1,1,0.6455331172727115,2.6624938636649476,1.5980549710604004,1,1
3.400132400306736,0.47865425141396023,2.4348746931640775,1,0,1,0,-1.071356777814408,0,1,2.117672495317663,0.7125441313500638,1.5170944311776715,1,1
2.5841417564343465,0.02725333059447637,1.7214262470339428,0,1,1,1,-1.116818265230285,0,1,0.8908896802802034,2.6624938636649476,1.5645540580054782,1,1
-0.4408787178695287,-0.19844712981526558,-0.27622940213043484,0,0,0,0,-0.7360783081223161,1,0,-0.8266062607722404,-0.5874223568598589,-0.7107162869746704,0,0
1.0980734459038899,2.73565885551138,1.4360468685818886,1,0,1,0,-1.109714907821554,0,0,2.3630290583251554,2.0125106195599867,1.5729292862692088,1,1
-0.43664014626331865,-0.19844712981526558,-0.525936358275982,0,0,0,0,-0.7517056944215238,1,0,-0.33589313475725646,-0.5874223568598589,-0.8754291094947056,0,0
-0.439943988530201,-0.4241475902250075,-0.6686260475020089,0,0,0,0,0.39193484838412834,1,0,-0.33589313475725646,-0.5874223568598589,-0.7330502290112852,0,0
-0.4409455543542076,-0.4241475902250075,-1.0253502705670765,1,1,1,1,-1.109714907821554,0,1,0.8908896802802034,0.7125441313500638,1.4249669202766349,1,1
-0.4393283273431365,-0.6498480506347494,-0.9183330036475561,0,0,0,0,0.6874345165873279,1,0,-0.8266062607722404,-0.5874223568598589,-0.5292530079271739,0,0
-0.40697505225073527,-0.19844712981526558,-0.9540054259540629,0,0,0,0,-0.781539795538193,1,0,-0.33589313475725646,-0.5874223568598589,-0.847511681948937,0,0
-0.16412345836211414,-0.4241475902250075,-0.20488455751742132,1,0,0,0,2.3141033631866716,1,0,-0.5812496977647484,-0.5874223568598589,-0.6688401456560173,0,0
-0.43555819999738543,-0.4241475902250075,-0.3475742467434483,0,0,0,0,-0.07262472614686329,1,0,-0.5812496977647484,-0.5874223568598589,-0.5320447506817507,0,0
-0.41802417331557246,-0.19844712981526558,-0.06219486829139442,0,0,0,0,1.5938229219413729,1,0,-0.8266062607722404,-0.5874223568598589,-0.6939658304472092,0,0
-0.39348428938583563,0.02725333059447637,-0.20488455751742132,1,0,0,0,-0.22463657469370152,1,0,-0.5812496977647484,-0.5874223568598589,-0.6827988594289017,0,0
-0.42006518878603216,-0.19844712981526558,0.009149976321619119,0,0,0,0,0.22145427057459013,1,0,-0.5812496977647484,-0.5874223568598589,-0.8838043377584363,0,0
-0.4320380469930106,-0.6498480506347494,-0.27622940213043484,0,0,0,0,-0.3965378239849859,1,0,-0.5812496977647484,-0.5874223568598589,-0.48179338109936704,0,0
-0.3885012908540901,-0.6498480506347494,-0.9183330036475561,0,0,0,0,0.2598124005817362,1,0,-0.5812496977647484,-0.5874223568598589,-0.48179338109936704,0,0
-0.4070604380681665,-0.6498480506347494,-0.6686260475020089,0,0,0,0,-0.481778112889755,1,0,-0.5812496977647484,-0.5874223568598589,-0.526461265172597,0,0
-0.4312734022762212,-0.6498480506347494,-0.0978672905979012,0,0,0,0,1.5369960626715269,1,0,-0.8266062607722404,-0.5874223568598589,-0.4566676963081753,0,0
0.46305146638761363,2.284257934691896,1.543064135501409,1,0,1,0,-1.1139769222667926,0,0,0.6455331172727115,0.06256088724510249,1.397049492730866,1,1
-0.4138223077963961,-0.19844712981526558,0.11616724324113924,0,0,0,0,-0.26725671914608606,1,0,-0.33589313475725646,-0.5874223568598589,-0.7218832579929778,0,0
-0.4409455543542076,-0.6498480506347494,-1.0253502705670765,1,1,1,0,-1.1139769222667926,0,0,0.6455331172727115,1.3625273754550251,1.6203889130970157,0,1
1.7935450509552413,3.4127602367406054,1.935460780872983,1,1,0,1,-1.1026115504128233,0,0,2.3630290583251554,0.7125441313500638,1.4891770036319028,1,1
0.2027561388654977,0.7043547118237021,1.6144089801144224,1,1,1,0,-1.118238936712031,0,1,2.117672495317663,0.06256088724510249,1.7097246812434752,1,1
-0.4276411681183907,-0.6498480506347494,-0.6329536251955021,0,0,0,0,-0.5641770588310318,1,0,-0.5812496977647484,-0.5874223568598589,-0.825177739912322,0,0
3.3905527004586578,0.9300551722334441,2.3278574262445573,1,1,1,1,-1.1225009511572694,1,1,1.3816028062951873,2.6624938636649476,1.4752182898590185,1,1
-0.4416816389872355,-0.6498480506347494,-0.8826605813410494,1,0,1,1,-1.1253422941207618,0,1,1.6269593693026794,0.7125441313500638,1.6064301993241312,1,1
1.1492423200965143,2.73565885551138,1.4003744462753818,1,1,1,0,-1.099770207449331,0,0,1.1362462432876954,0.06256088724510249,1.6818072536977065,1,1
0.7563943440280027,3.6384606971503475,1.5073917131949022,1,1,1,0,-1.0727774492961542,1,1,2.6083856213326473,2.6624938636649476,1.718099909507206,1,1
-0.4166387638915963,-0.19844712981526558,-0.06219486829139442,0,0,0,0,1.3650948133802423,1,0,-0.33589313475725646,-0.5874223568598589,-0.783301598593669,0,0
-0.44034137608741836,-0.6498480506347494,-0.13353971290440778,0,0,0,0,0.6987998884412971,1,0,-0.8266062607722404,-0.5874223568598589,-0.8614703957218213,0,0
1.4388038819047302,0.7043547118237021,1.8641159362599693,1,1,1,0,-1.1253422941207618,0,0,0.8908896802802034,1.3625273754550251,1.4808017753681721,1,1
-0.43058167901041045,-0.19844712981526558,-0.06219486829139442,0,0,0,0,-0.07546606911035558,1,0,-0.5812496977647484,-0.5874223568598589,-0.5739208920004037,0,0
-0.43370326672215515,-0.4241475902250075,-0.16921213521091455,0,0,0,0,-0.46188871214530886,1,1,-0.33589313475725646,-0.5874223568598589,-0.7916768268573996,0,0
-0.4280842910674734,-0.4241475902250075,-0.9896778482605697,0,0,0,0,1.062491787768312,1,0,-0.8266062607722404,-0.5874223568598589,-0.6213805188282105,0,0
-0.4134663372678638,-0.6498480506347494,-0.20488455751742132,0,0,0,0,-0.8539940411072467,1,0,-0.8266062607722404,-0.5874223568598589,-0.8782208522492826,0,0
0.6453464571078256,0.47865425141396023,1.935460780872983,1,0,1,0,-1.0798808067048848,1,1,0.6455331172727115,1.3625273754550251,1.371923807939674,1,1
-0.4384108714565305,-0.4241475902250075,-0.8469881590345426,0,0,0,0,-0.7517056944215238,1,0,-0.5812496977647484,-0.5874223568598589,-0.5599621782275194,0,0
-0.43832175614362534,-0.19844712981526558,0.08049482093463266,0,0,0,0,1.5924022504596267,1,0,-0.8266062607722404,-0.5874223568598589,-0.8447199391943601,0,0
-0.437863518923411,-0.6498480506347494,-0.9896778482605697,0,0,0,0,-0.2985114917445014,1,0,-0.8266062607722404,-0.5874223568598589,-0.4706264100810596,0,0
-0.4416816389872355,-0.4241475902250075,-1.0966951151800899,1,1,1,1,-1.126762965602508,0,1,1.6269593693026794,2.0125106195599867,1.5645540580054782,1,1
-0.4418288559138411,-0.6498480506347494,-0.6686260475020089,1,1,0,1,-1.118238936712031,0,1,1.8723159323101712,1.3625273754550251,1.6036384565695543,1,1
1.5527240692075999,2.284257934691896,2.1138228924055165,1,1,0,1,-1.089825507077108,0,1,2.853742184340139,2.6624938636649476,1.397049492730866,1,1
-0.41887351683746893,-0.6498480506347494,-0.27622940213043484,0,0,0,0,0.9758308273817967,1,0,-0.5812496977647484,-0.5874223568598589,-0.7079245442200935,0,0
-0.4393474655435952,-0.6498480506347494,-0.8826605813410494,0,0,0,0,0.7158479462222509,1,0,-0.33589313475725646,-0.5874223568598589,-0.8112190261394376,0,0
-0.3043548436556388,-0.4241475902250075,0.43721904399969996,1,1,0,0,2.375192236901756,1,0,-0.5812496977647484,-0.5874223568598589,-0.783301598593669,0,0
-0.39520240906394044,-0.4241475902250075,-0.6329536251955021,0,0,0,0,0.4785958087706436,1,0,-0.8266062607722404,-0.5874223568598589,-0.7916768268573996,0,0
-0.4416816389872355,-0.4241475902250075,-0.7042984698085157,1,1,1,1,-1.1253422941207618,1,1,1.8723159323101712,2.0125106195599867,1.371923807939674,0,1
-0.4272820569620908,-0.6498480506347494,-0.4545915136629685,0,0,0,0,1.5455200915620038,1,0,-0.8266062607722404,-0.5874223568598589,-0.5180860369088663,0,0
-0.07578937661405839,2.284257934691896,2.07815047009901,1,1,0,0,-1.0855634926318696,0,1,1.8723159323101712,2.6624938636649476,1.335631152130175,1,1
-0.36937849910034976,-0.19844712981526558,-1.0253502705670765,0,0,0,0,-0.865359412961216,1,0,-0.8266062607722404,-0.5874223568598589,-0.802843797875707,0,0
3.576467853548719,1.832857013872412,1.7214262470339428,1,0,0,0,-1.081301478186631,0,1,2.3630290583251554,2.6624938636649476,1.4305504057857883,1,1
-0.4196197103661237,-0.19844712981526558,-0.3832466690499551,0,0,0,0,0.9360520258929045,0,0,-0.8266062607722404,-0.5874223568598589,-0.7246750007475548,0,0
-0.43965828954796843,-0.6498480506347494,-0.8113157367280359,0,0,0,0,-0.6622033910715163,1,1,-0.33589313475725646,-0.5874223568598589,-0.7274667435021316,0,0
-0.392522668421248,-0.6498480506347494,-0.13353971290440778,0,0,0,0,1.3665154848619885,1,0,-0.33589313475725646,-0.5874223568598589,-0.8558869102126676,0,0
-0.3078029585105947,0.02725333059447637,-0.27622940213043484,1,0,0,0,1.7785102145683727,1,0,-0.5812496977647484,-0.5874223568598589,-0.6353392326010948,0,0
-0.4369030756942362,-0.4241475902250075,-0.8826605813410494,0,0,0,0,-0.8170565825818468,1,1,-0.5812496977647484,-0.5874223568598589,-0.462251181817329,0,0
-0.4104398516907064,-0.6498480506347494,-0.13353971290440778,0,0,0,0,1.6080296367588345,1,0,-0.5812496977647484,-0.5874223568598589,-0.8195942544031682,0,0
2.2890869422267697,0.2529537910042183,2.220840159325037,1,1,1,1,-1.091246178558854,0,1,0.6455331172727115,0.7125441313500638,1.6901824819614375,1,1
-0.4036996719229966,-0.6498480506347494,-0.026522445984887653,0,0,0,0,-0.8341046403628006,1,0,-0.33589313475725646,-0.5874223568598589,-0.6632566601468636,0,0
-0.4225243984726695,-0.6498480506347494,-0.27622940213043484,0,0,0,0,0.8351843506889277,1,0,-0.8266062607722404,-0.5874223568598589,-0.4929603521176746,0,0
-0.18164188004970686,0.02725333059447637,1.4003744462753818,1,1,0,0,-1.0940875215223465,0,1,0.6455331172727115,0.7125441313500638,1.740433851543821,1,1
-0.4365839093973553,-0.19844712981526558,-0.0978672905979012,0,0,0,0,1.464541817102473,1,0,-0.5812496977647484,-0.5874223568598589,-0.4929603521176746,0,0
-0.43457410391533596,-0.6498480506347494,-0.8113157367280359,0,0,0,0,0.21150957020236708,1,0,-0.8266062607722404,-0.5874223568598589,-0.5990465767915957,0,0
3.337341436770925,0.2529537910042183,1.9711332031794895,1,0,1,1,-1.0841428211501234,0,0,2.853742184340139,0.06256088724510249,1.4305504057857883,1,1
-0.3952811210473656,-0.6498480506347494,-1.0966951151800899,0,0,0,0,-0.17065105838734776,1,0,-0.8266062607722404,-0.5874223568598589,-0.6883823449380554,0,0
3.231959046054237,2.058557474282154,1.8284435139534625,0,1,1,0,-1.0855634926318696,1,1,1.6269593693026794,2.0125106195599867,1.7934769638807815,1,1
2.2734073580970984,1.832857013872412,2.18516773701853,1,0,0,1,-1.0770394637413925,0,1,1.3816028062951873,2.0125106195599867,1.715308166752629,1,1
-0.4409455543542076,-0.6498480506347494,-0.8113157367280359,1,1,1,1,-1.1253422941207618,0,0,0.6455331172727115,0.7125441313500638,1.2742128115294837,1,1
-0.4195522850137384,-0.4241475902250075,-0.7042984698085157,0,0,0,0,-0.10387949874527862,1,0,-0.8266062607722404,-0.5874223568598589,-0.40362458397121476,0,0
2.46425280605918,2.9613593159211216,1.6144089801144224,1,1,1,0,-1.109714907821554,0,1,2.6083856213326473,1.3625273754550251,1.715308166752629,1,1
-0.4175787930402818,-0.19844712981526558,-0.7756433144215291,0,0,0,0,-0.8866694851874083,1,0,-0.8266062607722404,-0.5874223568598589,-0.6995493159563628,0,0
-0.42403219423496386,-0.19844712981526558,-0.5972812028889956,0,0,0,0,1.1917728926072118,1,0,-0.5812496977647484,-0.5874223568598589,-0.88938782326759,0,0
-0.4370295841064993,-0.6498480506347494,-0.6329536251955021,1,1,1,1,-1.1239216226390156,1,1,1.8723159323101712,2.0125106195599867,1.4528843478224036,1,1
-0.4416816389872355,-0.4241475902250075,-1.061022692873583,1,1,1,0,-1.1225009511572694,0,1,1.8723159323101712,1.3625273754550251,1.4975522318956334,1,1
-0.37067901342998344,-0.4241475902250075,0.6155811555322337,1,0,0,0,1.1605181200087964,1,0,-0.5812496977647484,-0.5874223568598589,-0.6604649173922867,1,0
1.6117627677180877,1.832857013872412,1.5073917131949022,1,1,0,1,-1.0841428211501234,0,0,1.3816028062951873,2.0125106195599867,1.6622650544156687,1,1
-0.3776265727749716,0.02725333059447637,0.25885693246716635,1,0,0,0,-0.042790625030194096,1,0,-0.5812496977647484,-0.5874223568598589,-0.8056355406302839,0,0
-0.4416816389872355,-0.4241475902250075,-1.0253502705670765,1,1,1,1,-1.1111355793033002,0,1,1.6269593693026794,0.7125441313500638,1.4165916920129038,1,1
-0.33058693708439796,-0.19844712981526558,-0.0978672905979012,1,0,0,0,1.6108709797223266,1,0,-0.5812496977647484,-0.5874223568598589,-0.5515869499637888,0,0
-0.4269237309627328,-0.19844712981526558,-0.4545915136629685,0,0,0,0,-0.6551000336627855,1,0,-0.8266062607722404,-0.5874223568598589,-0.8614703957218213,0,0
-0.4409455543542076,-0.4241475902250075,-0.7399708921150225,1,1,1,1,-1.1225009511572694,0,1,1.3816028062951873,0.7125441313500638,1.4752182898590185,1,1
3.2423003481359545,0.7043547118237021,2.18516773701853,0,1,1,1,-1.1040322218945695,0,1,2.3630290583251554,2.6624938636649476,1.4808017753681721,1,1
-0.4123805633618388,-0.4241475902250075,-0.31190182443694153,0,0,0,0,1.4332870445040575,1,0,-0.33589313475725646,-0.5874223568598589,-0.38687412744375355,0,0
-0.43583663627790536,-0.19844712981526558,-0.8113157367280359,0,0,0,0,0.009774219794413518,1,0,-0.5812496977647484,-0.5874223568598589,-0.4566676963081753,0,0
-0.4400222097905374,-0.19844712981526558,-0.16921213521091455,0,0,0,0,1.529892705262796,1,0,-0.8266062607722404,-0.5874223568598589,-0.4678346673264827,0,0
-0.3963221410077025,-0.6498480506347494,-0.525936358275982,0,0,0,0,1.6989526115905882,1,0,-0.8266062607722404,-0.5874223568598589,-0.7972603123665533,0,0
-0.4016318629718947,-0.4241475902250075,-0.27622940213043484,0,0,0,0,0.6945378739960587,1,0,-0.33589313475725646,-0.5874223568598589,-0.8838043377584363,0,0
-0.40307596287727765,-0.19844712981526558,0.08049482093463266,0,0,0,0,-0.02858391021273258,1,0,-0.8266062607722404,-0.5874223568598589,-0.8000520551211302,0,0
-0.4418288559138411,-0.6498480506347494,-0.8469881590345426,1,1,1,0,-1.1040322218945695,0,1,1.8723159323101712,1.3625273754550251,1.4473008623132497,1,1
-0.4395583783271122,-0.6498480506347494,-0.8113157367280359,0,0,0,0,1.3381020552270655,1,1,-0.8266062607722404,-0.5874223568598589,-0.6018383195461724,0,0
-0.42845998866417084,-0.6498480506347494,-0.9540054259540629,0,0,0,0,0.3834108194936514,1,0,-0.33589313475725646,-0.5874223568598589,-0.5404199789454813,0,0
1.2113706111733644,2.5099583951016378,2.3278574262445573,1,1,1,1,-1.0869841641136155,0,1,1.1362462432876954,0.06256088724510249,1.5226779166868252,1,1
-0.40480772465724796,-0.4241475902250075,-0.7399708921150225,0,0,0,0,0.8976938958857583,1,0,-0.8266062607722404,-0.5874223568598589,-0.462251181817329,0,0
-0.09655844618571999,-0.19844712981526558,0.33020177708017967,0,0,1,0,1.017030300352435,1,0,-0.5812496977647484,-0.5874223568598589,-0.7442172000295928,0,0
-0.4414362774428929,-0.6498480506347494,-1.0253502705670765,1,1,1,0,-1.1239216226390156,0,1,1.6269593693026794,0.7125441313500638,1.4640513188407107,1,1
-0.4243451774209273,-0.19844712981526558,-0.13353971290440778,0,0,0,0,1.687587239736619,1,0,-0.5812496977647484,-0.5874223568598589,-0.5627539209820963,0,0
-0.4398908922920053,-0.4241475902250075,-0.8826605813410494,0,0,0,0,1.649229109729473,1,0,-0.8266062607722404,-0.5874223568598589,-0.6353392326010948,0,0
-0.42838804865936964,-0.19844712981526558,-0.16921213521091455,0,0,0,0,0.5325813250769974,1,0,-0.33589313475725646,-0.5874223568598589,-0.8363447109306296,0,0
-0.4378262239686709,-0.6498480506347494,-0.4545915136629685,0,0,0,0,0.23281964242855935,1,0,-0.33589313475725646,-0.5874223568598589,-0.45108421079902156,0,0
0.5232550433660225,0.02725333059447637,1.6500814024209292,1,1,0,1,-1.1082942363398078,0,1,0.6455331172727115,2.0125106195599867,1.4473008623132497,0,1
-0.4267305823550263,-0.19844712981526558,-0.16921213521091455,0,0,0,0,0.5865668413833511,1,0,-0.5812496977647484,-0.5874223568598589,-0.5125025513997127,0,0
-0.4416816389872355,-0.4241475902250075,-1.061022692873583,1,0,1,0,-1.109714907821554,0,1,0.4001765542652195,1.3625273754550251,1.31329721009356,1,1
-0.42424575692315963,-0.6498480506347494,-0.7399708921150225,0,0,0,0,-0.03142525317622488,1,0,-0.33589313475725646,-0.5874223568598589,-0.42595852600782963,0,0
0.09572540929391599,3.1870597763308637,2.07815047009901,1,1,1,1,-1.1210802796755233,0,1,2.3630290583251554,2.0125106195599867,1.4752182898590185,0,1
-0.4370295841064993,-0.4241475902250075,-0.8826605813410494,1,0,1,1,-1.1082942363398078,0,1,1.3816028062951873,0.7125441313500638,1.6566815689065149,1,1
0.2551252235884287,0.7043547118237021,2.363529848551064,1,1,1,0,-1.0841428211501234,0,0,2.117672495317663,0.7125441313500638,1.5394283732142864,1,1
2.2483355303392267,2.9613593159211216,1.6500814024209292,1,1,0,0,-1.1253422941207618,0,1,0.4001765542652195,0.06256088724510249,1.6064301993241312,1,1
-0.40480615434336414,-0.19844712981526558,-0.27622940213043484,0,0,0,0,-0.1933818020952862,1,0,-0.8266062607722404,-0.5874223568598589,-0.6967575732017861,0,0
-0.4214711104351154,-0.4241475902250075,-0.5616087805824888,0,0,0,0,-0.0896727839278171,1,0,-0.33589313475725646,-0.5874223568598589,-0.4482924680444446,0,0
-0.39497432097231955,-0.19844712981526558,-0.9540054259540629,0,0,0,0,-0.3993791669484782,1,0,-0.33589313475725646,-0.5874223568598589,-0.4147915549895222,0,0
-0.43895390562646963,-0.4241475902250075,-0.0978672905979012,0,0,0,0,-0.8270012829540698,1,0,-0.8266062607722404,-0.5874223568598589,-0.6213805188282105,0,0
-0.41605490156067854,-0.19844712981526558,0.7939432670647675,1,0,0,0,1.6264983660215344,1,0,-0.5812496977647484,-0.5874223568598589,-0.6967575732017861,0,0
-0.1428570900123789,-0.19844712981526558,0.25885693246716635,1,0,1,0,1.1349460333373658,1,0,-0.5812496977647484,-0.5874223568598589,-0.526461265172597,0,0
-0.4414362774428929,-0.6498480506347494,-1.0966951151800899,1,1,1,0,-1.116818265230285,0,1,1.3816028062951873,0.7125441313500638,1.397049492730866,1,1
-0.40594855769382343,-0.4241475902250075,-0.9896778482605697,0,0,0,0,-0.4547853547365781,1,0,-0.33589313475725646,-0.5874223568598589,-0.6800071166743248,0,0
-0.4416816389872355,-0.4241475902250075,-1.0253502705670765,1,1,1,1,-1.1225009511572694,0,1,1.8723159323101712,1.3625273754550251,1.3607568369213665,1,1
-0.3304725004601165,-0.4241475902250075,-0.4545915136629685,0,0,0,0,0.6760691447333587,1,1,-0.8266062607722404,-0.5874223568598589,-0.8363447109306296,0,0
0.6143531719834068,0.9300551722334441,2.363529848551064,0,1,1,1,-1.1324456515294925,0,1,2.6083856213326473,0.06256088724510249,1.5952632283058237,1,1
-0.3550580216371011,-0.4241475902250075,0.009149976321619119,1,0,0,0,1.7486761134517035,1,0,-0.5812496977647484,-0.5874223568598589,-0.7442172000295928,0,0
-0.26616853949727143,0.02725333059447637,0.9366329562907942,1,0,0,0,1.5256306908175576,1,0,-0.5812496977647484,-0.5874223568598589,-0.6744236311651711,0,0
-0.3863118807216119,0.02725333059447637,0.43721904399969996,1,0,0,0,1.968880193122357,1,0,-0.5812496977647484,-0.5874223568598589,-0.7330502290112852,0,0
-0.43998569999273923,-0.6498480506347494,-0.27622940213043484,0,0,0,0,0.8948525529222661,1,0,-0.33589313475725646,-0.5874223568598589,-0.7498006855387466,0,0
-0.4402426426019748,-0.19844712981526558,-0.8113157367280359,0,0,0,0,-0.5798044451302394,1,0,-0.5812496977647484,-0.5874223568598589,-0.8195942544031682,0,0
-0.4358137685819727,-0.6498480506347494,-0.026522445984887653,0,0,0,0,-0.8809867992604237,1,0,-0.5812496977647484,-0.5874223568598589,-0.6772153739197478,0,0
-0.24317688691233652,0.02725333059447637,0.25885693246716635,1,1,0,0,2.3865576087557256,1,0,-0.5812496977647484,-0.5874223568598589,-0.632547489846518,0,0
-0.4008069574598148,-0.19844712981526558,-0.27622940213043484,0,0,0,0,0.1433173390785518,1,0,-0.33589313475725646,-0.5874223568598589,-0.48737686660852086,0,0
-0.4120595323172209,0.02725333059447637,0.9723053785973009,1,1,0,0,0.6405523576897049,1,0,-0.5812496977647484,-0.5874223568598589,-0.6967575732017861,0,0
-0.36417271228634107,-0.19844712981526558,0.009149976321619119,0,0,0,0,-0.09961748430004017,1,0,-0.8266062607722404,-0.5874223568598589,-0.5850878630187113,0,0
2.2034128740532415,2.058557474282154,1.7570986693404496,1,1,1,0,-1.128183637084254,0,0,2.853742184340139,0.7125441313500638,1.7292668805255134,1,1
-0.43823460372307477,-0.4241475902250075,0.11616724324113924,0,0,0,0,1.5369960626715269,1,0,-0.5812496977647484,-0.5874223568598589,-0.654881431883133,0,0
0.1758549935776251,0.2529537910042183,2.1494953147120235,1,1,1,0,-1.119659608193777,0,1,1.6269593693026794,1.3625273754550251,1.4863852608773256,1,1
3.110903646897266,0.02725333059447637,1.935460780872983,0,1,1,1,-1.1239216226390156,1,1,0.4001765542652195,2.6624938636649476,1.3216724383572906,1,1
-0.42927409826829976,-0.4241475902250075,0.009149976321619119,1,0,0,0,1.100849917775458,1,0,-0.5812496977647484,-0.5874223568598589,-0.6465062036194024,0,0
-0.3969807895373358,-0.6498480506347494,-0.9183330036475561,0,0,0,0,1.652070452692965,1,0,-0.8266062607722404,-0.5874223568598589,-0.6465062036194024,0,0
3.8193480075211013,0.2529537910042183,2.07815047009901,0,1,1,1,-1.0884048355953617,0,0,0.4001765542652195,0.06256088724510249,1.6678485399248222,1,1
-0.42630286811092827,-0.19844712981526558,0.08049482093463266,1,0,0,0,0.05381503572854422,1,0,-0.5812496977647484,-0.5874223568598589,-0.7442172000295928,0,0
0.9272153456331941,0.9300551722334441,1.7214262470339428,1,1,1,1,-1.0884048355953617,0,1,2.117672495317663,2.0125106195599867,1.3105054673389829,1,1
-0.43400133192622253,-0.19844712981526558,-0.20488455751742132,0,0,0,0,1.129263347410381,1,0,-0.5812496977647484,-0.5874223568598589,-0.760967656557054,0,0
-0.02177411221782385,0.2529537910042183,2.4348746931640775,1,0,0,0,-1.089825507077108,0,1,0.8908896802802034,2.0125106195599867,1.4473008623132497,1,1
0.37748820348751033,0.47865425141396023,2.0424780477925033,1,0,1,1,-1.1239216226390156,1,1,2.3630290583251554,0.06256088724510249,1.8102274204082425,0,1
-0.43187002340744474,-0.6498480506347494,-0.6329536251955021,0,0,0,0,-0.547129001050078,1,0,-0.33589313475725646,-0.5874223568598589,-0.6465062036194024,0,0
-0.4066262462792978,-0.4241475902250075,-0.06219486829139442,0,0,0,0,-0.3780690947222859,1,0,-0.5812496977647484,-0.5874223568598589,-0.8335529681760526,0,0
-0.4332689767886687,-0.6498480506347494,-0.7042984698085157,0,0,0,0,-0.17349240135084007,1,0,-0.33589313475725646,-0.5874223568598589,-0.5180860369088663,0,0
1.4809768204355767,2.5099583951016378,2.2921850039380507,1,0,0,0,-1.1296043085660001,0,1,0.8908896802802034,1.3625273754550251,1.4640513188407107,1,1
-0.4391649165546043,-0.4241475902250075,-0.4545915136629685,0,0,0,0,0.13905532463331333,1,1,-0.8266062607722404,-0.5874223568598589,-0.398041098462061,0,0
-0.4402546162453388,-0.6498480506347494,-0.7756433144215291,0,0,0,0,-0.7034028640421547,1,0,-0.8266062607722404,-0.5874223568598589,-0.7916768268573996,0,0
-0.41985123351936543,-0.6498480506347494,-0.525936358275982,0,0,0,0,1.2841165389207116,1,0,-0.33589313475725646,-0.5874223568598589,-0.8865960805130131,0,0
0.18960289534099586,1.832857013872412,1.8284435139534625,1,0,1,0,-1.1324456515294925,0,1,2.853742184340139,2.6624938636649476,1.718099909507206,1,1
-0.437552989352891,-0.6498480506347494,-0.7042984698085157,0,0,0,0,1.3381020552270655,1,0,-0.33589313475725646,-0.5874223568598589,-0.7721346275753616,0,0
-0.4193756247018117,-0.4241475902250075,-1.0253502705670765,0,0,0,0,1.6449670952842343,1,0,-0.8266062607722404,-0.5874223568598589,-0.4064163267257916,0,0
-0.42823062469251943,-0.6498480506347494,-0.3475742467434483,0,0,0,0,1.6989526115905882,1,0,-0.33589313475725646,-0.5874223568598589,-0.7972603123665533,0,0
-0.3209649369060752,-0.4241475902250075,-0.0978672905979012,1,0,0,0,-0.4491026688095935,1,0,-0.5812496977647484,-0.5874223568598589,-0.632547489846518,0,0
-0.40698162794012366,-0.19844712981526558,-0.525936358275982,0,0,0,0,-0.4959848277072165,1,0,-0.5812496977647484,-0.5874223568598589,-0.6269640043373643,0,0
-0.4370295841064993,-0.6498480506347494,-0.6686260475020089,1,1,1,1,-1.1153975937485388,0,1,0.1548199912577275,1.3625273754550251,1.3188806956027135,1,1
-0.4409455543542076,-0.6498480506347494,-0.9540054259540629,1,1,1,1,-1.1225009511572694,0,1,0.8908896802802034,0.7125441313500638,1.2937550108115219,1,1
-0.4414362774428929,-0.6498480506347494,-1.061022692873583,1,1,1,0,-1.118238936712031,0,1,1.6269593693026794,1.3625273754550251,1.5589705724963245,1,1
-0.42968552050585346,-0.19844712981526558,-0.9183330036475561,0,0,0,0,-0.37522775175879364,0,0,-0.33589313475725646,-0.5874223568598589,-0.6939658304472092,0,0
1.117767733766713,0.9300551722334441,1.8284435139534625,0,1,1,1,-1.1310249800477463,0,1,1.8723159323101712,2.0125106195599867,1.804643934899089,1,1
-0.4409455543542076,-0.6498480506347494,-1.0253502705670765,1,1,1,1,-1.1054528933763157,0,1,0.6455331172727115,0.7125441313500638,1.6203889130970157,1,1
-0.3889991784998701,-0.19844712981526558,-0.8469881590345426,0,0,0,0,1.3764601852342115,1,0,-0.8266062607722404,-0.5874223568598589,-0.5962548340370187,0,0
-0.4076513668115613,-0.4241475902250075,0.7939432670647675,1,0,0,0,1.5156859904453346,1,0,-0.5812496977647484,-0.5874223568598589,-0.6213805188282105,0,0
-0.44080393167081305,-0.6498480506347494,-0.9183330036475561,0,0,0,0,1.3381020552270655,1,0,-0.33589313475725646,-0.5874223568598589,-0.5013355803814052,0,0
-0.4252786308802244,-0.6498480506347494,-0.3475742467434483,0,0,0,0,0.9246866540389352,1,0,-0.5812496977647484,-0.5874223568598589,-0.4119998122349453,0,0
-0.41138665281801573,-0.19844712981526558,-0.5616087805824888,0,0,0,0,0.06944242202775189,1,0,-0.5812496977647484,-0.5874223568598589,-0.8810125950038594,0,0
-0.44061549400475797,-0.19844712981526558,-0.7756433144215291,0,0,0,0,0.49848520951508973,1,0,-0.8266062607722404,-0.5874223568598589,-0.5180860369088663,0,0
1.6606857986230352,0.2529537910042183,1.8641159362599693,0,1,0,0,-1.1210802796755233,0,1,1.1362462432876954,2.6624938636649476,1.3216724383572906,1,1
-0.4340247884898617,-0.19844712981526558,-0.27622940213043484,0,0,0,0,-0.29709082026275524,1,0,-0.8266062607722404,-0.5874223568598589,-0.7246750007475548,0,0
-0.4418288559138411,-0.6498480506347494,-0.8113157367280359,1,1,1,1,-1.109714907821554,0,1,1.1362462432876954,2.0125106195599867,1.692974224716014,1,1
-0.43448587190399035,-0.19844712981526558,-0.2405569798239281,0,0,0,0,1.3508880985627807,1,0,-0.5812496977647484,-0.5874223568598589,-0.8307612254214757,0,0
-0.43897265124845747,-0.4241475902250075,-1.0253502705670765,0,0,0,0,0.07086309350949804,1,0,-0.8266062607722404,-0.5874223568598589,-0.5376282361909044,0,0
-0.42516654972676865,-0.4241475902250075,-0.7399708921150225,0,0,0,0,0.519795281741282,1,0,-0.5812496977647484,-0.5874223568598589,-0.8754291094947056,0,0
-0.44146837073289286,-0.19844712981526558,-0.7399708921150225,0,0,0,0,0.5070092384055667,1,0,-0.33589313475725646,-0.5874223568598589,-0.8112190261394376,0,0
-0.4416816389872355,-0.6498480506347494,-0.9896778482605697,1,1,1,1,-1.1111355793033002,0,0,1.1362462432876954,0.7125441313500638,1.5896797427966698,1,1
2.428752425654423,1.381456093052928,1.6144089801144224,1,1,0,0,-1.099770207449331,0,0,1.1362462432876954,0.06256088724510249,1.6706402826793991,1,1
-0.40005899732804073,-0.19844712981526558,-0.7399708921150225,0,0,0,0,0.2910671731801516,1,0,-0.8266062607722404,-0.5874223568598589,-0.7805098558390922,0,0
1.2323910291110507,2.5099583951016378,1.6144089801144224,1,0,1,1,-1.116818265230285,1,1,0.8908896802802034,2.6624938636649476,1.3021302390752525,1,1
-0.43965603222176053,-0.4241475902250075,-0.49026393596947526,0,0,0,0,-0.781539795538193,1,0,-0.8266062607722404,-0.5874223568598589,-0.5515869499637888,0,0
-0.4414362774428929,-0.4241475902250075,-0.9183330036475561,1,1,0,0,-1.1153975937485388,0,1,1.6269593693026794,2.0125106195599867,1.6175971703424386,1,1
-0.40938263786844287,-0.19844712981526558,0.5799087332257269,1,0,0,0,0.9616241125643352,1,0,-0.5812496977647484,-0.5874223568598589,-0.7944685696119764,0,0
-0.438869403110598,-0.6498480506347494,-0.3832466690499551,0,0,0,0,1.6208156800945497,1,0,-0.8266062607722404,-0.5874223568598589,-0.6492979463739792,0,0
-0.43529674273573393,-0.6498480506347494,-0.27622940213043484,0,0,0,0,0.7982468921635277,1,0,-0.33589313475725646,-0.5874223568598589,-0.7777181130845152,0,0
-0.40564067802798226,-0.6498480506347494,-1.061022692873583,0,0,0,0,-0.9349723155667774,1,1,-0.33589313475725646,-0.5874223568598589,-0.4845851238539439,0,0
-0.42255894537811295,-0.19844712981526558,-1.061022692873583,0,0,0,0,-0.893772842596139,1,0,-0.33589313475725646,-0.5874223568598589,-0.5543786927183657,0,0
-0.42663822826973574,-0.6498480506347494,0.11616724324113924,0,0,0,0,-0.912241571858839,1,0,-0.8266062607722404,-0.5874223568598589,-0.6492979463739792,0,0
3.5361360099020014,1.155755632643186,2.399202270857571,1,0,1,1,-1.0784601352231387,1,0,1.1362462432876954,0.7125441313500638,1.5366366304597097,1,1
-0.4145063757820233,-0.19844712981526558,-0.7042984698085157,0,0,0,0,0.9161626251484584,1,0,-0.33589313475725646,-0.5874223568598589,-0.8865960805130131,0,0
-0.4013625541408242,-0.6498480506347494,0.11616724324113924,0,0,0,0,0.379148805048413,1,0,-0.33589313475725646,-0.5874223568598589,-0.6939658304472092,0,0
0.8932947991401496,2.9613593159211216,2.363529848551064,1,0,0,1,-1.0827221496683772,0,1,1.6269593693026794,0.06256088724510249,1.6231806558515924,1,1
2.552308942249805,1.832857013872412,2.0424780477925033,1,0,0,1,-1.091246178558854,0,1,2.117672495317663,1.3625273754550251,1.3328394093755978,1,1
-0.4267440281676563,-0.19844712981526558,-0.9896778482605697,0,0,0,0,-0.9278689581580466,1,0,-0.5812496977647484,-0.5874223568598589,-0.8782208522492826,0,0
-0.40349769029969373,-0.6498480506347494,-0.7756433144215291,0,0,0,0,-0.46473005510880117,1,0,-0.33589313475725646,-0.5874223568598589,-0.5822961202641344,0,0
-0.4374875268928604,-0.4241475902250075,-0.6686260475020089,0,0,0,0,1.2088209503881655,1,0,-0.8266062607722404,-0.5874223568598589,-0.8838043377584363,0,0
-0.44147877406237307,-0.19844712981526558,-0.8469881590345426,0,0,0,0,-0.7218715933048546,1,0,-0.8266062607722404,-0.5874223568598589,-0.7972603123665533,0,0
-0.3834759919920998,-0.4241475902250075,0.6869260001452472,1,0,0,0,1.5227893478540653,1,0,-0.5812496977647484,-0.5874223568598589,-0.8056355406302839,0,0
-0.4084403513935494,-0.6498480506347494,-0.3475742467434483,0,0,0,0,-0.4704127410357858,1,0,-0.33589313475725646,-0.5874223568598589,-0.6995493159563628,0,0
-0.33322467183069887,-0.4241475902250075,0.33020177708017967,1,0,0,0,0.6192422854635127,1,0,-0.5812496977647484,-0.5874223568598589,-0.7218832579929778,0,0
-0.4200655813645031,-0.19844712981526558,-0.20488455751742132,0,0,0,0,0.9857755277540198,1,0,-0.5812496977647484,-0.5874223568598589,-0.5599621782275194,0,0
3.1988990315695114,0.2529537910042183,1.9711332031794895,1,0,1,0,-1.0955081930040926,0,1,0.4001765542652195,0.06256088724510249,1.377507293448828,1,1
-0.4036356816322321,-0.19844712981526558,-1.0966951151800899,0,0,0,0,-0.20048515950401694,1,0,-0.5812496977647484,-0.5874223568598589,-0.7553841710479002,0,0
-0.1386453118868111,-0.19844712981526558,0.5442363109192201,1,0,1,0,-0.44199931140086274,1,0,-0.5812496977647484,-0.5874223568598589,-0.6520896891285561,0,0
1.1016137185549006,3.1870597763308637,1.5787365578079158,1,0,1,0,-1.1225009511572694,1,1,2.6083856213326473,2.6624938636649476,1.3021302390752525,1,1
-0.43126633586374413,-0.6498480506347494,-1.0253502705670765,0,0,0,0,1.566830163788196,1,0,-0.5812496977647484,-0.5874223568598589,-0.5850878630187113,0,0
-0.41495420967275753,-0.19844712981526558,-1.061022692873583,0,0,0,0,-0.4704127410357858,1,0,-0.8266062607722404,-0.5874223568598589,-0.7777181130845152,0,0
-0.4249860617747502,-0.6498480506347494,-0.9183330036475561,0,0,0,0,1.464541817102473,1,0,-0.5812496977647484,-0.5874223568598589,-0.4203750404986759,0,0
-0.4418288559138411,-0.4241475902250075,-1.061022692873583,1,1,0,0,-1.1054528933763157,0,1,0.1548199912577275,1.3625273754550251,1.5840962572875161,1,1
-0.4377716555612091,-0.6498480506347494,-0.5972812028889956,0,0,0,0,0.4402376787634975,1,0,-0.33589313475725646,-0.5874223568598589,-0.5404199789454813,0,0
-0.4323622186653961,-0.4241475902250075,-0.27622940213043484,0,0,0,0,1.2912198963294423,1,0,-0.5812496977647484,-0.5874223568598589,-0.6995493159563628,0,0
-0.36282410709401625,-0.19844712981526558,-0.525936358275982,0,0,0,0,-0.8056912107278776,1,0,-0.33589313475725646,-0.5874223568598589,-0.4845851238539439,0,0
-0.4249624089218756,-0.6498480506347494,-0.3832466690499551,0,0,0,0,-0.547129001050078,1,0,-0.8266062607722404,-0.5874223568598589,-0.42595852600782963,0,0
-0.2921370164827888,-0.4241475902250075,0.6155811555322337,1,0,0,0,1.8324957308747263,1,0,-0.5812496977647484,-0.5874223568598589,-0.7888850841028227,0,0
-0.4086996494736107,-0.19844712981526558,-0.27622940213043484,0,0,0,0,1.5526234489707345,1,0,-0.5812496977647484,-0.5874223568598589,-0.5236695224180201,0,0
-0.4261288577036805,-0.19844712981526558,-0.7399708921150225,0,0,0,0,0.6959585454778048,1,0,-0.5812496977647484,-0.5874223568598589,-0.6800071166743248,0,0
2.9407903661305768,2.284257934691896,2.1138228924055165,1,0,1,1,-1.116818265230285,0,0,2.6083856213326473,0.7125441313500638,1.5980549710604004,1,1
-0.430490797094386,-0.19844712981526558,-0.525936358275982,0,0,0,0,1.1207393185199042,1,0,-0.5812496977647484,-0.5874223568598589,-0.4147915549895222,0,0
-0.3569469129500684,0.02725333059447637,0.6155811555322337,1,1,0,0,2.079692568698557,1,0,-0.5812496977647484,-0.5874223568598589,-0.7051328014655166,0,0
-0.42108334105043643,-0.19844712981526558,-0.7756433144215291,0,0,0,0,0.9587827696008429,1,0,-0.33589313475725646,-0.5874223568598589,-0.6074218050553262,0,0
-0.4410130778512107,-0.19844712981526558,-0.525936358275982,0,0,0,0,0.22713695650157473,1,0,-0.33589313475725646,-0.5874223568598589,-0.6520896891285561,0,0
-0.4082346402747726,-0.19844712981526558,0.7939432670647675,1,0,0,0,1.9163153482977493,1,0,-0.5812496977647484,-0.5874223568598589,-0.590671348527865,0,0
-0.42184150822245514,-0.6498480506347494,-0.6686260475020089,0,0,0,0,-0.7232922647866008,1,0,-0.33589313475725646,-0.5874223568598589,-0.6297557470919412,0,0
-0.39471678949537753,-0.4241475902250075,-0.026522445984887653,1,0,0,0,1.2002969214976886,1,0,-0.5812496977647484,-0.5874223568598589,-0.6883823449380554,1,0
-0.4108430297803702,-0.4241475902250075,0.04482239862812589,0,0,0,0,1.2571237807675348,1,1,-0.8266062607722404,-0.5874223568598589,-0.847511681948937,0,0
-0.4418288559138411,-0.6498480506347494,-0.8113157367280359,1,1,1,1,-1.1040322218945695,0,0,1.1362462432876954,0.7125441313500638,1.271421068774907,0,1
-0.36190998812441333,-0.4241475902250075,-0.20488455751742132,0,0,0,0,0.30101187355237463,1,0,-0.5812496977647484,-0.5874223568598589,-0.45108421079902156,0,0
3.9438961773340986,1.381456093052928,1.7214262470339428,1,1,1,1,-1.1239216226390156,0,1,0.8908896802802034,0.7125441313500638,1.4417173768040958,1,1
-0.38451367503543366,-0.6498480506347494,-0.0978672905979012,0,0,0,0,0.9772514988635429,1,0,-0.5812496977647484,-0.5874223568598589,-0.45945943906275216,0,0
-0.4409455543542076,-0.6498480506347494,-0.9896778482605697,1,1,1,1,-1.1253422941207618,0,1,1.3816028062951873,0.7125441313500638,1.4165916920129038,1,1
-0.4141278319914115,-0.19844712981526558,-1.061022692873583,0,0,0,0,0.6121389280547819,1,0,-0.5812496977647484,-0.5874223568598589,-0.42316678325325285,0,0
-0.4160359596494553,-0.6498480506347494,-0.5972812028889956,0,0,0,0,0.2981705305888823,1,0,-0.33589313475725646,-0.5874223568598589,-0.39524935570748415,0,0
-0.4414362774428929,-0.6498480506347494,-0.5972812028889956,1,1,1,1,-1.1153975937485388,0,1,0.4001765542652195,2.0125106195599867,1.2965467535660986,1,1
-0.22106029173914524,0.02725333059447637,-0.3832466690499551,1,1,0,0,0.2044062127936363,1,0,-0.5812496977647484,-0.5874223568598589,-0.6883823449380554,0,0
1.4629902489213784,1.832857013872412,1.899788358566476,1,0,1,1,-1.091246178558854,0,0,0.4001765542652195,0.7125441313500638,1.7516008225621282,1,1
-0.42196281496997806,-0.4241475902250075,-0.9540054259540629,0,0,0,0,0.5055885669238205,1,0,-0.33589313475725646,-0.5874223568598589,-0.8642621384763982,0,0
0.5035213995114868,3.4127602367406054,2.2921850039380507,0,1,0,0,-1.1210802796755233,0,1,0.6455331172727115,0.06256088724510249,1.7320586232800905,1,1
-0.3602877557378376,-0.19844712981526558,-1.0253502705670765,0,0,0,0,-0.163547700978617,1,0,-0.8266062607722404,-0.5874223568598589,-0.4985438376268283,0,0
-0.4410431101042383,-0.6498480506347494,-0.20488455751742132,0,0,0,0,-0.9577030592747159,1,0,-0.5812496977647484,-0.5874223568598589,-0.6632566601468636,0,0
-0.4200801067679283,-0.6498480506347494,-0.7042984698085157,0,0,0,0,-0.8980348570413774,1,0,-0.8266062607722404,-0.5874223568598589,-0.8056355406302839,0,0
-0.43405786322603906,-0.4241475902250075,-0.9540054259540629,0,0,0,0,0.5141125958142974,1,0,-0.8266062607722404,-0.5874223568598589,-0.7162997724838241,0,0
2.005516226029841,1.60715655346267,2.0068056254859963,0,1,1,0,-1.119659608193777,0,1,1.6269593693026794,0.7125441313500638,1.419383434767481,1,1
-0.4286053408430395,-0.4241475902250075,-0.8469881590345426,0,0,0,0,0.021139591648382732,1,0,-0.5812496977647484,-0.5874223568598589,-0.6576731746377098,0,0
-0.3891449232572097,-0.4241475902250075,-0.8469881590345426,0,0,0,0,1.1321046903738734,1,0,-0.33589313475725646,-0.5874223568598589,-0.8335529681760526,0,0
-0.43953227185879407,-0.4241475902250075,-1.0253502705670765,0,0,0,0,0.9431553833016352,1,0,-0.5812496977647484,-0.5874223568598589,-0.49016860936309764,0,0
-0.4228949925492446,-0.4241475902250075,-0.9183330036475561,0,0,0,0,1.1022705892572042,1,0,-0.8266062607722404,-0.5874223568598589,-0.8056355406302839,0,0
-0.2715651194481609,0.02725333059447637,0.5085638886127135,1,0,0,0,2.0484377961001417,1,0,-0.5812496977647484,-0.5874223568598589,-0.5767126347549807,0,0
-0.4308895586762516,-0.19844712981526558,-0.525936358275982,0,0,0,0,0.13621398166982102,1,0,-0.5812496977647484,-0.5874223568598589,-0.7135080297292472,0,0
-0.4409455543542076,-0.4241475902250075,-0.7042984698085157,1,0,1,1,-1.119659608193777,0,1,0.6455331172727115,0.7125441313500638,1.2770045542840605,1,1
-0.4363052768275998,-0.6498480506347494,-0.5616087805824888,0,0,0,0,0.9573620981190968,1,0,-0.33589313475725646,-0.5874223568598589,-0.8000520551211302,0,0
-0.4414490362431987,-0.19844712981526558,-0.7042984698085157,0,0,0,0,1.0852225314762505,1,0,-0.8266062607722404,-0.5874223568598589,-0.8279694826668988,0,0
-0.4156864666656937,-0.6498480506347494,-0.8469881590345426,0,0,0,0,1.0951672318484735,1,0,-0.8266062607722404,-0.5874223568598589,-0.5487952072092119,0,0
-0.4163557148140426,-0.4241475902250075,-0.5972812028889956,0,0,0,0,0.2768604583626901,1,0,-0.5812496977647484,-0.5874223568598589,-0.5348364934363277,0,0
-0.3645330993226716,-0.19844712981526558,0.08049482093463266,1,0,0,0,0.528319310631759,1,0,-0.5812496977647484,-0.5874223568598589,-0.783301598593669,0,0
3.1598364922639877,0.9300551722334441,1.899788358566476,0,1,0,0,-1.0770394637413925,0,0,0.4001765542652195,0.7125441313500638,1.4863852608773256,1,1
-0.39690914396638777,-0.6498480506347494,0.11616724324113924,0,0,0,0,0.36210074726745917,1,0,-0.33589313475725646,-0.5874223568598589,-0.7749263703299383,0,0
1.326624780120516,0.47865425141396023,2.399202270857571,1,0,1,1,-1.091246178558854,0,1,2.853742184340139,1.3625273754550251,1.7208916522617828,0,1
-0.43701005332756965,-0.6498480506347494,-0.3832466690499551,0,0,0,0,1.6989526115905882,1,1,-0.8266062607722404,-0.5874223568598589,-0.5292530079271739,0,0
-0.43587265535261493,-0.6498480506347494,-0.20488455751742132,0,0,0,0,0.1518413679690287,1,0,-0.8266062607722404,-0.5874223568598589,-0.6800071166743248,0,0
-0.40889731273373314,-0.19844712981526558,-0.9896778482605697,0,0,0,0,-0.27151873359132456,1,0,-0.5812496977647484,-0.5874223568598589,-0.4371254970261372,0,0
-0.4370295841064993,-0.6498480506347494,-0.7042984698085157,1,1,1,1,-1.1153975937485388,0,1,0.1548199912577275,2.0125106195599867,1.288171525302368,1,1
-0.42007166633080284,-0.19844712981526558,-0.5616087805824888,0,0,0,0,-0.5570737014223011,1,0,-0.8266062607722404,-0.5874223568598589,-0.6911740876926322,0,0
-0.4388462409808121,-0.4241475902250075,-0.16921213521091455,0,0,0,0,1.0596504448048196,1,0,-0.33589313475725646,-0.5874223568598589,-0.6381309753556718,0,0
-0.4386931353771423,-0.4241475902250075,-0.06219486829139442,0,0,0,0,-0.4931434847437242,1,0,-0.5812496977647484,-0.5874223568598589,-0.8726373667401287,0,0
-0.42393032012175275,-0.6498480506347494,-0.4189190913564617,0,0,0,0,-0.6735687629254855,1,0,-0.8266062607722404,-0.5874223568598589,-0.8056355406302839,0,0
-0.4367296541546949,-0.4241475902250075,-0.9896778482605697,0,0,0,0,-0.42637192510165506,1,0,-0.8266062607722404,-0.5874223568598589,-0.4371254970261372,0,0
-0.43813439806836524,-0.4241475902250075,-0.2405569798239281,0,0,0,0,-0.41216521028419356,1,0,-0.5812496977647484,-0.5874223568598589,-0.7525924282933234,0,0
-0.4409455543542076,-0.4241475902250075,-0.7756433144215291,1,1,1,1,-1.1082942363398078,0,0,0.1548199912577275,1.3625273754550251,1.676223768188553,1,1
-0.41742352825502177,-0.4241475902250075,-0.026522445984887653,0,0,0,0,-0.5826457880937318,1,0,-0.33589313475725646,-0.5874223568598589,-0.6297557470919412,0,0
-0.3868555037592574,-0.19844712981526558,0.9009605339842874,1,0,0,0,-0.5954318314294471,1,0,-0.5812496977647484,-0.5874223568598589,-0.5543786927183657,0,0
-0.4391570649851853,-0.6498480506347494,-0.20488455751742132,0,0,0,0,-0.25305000432862457,1,0,-0.5812496977647484,-0.5874223568598589,-0.6716318884105942,0,0
-0.1648302958990564,2.058557474282154,1.4360468685818886,1,0,0,0,-1.1153975937485388,0,1,1.8723159323101712,2.0125106195599867,1.4975522318956334,1,1
-0.2592970422310295,0.02725333059447637,0.47289146630620676,1,1,0,0,2.253014489471587,1,0,-0.5812496977647484,-0.5874223568598589,-0.7665511420662078,0,0
-0.4295020882153029,-0.6498480506347494,-0.9896778482605697,0,0,0,0,1.0894845459214888,1,0,-0.5812496977647484,-0.5874223568598589,-0.4566676963081753,0,0
-0.24349644578768836,-0.4241475902250075,0.722598422451754,1,0,0,0,0.9800928418270352,1,0,-0.5812496977647484,-0.5874223568598589,-0.5627539209820963,0,0
-0.41328653632816953,-0.4241475902250075,-0.6686260475020089,0,0,0,0,-0.9420756729755082,1,0,-0.33589313475725646,-0.5874223568598589,-0.8447199391943601,0,0
-0.38531070747607626,-0.4241475902250075,-0.20488455751742132,0,0,0,0,-0.9534410448294773,1,0,-0.5812496977647484,-0.5874223568598589,-0.4762098955902133,0,0
-0.3834420339543628,-0.19844712981526558,-0.31190182443694153,0,0,0,0,0.6916965310325663,0,1,-0.33589313475725646,-0.5874223568598589,-0.5767126347549807,0,0
-0.4380883682426466,-0.4241475902250075,0.04482239862812589,0,0,0,0,-0.48319878437150116,1,0,-0.8266062607722404,-0.5874223568598589,-0.462251181817329,0,0
-0.42340877962309803,-0.19844712981526558,-0.9896778482605697,0,0,0,0,1.5554647919342268,1,0,-0.8266062607722404,-0.5874223568598589,-0.6353392326010948,0,0
-0.4370295841064993,-0.6498480506347494,-0.7042984698085157,1,1,1,1,-1.126762965602508,0,1,0.4001765542652195,1.3625273754550251,1.6036384565695543,1,1
-0.18521385341224686,0.02725333059447637,-0.3832466690499551,1,0,0,0,0.2924878446618977,1,0,-0.5812496977647484,-0.5874223568598589,-0.7162997724838241,0,0
-0.4093535870615927,-0.4241475902250075,-0.0978672905979012,0,0,0,0,0.846549722542897,1,0,-0.33589313475725646,-0.5874223568598589,-0.7302584862567084,0,0
3.0057435537397525,2.284257934691896,2.18516773701853,1,1,1,0,-1.119659608193777,0,1,0.4001765542652195,2.6624938636649476,1.7683512790895897,1,1
-0.4416816389872355,-0.6498480506347494,-0.8469881590345426,1,1,0,1,-1.1296043085660001,0,1,0.6455331172727115,0.7125441313500638,1.6120136848332847,1,1
-0.4328177078363137,-0.19844712981526558,-0.8113157367280359,0,0,0,0,1.5512027774889883,1,0,-0.33589313475725646,-0.5874223568598589,-0.8195942544031682,0,0
-0.23496758036172088,-0.19844712981526558,0.3658741993866864,1,0,1,0,0.6178216139817665,1,0,-0.5812496977647484,-0.5874223568598589,-0.6409227181102487,0,0
-0.26760743773791434,-0.19844712981526558,0.25885693246716635,1,0,0,0,2.1436227853771337,1,0,-0.5812496977647484,-0.5874223568598589,-0.6465062036194024,0,0
-0.4414362774428929,-0.6498480506347494,-0.7042984698085157,1,1,1,0,-1.1310249800477463,0,1,1.1362462432876954,2.0125106195599867,1.676223768188553,1,1
-0.4414362774428929,-0.4241475902250075,-0.7042984698085157,1,1,1,1,-1.109714907821554,0,1,1.1362462432876954,0.7125441313500638,1.503135717404787,1,1
-0.41596608068162655,-0.4241475902250075,0.11616724324113924,0,0,0,0,1.6748011964009035,1,0,-0.8266062607722404,-0.5874223568598589,-0.8838043377584363,0,0
-0.4249929318979918,0.02725333059447637,0.6155811555322337,1,0,0,0,-0.49456415622547034,1,0,-0.5812496977647484,-0.5874223568598589,-0.7135080297292472,0,0
-0.4168589022691805,-0.6498480506347494,-0.8826605813410494,0,0,0,0,0.491381852106359,1,0,-0.8266062607722404,-0.5874223568598589,-0.6660484029014404,0,0
-0.44007147838864147,-0.6498480506347494,0.08049482093463266,0,0,0,0,-0.22321590321195536,1,0,-0.33589313475725646,-0.5874223568598589,-0.5599621782275194,0,0
0.3065059920107475,3.4127602367406054,1.8284435139534625,0,0,1,1,-1.0827221496683772,0,0,2.6083856213326473,0.7125441313500638,1.7711430218441664,1,1
-0.43547566037386853,-0.19844712981526558,-0.3832466690499551,1,1,0,0,1.4972172611826347,1,0,-0.5812496977647484,-0.5874223568598589,-0.5655456637366731,0,0
-0.43857585255894654,-0.19844712981526558,-0.525936358275982,0,0,0,0,0.22713695650157473,1,0,-0.8266062607722404,-0.5874223568598589,-0.5767126347549807,0,0
-0.4359475396959483,-0.19844712981526558,0.009149976321619119,0,0,1,0,0.20298554131189014,1,0,-0.5812496977647484,-0.5874223568598589,-0.56833740649125,0,0
-0.4416816389872355,-0.4241475902250075,-0.9896778482605697,1,1,1,1,-1.1125562507850464,1,1,1.6269593693026794,0.7125441313500638,1.6538898261519377,1,1
-0.4416024362807217,-0.6498480506347494,-0.20488455751742132,0,0,0,0,-0.3127182065619629,1,0,-0.33589313475725646,-0.5874223568598589,-0.7665511420662078,0,0
-0.4409455543542076,-0.6498480506347494,-0.8469881590345426,1,1,1,1,-1.1210802796755233,0,1,0.4001765542652195,2.0125106195599867,1.4110082065037504,1,1
-0.439137043483167,-0.19844712981526558,-0.0978672905979012,0,0,0,0,-0.05841801132940177,1,0,-0.5812496977647484,-0.5874223568598589,-0.6409227181102487,0,0
0.0345570707231519,1.381456093052928,2.18516773701853,1,1,1,0,-1.091246178558854,0,1,2.6083856213326473,0.06256088724510249,1.5896797427966698,1,1
-0.3253578899959856,-0.19844712981526558,-0.8469881590345426,0,0,0,0,0.5126919243325513,0,0,-0.5812496977647484,-0.5874223568598589,-0.8419281964397832,0,0
-0.44107432009267866,-0.19844712981526558,-0.8826605813410494,0,0,0,0,1.5654094923064499,1,0,-0.33589313475725646,-0.5874223568598589,-0.5878796057732881,0,0
1.5953314939611682,2.5099583951016378,2.18516773701853,0,1,0,1,-1.0699361063326618,0,1,1.1362462432876954,2.0125106195599867,1.787893478371628,0,1
-0.3851483762783392,-0.6498480506347494,-1.061022692873583,0,0,0,0,0.18593748353093634,1,0,-0.33589313475725646,-0.5874223568598589,-0.4092080694803685,0,0
-0.4298834781998291,-0.6498480506347494,-0.9183330036475561,0,0,0,0,1.538416734153273,1,0,-0.33589313475725646,-0.5874223568598589,-0.7553841710479002,0,0
-0.4121887887787806,-0.19844712981526558,-0.525936358275982,0,0,0,0,0.1575240538960133,1,0,-0.8266062607722404,-0.5874223568598589,-0.6074218050553262,0,0
-0.4386720342843288,-0.4241475902250075,-0.27622940213043484,0,0,0,0,1.47306584599295,1,0,-0.8266062607722404,-0.5874223568598589,-0.7442172000295928,0,0
1.3055332073349704,1.60715655346267,1.7570986693404496,1,1,1,1,-1.0727774492961542,0,1,1.1362462432876954,2.6624938636649476,1.3216724383572906,1,1
2.858596113523533,1.381456093052928,1.9711332031794895,1,1,1,1,-1.1082942363398078,0,1,0.8908896802802034,0.06256088724510249,1.3579650941667898,1,1
-0.3146292111080598,-0.19844712981526558,-0.3832466690499551,1,1,0,0,0.4899611806246128,1,0,-0.5812496977647484,-0.5874223568598589,-0.5822961202641344,0,0
-0.4117982713448049,-0.19844712981526558,-1.061022692873583,0,0,0,0,-0.7602297233120008,1,0,-0.8266062607722404,-0.5874223568598589,-0.4147915549895222,0,0
-0.4155815500693328,-0.6498480506347494,-0.9183330036475561,0,0,0,0,-0.19196113061354003,1,0,-0.33589313475725646,-0.5874223568598589,-0.38966587019833043,0,0
0.9870091688325505,1.381456093052928,2.2921850039380507,0,1,1,0,-1.0841428211501234,0,1,0.4001765542652195,2.6624938636649476,1.8018521921445123,1,1
-0.4233943523642907,-0.4241475902250075,-0.525936358275982,0,0,0,0,0.7641507766016201,1,0,-0.8266062607722404,-0.5874223568598589,-0.6381309753556718,0,0
-0.4193137935926373,-0.19844712981526558,-0.0978672905979012,0,0,0,0,1.2713304955849962,1,0,-0.8266062607722404,-0.5874223568598589,-0.8698456239855519,0,0
-0.4061516189079214,-0.4241475902250075,-0.026522445984887653,0,0,0,0,1.2983232537381733,1,1,-0.8266062607722404,-0.5874223568598589,-0.7135080297292472,0,0
-0.39546209972247265,-0.6498480506347494,-0.9896778482605697,0,0,0,0,1.5838782215691498,1,0,-0.5812496977647484,-0.5874223568598589,-0.8168025116485913,0,0
-0.425724796312457,-0.6498480506347494,-0.3475742467434483,0,0,0,0,-0.2047471739492554,1,0,-0.8266062607722404,-0.5874223568598589,-0.6269640043373643,0,0
-0.4358833531159482,-0.4241475902250075,-0.0978672905979012,0,0,0,0,1.3196333259643653,1,0,-0.8266062607722404,-0.5874223568598589,-0.7162997724838241,0,0
-0.43635748976423594,-0.6498480506347494,-0.31190182443694153,0,0,0,0,-0.0925141268913094,1,0,-0.8266062607722404,-0.5874223568598589,-0.7665511420662078,0,0
0.866392966839953,2.5099583951016378,1.8284435139534625,0,1,1,0,-1.081301478186631,0,1,0.4001765542652195,2.0125106195599867,1.3021302390752525,1,1
-0.43069101211456956,-0.19844712981526558,-0.20488455751742132,0,0,0,0,0.34221134652301305,1,0,-0.33589313475725646,-0.5874223568598589,-0.42316678325325285,0,0
-0.37548505721594905,-0.19844712981526558,0.9723053785973009,0,0,0,0,-0.3794897662040321,1,0,-0.5812496977647484,-0.5874223568598589,-0.5850878630187113,0,0
-0.3680321512342329,-0.4241475902250075,0.6155811555322337,1,1,0,0,0.07370443647299035,1,0,-0.5812496977647484,-0.5874223568598589,-0.6883823449380554,0,0
2.209580576265691,2.058557474282154,2.1494953147120235,1,1,0,1,-1.1225009511572694,0,0,2.117672495317663,1.3625273754550251,1.3049219818298292,1,1
3.3867061184556895,0.47865425141396023,1.935460780872983,1,0,0,0,-1.1040322218945695,1,1,2.853742184340139,2.6624938636649476,1.3188806956027135,1,1
-0.4366584993068355,-0.19844712981526558,-0.4189190913564617,0,0,0,0,1.4290250300588192,1,0,-0.8266062607722404,-0.5874223568598589,-0.56833740649125,0,0
-0.4418288559138411,-0.4241475902250075,-0.9896778482605697,1,1,1,1,-1.1253422941207618,0,1,0.6455331172727115,2.0125106195599867,1.6343476268699,1,1
-0.428826460666801,-0.6498480506347494,-0.026522445984887653,0,0,0,0,-0.4206892391746705,1,1,-0.33589313475725646,-0.5874223568598589,-0.7274667435021316,0,0
-0.42574226605441423,-0.4241475902250075,-1.0253502705670765,0,0,0,0,1.0838018599945043,1,0,-0.33589313475725646,-0.5874223568598589,-0.7693428848207846,0,0
-0.33839414513614485,-0.19844712981526558,-0.31190182443694153,1,1,0,0,-0.33971096471513984,1,0,-0.5812496977647484,-0.5874223568598589,-0.5850878630187113,0,0
-0.402389441276207,-0.4241475902250075,0.009149976321619119,0,0,0,0,0.9374726973746507,1,0,-0.33589313475725646,-0.5874223568598589,-0.40083284121663787,0,0
-0.4365244337590067,-0.19844712981526558,-0.31190182443694153,0,0,0,0,0.43313432135476676,1,1,-0.33589313475725646,-0.5874223568598589,-0.8586786529672444,0,0
-0.42098607973425894,-0.4241475902250075,-1.0253502705670765,0,0,0,0,1.2187656507603886,1,0,-0.8266062607722404,-0.5874223568598589,-0.4371254970261372,0,0
0.7144235834096947,2.73565885551138,2.3278574262445573,1,0,1,0,-1.116818265230285,0,1,0.6455331172727115,2.6624938636649476,1.7516008225621282,1,1
-0.4414362774428929,-0.4241475902250075,-0.9540054259540629,1,1,1,1,-1.116818265230285,0,1,1.6269593693026794,0.7125441313500638,1.4110082065037504,1,1
1.5161128880192942,2.73565885551138,1.9711332031794895,0,1,0,1,-1.1239216226390156,0,0,1.6269593693026794,1.3625273754550251,1.4863852608773256,1,1
-0.43916864605007827,-0.6498480506347494,-0.2405569798239281,0,0,0,0,1.2727511670667424,1,0,-0.5812496977647484,-0.5874223568598589,-0.6967575732017861,0,0
-0.4185565097221782,-0.19844712981526558,-0.9896778482605697,0,0,0,0,0.4430790217269898,1,0,-0.5812496977647484,-0.5874223568598589,-0.6074218050553262,0,0
-0.42395416926386287,-0.19844712981526558,-0.026522445984887653,0,0,0,0,0.17315144019522097,1,0,-0.33589313475725646,-0.5874223568598589,-0.6911740876926322,0,0
-0.42542044985285443,-0.19844712981526558,-1.0966951151800899,0,0,0,0,-0.37096573731355514,1,0,-0.5812496977647484,-0.5874223568598589,-0.7051328014655166,0,0
-0.41612114917765103,-0.4241475902250075,-0.8113157367280359,0,0,0,0,-0.07404539762860944,1,0,-0.8266062607722404,-0.5874223568598589,-0.5487952072092119,0,0
-0.4366984441662545,-0.6498480506347494,-0.13353971290440778,0,0,0,0,0.5638360976754127,1,0,-0.33589313475725646,-0.5874223568598589,-0.6604649173922867,0,0
-0.43062829770383554,-0.6498480506347494,-0.8113157367280359,0,0,0,0,0.660441758434151,1,0,-0.8266062607722404,-0.5874223568598589,-0.7972603123665533,0,0
-0.4398350480045129,-0.4241475902250075,-0.4189190913564617,0,0,0,0,0.7399993614119356,1,0,-0.5812496977647484,-0.5874223568598589,-0.7916768268573996,0,0
0.028170015290060087,0.02725333059447637,0.43721904399969996,1,0,0,0,2.1606708431580874,1,0,-0.5812496977647484,-0.5874223568598589,-0.5739208920004037,0,0
-0.4390425302162862,-0.19844712981526558,-0.4189190913564617,0,0,0,0,-0.500246842152455,1,0,-0.5812496977647484,-0.5874223568598589,-0.8195942544031682,0,0
-0.12962160129821335,-0.19844712981526558,-0.27622940213043484,1,0,0,0,-0.05273532540241716,1,0,-0.5812496977647484,-0.5874223568598589,-0.825177739912322,0,0
-0.4247594458523954,-0.19844712981526558,-0.8469881590345426,0,0,0,0,0.009774219794413518,1,0,-0.8266062607722404,-0.5874223568598589,-0.8838043377584363,0,0
-0.3885363284826222,-0.19844712981526558,-1.061022692873583,0,0,0,0,-0.5727010877215087,1,0,-0.8266062607722404,-0.5874223568598589,-0.5180860369088663,0,0
-0.4189629265842274,-0.19844712981526558,0.22318451016065954,0,1,1,0,1.2571237807675348,1,0,-0.5812496977647484,-0.5874223568598589,-0.5348364934363277,0,0
-0.3709848320588521,-0.6498480506347494,-0.9896778482605697,0,0,0,0,1.659173810101696,1,0,-0.33589313475725646,-0.5874223568598589,-0.4064163267257916,0,0
3.310090700354673,0.9300551722334441,2.1494953147120235,1,1,1,0,-1.1011908789310771,0,1,2.117672495317663,2.6624938636649476,1.4333421485403652,1,1
-0.42701206111869616,-0.6498480506347494,-1.061022692873583,0,0,0,0,0.8991145673675045,1,0,-0.8266062607722404,-0.5874223568598589,-0.6604649173922867,0,0
-0.4409455543542076,-0.4241475902250075,-1.0253502705670765,0,1,0,1,-1.1125562507850464,0,1,1.1362462432876954,2.0125106195599867,1.4500926050678264,1,1
-0.39615912279764126,-0.19844712981526558,-0.7399708921150225,0,0,0,0,-0.28288410544529374,1,0,-0.5812496977647484,-0.5874223568598589,-0.6967575732017861,0,0
-0.43361513285542724,-0.19844712981526558,-0.13353971290440778,0,0,0,0,1.2002969214976886,1,0,-0.5812496977647484,-0.5874223568598589,-0.8810125950038594,0,0
-0.4370295841064993,-0.6498480506347494,-0.6329536251955021,1,1,0,1,-1.1111355793033002,1,0,0.8908896802802034,1.3625273754550251,1.2574623550020227,1,1
-0.4330631675252741,-0.4241475902250075,-0.4545915136629685,0,0,0,0,-0.33260760730640904,1,0,-0.33589313475725646,-0.5874223568598589,-0.5432117217000583,0,0
-0.4418288559138411,-0.4241475902250075,-1.0253502705670765,1,1,1,0,-1.1125562507850464,0,1,1.8723159323101712,1.3625273754550251,1.6427228551336306,1,1
-0.4233120090300093,-0.6498480506347494,-0.4189190913564617,0,0,0,0,0.7570474191928893,1,0,-0.33589313475725646,-0.5874223568598589,-0.7693428848207846,0,0
-0.43227084602628285,-0.19844712981526558,-0.3832466690499551,0,0,0,0,0.7428407043754278,1,0,-0.33589313475725646,-0.5874223568598589,-0.5543786927183657,0,0
0.008510666911151337,2.058557474282154,2.0424780477925033,1,0,1,0,-1.1082942363398078,1,1,2.3630290583251554,1.3625273754550251,1.6901824819614375,1,1
-0.43812713536665276,-0.6498480506347494,-0.49026393596947526,0,0,0,0,0.022560263130128884,1,0,-0.5812496977647484,-0.5874223568598589,-0.8782208522492826,0,0
-0.4418288559138411,-0.4241475902250075,-0.8826605813410494,1,1,1,1,-1.1139769222667926,0,1,0.8908896802802034,2.0125106195599867,1.3049219818298292,1,1
-0.4370295841064993,-0.6498480506347494,-0.6686260475020089,1,1,1,1,-1.1310249800477463,0,1,1.8723159323101712,2.0125106195599867,1.4305504057857883,1,1
-0.329454838918801,-0.4241475902250075,-0.9896778482605697,0,0,0,0,1.603767622313596,1,0,-0.5812496977647484,-0.5874223568598589,-0.4678346673264827,0,0
-0.4260151080917232,-0.4241475902250075,-0.8113157367280359,0,0,0,0,0.9289486684841737,1,0,-0.33589313475725646,-0.5874223568598589,-0.48737686660852086,0,0
-0.4190244632595485,-0.19844712981526558,0.11616724324113924,0,0,0,0,0.40330022023809753,0,0,-0.8266062607722404,-0.5874223568598589,-0.4790016383447902,0,0
0.282959233467892,0.2529537910042183,1.543064135501409,0,0,0,1,-1.1153975937485388,1,1,1.3816028062951873,2.0125106195599867,1.2993384963206758,0,1
3.603772471360108,2.5099583951016378,2.0424780477925033,0,1,0,0,-1.0855634926318696,1,1,2.117672495317663,1.3625273754550251,1.651098083397361,1,1
0.6550714109901546,3.4127602367406054,1.685753824727436,1,1,0,1,-1.1068735648580619,1,1,2.117672495317663,0.06256088724510249,1.8102274204082425,1,1
-0.3993148648363584,-0.19844712981526558,-0.4545915136629685,0,0,0,0,-0.6536793621810394,1,0,-0.5812496977647484,-0.5874223568598589,-0.6185887760736337,0,0
-0.41677037582398163,-0.19844712981526558,-0.3475742467434483,0,0,0,0,0.18309614056744403,1,0,-0.5812496977647484,-0.5874223568598589,-0.8698456239855519,0,0
-0.4136833350176804,-0.4241475902250075,-0.9183330036475561,0,0,0,0,0.13479331018807486,1,0,-0.5812496977647484,-0.5874223568598589,-0.6102135478099031,0,0
0.7165743245627842,3.4127602367406054,1.7570986693404496,1,1,1,0,-1.116818265230285,0,1,2.3630290583251554,0.06256088724510249,1.5533870869871707,1,1
-0.40877463196156183,-0.4241475902250075,0.9366329562907942,1,0,0,0,2.315524034668418,1,0,-0.5812496977647484,-0.5874223568598589,-0.8168025116485913,0,0
3.418317322093381,0.9300551722334441,2.2565125816315437,0,0,1,1,-1.119659608193777,0,1,2.3630290583251554,0.7125441313500638,1.5226779166868252,1,1
0.412874343557222,2.9613593159211216,1.8641159362599693,1,1,1,0,-1.1026115504128233,0,1,2.6083856213326473,0.06256088724510249,1.525469659441402,0,1
-0.40487603331119293,-0.6498480506347494,-0.9183330036475561,0,0,0,0,0.6718071302881202,1,0,-0.8266062607722404,-0.5874223568598589,-0.4371254970261372,0,0
-0.43160915501349967,-0.19844712981526558,-0.16921213521091455,0,0,0,0,-0.04136995354844795,0,0,-0.8266062607722404,-0.5874223568598589,-0.4678346673264827,0,0
2.1828468656956774,0.02725333059447637,1.4360468685818886,1,1,1,0,-1.0798808067048848,0,1,1.6269593693026794,0.06256088724510249,1.3440063803939055,1,1
-0.3604065107252995,-0.4241475902250075,-0.3832466690499551,0,0,0,0,-0.4007998384302243,1,0,-0.5812496977647484,-0.5874223568598589,-0.5543786927183657,0,0
1.0945184515602182,0.7043547118237021,1.543064135501409,1,1,1,1,-1.0727774492961542,0,1,0.4001765542652195,0.06256088724510249,1.3160889528481368,0,1
-0.43425788195698717,-0.6498480506347494,0.08049482093463266,0,0,0,0,-0.7929051673921622,1,0,-0.8266062607722404,-0.5874223568598589,-0.5934630912824418,0,0
-0.44139456598035465,-0.19844712981526558,-0.0978672905979012,0,0,0,0,-0.3610210369413321,1,0,-0.8266062607722404,-0.5874223568598589,-0.6269640043373643,0,0
-0.17259451660823452,-0.4241475902250075,0.9723053785973009,1,0,0,0,0.6732278017698664,1,0,-0.5812496977647484,-0.5874223568598589,-0.802843797875707,0,0
-0.42393414776184446,-0.6498480506347494,-0.6686260475020089,0,0,0,0,0.33937000355952074,0,1,-0.33589313475725646,-0.5874223568598589,-0.8140107688940146,0,0
-0.4252682275507442,-0.6498480506347494,-0.31190182443694153,0,0,0,0,0.14615868204204407,1,0,-0.5812496977647484,-0.5874223568598589,-0.6855906021834786,0,0
-0.3725477850963146,-0.19844712981526558,0.43721904399969996,1,0,0,0,1.7046352975175727,1,0,-0.5812496977647484,-0.5874223568598589,-0.7358419717658622,0,0
-0.3890707259262004,-0.19844712981526558,-0.5972812028889956,0,0,0,0,0.9531000836738582,1,0,-0.5812496977647484,-0.5874223568598589,-0.7274667435021316,0,0
-0.3774542308262253,-0.19844712981526558,-0.026522445984887653,0,0,0,0,0.978672170345289,1,0,-0.33589313475725646,-0.5874223568598589,-0.5655456637366731,0,0
-0.4095041409052013,-0.6498480506347494,-0.4545915136629685,0,0,0,0,-0.8767247848151852,1,0,-0.8266062607722404,-0.5874223568598589,-0.5822961202641344,0,0
-0.4076419449282585,-0.4241475902250075,-0.2405569798239281,0,0,0,0,-0.1578650150516324,1,0,-0.33589313475725646,-0.5874223568598589,-0.7107162869746704,0,0
-0.41364339015826146,-0.19844712981526558,-0.8826605813410494,0,0,0,0,0.27117777243570546,1,0,-0.5812496977647484,-0.5874223568598589,-0.5236695224180201,0,0
-0.389016746386445,-0.6498480506347494,-0.7042984698085157,0,0,0,0,-0.03568726762146334,1,0,-0.8266062607722404,-0.5874223568598589,-0.8503034247035138,0,0
-0.4414362774428929,-0.6498480506347494,-0.9896778482605697,0,1,1,1,-1.119659608193777,0,1,0.4001765542652195,1.3625273754550251,1.6594733116610916,1,1
-0.41284547441605923,-0.19844712981526558,-0.0978672905979012,0,0,0,0,1.0454437299873582,1,0,-0.5812496977647484,-0.5874223568598589,-0.7777181130845152,0,0
-0.42494847238615696,-0.4241475902250075,-0.0978672905979012,0,0,0,0,1.015609628870689,0,0,-0.8266062607722404,-0.5874223568598589,-0.7414254572750159,0,0
-0.39162435073510077,0.02725333059447637,0.5442363109192201,1,0,1,0,1.5895609074961345,1,0,-0.5812496977647484,-0.5874223568598589,-0.7107162869746704,0,0
-0.4338247697589136,-0.6498480506347494,-0.8113157367280359,0,0,0,0,0.4231896209825437,1,0,-0.33589313475725646,-0.5874223568598589,-0.5376282361909044,0,0
-0.4409455543542076,-0.6498480506347494,-0.6329536251955021,1,0,1,1,-1.1068735648580619,0,1,0.6455331172727115,0.7125441313500638,1.2435036412291383,1,1
1.5623688389372377,0.02725333059447637,2.399202270857571,1,1,0,0,-1.119659608193777,0,0,2.3630290583251554,0.06256088724510249,1.7013494529797446,0,1
-0.3709919966159469,-0.4241475902250075,0.9366329562907942,1,1,0,0,0.2981705305888823,1,0,-0.5812496977647484,-0.5874223568598589,-0.6185887760736337,0,0
-0.4234047556937709,-0.6498480506347494,-1.0253502705670765,0,0,0,0,-0.45620602621832423,1,0,-0.5812496977647484,-0.5874223568598589,-0.45387595355359833,0,0
-0.40870701031994094,-0.4241475902250075,-0.06219486829139442,0,0,0,0,1.0610711162865658,1,0,-0.8266062607722404,-0.5874223568598589,-0.5292530079271739,0,0
-0.4408073667324338,-0.19844712981526558,0.009149976321619119,0,0,0,0,1.2812751959572193,1,0,-0.5812496977647484,-0.5874223568598589,-0.4427089825352909,0,0
-0.4370295841064993,-0.4241475902250075,-0.9896778482605697,1,1,0,0,-1.1125562507850464,0,1,1.8723159323101712,0.7125441313500638,1.6818072536977065,1,1
-0.42317853234988695,-0.19844712981526558,0.11616724324113924,1,0,0,0,1.0539677588778351,1,0,-0.5812496977647484,-0.5874223568598589,-0.5934630912824418,0,0
3.9565451538126677,2.5099583951016378,1.935460780872983,1,1,0,0,-1.1239216226390156,0,1,0.6455331172727115,0.06256088724510249,1.6064301993241312,1,1
-0.4386338560280291,-0.6498480506347494,-0.16921213521091455,0,0,0,0,0.6348696717627202,1,0,-0.8266062607722404,-0.5874223568598589,-0.6102135478099031,0,0
-0.4362094876806885,-0.19844712981526558,0.11616724324113924,0,0,0,0,1.3025852681834116,1,0,-0.5812496977647484,-0.5874223568598589,-0.590671348527865,0,0
-0.43108781080408043,-0.19844712981526558,-0.8826605813410494,0,0,0,0,0.5638360976754127,1,0,-0.5812496977647484,-0.5874223568598589,-0.6967575732017861,0,0
2.8221338177203354,2.058557474282154,2.1494953147120235,1,1,1,1,-1.1239216226390156,0,1,1.8723159323101712,2.6624938636649476,1.7962687066353582,1,1
0.826826945645438,0.02725333059447637,2.363529848551064,1,1,1,0,-1.1210802796755233,0,1,1.3816028062951873,0.06256088724510249,1.4696348043498646,1,1
2.0173047686447094,3.1870597763308637,2.18516773701853,0,0,1,1,-1.109714907821554,0,1,1.6269593693026794,0.7125441313500638,1.759976050825859,1,1
2.3337104537178925,3.6384606971503475,1.6144089801144224,1,0,1,0,-1.1011908789310771,0,1,2.6083856213326473,0.7125441313500638,1.3440063803939055,1,1
-0.4400660804346659,-0.4241475902250075,-0.49026393596947526,0,0,0,0,0.884907852550043,1,0,-0.33589313475725646,-0.5874223568598589,-0.590671348527865,0,0
-0.3576363788896712,-0.19844712981526558,-0.49026393596947526,0,0,0,0,-0.8028498677643853,0,0,-0.33589313475725646,-0.5874223568598589,-0.7386337145204391,0,0
-0.43967310938524673,-0.6498480506347494,-0.27622940213043484,0,0,0,0,0.8067709210540046,1,0,-0.8266062607722404,-0.5874223568598589,-0.6046300623007493,0,0
2.0236497200367918,1.381456093052928,2.18516773701853,1,0,1,0,-1.0926668500406003,1,1,0.8908896802802034,2.6624938636649476,1.7208916522617828,1,1
-0.4193150694726679,-0.19844712981526558,-0.7399708921150225,0,0,0,0,0.0339256349840981,1,0,-0.33589313475725646,-0.5874223568598589,-0.5152942941542895,0,0
-0.42800165329933887,-0.4241475902250075,-0.9540054259540629,0,0,0,0,1.0781191740675196,1,0,-0.33589313475725646,-0.5874223568598589,-0.5069190658905589,0,0
-0.44147965736393263,-0.19844712981526558,-0.9896778482605697,0,0,0,0,-0.20616784543100156,1,0,-0.5812496977647484,-0.5874223568598589,-0.6185887760736337,0,0
1.4752914008746871,1.832857013872412,1.935460780872983,0,0,1,1,-1.0727774492961542,0,1,1.8723159323101712,0.06256088724510249,1.7488090798075515,1,1
-0.42226127275251646,-0.4241475902250075,-0.49026393596947526,0,0,0,0,-0.03142525317622488,1,0,-0.5812496977647484,-0.5874223568598589,-0.5543786927183657,0,0
-0.44141900399017114,-0.6498480506347494,0.009149976321619119,0,0,0,0,1.529892705262796,1,0,-0.5812496977647484,-0.5874223568598589,-0.7888850841028227,0,0
-0.4376049078556739,-0.6498480506347494,-0.5616087805824888,0,0,0,0,0.6504970580619279,1,0,-0.8266062607722404,-0.5874223568598589,-0.7581759138024772,0,0
-0.4324927510069863,-0.19844712981526558,-0.9540054259540629,0,0,0,0,-0.3112975350802168,1,0,-0.8266062607722404,-0.5874223568598589,-0.5739208920004037,0,0
-0.4413503027577552,-0.6498480506347494,-0.3475742467434483,0,0,0,0,-0.2544706758103707,1,0,-0.5812496977647484,-0.5874223568598589,-0.5878796057732881,0,0
-0.43448685335016773,-0.4241475902250075,-0.026522445984887653,0,0,0,0,-0.912241571858839,1,0,-0.33589313475725646,-0.5874223568598589,-0.5013355803814052,0,0
-0.44115018588218935,-0.4241475902250075,-0.20488455751742132,0,0,0,0,0.6945378739960587,1,0,-0.33589313475725646,-0.5874223568598589,-0.5767126347549807,0,0
-0.41845169127043513,-0.4241475902250075,-0.3832466690499551,0,0,0,0,0.1163245809253749,0,0,-0.8266062607722404,-0.5874223568598589,-0.4343337542715603,0,0
-0.4387953039242066,-0.19844712981526558,-0.5972812028889956,0,0,0,0,1.1917728926072118,1,0,-0.8266062607722404,-0.5874223568598589,-0.42595852600782963,0,0
-0.4349012199262536,-0.4241475902250075,-0.2405569798239281,0,0,0,0,-0.547129001050078,1,0,-0.8266062607722404,-0.5874223568598589,-0.7023410587109398,0,0
-0.43505147933600896,-0.19844712981526558,-0.8826605813410494,0,0,0,0,0.32232194577856693,0,0,-0.33589313475725646,-0.5874223568598589,-0.4650429245719059,0,0
-0.41136869235296986,-0.4241475902250075,0.151839665547646,1,0,1,0,1.8935846045898108,1,0,-0.5812496977647484,-0.5874223568598589,-0.5711291492458269,0,0
-0.2924557902011987,-0.4241475902250075,0.11616724324113924,0,0,0,0,-0.22037456024846308,1,0,-0.5812496977647484,-0.5874223568598589,-0.632547489846518,0,0
-0.43270857102139015,-0.6498480506347494,-0.3832466690499551,0,0,0,0,1.4432317448762806,0,0,-0.33589313475725646,-0.5874223568598589,-0.398041098462061,0,0
-0.38022985876044685,0.02725333059447637,0.9366329562907942,1,1,0,0,1.4474937593215191,1,0,-0.5812496977647484,-0.5874223568598589,-0.8056355406302839,0,0
-0.3725393446591892,-0.6498480506347494,-0.8469881590345426,0,0,0,0,1.0127682859071967,1,0,-0.33589313475725646,-0.5874223568598589,-0.7749263703299383,0,0
-0.4370295841064993,-0.4241475902250075,-0.9183330036475561,1,1,1,1,-1.1040322218945695,0,0,0.4001765542652195,1.3625273754550251,1.5896797427966698,1,1
0.5327153012143147,2.73565885551138,1.8284435139534625,1,0,1,1,-1.0855634926318696,0,1,2.3630290583251554,1.3625273754550251,1.5701375435146316,1,1
-0.3956231550401792,-0.6498480506347494,-0.5616087805824888,0,0,0,0,1.5980849363866114,1,0,-0.33589313475725646,-0.5874223568598589,-0.825177739912322,0,0
-0.43530812751139136,-0.19844712981526558,-0.6329536251955021,0,0,0,0,0.5510500543396973,1,0,-0.33589313475725646,-0.5874223568598589,-0.8558869102126676,0,0
-0.4278173377072287,-0.19844712981526558,-0.9540054259540629,0,0,0,0,0.03250496350235194,1,0,-0.5812496977647484,-0.5874223568598589,-0.5432117217000583,0,0
-0.4372485447486706,-0.6498480506347494,-0.4189190913564617,0,0,0,0,1.0227129862794198,1,0,-0.8266062607722404,-0.5874223568598589,-0.6939658304472092,0,0
-0.4294154265178411,-0.19844712981526558,-0.7042984698085157,0,0,0,0,-0.7843811385016853,1,0,-0.5812496977647484,-0.5874223568598589,-0.590671348527865,0,0
-0.4018829169040661,-0.6498480506347494,-0.27622940213043484,0,0,0,0,-0.8397873262897853,1,0,-0.5812496977647484,-0.5874223568598589,-0.5962548340370187,0,0
0.12311776839356246,-0.19844712981526558,0.2945293547736731,1,0,0,0,0.9204246395936968,1,0,-0.5812496977647484,-0.5874223568598589,-0.7665511420662078,0,0
1.8645861492026463,2.5099583951016378,1.9711332031794895,1,1,1,0,-1.0699361063326618,0,1,0.8908896802802034,0.7125441313500638,1.4947604891410566,1,1
3.4210185564073576,3.4127602367406054,1.6144089801144224,0,1,1,1,-1.0756187922596465,0,1,1.8723159323101712,0.7125441313500638,1.8074356776536658,1,1
-0.4081979341877389,-0.6498480506347494,-0.13353971290440778,0,0,0,0,0.9403140403381429,1,0,-0.5812496977647484,-0.5874223568598589,-0.7107162869746704,0,0
-0.41961784561838666,-0.4241475902250075,0.08049482093463266,0,0,0,0,1.508582633036604,1,1,-0.5812496977647484,-0.5874223568598589,-0.719091515238401,0,0
-0.3605377300792139,-0.6498480506347494,-0.8469881590345426,0,0,0,0,1.4034529433873884,1,0,-0.5812496977647484,-0.5874223568598589,-0.7916768268573996,0,0
-0.4349625603123392,-0.4241475902250075,-0.9896778482605697,0,0,0,0,0.7272133180762201,1,0,-0.33589313475725646,-0.5874223568598589,-0.6409227181102487,0,0
-0.4414362774428929,-0.6498480506347494,-0.8826605813410494,1,1,1,0,-1.1153975937485388,0,1,1.8723159323101712,0.7125441313500638,1.4696348043498646,1,1
-0.43829113502289135,-0.6498480506347494,0.08049482093463266,0,0,0,0,1.2287103511326116,1,0,-0.8266062607722404,-0.5874223568598589,-0.6213805188282105,0,0
-0.3781569462892226,-0.6498480506347494,-0.525936358275982,0,0,0,0,0.06375973610076728,1,0,-0.8266062607722404,-0.5874223568598589,-0.8698456239855519,0,0
-0.4409455543542076,-0.6498480506347494,-0.9540054259540629,1,1,1,1,-1.119659608193777,0,1,1.1362462432876954,2.0125106195599867,1.7348503660346672,1,1
-0.4182371471360619,-0.4241475902250075,0.18751208785415277,1,0,1,0,1.437549058949296,1,0,-0.5812496977647484,-0.5874223568598589,-0.8000520551211302,0,0
2.2790563660048075,3.6384606971503475,1.6144089801144224,1,1,1,1,-1.0869841641136155,0,0,1.1362462432876954,0.7125441313500638,1.335631152130175,1,1
-0.42601029900545406,-0.4241475902250075,-1.0253502705670765,0,0,0,0,1.5881402360143884,1,0,-0.8266062607722404,-0.5874223568598589,-0.56833740649125,0,0
-0.4416816389872355,-0.6498480506347494,-0.8469881590345426,1,0,1,1,-1.126762965602508,0,1,1.8723159323101712,1.3625273754550251,1.4333421485403652,1,1
-0.2313717578570708,-0.4241475902250075,-0.026522445984887653,1,0,0,0,2.1876636013112645,1,0,-0.5812496977647484,-0.5874223568598589,-0.6716318884105942,0,0
-0.4248302081217838,0.02725333059447637,0.33020177708017967,1,0,0,0,0.27401911539919777,1,0,-0.5812496977647484,-0.5874223568598589,-0.6800071166743248,0,0
-0.2665190139272104,-0.19844712981526558,0.6512535778387404,1,0,1,0,0.3578387328222207,1,0,-0.5812496977647484,-0.5874223568598589,-0.6995493159563628,0,0
-0.4004139864103956,-0.4241475902250075,-0.525936358275982,0,0,0,0,1.296902582256427,1,0,-0.5812496977647484,-0.5874223568598589,-0.38966587019833043,0,0
-0.433543192850626,-0.4241475902250075,-0.06219486829139442,1,0,0,0,1.4588591311754884,1,0,-0.5812496977647484,-0.5874223568598589,-0.6074218050553262,0,0
3.56662188735272,2.058557474282154,1.9711332031794895,0,1,1,1,-1.126762965602508,0,0,2.3630290583251554,2.6624938636649476,1.5059274601593637,1,1
-0.4221798127197947,-0.6498480506347494,-0.7042984698085157,0,0,0,0,0.43029297839127445,1,0,-0.33589313475725646,-0.5874223568598589,-0.4929603521176746,0,0
-0.38692194766546545,-0.6498480506347494,-0.16921213521091455,0,0,0,0,0.5212159532230282,1,0,-0.5812496977647484,-0.5874223568598589,-0.49016860936309764,0,0
-0.4406947948558894,-0.6498480506347494,-0.6329536251955021,0,0,0,0,1.1250013329651427,1,0,-0.8266062607722404,-0.5874223568598589,-0.4790016383447902,0,0
-0.31979367903800116,-0.4241475902250075,0.22318451016065954,1,0,0,0,2.2075530020557106,1,0,-0.5812496977647484,-0.5874223568598589,-0.5292530079271739,0,0
-0.43171259944059454,-0.6498480506347494,-0.7399708921150225,0,0,0,0,-0.6906168207064393,1,0,-0.8266062607722404,-0.5874223568598589,-0.5822961202641344,0,0
1.6148593285523092,3.1870597763308637,1.9711332031794895,1,1,1,1,-1.1324456515294925,0,1,0.8908896802802034,2.0125106195599867,1.3886742644671353,1,1
-0.4265939650471363,-0.19844712981526558,-0.7756433144215291,0,0,0,0,-0.20048515950401694,1,0,-0.8266062607722404,-0.5874223568598589,-0.4427089825352909,0,0
-0.4027513004818035,-0.4241475902250075,-0.026522445984887653,0,0,0,0,0.9147419536667122,1,0,-0.33589313475725646,-0.5874223568598589,-0.7498006855387466,0,0
-0.42272903000065126,-0.19844712981526558,-0.20488455751742132,0,0,0,0,0.07086309350949804,1,0,-0.8266062607722404,-0.5874223568598589,-0.8391364536852063,0,0
-0.03432926244183615,0.02725333059447637,2.1494953147120235,1,0,0,0,-1.0727774492961542,0,1,2.6083856213326473,0.7125441313500638,1.436133891294942,1,1
-0.4343476842822166,-0.6498480506347494,-0.49026393596947526,0,0,0,0,-0.27151873359132456,1,0,-0.33589313475725646,-0.5874223568598589,-0.7330502290112852,0,0
-0.4383462922980596,-0.6498480506347494,-0.4545915136629685,0,0,0,0,-0.19480247357703234,1,0,-0.5812496977647484,-0.5874223568598589,-0.7274667435021316,0,0
-0.4189146394323008,-0.4241475902250075,-0.13353971290440778,0,0,0,0,-0.8014291962826391,1,0,-0.5812496977647484,-0.5874223568598589,-0.5487952072092119,0,0
0.7676966782066015,1.155755632643186,2.2921850039380507,1,0,0,1,-1.0940875215223465,1,1,1.6269593693026794,2.0125106195599867,1.5840962572875161,1,1
-0.40207832283798056,-0.6498480506347494,-0.20488455751742132,0,0,0,0,0.21435091316585936,1,0,-0.5812496977647484,-0.5874223568598589,-0.4790016383447902,0,0
-0.398969395781924,-0.19844712981526558,-1.061022692873583,0,0,0,0,0.585146169901605,1,0,-0.5812496977647484,-0.5874223568598589,-0.5599621782275194,0,0
-0.4266442150914177,-0.6498480506347494,-0.8826605813410494,0,0,0,0,1.6946905971453496,1,0,-0.33589313475725646,-0.5874223568598589,-0.8503034247035138,0,0
0.32311696856274347,1.155755632643186,1.4360468685818886,0,1,0,0,-1.1253422941207618,0,0,2.6083856213326473,1.3625273754550251,1.50034397465021,1,1
-0.3902806527736628,-0.6498480506347494,-0.3475742467434483,0,0,0,0,-0.7957465103556546,1,0,-0.5812496977647484,-0.5874223568598589,-0.867053881230975,0,0
-0.4319393135075671,-0.6498480506347494,-0.2405569798239281,0,0,0,0,-0.5371843006778549,1,0,-0.8266062607722404,-0.5874223568598589,-0.8056355406302839,0,0
-0.4397810684647575,-0.6498480506347494,-0.3475742467434483,0,0,0,0,-0.20900918839449387,1,0,-0.5812496977647484,-0.5874223568598589,-0.4343337542715603,0,0
-0.389625537450268,-0.6498480506347494,-0.8469881590345426,0,0,0,0,-0.07404539762860944,1,0,-0.8266062607722404,-0.5874223568598589,-0.632547489846518,0,0
-0.4370311544203831,-0.6498480506347494,-0.4545915136629685,0,0,0,0,-0.6309486184731009,1,0,-0.8266062607722404,-0.5874223568598589,-0.6800071166743248,0,0
-0.4409455543542076,-0.6498480506347494,-0.8826605813410494,1,0,0,1,-1.1111355793033002,0,1,0.8908896802802034,0.7125441313500638,1.3216724383572906,1,1
-0.4394311829025249,-0.19844712981526558,-0.2405569798239281,0,0,0,0,0.8323430077254353,1,0,-0.5812496977647484,-0.5874223568598589,-0.847511681948937,0,0
-0.3951694324723808,-0.4241475902250075,-0.7042984698085157,0,0,0,0,1.5512027774889883,1,0,-0.5812496977647484,-0.5874223568598589,-0.7860933413482458,0,0
-0.3967107936939412,-0.4241475902250075,0.8296156893712743,1,0,0,0,-0.22605724617544767,1,0,-0.5812496977647484,-0.5874223568598589,-0.7246750007475548,0,0
-0.43180799600903497,-0.19844712981526558,-0.7042984698085157,0,0,0,0,1.603767622313596,1,0,-0.5812496977647484,-0.5874223568598589,-0.7498006855387466,0,0
-0.4210542902435862,-0.4241475902250075,-0.525936358275982,0,0,0,0,1.6961112686270958,1,0,-0.8266062607722404,-0.5874223568598589,-0.7860933413482458,0,0
-0.4416816389872355,-0.6498480506347494,-0.8469881590345426,1,0,1,1,-1.1125562507850464,0,1,1.6269593693026794,1.3625273754550251,1.6231806558515924,1,1
-0.43739850972457284,-0.19844712981526558,-0.5616087805824888,0,0,0,0,1.2983232537381733,1,0,-0.8266062607722404,-0.5874223568598589,-0.6604649173922867,0,0
-0.4110344117849575,-0.6498480506347494,-0.7756433144215291,0,0,0,0,-0.5329222862326165,1,0,-0.8266062607722404,-0.5874223568598589,-0.7414254572750159,0,0
-0.42542731997609595,-0.6498480506347494,-0.27622940213043484,0,0,0,0,0.40330022023809753,1,0,-0.5812496977647484,-0.5874223568598589,-0.4678346673264827,0,0
-0.33539945841513424,-0.19844712981526558,0.9009605339842874,1,0,0,0,-0.3809104376857782,1,0,-0.5812496977647484,-0.5874223568598589,-0.7330502290112852,0,0
-0.4146078573167635,-0.6498480506347494,-0.2405569798239281,0,0,0,0,-0.12092755652623244,1,0,-0.33589313475725646,-0.5874223568598589,-0.7749263703299383,0,0
-0.4374900786529215,-0.4241475902250075,-0.6686260475020089,0,0,0,0,1.3807221996794499,1,1,-0.8266062607722404,-0.5874223568598589,-0.7162997724838241,0,0
-0.4370295841064993,-0.6498480506347494,-0.6329536251955021,1,1,1,0,-1.1296043085660001,0,1,1.8723159323101712,0.7125441313500638,1.50034397465021,1,1
-0.4337755011608096,-0.19844712981526558,-0.4545915136629685,0,0,0,0,1.501479275627873,1,0,-0.8266062607722404,-0.5874223568598589,-0.8586786529672444,0,0
-0.375847505289252,-0.19844712981526558,-0.0978672905979012,0,0,0,0,-0.3610210369413321,1,0,-0.5812496977647484,-0.5874223568598589,-0.7442172000295928,0,0
3.9403985975918028,1.381456093052928,1.4717192908883954,1,0,1,0,-1.1068735648580619,0,0,1.1362462432876954,0.06256088724510249,1.525469659441402,1,1
-0.4401793393235345,-0.4241475902250075,-0.27622940213043484,0,0,0,0,1.0539677588778351,1,0,-0.5812496977647484,-0.5874223568598589,-0.7442172000295928,0,0
-0.4316253488754263,-0.6498480506347494,-0.7756433144215291,0,0,0,0,0.107800552034898,1,0,-0.5812496977647484,-0.5874223568598589,-0.6855906021834786,0,0
-0.42315056113383187,-0.4241475902250075,-1.061022692873583,0,0,0,0,1.6634358245469343,1,0,-0.5812496977647484,-0.5874223568598589,-0.7777181130845152,0,0
-0.42955704920123566,-0.19844712981526558,-0.9896778482605697,0,0,0,0,1.5838782215691498,1,0,-0.5812496977647484,-0.5874223568598589,-0.4678346673264827,0,0
-0.4002393871354414,-0.19844712981526558,-0.27622940213043484,0,0,0,0,1.3466260841175424,1,1,-0.8266062607722404,-0.5874223568598589,-0.4790016383447902,0,0
-0.42648060801365006,-0.6498480506347494,-0.49026393596947526,0,0,0,0,-0.8099532251731161,1,0,-0.33589313475725646,-0.5874223568598589,-0.8810125950038594,0,0
-0.4300766268075356,-0.4241475902250075,-1.061022692873583,0,0,0,0,1.0880638744397426,1,0,-0.8266062607722404,-0.5874223568598589,-0.7860933413482458,0,0
-0.4068605174818361,-0.6498480506347494,-0.4545915136629685,0,0,0,0,1.0937465603667273,1,0,-0.8266062607722404,-0.5874223568598589,-0.5404199789454813,0,0
-0.41909169232269844,-0.4241475902250075,-0.8113157367280359,0,0,0,0,1.4133976437596114,1,0,-0.8266062607722404,-0.5874223568598589,-0.654881431883133,0,0
-0.4306077854787285,-0.4241475902250075,-0.5972812028889956,0,0,0,0,1.015609628870689,1,0,-0.5812496977647484,-0.5874223568598589,-0.4762098955902133,0,0
-0.4418288559138411,-0.6498480506347494,-0.9896778482605697,1,1,1,1,-1.128183637084254,0,1,1.3816028062951873,1.3625273754550251,1.7125164239980524,1,1
-0.41025435836318336,-0.6498480506347494,-0.8113157367280359,0,0,0,0,0.44449969320873595,1,0,-0.8266062607722404,-0.5874223568598589,-0.6995493159563628,0,0
-0.4414362774428929,-0.4241475902250075,-1.0253502705670765,1,1,1,0,-1.1253422941207618,0,1,0.4001765542652195,2.0125106195599867,1.503135717404787,1,1
-0.4414362774428929,-0.4241475902250075,-1.0966951151800899,1,1,1,0,-1.1082942363398078,0,1,0.8908896802802034,0.7125441313500638,1.3244641811118674,1,1
3.206288045405081,3.4127602367406054,1.543064135501409,1,1,1,0,-1.1125562507850464,0,1,1.3816028062951873,2.6624938636649476,1.508719202913941,1,1
-0.4409455543542076,-0.4241475902250075,-0.9183330036475561,0,1,1,1,-1.1296043085660001,0,1,0.1548199912577275,0.7125441313500638,1.5980549710604004,1,1
0.5799798843687416,1.60715655346267,1.5787365578079158,1,1,0,1,-1.119659608193777,0,1,2.3630290583251554,0.06256088724510249,1.3495898659030592,0,1
-0.4317913114240196,-0.4241475902250075,-0.7399708921150225,0,0,0,0,0.18877882649442865,1,0,-0.5812496977647484,-0.5874223568598589,-0.40083284121663787,0,0
-0.39427877006641704,-0.19844712981526558,-0.31190182443694153,0,0,0,0,0.6149802710182741,1,0,-0.5812496977647484,-0.5874223568598589,-0.7079245442200935,0,0
-0.41743707221226944,-0.6498480506347494,-0.13353971290440778,0,0,0,0,0.5823048269381127,1,0,-0.8266062607722404,-0.5874223568598589,-0.6800071166743248,0,0
-0.43885075563322795,-0.19844712981526558,-0.525936358275982,0,0,0,0,1.0951672318484735,0,0,-0.33589313475725646,-0.5874223568598589,-0.41758329774409914,0,0
-0.4335048183050908,-0.4241475902250075,-0.9896778482605697,0,0,0,0,-0.6295279469913547,1,0,-0.33589313475725646,-0.5874223568598589,-0.42595852600782963,0,0
-0.4418288559138411,-0.4241475902250075,-0.7042984698085157,1,1,1,0,-1.118238936712031,0,1,1.1362462432876954,2.0125106195599867,1.2546706122474456,1,1
-0.4409455543542076,-0.4241475902250075,-0.8113157367280359,1,1,1,1,-1.1225009511572694,0,1,1.6269593693026794,2.0125106195599867,1.5896797427966698,1,1
3.0476809451880302,2.058557474282154,2.1138228924055165,1,1,1,1,-1.0855634926318696,0,1,2.3630290583251554,2.0125106195599867,1.5366366304597097,1,1
-0.4408139424218222,-0.6498480506347494,-0.9540054259540629,0,0,0,0,1.3352607122635731,1,0,-0.8266062607722404,-0.5874223568598589,-0.5292530079271739,0,0
-0.43112549833729147,-0.4241475902250075,-0.9896778482605697,0,0,0,0,1.024133657761166,1,0,-0.8266062607722404,-0.5874223568598589,-0.5795043775095574,0,0
-0.29685001917113973,0.02725333059447637,0.6869260001452472,1,1,0,0,1.024133657761166,1,0,-0.5812496977647484,-0.5874223568598589,-0.6269640043373643,0,0
-0.3868577610854654,-0.4241475902250075,0.04482239862812589,0,0,0,0,1.0283956722064043,1,0,-0.8266062607722404,-0.5874223568598589,-0.8391364536852063,0,0
-0.4172908367318412,-0.19844712981526558,-0.6686260475020089,0,0,0,0,-0.8426286692532775,1,0,-0.33589313475725646,-0.5874223568598589,-0.7805098558390922,0,0
-0.4281212915883604,-0.6498480506347494,-0.7756433144215291,0,0,0,0,0.5609947547119204,1,0,-0.8266062607722404,-0.5874223568598589,-0.8838043377584363,0,0
-0.4418288559138411,-0.6498480506347494,-1.061022692873583,1,1,1,1,-1.119659608193777,0,1,1.8723159323101712,1.3625273754550251,1.3914660072217122,1,1
-0.4409455543542076,-0.4241475902250075,-0.8826605813410494,0,1,0,0,-1.1082942363398078,0,1,0.1548199912577275,0.7125441313500638,1.5338448877051325,1,1
-0.4394600374201396,-0.4241475902250075,-0.06219486829139442,0,0,0,0,0.3805694765301591,1,0,-0.8266062607722404,-0.5874223568598589,-0.5543786927183657,0,0
-0.4237049800794285,-0.6498480506347494,-0.4189190913564617,0,0,0,0,0.41040357764682833,1,0,-0.5812496977647484,-0.5874223568598589,-0.4929603521176746,0,0
2.3384902928909224,1.381456093052928,2.07815047009901,1,0,1,0,-1.1139769222667926,0,1,0.6455331172727115,2.0125106195599867,1.6957659674705907,1,1
-0.4418288559138411,-0.6498480506347494,-0.8113157367280359,1,1,1,0,-1.1296043085660001,0,1,1.3816028062951873,0.7125441313500638,1.355173351412213,1,1
-0.4385204008499251,-0.19844712981526558,0.08049482093463266,0,0,0,0,-0.22037456024846308,1,0,-0.8266062607722404,-0.5874223568598589,-0.49016860936309764,0,0
2.9512102820511017,2.73565885551138,2.0424780477925033,1,1,0,0,-1.0969288644858386,0,1,0.4001765542652195,1.3625273754550251,1.352381608657636,1,1
-0.35173013393887315,0.02725333059447637,0.43721904399969996,1,0,0,0,-0.16212702949687086,1,0,-0.5812496977647484,-0.5874223568598589,-0.8307612254214757,0,0
-0.41124650230388715,-0.19844712981526558,-0.6329536251955021,0,0,0,0,0.3549973898587284,1,0,-0.5812496977647484,-0.5874223568598589,-0.8168025116485913,0,0
-0.43510830506967874,-0.4241475902250075,-0.4189190913564617,0,0,0,0,-0.2629947047008476,1,0,-0.8266062607722404,-0.5874223568598589,-0.760967656557054,0,0
-0.4400530272005069,-0.6498480506347494,-0.0978672905979012,0,0,0,0,1.4957965897008885,1,0,-0.33589313475725646,-0.5874223568598589,-0.825177739912322,0,0
-0.3820933306174202,0.02725333059447637,-0.13353971290440778,1,1,0,0,1.7273660412255112,1,0,-0.5812496977647484,-0.5874223568598589,-0.8223859971577452,0,0
3.4024234882631896,2.9613593159211216,1.5787365578079158,1,0,1,0,-1.0756187922596465,0,1,0.6455331172727115,2.0125106195599867,1.4947604891410566,0,1
-0.4059981207257807,-0.4241475902250075,-0.6329536251955021,0,0,0,0,-0.5087708710429318,1,0,-0.8266062607722404,-0.5874223568598589,-0.4706264100810596,0,0
-0.40703442974446613,-0.19844712981526558,-0.6329536251955021,0,0,0,0,-0.6707274199619931,1,0,-0.33589313475725646,-0.5874223568598589,-0.48179338109936704,0,0
-0.4031374995525988,-0.4241475902250075,-0.525936358275982,0,0,0,0,1.7060559689993189,1,0,-0.8266062607722404,-0.5874223568598589,-0.4371254970261372,0,0
-0.405815473592172,-0.19844712981526558,-0.20488455751742132,0,0,0,0,-0.5627563873492857,1,0,-0.33589313475725646,-0.5874223568598589,-0.4147915549895222,0,0
-0.417194262427988,-0.19844712981526558,0.25885693246716635,1,1,0,0,1.677642539364396,1,0,-0.5812496977647484,-0.5874223568598589,-0.6660484029014404,0,0
-0.4296590214590645,-0.6498480506347494,0.08049482093463266,0,0,0,0,0.4899611806246128,1,0,-0.8266062607722404,-0.5874223568598589,-0.4092080694803685,0,0
1.642779803839999,0.9300551722334441,2.1494953147120235,1,1,0,0,-1.1153975937485388,1,1,0.4001765542652195,0.7125441313500638,1.5840962572875161,1,1
-0.4395937103894975,-0.6498480506347494,-0.7756433144215291,0,0,0,0,1.2159243077968964,1,0,-0.8266062607722404,-0.5874223568598589,-0.8335529681760526,0,0
-0.44050939967298414,-0.19844712981526558,-0.5972812028889956,0,0,0,0,0.4928025235881051,1,0,-0.33589313475725646,-0.5874223568598589,-0.42316678325325285,0,0
-0.21924373300945013,-0.19844712981526558,0.7582708447582607,1,0,1,0,-0.5925904884659549,1,0,-0.5812496977647484,-0.5874223568598589,-0.5739208920004037,0,0
0.21070192711748945,0.2529537910042183,1.899788358566476,1,1,1,0,-1.0969288644858386,1,1,1.3816028062951873,1.3625273754550251,1.3858825217125585,1,1
-0.4414362774428929,-0.4241475902250075,-0.6686260475020089,1,1,1,1,-1.1225009511572694,0,1,0.4001765542652195,0.7125441313500638,1.5533870869871707,1,1
-0.4368200453476307,-0.6498480506347494,-0.27622940213043484,0,0,0,0,0.1958821839031594,1,0,-0.5812496977647484,-0.5874223568598589,-0.7888850841028227,0,0
-0.4416816389872355,-0.4241475902250075,-0.7399708921150225,1,1,1,0,-1.1210802796755233,0,1,0.1548199912577275,1.3625273754550251,1.4165916920129038,1,1
-0.4414362774428929,-0.4241475902250075,-0.9896778482605697,1,0,1,1,-1.119659608193777,0,0,1.3816028062951873,1.3625273754550251,1.3914660072217122,1,1
-0.44154325507622627,-0.19844712981526558,-0.026522445984887653,0,0,0,0,-0.13655494282544012,1,0,-0.5812496977647484,-0.5874223568598589,-0.4706264100810596,0,0
2.0108076930951344,0.2529537910042183,1.4360468685818886,1,1,1,1,-1.0841428211501234,0,1,0.6455331172727115,2.6624938636649476,1.3663403224305204,1,1
1.2428386218137777,1.832857013872412,1.7570986693404496,1,0,1,1,-1.119659608193777,0,1,0.6455331172727115,1.3625273754550251,1.5952632283058237,1,1
2.069010395751738,0.47865425141396023,2.2565125816315437,1,0,1,0,-1.0983495359675848,0,1,2.3630290583251554,2.0125106195599867,1.3440063803939055,1,1
-0.4409455543542076,-0.4241475902250075,-0.5972812028889956,1,1,1,1,-1.109714907821554,0,1,1.8723159323101712,1.3625273754550251,1.3384228948847516,1,1
-0.4414362774428929,-0.6498480506347494,-0.8113157367280359,1,1,0,1,-1.1225009511572694,0,1,0.4001765542652195,1.3625273754550251,1.5198861739322482,1,1
-0.4418288559138411,-0.6498480506347494,-0.8469881590345426,1,0,0,0,-1.1253422941207618,0,1,0.6455331172727115,2.0125106195599867,1.271421068774907,1,1
-0.43108957740719966,-0.6498480506347494,-0.5616087805824888,0,0,0,0,0.3805694765301591,1,0,-0.8266062607722404,-0.5874223568598589,-0.7665511420662078,0,0
-0.42014782655416677,-0.6498480506347494,-0.16921213521091455,0,0,0,0,-0.2402639609929092,1,0,-0.33589313475725646,-0.5874223568598589,-0.8530951674580907,0,0
3.3833304343286232,0.9300551722334441,2.1494953147120235,0,0,0,0,-1.0699361063326618,0,1,1.3816028062951873,2.0125106195599867,1.6399311123790534,1,1
-0.3593891436178372,0.02725333059447637,1.0079778009038078,1,1,0,0,2.10810599833348,1,0,-0.5812496977647484,-0.5874223568598589,-0.6465062036194024,0,0
-0.4278459959356079,-0.4241475902250075,-0.9183330036475561,0,0,0,0,-0.9022968714866159,0,0,-0.5812496977647484,-0.5874223568598589,-0.6604649173922867,0,0
-0.43662876148766117,-0.4241475902250075,-0.6686260475020089,0,0,0,0,1.410556300796119,1,0,-0.5812496977647484,-0.5874223568598589,-0.48737686660852086,0,0
-0.39028369525681267,-0.4241475902250075,0.9009605339842874,1,1,0,0,2.127995399077926,1,0,-0.5812496977647484,-0.5874223568598589,-0.5627539209820963,0,0
-0.4271040226255158,-0.19844712981526558,-0.13353971290440778,0,0,0,0,1.539837405635019,1,0,-0.33589313475725646,-0.5874223568598589,-0.8140107688940146,0,0
-0.41645464458872156,-0.19844712981526558,-0.5616087805824888,0,0,0,0,-0.03710793910320949,1,0,-0.8266062607722404,-0.5874223568598589,-0.6632566601468636,0,0
-0.39904104135287205,0.02725333059447637,0.009149976321619119,1,0,1,0,2.1407814424136413,1,0,-0.5812496977647484,-0.5874223568598589,-0.760967656557054,0,0
-0.4348710895286083,-0.4241475902250075,-0.8826605813410494,0,0,0,0,0.2896465016984054,1,0,-0.33589313475725646,-0.5874223568598589,-0.4371254970261372,0,0
-0.37992374569772497,0.02725333059447637,0.08049482093463266,0,0,0,0,2.407867680981918,1,0,-0.5812496977647484,-0.5874223568598589,-0.7860933413482458,0,0
-0.39822123936091447,-0.4241475902250075,-0.5616087805824888,0,0,0,0,1.39919092894215,1,0,-0.8266062607722404,-0.5874223568598589,-0.5208777796634433,0,0
-0.4356631165937463,-0.4241475902250075,0.04482239862812589,0,0,0,0,0.18877882649442865,1,0,-0.8266062607722404,-0.5874223568598589,-0.7107162869746704,0,0
0.8922818485404855,1.155755632643186,2.0068056254859963,0,1,0,0,-1.1239216226390156,0,1,0.8908896802802034,2.6624938636649476,1.7906852211262048,1,1
-0.4414362774428929,-0.4241475902250075,-0.8469881590345426,1,1,1,1,-1.1125562507850464,0,1,1.6269593693026794,0.7125441313500638,1.436133891294942,1,1
-0.44024283889121035,-0.19844712981526558,-0.026522445984887653,0,0,0,0,1.0596504448048196,1,0,-0.33589313475725646,-0.5874223568598589,-0.8447199391943601,0,0
-0.2953819719790289,0.02725333059447637,-0.4189190913564617,0,0,0,0,-0.12376889948972475,1,0,-0.5812496977647484,-0.5874223568598589,-0.6883823449380554,0,0
-0.4409455543542076,-0.4241475902250075,-0.9183330036475561,1,1,1,1,-1.1296043085660001,0,0,1.6269593693026794,2.0125106195599867,1.4333421485403652,1,1
-0.37097501759707835,-0.19844712981526558,-0.2405569798239281,0,0,0,0,0.2839638157714208,1,0,-0.8266062607722404,-0.5874223568598589,-0.5850878630187113,0,0
-0.07389224115320116,-0.19844712981526558,0.7582708447582607,1,0,1,0,0.4018795487563514,1,0,-0.5812496977647484,-0.5874223568598589,-0.5487952072092119,0,0
3.5429919021740237,0.02725333059447637,2.2921850039380507,1,0,0,0,-1.128183637084254,1,1,2.3630290583251554,2.6624938636649476,1.782309992862474,1,1
-0.42700980379248826,-0.4241475902250075,-0.9896778482605697,0,0,0,0,0.8309223362436893,1,0,-0.5812496977647484,-0.5874223568598589,-0.6074218050553262,0,0
-0.3637297856264937,-0.6498480506347494,0.04482239862812589,0,0,0,0,1.0610711162865658,1,0,-0.8266062607722404,-0.5874223568598589,-0.8168025116485913,0,0
-0.41690522652875234,-0.4241475902250075,-0.6686260475020089,0,0,0,0,1.1136359611111735,1,0,-0.5812496977647484,-0.5874223568598589,-0.7442172000295928,0,0
-0.43355045555233857,-0.6498480506347494,-1.0966951151800899,0,0,0,0,0.21293024168411323,1,0,-0.33589313475725646,-0.5874223568598589,-0.8195942544031682,0,0
-0.4408459375672045,-0.6498480506347494,-1.0966951151800899,0,0,0,0,0.5354226680404897,1,0,-0.33589313475725646,-0.5874223568598589,-0.4706264100810596,0,0
-0.36986833888747533,-0.19844712981526558,-0.9896778482605697,0,0,0,0,1.0014029140532275,1,0,-0.5812496977647484,-0.5874223568598589,-0.8084272833848608,0,0
-0.4386173677322493,-0.6498480506347494,-0.8469881590345426,0,0,0,0,0.2768604583626901,1,0,-0.33589313475725646,-0.5874223568598589,-0.6130052905644799,0,0
-0.32490436371742265,-0.19844712981526558,0.04482239862812589,1,0,0,0,-0.21611254580322461,1,0,-0.5812496977647484,-0.5874223568598589,-0.6492979463739792,0,0
-0.3060095619106855,-0.19844712981526558,0.5442363109192201,1,0,0,0,1.4034529433873884,1,0,-0.5812496977647484,-0.5874223568598589,-0.7162997724838241,0,0
-0.4096382064530302,-0.6498480506347494,-0.13353971290440778,0,0,0,0,1.4062942863508807,1,0,-0.33589313475725646,-0.5874223568598589,-0.4678346673264827,0,0
-0.4370295841064993,-0.6498480506347494,-0.9896778482605697,1,1,1,1,-1.1111355793033002,0,0,0.8908896802802034,0.7125441313500638,1.3105054673389829,1,1
-0.4418288559138411,-0.4241475902250075,-0.7756433144215291,1,1,1,1,-1.1111355793033002,0,1,0.8908896802802034,2.0125106195599867,1.6622650544156687,1,1
-0.2515148610568055,-0.4241475902250075,-0.2405569798239281,1,1,1,0,1.4886932322921576,1,0,-0.5812496977647484,-0.5874223568598589,-0.6772153739197478,0,0
0.05803188926120628,1.155755632643186,1.7214262470339428,1,1,1,1,-1.091246178558854,0,1,1.1362462432876954,0.06256088724510249,1.3830907789579818,1,1
-0.41749743115217774,-0.6498480506347494,-0.8113157367280359,0,0,0,0,0.2313989709468132,1,0,-0.33589313475725646,-0.5874223568598589,-0.7218832579929778,0,0
-0.4133841902228179,-0.4241475902250075,-0.3832466690499551,0,0,0,0,-0.6749894344072316,1,0,-0.33589313475725646,-0.5874223568598589,-0.4427089825352909,0,0
-0.4267276380164942,-0.4241475902250075,-1.0253502705670765,0,0,0,0,-0.5798044451302394,1,0,-0.5812496977647484,-0.5874223568598589,-0.5460034644546351,0,0
-0.32385588476613775,0.02725333059447637,0.33020177708017967,1,1,0,0,2.119471370187449,1,0,-0.5812496977647484,-0.5874223568598589,-0.6855906021834786,0,0
1.4136762098593663,2.058557474282154,2.3278574262445573,1,1,1,1,-1.0741981207779003,0,0,0.6455331172727115,2.0125106195599867,1.6483063406427843,1,1
-0.35013773751608945,-0.4241475902250075,0.5085638886127135,1,0,0,0,0.21008889872062092,1,0,-0.5812496977647484,-0.5874223568598589,-0.5404199789454813,0,0
-0.42321494400306736,-0.4241475902250075,0.8652881116777811,1,1,0,0,2.0484377961001417,1,0,-0.5812496977647484,-0.5874223568598589,-0.783301598593669,0,0
-0.4370295841064993,-0.4241475902250075,-1.061022692873583,1,1,1,0,-1.119659608193777,0,0,1.6269593693026794,0.7125441313500638,1.50034397465021,1,1
-0.30483025618395715,-0.4241475902250075,0.25885693246716635,1,0,1,0,1.4957965897008885,1,0,-0.5812496977647484,-0.5874223568598589,-0.7302584862567084,0,0
-0.41448537283382764,-0.6498480506347494,-0.9183330036475561,0,0,0,0,1.3224746689278577,1,0,-0.33589313475725646,-0.5874223568598589,-0.8084272833848608,0,0
-0.4288350973931619,-0.6498480506347494,-0.8826605813410494,0,0,0,0,-0.8170565825818468,1,0,-0.33589313475725646,-0.5874223568598589,-0.7442172000295928,0,0
2.4483336509176126,3.6384606971503475,1.5073917131949022,0,1,0,0,-1.0940875215223465,0,1,1.1362462432876954,2.6624938636649476,1.6427228551336306,1,1
-0.4380227094933805,-0.4241475902250075,0.009149976321619119,0,0,0,0,1.5824575500874036,1,1,-0.33589313475725646,-0.5874223568598589,-0.7721346275753616,0,0
-0.36531403604600526,-0.4241475902250075,-0.7042984698085157,0,0,0,0,0.7115859317770125,1,0,-0.8266062607722404,-0.5874223568598589,-0.6102135478099031,0,0
-0.4330562974020325,-0.4241475902250075,-0.9896778482605697,0,0,0,0,0.008353548312667367,1,0,-0.8266062607722404,-0.5874223568598589,-0.40362458397121476,0,0
-0.4409455543542076,-0.4241475902250075,-0.8469881590345426,1,1,1,1,-1.1111355793033002,0,1,0.6455331172727115,2.0125106195599867,1.2853797825477913,1,1
-0.40586670508263073,-0.19844712981526558,-0.026522445984887653,0,0,0,0,1.2642271381762655,1,0,-0.33589313475725646,-0.5874223568598589,-0.7581759138024772,0,0
-0.4414362774428929,-0.4241475902250075,-0.7756433144215291,1,0,1,1,-1.116818265230285,0,1,0.6455331172727115,0.7125441313500638,1.3747155506942508,1,1
-0.4091200028713785,-0.4241475902250075,-0.16921213521091455,0,0,0,0,-0.5513910154953164,1,0,-0.5812496977647484,-0.5874223568598589,-0.5599621782275194,0,0
-0.30692485861570123,0.02725333059447637,-0.20488455751742132,1,0,0,0,0.15610338241426716,1,0,-0.5812496977647484,-0.5874223568598589,-0.6967575732017861,0,0
-0.41292124206095226,-0.4241475902250075,-0.6686260475020089,0,0,0,0,1.5156859904453346,1,0,-0.5812496977647484,-0.5874223568598589,-0.8782208522492826,0,0
-0.43360168704279733,-0.4241475902250075,-0.6686260475020089,0,0,0,0,1.4446524163580268,1,0,-0.33589313475725646,-0.5874223568598589,-0.5934630912824418,0,0
0.14486897115491879,0.7043547118237021,1.7214262470339428,1,1,0,1,-1.091246178558854,0,1,2.3630290583251554,0.06256088724510249,1.567345800760055,1,1
-0.2857442686618682,0.02725333059447637,0.25885693246716635,1,0,0,0,0.09927652314442108,1,0,-0.5812496977647484,-0.5874223568598589,-0.8000520551211302,0,0
-0.4361720945813306,-0.19844712981526558,-0.16921213521091455,0,0,0,0,0.9147419536667122,1,0,-0.5812496977647484,-0.5874223568598589,-0.6353392326010948,0,0
-0.4399793205925864,-0.6498480506347494,-0.8826605813410494,0,0,0,0,-0.5641770588310318,1,1,-0.33589313475725646,-0.5874223568598589,-0.8195942544031682,0,0
-0.4418288559138411,-0.4241475902250075,-0.7042984698085157,1,1,1,1,-1.1082942363398078,0,1,0.4001765542652195,0.7125441313500638,1.5394283732142864,1,1
-0.4330473662418184,-0.4241475902250075,-0.9183330036475561,0,0,0,0,-0.01153585243177876,1,0,-0.5812496977647484,-0.5874223568598589,-0.5962548340370187,0,0
0.0098528927033232,2.5099583951016378,1.9711332031794895,0,1,0,1,-1.0926668500406003,1,1,2.853742184340139,0.7125441313500638,1.355173351412213,1,1
0.6686148775147791,1.381456093052928,2.2565125816315437,1,1,1,1,-1.091246178558854,0,1,2.3630290583251554,2.6624938636649476,1.7041411957343218,1,1
-0.4326518434323381,-0.4241475902250075,-0.6329536251955021,0,0,0,0,-0.6636240625532625,1,0,-0.33589313475725646,-0.5874223568598589,-0.8754291094947056,0,0
-0.4100556155122658,-0.4241475902250075,0.08049482093463266,0,0,0,0,-0.8383666548080391,1,0,-0.5812496977647484,-0.5874223568598589,-0.6185887760736337,0,0
-0.29899673639490226,-0.4241475902250075,0.8296156893712743,1,0,0,0,1.25144109484055,1,0,-0.5812496977647484,-0.5874223568598589,-0.6102135478099031,0,0
-0.43415767630227764,-0.19844712981526558,-0.3475742467434483,0,0,0,0,-0.2487879898833861,1,0,-0.5812496977647484,-0.5874223568598589,-0.439917239780714,0,0
-0.41771305487734606,-0.4241475902250075,-0.9540054259540629,0,0,0,0,-0.22037456024846308,1,0,-0.5812496977647484,-0.5874223568598589,-0.719091515238401,0,0
-0.1389770406947623,0.02725333059447637,1.7927710916469557,1,1,0,1,-1.0770394637413925,0,0,0.4001765542652195,0.06256088724510249,1.3244641811118674,1,1
-0.4174800595548383,-0.19844712981526558,-0.6329536251955021,0,0,0,0,-0.8071118822096237,1,0,-0.5812496977647484,-0.5874223568598589,-0.5404199789454813,0,0
-0.42688663229722823,-0.4241475902250075,-0.8826605813410494,0,0,0,0,0.7002205599230433,1,0,-0.5812496977647484,-0.5874223568598589,-0.8168025116485913,0,0
-0.3736368959193427,-0.19844712981526558,0.8296156893712743,1,0,0,0,1.4418110733945344,1,0,-0.5812496977647484,-0.5874223568598589,-0.526461265172597,0,0
-0.41733833872682596,-0.19844712981526558,-0.31190182443694153,0,0,0,0,0.7883021917913047,1,0,-0.5812496977647484,-0.5874223568598589,-0.6102135478099031,0,0
0.24050776051190773,1.60715655346267,2.1494953147120235,0,0,1,1,-1.099770207449331,0,1,2.3630290583251554,1.3625273754550251,1.5226779166868252,0,1
-0.4409455543542076,-0.4241475902250075,-0.8469881590345426,0,1,1,1,-1.118238936712031,0,1,1.8723159323101712,1.3625273754550251,1.4919687463864795,1,1
-0.38825749962363126,-0.19844712981526558,-0.9183330036475561,0,0,0,0,0.5652567691571588,1,0,-0.33589313475725646,-0.5874223568598589,-0.6465062036194024,0,0
-0.4417175599173273,-0.19844712981526558,-0.9540054259540629,0,0,0,0,0.15326203945077485,1,0,-0.5812496977647484,-0.5874223568598589,-0.7470089427841696,0,0
-0.43279179765723114,-0.4241475902250075,-0.9540054259540629,0,0,0,0,1.1022705892572042,1,0,-0.5812496977647484,-0.5874223568598589,-0.8530951674580907,0,0
-0.19159924038683715,-0.4241475902250075,-0.31190182443694153,1,1,1,0,2.382295594310487,1,0,-0.5812496977647484,-0.5874223568598589,-0.6716318884105942,0,0
-0.4407925468951556,-0.6498480506347494,-0.6329536251955021,0,0,0,0,1.5895609074961345,1,0,-0.5812496977647484,-0.5874223568598589,-0.847511681948937,0,0
-0.4409455543542076,-0.6498480506347494,-0.7042984698085157,1,1,1,0,-1.1125562507850464,0,1,1.8723159323101712,2.0125106195599867,1.6538898261519377,1,1
-0.424472176556279,-0.19844712981526558,-0.4189190913564617,0,0,0,0,-0.28004276248180143,1,0,-0.8266062607722404,-0.5874223568598589,-0.6018383195461724,0,0
2.4208708239824315,2.9613593159211216,1.6144089801144224,1,1,0,1,-1.0841428211501234,0,1,0.8908896802802034,0.06256088724510249,1.6175971703424386,0,1
-0.4320961486067109,-0.6498480506347494,-0.49026393596947526,0,0,0,0,1.0369197010968811,1,0,-0.5812496977647484,-0.5874223568598589,-0.7581759138024772,0,0
0.18896691821805975,3.4127602367406054,1.899788358566476,0,1,1,1,-1.0727774492961542,0,1,2.3630290583251554,2.6624938636649476,1.7097246812434752,1,1
1.8814920503309422,1.381456093052928,1.4360468685818886,1,0,1,0,-1.0756187922596465,0,1,2.117672495317663,2.0125106195599867,1.6315558841153228,1,1
-0.43470964163243087,-0.4241475902250075,-0.7399708921150225,0,0,0,0,0.988616870717512,1,0,-0.5812496977647484,-0.5874223568598589,-0.8419281964397832,0,0
-0.4126291636785668,-0.6498480506347494,-1.061022692873583,0,0,0,0,0.9190039681119506,1,0,-0.5812496977647484,-0.5874223568598589,-0.8726373667401287,0,0
2.068487383083817,1.832857013872412,2.1138228924055165,1,0,1,1,-1.0884048355953617,0,1,0.4001765542652195,2.0125106195599867,1.628764141360746,1,1
-0.4329950551605645,-0.19844712981526558,-0.4545915136629685,0,0,0,0,0.8422877080976584,1,0,-0.5812496977647484,-0.5874223568598589,-0.5125025513997127,0,0
-0.09082051925434101,-0.19844712981526558,0.9723053785973009,1,0,0,0,0.2342403139103055,1,0,-0.5812496977647484,-0.5874223568598589,-0.6604649173922867,0,0
-0.4126019776194536,0.02725333059447637,-0.31190182443694153,1,0,0,0,2.0669065253628416,1,0,-0.5812496977647484,-0.5874223568598589,-0.7498006855387466,0,0
-0.4125244433714413,-0.4241475902250075,-0.9183330036475561,0,0,0,0,-0.6664654055167547,1,0,-0.5812496977647484,-0.5874223568598589,-0.6688401456560173,0,0
-0.4414362774428929,-0.4241475902250075,-0.9896778482605697,1,1,1,1,-1.1225009511572694,0,1,0.1548199912577275,2.0125106195599867,1.3858825217125585,1,1
-0.4370295841064993,-0.6498480506347494,-0.8469881590345426,1,1,1,1,-1.126762965602508,1,1,0.6455331172727115,0.7125441313500638,1.4389256340495191,1,1
-0.4304180719326428,-0.19844712981526558,0.11616724324113924,0,0,0,0,0.04102899239282885,1,0,-0.33589313475725646,-0.5874223568598589,-0.6437144608648254,0,0
-0.41304441355621224,-0.19844712981526558,0.8652881116777811,1,0,0,0,1.5625681493429575,1,0,-0.5812496977647484,-0.5874223568598589,-0.8168025116485913,0,0
-0.27717074743483033,0.02725333059447637,0.5799087332257269,1,0,0,0,1.0568091018413273,1,0,-0.5812496977647484,-0.5874223568598589,-0.5822961202641344,0,0
-0.4370295841064993,-0.4241475902250075,-0.8469881590345426,1,1,1,0,-1.1040322218945695,0,1,1.3816028062951873,1.3625273754550251,1.3635485796759437,1,1
-0.43416101321928074,-0.6498480506347494,-0.5972812028889956,0,0,0,0,-0.9505997018659851,1,0,-0.8266062607722404,-0.5874223568598589,-0.88938782326759,0,0
-0.4037525718719569,-0.4241475902250075,0.5442363109192201,1,0,0,0,0.8664391232873431,1,0,-0.5812496977647484,-0.5874223568598589,-0.7051328014655166,0,0
-0.42920019537114373,-0.4241475902250075,-0.0978672905979012,0,0,0,0,0.8081915925357508,1,0,-0.33589313475725646,-0.5874223568598589,-0.38966587019833043,0,0
-0.4414362774428929,-0.6498480506347494,-0.8113157367280359,1,1,1,1,-1.1225009511572694,0,1,1.1362462432876954,0.7125441313500638,1.6120136848332847,1,1
-0.38333201383787957,-0.19844712981526558,-0.525936358275982,0,0,0,0,-0.3311869358246629,1,0,-0.33589313475725646,-0.5874223568598589,-0.7693428848207846,0,0
-0.4362498251185784,-0.4241475902250075,-0.06219486829139442,0,0,0,0,0.33937000355952074,1,0,-0.8266062607722404,-0.5874223568598589,-0.39245761295290726,0,0
-0.41212793911578366,-0.6498480506347494,-0.7399708921150225,0,0,0,0,-0.6238452610643702,1,0,-0.5812496977647484,-0.5874223568598589,-0.8810125950038594,0,0
-0.4221594967839231,-0.4241475902250075,0.009149976321619119,1,0,0,0,0.8635977803238507,1,0,-0.5812496977647484,-0.5874223568598589,-0.7135080297292472,0,0
-0.41901523766548127,-0.4241475902250075,-0.9540054259540629,0,0,0,0,0.04244966387457501,1,0,-0.5812496977647484,-0.5874223568598589,-0.6185887760736337,0,0
-0.39649261820871173,-0.19844712981526558,-0.31190182443694153,0,0,0,0,-0.7204509218231084,1,0,-0.5812496977647484,-0.5874223568598589,-0.7944685696119764,0,0
-0.3964089989943998,-0.19844712981526558,-0.6329536251955021,0,0,0,0,0.7016412314047894,1,0,-0.8266062607722404,-0.5874223568598589,-0.8447199391943601,0,0
2.368200238993812,3.6384606971503475,2.18516773701853,1,0,1,0,-1.1040322218945695,0,1,1.6269593693026794,1.3625273754550251,1.4919687463864795,0,1
-0.3963347035187728,-0.6498480506347494,-0.6329536251955021,0,0,0,0,-0.6295279469913547,1,0,-0.33589313475725646,-0.5874223568598589,-0.7498006855387466,0,0
1.4916633952824934,0.9300551722334441,1.899788358566476,0,0,1,0,-1.0955081930040926,0,0,1.8723159323101712,2.0125106195599867,1.5310531449505558,0,1
-0.38331454409592236,-0.4241475902250075,-0.3832466690499551,0,0,0,0,0.3635214187492053,1,0,-0.8266062607722404,-0.5874223568598589,-0.6576731746377098,0,0
-0.39056203339271495,-0.6498480506347494,-0.31190182443694153,0,0,0,0,1.6577531386199498,1,0,-0.8266062607722404,-0.5874223568598589,-0.45108421079902156,0,0
0.5434382877144117,2.284257934691896,1.4003744462753818,1,1,1,0,-1.1054528933763157,0,0,0.6455331172727115,0.06256088724510249,1.4305504057857883,1,1
2.536153651157962,3.4127602367406054,2.363529848551064,0,1,1,1,-1.1068735648580619,0,1,2.853742184340139,2.6624938636649476,1.4277586630312116,0,1
-0.4160163307259079,-0.4241475902250075,-1.061022692873583,0,0,0,0,-0.22321590321195536,1,0,-0.33589313475725646,-0.5874223568598589,-0.8865960805130131,0,0
-0.4320077203061298,-0.19844712981526558,-0.49026393596947526,0,0,0,0,0.18593748353093634,1,0,-0.33589313475725646,-0.5874223568598589,-0.7162997724838241,0,0
-0.4402452925066538,-0.19844712981526558,-0.9540054259540629,0,0,0,0,0.5368433395222358,1,0,-0.5812496977647484,-0.5874223568598589,-0.8056355406302839,0,0
-0.40715210514113287,-0.6498480506347494,-0.026522445984887653,0,0,0,0,-0.017218538358763365,1,0,-0.5812496977647484,-0.5874223568598589,-0.45387595355359833,0,0
-0.4353861524824924,-0.19844712981526558,-0.5972812028889956,0,0,0,0,0.30953590244285156,1,0,-0.33589313475725646,-0.5874223568598589,-0.7498006855387466,0,0
-0.43653699627007697,-0.4241475902250075,-0.6329536251955021,0,0,0,0,1.6307603804667727,1,0,-0.8266062607722404,-0.5874223568598589,-0.8503034247035138,0,0
-0.42177408287006973,-0.6498480506347494,-0.0978672905979012,0,0,0,0,1.296902582256427,1,0,-0.33589313475725646,-0.5874223568598589,-0.825177739912322,0,0
-0.4414362774428929,-0.4241475902250075,-0.9540054259540629,1,1,0,0,-1.1125562507850464,0,0,1.6269593693026794,0.7125441313500638,1.461259576086134,1,1
3.949543811217159,3.4127602367406054,1.899788358566476,1,1,0,0,-1.0798808067048848,0,1,0.4001765542652195,2.0125106195599867,1.7292668805255134,1,1
0.07507951121751436,2.73565885551138,2.4348746931640775,1,0,1,0,-1.1153975937485388,0,0,1.8723159323101712,0.06256088724510249,1.6818072536977065,1,1
-0.43625777483261513,-0.4241475902250075,0.9009605339842874,1,0,1,0,1.3096886255921423,1,0,-0.5812496977647484,-0.5874223568598589,-0.6744236311651711,0,0
-0.44091012414720454,-0.4241475902250075,-0.026522445984887653,0,0,0,0,-0.416427224729432,1,0,-0.33589313475725646,-0.5874223568598589,-0.462251181817329,0,0
-0.4414362774428929,-0.4241475902250075,-0.9540054259540629,1,1,1,1,-1.1225009511572694,0,1,1.1362462432876954,0.7125441313500638,1.5143026884230943,1,1
-0.4055689343124165,-0.6498480506347494,-0.0978672905979012,0,0,0,0,-0.4377372969556243,1,0,-0.33589313475725646,-0.5874223568598589,-0.7051328014655166,0,0
0.733410444867869,1.60715655346267,2.0424780477925033,1,1,0,0,-1.0784601352231387,0,1,0.8908896802802034,2.6624938636649476,1.740433851543821,1,1
-0.4194823079012918,-0.19844712981526558,-0.7399708921150225,0,0,0,0,0.5482087113762051,1,0,-0.8266062607722404,-0.5874223568598589,-0.526461265172597,0,0
2.8277588783413163,3.1870597763308637,1.5787365578079158,1,1,0,0,-1.119659608193777,0,1,1.3816028062951873,2.0125106195599867,1.782309992862474,1,1
-0.4418288559138411,-0.6498480506347494,-0.6686260475020089,1,1,1,1,-1.1082942363398078,1,0,0.1548199912577275,0.7125441313500638,1.5478036014780168,1,1
-0.42025647264600174,-0.6498480506347494,-0.8113157367280359,0,0,0,0,1.677642539364396,1,0,-0.33589313475725646,-0.5874223568598589,-0.49016860936309764,0,0
-0.4398147320686413,-0.4241475902250075,-1.061022692873583,0,0,0,0,-0.5883284740207164,1,0,-0.5812496977647484,-0.5874223568598589,-0.7107162869746704,0,0
-0.4414362774428929,-0.6498480506347494,-0.9540054259540629,1,1,1,1,-1.1125562507850464,1,1,1.6269593693026794,2.0125106195599867,1.4752182898590185,1,1
-0.4418288559138411,-0.6498480506347494,-0.9540054259540629,1,1,0,1,-1.1082942363398078,0,1,0.6455331172727115,2.0125106195599867,1.628764141360746,1,1
-0.4415790778617003,-0.19844712981526558,-0.9896778482605697,0,0,0,0,1.36225347041675,1,0,-0.5812496977647484,-0.5874223568598589,-0.6241722615827874,0,0
-0.4238668205540769,-0.4241475902250075,-0.525936358275982,0,0,0,0,-0.43063393954689355,1,0,-0.5812496977647484,-0.5874223568598589,-0.7274667435021316,0,0
-0.42747824805294715,-0.6498480506347494,-0.7399708921150225,0,0,0,0,-0.5428669866048396,1,0,-0.5812496977647484,-0.5874223568598589,-0.5208777796634433,0,0
-0.4283913855763727,-0.4241475902250075,-0.3832466690499551,0,0,0,0,1.052547087396089,1,0,-0.33589313475725646,-0.5874223568598589,-0.4343337542715603,0,0
-0.41576193987673343,-0.6498480506347494,-0.3475742467434483,0,0,0,0,0.9545207551556044,1,0,-0.33589313475725646,-0.5874223568598589,-0.7777181130845152,0,0
2.071938736711158,3.6384606971503475,1.8641159362599693,1,1,1,0,-1.0798808067048848,0,1,1.3816028062951873,0.06256088724510249,1.7125164239980524,1,1
-0.43282290950105373,-0.19844712981526558,0.04482239862812589,0,0,0,0,0.6931172025143125,0,0,-0.33589313475725646,-0.5874223568598589,-0.6046300623007493,0,0
3.7021583285675574,1.60715655346267,1.5787365578079158,0,1,1,0,-1.1026115504128233,0,0,2.117672495317663,2.6624938636649476,1.4584678333315568,1,1
-0.07643614964494558,3.1870597763308637,2.2921850039380507,0,0,1,0,-1.099770207449331,0,0,0.8908896802802034,2.0125106195599867,1.7962687066353582,1,1
-0.4065665743517136,-0.19844712981526558,-0.5616087805824888,0,0,0,0,-0.9108209003770928,0,0,-0.33589313475725646,-0.5874223568598589,-0.867053881230975,0,0
-0.3446838411084416,0.02725333059447637,0.009149976321619119,1,0,0,0,-0.17633374431433235,1,0,-0.5812496977647484,-0.5874223568598589,-0.7162997724838241,0,0
-0.43491250655729335,-0.19844712981526558,-0.31190182443694153,0,0,0,0,0.9232659825571891,1,0,-0.8266062607722404,-0.5874223568598589,-0.6604649173922867,0,0
-0.44139908063277056,-0.4241475902250075,-0.6329536251955021,0,0,0,0,1.0255543292429121,1,0,-0.8266062607722404,-0.5874223568598589,-0.42595852600782963,0,0
-0.32276402589381303,-0.19844712981526558,-0.026522445984887653,1,1,0,0,0.7485233903024124,1,0,-0.5812496977647484,-0.5874223568598589,-0.7972603123665533,0,0
-0.366966104396373,-0.19844712981526558,-0.3475742467434483,0,0,0,0,-0.034266596139717186,1,0,-0.5812496977647484,-0.5874223568598589,-0.6185887760736337,0,0
-0.4409455543542076,-0.6498480506347494,-0.8113157367280359,1,1,1,1,-1.1310249800477463,0,1,0.8908896802802034,2.0125106195599867,1.6008467138149776,1,1
-0.4369320283564686,-0.6498480506347494,-0.4189190913564617,0,0,0,0,0.4672304369166744,1,0,-0.8266062607722404,-0.5874223568598589,-0.56833740649125,0,0
-0.38500282781023515,-0.19844712981526558,-0.6329536251955021,0,0,0,0,0.06944242202775189,1,0,-0.33589313475725646,-0.5874223568598589,-0.4790016383447902,0,0
-0.03200568861691146,0.02725333059447637,1.7927710916469557,1,1,0,0,-1.1054528933763157,0,0,2.117672495317663,0.7125441313500638,1.3998412354854428,1,1
-0.4218502430934337,-0.6498480506347494,-0.8469881590345426,0,0,0,0,0.22429561353808244,1,0,-0.5812496977647484,-0.5874223568598589,-0.5878796057732881,0,0
1.1151364765651826,0.47865425141396023,1.685753824727436,0,0,1,1,-1.1296043085660001,0,1,0.8908896802802034,1.3625273754550251,1.6706402826793991,1,1
-0.42580753222520934,-0.6498480506347494,-0.27622940213043484,0,0,0,0,0.4388170072817513,1,0,-0.8266062607722404,-0.5874223568598589,-0.5962548340370187,0,0
1.7142599029625418,1.155755632643186,1.364702023968875,0,0,0,0,-1.0869841641136155,1,0,1.1362462432876954,2.0125106195599867,1.2965467535660986,1,1
1.9505525901924134,1.60715655346267,2.363529848551064,1,1,0,1,-1.0955081930040926,0,0,1.8723159323101712,1.3625273754550251,1.4947604891410566,1,1
-0.36227116031768575,-0.19844712981526558,0.009149976321619119,0,0,0,0,-0.5073501995611858,0,0,-0.5812496977647484,-0.5874223568598589,-0.5934630912824418,0,0
-0.4358514561151837,-0.19844712981526558,-0.6686260475020089,0,0,0,0,-0.23316060358417842,1,0,-0.33589313475725646,-0.5874223568598589,-0.38966587019833043,0,0
-0.19541284579824575,0.02725333059447637,-0.16921213521091455,1,1,1,0,1.1178979755564118,1,0,-0.5812496977647484,-0.5874223568598589,-0.5767126347549807,0,0
-0.43955082119154637,-0.4241475902250075,-0.5972812028889956,0,0,0,0,-0.9065588859318544,1,1,-0.33589313475725646,-0.5874223568598589,-0.6911740876926322,0,0
-0.4340226293082715,-0.4241475902250075,-0.20488455751742132,0,0,0,0,-0.3993791669484782,1,0,-0.33589313475725646,-0.5874223568598589,-0.6102135478099031,0,0
-0.3259607923827443,0.02725333059447637,0.25885693246716635,1,1,0,0,2.194766958719995,1,0,-0.5812496977647484,-0.5874223568598589,-0.5990465767915957,0,0
-0.4370295841064993,-0.4241475902250075,-0.9183330036475561,1,1,1,1,-1.1225009511572694,0,1,1.1362462432876954,0.7125441313500638,1.3607568369213665,1,1
-0.3717535988495864,-0.19844712981526558,-0.0978672905979012,1,0,0,0,0.9474173977468737,1,0,-0.5812496977647484,-0.5874223568598589,-0.6297557470919412,0,0
-0.43836935628322776,-0.4241475902250075,0.11616724324113924,0,0,0,0,-0.8511526981437545,1,0,-0.33589313475725646,-0.5874223568598589,-0.8000520551211302,0,0
-0.42602305780575994,-0.19844712981526558,-0.5972812028889956,0,0,0,0,1.6094503082405807,1,0,-0.33589313475725646,-0.5874223568598589,-0.7246750007475548,0,0
-0.43399642469533567,-0.6498480506347494,-0.7042984698085157,0,0,0,0,-0.42779259658340124,1,0,-0.5812496977647484,-0.5874223568598589,-0.7581759138024772,0,0
-0.4414362774428929,-0.4241475902250075,-0.8113157367280359,1,1,1,0,-1.1082942363398078,0,1,0.4001765542652195,1.3625273754550251,1.6594733116610916,1,1
1.196973973486752,2.73565885551138,1.899788358566476,1,1,1,1,-1.1026115504128233,1,1,1.1362462432876954,2.6624938636649476,1.3328394093755978,0,1
-0.44000778253173006,-0.6498480506347494,0.04482239862812589,0,0,0,0,-0.0030118235413018482,1,1,-0.5812496977647484,-0.5874223568598589,-0.6520896891285561,0,0
-0.4160981833371006,-0.4241475902250075,-0.6686260475020089,0,0,0,0,0.8905905384770276,1,0,-0.33589313475725646,-0.5874223568598589,-0.5962548340370187,0,0
1.7829499468920558,1.832857013872412,1.6144089801144224,1,1,1,1,-1.0926668500406003,0,0,0.6455331172727115,0.06256088724510249,1.5757210290237855,1,1
-0.4370295841064993,-0.4241475902250075,-0.7399708921150225,1,0,0,1,-1.116818265230285,0,1,1.1362462432876954,1.3625273754550251,1.335631152130175,1,1
-0.4400223079351552,-0.6498480506347494,-0.3832466690499551,0,0,0,0,0.5652567691571588,1,0,-0.8266062607722404,-0.5874223568598589,-0.654881431883133,0,0
-0.42547060175251805,0.02725333059447637,0.25885693246716635,1,0,0,0,1.7557794708604342,1,0,-0.5812496977647484,-0.5874223568598589,-0.7777181130845152,0,0
-0.4416816389872355,-0.4241475902250075,-0.9540054259540629,1,1,1,1,-1.126762965602508,1,1,0.6455331172727115,0.7125441313500638,1.3188806956027135,1,1
-0.40513592025896067,-0.19844712981526558,-0.8113157367280359,0,0,0,0,0.9545207551556044,1,0,-0.5812496977647484,-0.5874223568598589,-0.5348364934363277,0,0
-0.3382950190722305,-0.19844712981526558,0.8296156893712743,1,0,0,0,2.369509550974772,1,0,-0.5812496977647484,-0.5874223568598589,-0.7916768268573996,0,0
-0.4386561348562555,-0.6498480506347494,-1.0966951151800899,0,0,0,0,0.21861292761109782,1,0,-0.33589313475725646,-0.5874223568598589,-0.6604649173922867,0,0
1.3351744522054436,3.6384606971503475,1.935460780872983,1,1,1,0,-1.1125562507850464,1,1,1.3816028062951873,2.0125106195599867,1.7348503660346672,1,1
-0.2558413702405079,-0.4241475902250075,-0.2405569798239281,1,1,1,0,2.267221204289049,1,0,-0.5812496977647484,-0.5874223568598589,-0.7916768268573996,0,0
-0.17728808666227353,0.02725333059447637,1.6500814024209292,1,1,0,0,-1.0699361063326618,0,1,1.8723159323101712,0.06256088724510249,1.7292668805255134,1,1
-0.40097645321464664,-0.6498480506347494,-0.5972812028889956,0,0,0,0,-0.11808621356274014,1,0,-0.33589313475725646,-0.5874223568598589,-0.4119998122349453,0,0
-0.4414362774428929,-0.6498480506347494,-0.6329536251955021,1,1,1,1,-1.1225009511572694,0,1,0.4001765542652195,2.0125106195599867,1.3021302390752525,1,1
-0.3955507243122892,0.02725333059447637,-0.13353971290440778,1,0,1,0,-0.4462613258461012,1,0,-0.5812496977647484,-0.5874223568598589,-0.5850878630187113,0,0
-0.35073445679193077,-0.6498480506347494,-0.0978672905979012,0,0,0,0,0.37488679060317454,0,0,-0.33589313475725646,-0.5874223568598589,-0.760967656557054,0,0
-0.4035572640826601,-0.19844712981526558,-0.9183330036475561,0,0,0,0,-0.4050618528754628,1,0,-0.8266062607722404,-0.5874223568598589,-0.825177739912322,0,0
-0.4248859542646584,-0.6498480506347494,-0.525936358275982,0,0,0,0,0.39335551986587447,1,0,-0.8266062607722404,-0.5874223568598589,-0.8391364536852063,0,0
-0.39331832683724227,0.02725333059447637,0.25885693246716635,1,0,0,0,0.7186892891857433,1,0,-0.5812496977647484,-0.5874223568598589,-0.6297557470919412,0,0
-0.38167179948423957,-0.6498480506347494,-0.8113157367280359,0,0,0,0,1.3068472826286501,1,0,-0.33589313475725646,-0.5874223568598589,-0.7330502290112852,0,0
1.7075227656779821,2.284257934691896,1.7214262470339428,0,1,0,0,-1.1139769222667926,0,0,1.3816028062951873,0.7125441313500638,1.6845989964522836,0,1
2.7597134482610994,0.7043547118237021,1.8641159362599693,1,1,1,1,-1.0841428211501234,0,1,1.3816028062951873,2.0125106195599867,1.5813045145329394,0,1
-0.4404660197519444,-0.6498480506347494,-0.3475742467434483,0,0,0,0,1.250020423358804,1,0,-0.33589313475725646,-0.5874223568598589,-0.4147915549895222,0,0
-0.38408782553907256,-0.6498480506347494,-0.9183330036475561,0,0,0,0,0.3848314909753976,1,0,-0.8266062607722404,-0.5874223568598589,-0.5487952072092119,0,0
-0.430962578271848,-0.19844712981526558,-0.7042984698085157,0,0,0,0,1.3636741418984961,1,0,-0.8266062607722404,-0.5874223568598589,-0.7274667435021316,0,0
-0.4384350150324938,-0.4241475902250075,-0.026522445984887653,0,0,0,0,-0.9022968714866159,1,0,-0.8266062607722404,-0.5874223568598589,-0.6102135478099031,0,0
-0.423926492481661,-0.19844712981526558,-0.27622940213043484,0,0,0,0,1.410556300796119,1,0,-0.5812496977647484,-0.5874223568598589,-0.88938782326759,0,0
-0.41168687720367336,-0.19844712981526558,-0.49026393596947526,0,0,0,0,1.52847203378105,1,0,-0.8266062607722404,-0.5874223568598589,-0.8698456239855519,0,0
-0.4192549068219951,-0.4241475902250075,-0.5972812028889956,0,0,0,0,0.3294253031872977,1,0,-0.8266062607722404,-0.5874223568598589,-0.7162997724838241,0,0
-0.4352245082970794,-0.6498480506347494,-0.2405569798239281,0,0,0,0,0.8508117369881354,1,0,-0.33589313475725646,-0.5874223568598589,-0.5208777796634433,0,0
-0.4418288559138411,-0.6498480506347494,-1.0966951151800899,1,1,1,0,-1.126762965602508,0,1,1.1362462432876954,0.7125441313500638,1.3998412354854428,1,1
-0.4370295841064993,-0.6498480506347494,-0.7399708921150225,1,1,1,1,-1.118238936712031,0,1,0.1548199912577275,0.7125441313500638,1.6650567971702455,1,1
-0.4337890451180573,-0.19844712981526558,-0.49026393596947526,0,0,0,0,-0.6551000336627855,1,0,-0.5812496977647484,-0.5874223568598589,-0.5795043775095574,0,0
-0.4082344439855371,-0.19844712981526558,-0.31190182443694153,0,0,0,0,0.83802569365242,1,0,-0.33589313475725646,-0.5874223568598589,-0.4064163267257916,0,0
0.9292506687158251,0.47865425141396023,2.1494953147120235,1,0,1,1,-1.0869841641136155,1,1,0.8908896802802034,0.7125441313500638,1.740433851543821,0,1
-0.36978530854086983,-0.4241475902250075,-0.27622940213043484,0,1,0,0,-0.3482349936056167,1,0,-0.5812496977647484,-0.5874223568598589,-0.5432117217000583,0,0
-0.42892264239218336,-0.19844712981526558,-0.3832466690499551,0,1,1,0,1.147732076673081,1,0,-0.5812496977647484,-0.5874223568598589,-0.590671348527865,0,0
-0.42946783574371267,-0.19844712981526558,-0.7399708921150225,0,0,0,0,0.24844702872776703,1,0,-0.8266062607722404,-0.5874223568598589,-0.6632566601468636,0,0
-0.41560510477758966,-0.6498480506347494,-0.49026393596947526,0,0,0,0,0.3549973898587284,1,0,-0.5812496977647484,-0.5874223568598589,-0.7888850841028227,0,0
2.5713871763470926,1.381456093052928,2.1138228924055165,1,0,0,0,-1.1054528933763157,0,1,2.3630290583251554,1.3625273754550251,1.787893478371628,1,1
-0.43546771065983186,-0.6498480506347494,-0.5616087805824888,0,0,0,0,-0.8241599399905776,1,0,-0.8266062607722404,-0.5874223568598589,-0.6046300623007493,0,0
-0.4416816389872355,-0.6498480506347494,-0.7042984698085157,1,1,1,1,-1.109714907821554,0,1,1.1362462432876954,2.0125106195599867,1.5478036014780168,1,1
-0.4387946169118824,-0.19844712981526558,-0.525936358275982,0,0,0,0,-0.5798044451302394,1,1,-0.8266062607722404,-0.5874223568598589,-0.4203750404986759,0,0
1.3062226732745732,0.9300551722334441,1.899788358566476,1,1,0,1,-1.1054528933763157,1,1,1.1362462432876954,1.3625273754550251,1.4919687463864795,1,1
-0.37343707347763005,-0.4241475902250075,-0.4189190913564617,0,0,0,0,1.2400757229865809,1,0,-0.33589313475725646,-0.5874223568598589,-0.7470089427841696,0,0
-0.39205127982225696,-0.4241475902250075,-0.5616087805824888,0,0,0,0,1.258544452249281,1,0,-0.8266062607722404,-0.5874223568598589,-0.4064163267257916,0,0
0.38984951809149193,2.5099583951016378,1.5073917131949022,1,1,0,1,-1.0969288644858386,0,1,0.6455331172727115,2.0125106195599867,1.5394283732142864,1,1
-0.4401434183934427,-0.4241475902250075,-0.3475742467434483,0,0,0,0,0.87496315217782,1,0,-0.5812496977647484,-0.5874223568598589,-0.7246750007475548,0,0
-0.38456313992277313,-0.6498480506347494,-1.061022692873583,0,0,0,0,0.0026708623856827587,1,0,-0.8266062607722404,-0.5874223568598589,-0.6632566601468636,0,0
-0.4414031045620978,-0.19844712981526558,-0.27622940213043484,0,0,0,0,0.9431553833016352,1,0,-0.8266062607722404,-0.5874223568598589,-0.783301598593669,0,0
-0.4313782207279644,-0.4241475902250075,-0.4189190913564617,0,0,0,0,0.9047972532944891,0,0,-0.33589313475725646,-0.5874223568598589,-0.5432117217000583,0,0
-0.23771150758441337,-0.4241475902250075,0.6155811555322337,1,0,0,0,-0.012956523913524911,1,0,-0.5812496977647484,-0.5874223568598589,-0.6800071166743248,0,0
2.1324185907884967,0.02725333059447637,2.07815047009901,0,0,1,1,-1.118238936712031,1,1,1.1362462432876954,2.0125106195599867,1.4221751775220577,1,1
-0.4191723671984782,0.02725333059447637,0.25885693246716635,1,0,0,0,1.4815898748834269,1,0,-0.5812496977647484,-0.5874223568598589,-0.6437144608648254,0,0
-0.4414362774428929,-0.4241475902250075,-0.7042984698085157,1,1,1,0,-1.1082942363398078,1,1,0.1548199912577275,2.0125106195599867,1.3216724383572906,1,1
-0.41090790337269434,-0.6498480506347494,0.04482239862812589,0,0,0,0,-0.13939628578893243,1,0,-0.5812496977647484,-0.5874223568598589,-0.4762098955902133,0,0
-0.4333510256890969,-0.4241475902250075,-0.6686260475020089,0,0,0,0,1.2656478096580117,1,0,-0.5812496977647484,-0.5874223568598589,-0.8754291094947056,0,0
-0.43702075109090294,-0.4241475902250075,-0.4189190913564617,0,0,0,0,0.30243254503412076,1,0,-0.5812496977647484,-0.5874223568598589,-0.7888850841028227,0,0
-0.4043964005643119,-0.4241475902250075,-0.3832466690499551,0,0,0,0,1.3466260841175424,1,0,-0.5812496977647484,-0.5874223568598589,-0.5180860369088663,0,0
-0.4361942752649392,-0.4241475902250075,-0.3475742467434483,0,0,0,0,0.950258740710366,1,0,-0.33589313475725646,-0.5874223568598589,-0.7777181130845152,0,0
-0.44113526790029334,-0.4241475902250075,0.009149976321619119,0,0,0,0,-0.2786220910000553,1,0,-0.8266062607722404,-0.5874223568598589,-0.5878796057732881,0,0
-0.4344311072072931,-0.6498480506347494,-0.026522445984887653,0,0,0,0,-0.7659124092389853,1,0,-0.5812496977647484,-0.5874223568598589,-0.6269640043373643,0,0
-0.41751087696480776,-0.4241475902250075,-0.525936358275982,0,0,0,0,0.25270904317300547,1,0,-0.33589313475725646,-0.5874223568598589,-0.5850878630187113,0,0
0.4974857999545113,2.284257934691896,1.9711332031794895,1,0,1,0,-1.0869841641136155,1,1,1.3816028062951873,0.06256088724510249,1.5785127717783627,1,1
-0.4371499094078449,-0.4241475902250075,-0.8113157367280359,0,0,0,0,0.9261073255206814,1,0,-0.8266062607722404,-0.5874223568598589,-0.654881431883133,0,0
-0.4331001680461609,-0.4241475902250075,-0.8469881590345426,0,0,0,0,0.3464733609682515,1,0,-0.8266062607722404,-0.5874223568598589,-0.7302584862567084,0,0
-0.21610055348180332,-0.19844712981526558,0.33020177708017967,1,0,1,0,1.8879019186628263,1,0,-0.5812496977647484,-0.5874223568598589,-0.5599621782275194,0,0
0.9550387558939417,0.47865425141396023,1.9711332031794895,0,1,1,0,-1.116818265230285,0,1,0.6455331172727115,0.7125441313500638,1.5757210290237855,1,1
-0.4108763008057831,-0.4241475902250075,-0.06219486829139442,0,0,0,0,-0.6479966762540548,1,0,-0.8266062607722404,-0.5874223568598589,-0.5348364934363277,0,0
-0.01703961585818848,0.47865425141396023,1.5073917131949022,1,1,1,1,-1.1026115504128233,0,1,1.1362462432876954,0.7125441313500638,1.7906852211262048,0,1
-0.3930510790431443,-0.4241475902250075,-1.061022692873583,0,0,0,0,0.6519177295436741,1,0,-0.33589313475725646,-0.5874223568598589,-0.8195942544031682,0,0
-0.4409455543542076,-0.6498480506347494,-0.8826605813410494,1,1,1,0,-1.1040322218945695,0,1,0.6455331172727115,0.7125441313500638,1.6064301993241312,1,1
-0.360330546791171,-0.4241475902250075,0.7939432670647675,1,0,0,0,0.5993528847190664,1,0,-0.5812496977647484,-0.5874223568598589,-0.8084272833848608,0,0
-0.2573465160981233,-0.19844712981526558,0.11616724324113924,1,0,0,0,-0.4689920695540396,1,0,-0.5812496977647484,-0.5874223568598589,-0.7581759138024772,0,0
-0.4374325659069276,-0.19844712981526558,-0.6686260475020089,0,0,0,0,-0.800008524800893,1,1,-0.5812496977647484,-0.5874223568598589,-0.49016860936309764,0,0
2.5162377527482884,3.6384606971503475,2.3278574262445573,1,1,0,0,-1.126762965602508,0,0,1.8723159323101712,1.3625273754550251,1.5840962572875161,1,1
1.6621297022391825,0.2529537910042183,1.5787365578079158,1,0,0,0,-1.1111355793033002,0,1,2.853742184340139,2.6624938636649476,1.3440063803939055,1,1
-0.038484901846058364,0.7043547118237021,1.6144089801144224,1,1,1,0,-1.1253422941207618,1,0,1.3816028062951873,2.6624938636649476,1.5813045145329394,1,1
3.944952507854802,0.9300551722334441,2.0424780477925033,0,0,0,1,-1.0940875215223465,1,1,1.3816028062951873,2.6624938636649476,1.5394283732142864,1,1
-0.06691435512133233,0.02725333059447637,-0.13353971290440778,1,1,1,0,-0.15928568653337855,1,0,-0.5812496977647484,-0.5874223568598589,-0.5850878630187113,0,0
-0.42055581373009976,-0.6498480506347494,-0.5616087805824888,0,0,0,0,0.08506980832695957,1,0,-0.8266062607722404,-0.5874223568598589,-0.7777181130845152,0,0
-0.1720075136495492,-0.19844712981526558,0.5085638886127135,1,0,0,0,2.194766958719995,1,0,-0.5812496977647484,-0.5874223568598589,-0.7135080297292472,0,0
-0.4323525023482401,-0.4241475902250075,-0.7756433144215291,0,0,0,0,0.8664391232873431,1,0,-0.8266062607722404,-0.5874223568598589,-0.7107162869746704,0,0
-0.43716198119582655,-0.19844712981526558,-0.5616087805824888,0,0,0,0,0.33226664615079,1,0,-0.5812496977647484,-0.5874223568598589,-0.7358419717658622,0,0
-0.3943569913267535,-0.4241475902250075,-0.27622940213043484,1,0,0,0,-0.3638623799048244,1,0,-0.5812496977647484,-0.5874223568598589,-0.783301598593669,0,0
-0.43284401059386723,-0.19844712981526558,-0.8469881590345426,0,0,0,0,-0.25020866136513226,1,0,-0.8266062607722404,-0.5874223568598589,-0.6995493159563628,0,0
-0.4277612971305008,-0.4241475902250075,-0.7042984698085157,0,0,0,0,0.81955696438972,1,0,-0.5812496977647484,-0.5874223568598589,-0.7525924282933234,0,0
-0.4416210837580918,-0.4241475902250075,-0.6686260475020089,0,0,0,0,-0.2772014195183091,1,1,-0.33589313475725646,-0.5874223568598589,-0.88938782326759,0,0
-0.42384935081211966,-0.19844712981526558,-0.13353971290440778,0,0,0,0,0.34079067504126687,1,1,-0.8266062607722404,-0.5874223568598589,-0.6688401456560173,0,0
-0.42818302455291696,0.02725333059447637,0.9366329562907942,1,0,0,0,-0.21895388876671693,1,0,-0.5812496977647484,-0.5874223568598589,-0.5292530079271739,0,0
-0.41923292242762206,-0.4241475902250075,-0.49026393596947526,0,0,0,0,1.0085062714619581,1,0,-0.33589313475725646,-0.5874223568598589,-0.4790016383447902,0,0
2.550744124464605,1.60715655346267,2.0424780477925033,1,1,0,0,-1.1296043085660001,0,1,2.117672495317663,1.3625273754550251,1.4026329782400195,1,1
3.1594359640790026,2.058557474282154,1.543064135501409,1,1,0,0,-1.1054528933763157,0,1,1.3816028062951873,1.3625273754550251,1.5478036014780168,1,1
-0.4331650416384851,-0.19844712981526558,-0.49026393596947526,0,0,0,0,0.44165835024524364,1,0,-0.33589313475725646,-0.5874223568598589,-0.6911740876926322,0,0
2.7150125988112,3.1870597763308637,2.07815047009901,0,1,1,0,-1.0884048355953617,0,0,2.3630290583251554,0.06256088724510249,1.6818072536977065,1,1
1.718504755824287,2.9613593159211216,1.899788358566476,1,1,1,1,-1.1082942363398078,0,0,1.3816028062951873,1.3625273754550251,1.5533870869871707,1,1
-0.4416816389872355,-0.6498480506347494,-0.8826605813410494,1,1,1,0,-1.128183637084254,0,1,1.8723159323101712,1.3625273754550251,1.3747155506942508,1,1
-0.3963775927167239,-0.4241475902250075,0.009149976321619119,0,0,0,0,0.9587827696008429,0,0,-0.5812496977647484,-0.5874223568598589,-0.4985438376268283,0,0
2.2274722419345374,2.284257934691896,2.07815047009901,1,0,0,0,-1.128183637084254,0,1,0.8908896802802034,2.6624938636649476,1.4082164637491734,1,1
-0.4269652461360356,-0.19844712981526558,-0.6329536251955021,0,0,0,0,0.9047972532944891,1,0,-0.5812496977647484,-0.5874223568598589,-0.8391364536852063,0,0
-0.30159423184793105,0.02725333059447637,-0.3475742467434483,0,0,0,0,0.529739982113505,1,0,-0.5812496977647484,-0.5874223568598589,-0.6492979463739792,0,0
-0.4280928296492166,-0.4241475902250075,-0.49026393596947526,0,0,0,0,-0.7218715933048546,1,0,-0.33589313475725646,-0.5874223568598589,-0.398041098462061,0,0
-0.41757663385869154,-0.6498480506347494,-0.525936358275982,0,0,0,0,-0.0072738379865403035,1,0,-0.33589313475725646,-0.5874223568598589,-0.6269640043373643,0,0
-0.4204136021789987,-0.4241475902250075,-0.525936358275982,0,0,0,0,-0.677830777370724,1,0,-0.33589313475725646,-0.5874223568598589,-0.42316678325325285,0,0
-0.4418288559138411,-0.4241475902250075,-0.6686260475020089,1,1,1,0,-1.1125562507850464,0,1,1.8723159323101712,2.0125106195599867,1.2435036412291383,1,1
-0.4061004855620804,-0.19844712981526558,-0.9540054259540629,0,0,0,0,0.9744101559000505,1,0,-0.33589313475725646,-0.5874223568598589,-0.590671348527865,0,0
-0.3878966218642121,-0.19844712981526558,-0.31190182443694153,0,0,0,0,0.42887230690952827,1,0,-0.5812496977647484,-0.5874223568598589,-0.6911740876926322,0,0
-0.036038352815109156,0.47865425141396023,2.399202270857571,0,0,0,0,-1.081301478186631,0,1,2.853742184340139,1.3625273754550251,1.6231806558515924,0,1
-0.10248039427535592,-0.4241475902250075,0.6155811555322337,1,0,1,0,2.0001349657207723,1,0,-0.5812496977647484,-0.5874223568598589,-0.526461265172597,0,0
-0.40815151178354925,-0.19844712981526558,-0.20488455751742132,0,0,0,0,1.389246228569927,1,0,-0.5812496977647484,-0.5874223568598589,-0.847511681948937,0,0
1.2165270312446517,2.9613593159211216,1.5073917131949022,1,1,0,1,-1.1324456515294925,0,1,2.3630290583251554,0.06256088724510249,1.3384228948847516,1,1
-0.4335458427553049,-0.19844712981526558,-0.525936358275982,0,0,0,0,0.154682710932521,1,0,-0.8266062607722404,-0.5874223568598589,-0.4845851238539439,0,0
-0.4311979290651814,-0.19844712981526558,-0.4189190913564617,0,0,0,0,-0.7431816655310469,1,0,-0.5812496977647484,-0.5874223568598589,-0.5348364934363277,0,0
2.575005866547675,0.47865425141396023,1.4003744462753818,1,1,1,1,-1.1210802796755233,0,1,1.6269593693026794,0.06256088724510249,1.3830907789579818,1,1
-0.4294537029187585,-0.4241475902250075,0.7582708447582607,0,0,0,0,2.1919256157565026,1,0,-0.5812496977647484,-0.5874223568598589,-0.6074218050553262,0,0
-0.4416816389872355,-0.4241475902250075,-0.7399708921150225,1,0,1,0,-1.1310249800477463,0,1,0.4001765542652195,1.3625273754550251,1.2797962970386376,1,1
-0.4370295841064993,-0.6498480506347494,-0.8469881590345426,1,1,1,1,-1.116818265230285,0,1,0.4001765542652195,1.3625273754550251,1.5226779166868252,1,1
-0.4414362774428929,-0.6498480506347494,-0.8826605813410494,1,0,1,0,-1.1310249800477463,0,1,1.1362462432876954,0.7125441313500638,1.3495898659030592,1,1
1.7212252264833403,1.60715655346267,2.18516773701853,1,1,1,0,-1.0770394637413925,0,1,0.6455331172727115,2.0125106195599867,1.3691320651850973,0,1
-0.41898687387095523,-0.4241475902250075,-1.0253502705670765,0,0,0,0,-0.9321309726032851,1,0,-0.33589313475725646,-0.5874223568598589,-0.8530951674580907,0,0
-0.4416816389872355,-0.6498480506347494,-1.0253502705670765,1,1,1,1,-1.1310249800477463,1,1,0.1548199912577275,1.3625273754550251,1.2490871267382917,1,1
-0.35097000387449967,-0.4241475902250075,0.722598422451754,1,0,1,0,0.05949772165552883,1,0,-0.5812496977647484,-0.5874223568598589,-0.6353392326010948,0,0
-0.43439076976940316,-0.19844712981526558,-0.27622940213043484,0,0,0,0,0.6021942276825588,1,0,-0.8266062607722404,-0.5874223568598589,-0.7442172000295928,0,0
-0.4247461963290009,-0.6498480506347494,-0.8113157367280359,0,0,0,0,0.8508117369881354,1,0,-0.8266062607722404,-0.5874223568598589,-0.4790016383447902,0,0
-0.40258141214850063,0.02725333059447637,0.9009605339842874,1,0,0,0,2.0768512257350644,1,0,-0.5812496977647484,-0.5874223568598589,-0.5515869499637888,0,0
-0.4416816389872355,-0.6498480506347494,-1.061022692873583,1,1,1,1,-1.1210802796755233,0,1,0.6455331172727115,2.0125106195599867,1.3914660072217122,1,1
-0.4032476178136998,-0.4241475902250075,-0.7756433144215291,0,0,0,0,1.6549117956564574,0,0,-0.33589313475725646,-0.5874223568598589,-0.5767126347549807,0,0
-0.42739001604160154,0.02725333059447637,0.009149976321619119,1,0,0,0,-0.3070355206349783,1,0,-0.5812496977647484,-0.5874223568598589,-0.6018383195461724,0,0
-0.2942391760500987,-0.19844712981526558,0.7582708447582607,1,0,1,0,1.5810368786056574,1,0,-0.5812496977647484,-0.5874223568598589,-0.7525924282933234,0,0
-0.4277054528430084,-0.19844712981526558,-0.49026393596947526,0,0,0,0,0.2811224728079285,1,0,-0.33589313475725646,-0.5874223568598589,-0.40083284121663787,0,0
-0.41982964170346326,-0.4241475902250075,-0.20488455751742132,1,0,0,0,2.0328104098009336,1,0,-0.5812496977647484,-0.5874223568598589,-0.8307612254214757,1,0
-0.4418288559138411,-0.6498480506347494,-1.0253502705670765,1,1,0,0,-1.126762965602508,0,1,1.8723159323101712,1.3625273754550251,1.3216724383572906,1,1
-0.4283158142207152,-0.19844712981526558,-0.20488455751742132,0,0,0,0,0.6803311591785971,1,0,-0.8266062607722404,-0.5874223568598589,-0.5990465767915957,0,0
-0.44049713159576703,-0.4241475902250075,-0.6686260475020089,0,0,0,0,0.7613094336381278,1,1,-0.8266062607722404,-0.5874223568598589,-0.6883823449380554,0,0
1.7692430695788992,0.02725333059447637,2.3278574262445573,0,0,0,0,-1.0855634926318696,0,1,1.8723159323101712,2.6624938636649476,1.6985577102251679,1,1
0.11133472187728753,2.5099583951016378,2.2565125816315437,1,0,1,0,-1.1026115504128233,0,1,0.6455331172727115,2.6624938636649476,1.7264751377709366,0,1
1.9982413543847,2.058557474282154,2.2921850039380507,1,0,0,1,-1.1082942363398078,0,1,0.8908896802802034,2.0125106195599867,1.804643934899089,1,1
3.9421098471466665,2.9613593159211216,2.0068056254859963,0,0,0,1,-1.1225009511572694,0,1,2.6083856213326473,1.3625273754550251,1.3998412354854428,1,1
-0.4097219238119598,-0.4241475902250075,-0.20488455751742132,0,0,0,0,0.14615868204204407,1,0,-0.33589313475725646,-0.5874223568598589,-0.7107162869746704,0,0
-0.3279524411104823,-0.19844712981526558,0.5442363109192201,1,0,1,0,-0.5485496725318241,1,0,-0.5812496977647484,-0.5874223568598589,-0.7581759138024772,0,0
-0.3940803216493527,-0.6498480506347494,-1.0253502705670765,0,0,0,0,0.5752014695293819,1,0,-0.8266062607722404,-0.5874223568598589,-0.7693428848207846,0,0
-0.41857505905493053,-0.19844712981526558,-0.7042984698085157,0,0,0,0,0.04955302128330577,1,0,-0.33589313475725646,-0.5874223568598589,-0.8112190261394376,0,0
-0.2327303738004048,-0.4241475902250075,0.009149976321619119,1,0,1,0,2.1933462872382488,1,0,-0.5812496977647484,-0.5874223568598589,-0.632547489846518,0,0
-0.424470704387013,-0.6498480506347494,0.08049482093463266,0,0,0,0,-0.26441537618259375,1,0,-0.5812496977647484,-0.5874223568598589,-0.4985438376268283,0,0
-0.4021159122265738,-0.4241475902250075,-0.4189190913564617,0,0,0,0,1.1079532751841887,1,0,-0.5812496977647484,-0.5874223568598589,-0.8363447109306296,0,0
1.3891500661761125,0.7043547118237021,2.399202270857571,1,0,1,0,-1.0727774492961542,0,0,1.6269593693026794,2.6624938636649476,1.7516008225621282,1,1
-0.04264966869973012,-0.4241475902250075,0.18751208785415277,1,0,0,0,-0.5442876580865856,1,0,-0.5812496977647484,-0.5874223568598589,-0.6353392326010948,0,0
-0.440334407819559,-0.4241475902250075,-0.9896778482605697,0,0,0,0,1.0695951451770427,0,0,-0.8266062607722404,-0.5874223568598589,-0.44550072528986784,0,0
-0.4347512549503514,-0.4241475902250075,-0.5616087805824888,0,0,0,0,1.1519940911183195,1,0,-0.5812496977647484,-0.5874223568598589,-0.825177739912322,0,0
-0.4211072883371642,-0.19844712981526558,0.08049482093463266,0,0,0,0,0.09643518018092878,1,0,-0.33589313475725646,-0.5874223568598589,-0.7944685696119764,0,0
-0.3647947528735585,-0.19844712981526558,0.11616724324113924,1,0,0,0,1.0354990296151352,1,0,-0.5812496977647484,-0.5874223568598589,-0.7302584862567084,0,0
-0.4418288559138411,-0.6498480506347494,-1.061022692873583,1,1,1,1,-1.1296043085660001,0,1,1.3816028062951873,2.0125106195599867,1.6455145978882073,1,1
-0.43387766970787384,-0.4241475902250075,-0.026522445984887653,0,0,0,0,-0.36812439435006283,1,0,-0.5812496977647484,-0.5874223568598589,-0.4371254970261372,0,0
-0.4416816389872355,-0.6498480506347494,-0.7042984698085157,1,1,1,0,-1.119659608193777,0,1,1.6269593693026794,0.7125441313500638,1.5729292862692088,1,1
-0.43607924977295137,-0.19844712981526558,-1.0966951151800899,0,0,0,0,1.6009262793501036,1,0,-0.5812496977647484,-0.5874223568598589,-0.56833740649125,0,0
-0.42507291976144757,-0.6498480506347494,-0.8826605813410494,0,0,0,0,0.0026708623856827587,1,0,-0.33589313475725646,-0.5874223568598589,-0.7749263703299383,0,0
1.9471240061163873,0.47865425141396023,1.5787365578079158,0,1,1,0,-1.0798808067048848,0,1,0.6455331172727115,2.6624938636649476,1.6622650544156687,1,1
3.1658846543320336,0.02725333059447637,2.220840159325037,0,1,1,1,-1.1296043085660001,1,1,1.1362462432876954,2.6624938636649476,1.6734320254339758,1,1
-0.437078950849221,-0.19844712981526558,-0.8826605813410494,0,0,0,0,0.697379216959551,1,0,-0.33589313475725646,-0.5874223568598589,-0.49575209487225136,0,0
-0.4375346363093741,-0.4241475902250075,-1.0253502705670765,0,0,0,0,0.20582688427538245,1,0,-0.8266062607722404,-0.5874223568598589,-0.5236695224180201,0,0
-0.43123139637982977,-0.19844712981526558,-0.0978672905979012,0,0,0,0,-0.04989398243892486,1,0,-0.33589313475725646,-0.5874223568598589,-0.5599621782275194,0,0
-0.4409455543542076,-0.6498480506347494,-0.6686260475020089,1,1,0,1,-1.1054528933763157,0,1,0.1548199912577275,2.0125106195599867,1.2351284129654074,1,1
-0.4332983220293721,-0.6498480506347494,-0.4545915136629685,0,0,0,0,1.603767622313596,1,0,-0.8266062607722404,-0.5874223568598589,-0.8865960805130131,0,0
-0.37301583677830263,-0.19844712981526558,1.0079778009038078,1,0,0,0,-0.4704127410357858,1,0,-0.5812496977647484,-0.5874223568598589,-0.6381309753556718,0,0
-0.4414210650271436,-0.19844712981526558,-0.6329536251955021,0,0,0,0,-0.5158742284516626,0,0,-0.33589313475725646,-0.5874223568598589,-0.5711291492458269,0,0
-0.3138877285210564,-0.4241475902250075,0.04482239862812589,1,0,1,0,-0.26157403321910144,1,0,-0.5812496977647484,-0.5874223568598589,-0.6576731746377098,0,0
1.8065783617568685,0.47865425141396023,2.3278574262445573,0,1,0,1,-1.091246178558854,0,0,0.4001765542652195,2.0125106195599867,1.692974224716014,1,1
-0.4361706224120646,-0.19844712981526558,0.009149976321619119,0,0,0,0,-0.71618890737787,1,1,-0.5812496977647484,-0.5874223568598589,-0.462251181817329,0,0
-0.4188001046634017,-0.6498480506347494,-0.9896778482605697,0,0,0,0,0.6732278017698664,0,0,-0.8266062607722404,-0.5874223568598589,-0.8530951674580907,0,0
-0.3308992332580373,-0.19844712981526558,0.08049482093463266,1,0,0,0,0.44449969320873595,1,0,-0.5812496977647484,-0.5874223568598589,-0.8223859971577452,0,0
-0.43853031345631655,-0.4241475902250075,-0.7399708921150225,0,0,0,0,-0.40932386732070125,1,0,-0.8266062607722404,-0.5874223568598589,-0.7693428848207846,0,0
-0.3833636164047909,-0.19844712981526558,-0.8469881590345426,0,0,0,0,1.2116622933516579,1,1,-0.5812496977647484,-0.5874223568598589,-0.8391364536852063,0,0
-0.4358980748086088,-0.4241475902250075,0.009149976321619119,0,0,0,0,1.0838018599945043,1,0,-0.33589313475725646,-0.5874223568598589,-0.7107162869746704,0,0
-0.3843017808057394,-0.4241475902250075,-0.3832466690499551,0,0,0,0,0.5226366247047743,1,0,-0.33589313475725646,-0.5874223568598589,-0.7916768268573996,0,0
-0.43083754202885094,-0.6498480506347494,-0.7399708921150225,0,0,0,0,0.3905141769023822,1,0,-0.8266062607722404,-0.5874223568598589,-0.42316678325325285,0,0
2.348161169088878,2.5099583951016378,1.935460780872983,0,1,1,0,-1.0969288644858386,0,1,0.8908896802802034,2.0125106195599867,1.6231806558515924,1,1
-0.4370295841064993,-0.6498480506347494,-0.7042984698085157,1,1,1,1,-1.128183637084254,0,1,1.8723159323101712,2.0125106195599867,1.45567609057698,1,1
-0.4343307052633481,-0.4241475902250075,-0.4545915136629685,0,0,0,0,0.6760691447333587,1,0,-0.8266062607722404,-0.5874223568598589,-0.6855906021834786,0,0
-0.42560368585416947,-0.4241475902250075,-0.8826605813410494,0,0,0,0,1.5327340482262883,1,0,-0.33589313475725646,-0.5874223568598589,-0.5180860369088663,0,0
-0.4401831669636262,-0.4241475902250075,-1.0966951151800899,0,0,0,0,0.5268986391500128,1,0,-0.33589313475725646,-0.5874223568598589,-0.6576731746377098,0,0
-0.4245714989094289,-0.19844712981526558,-0.7042984698085157,0,0,0,0,1.464541817102473,1,0,-0.8266062607722404,-0.5874223568598589,-0.6520896891285561,0,0
-0.3732160517984862,-0.6498480506347494,-0.7756433144215291,0,0,0,0,0.9644654555278275,1,0,-0.33589313475725646,-0.5874223568598589,-0.6939658304472092,0,0
-0.4414362774428929,-0.6498480506347494,-0.9540054259540629,1,1,1,0,-1.109714907821554,0,1,0.4001765542652195,1.3625273754550251,1.2797962970386376,1,1
1.996419888424118,1.60715655346267,1.8641159362599693,0,1,0,1,-1.1111355793033002,0,0,1.8723159323101712,1.3625273754550251,1.5617623152509013,1,1
-0.4403545274661951,-0.4241475902250075,-0.2405569798239281,0,0,0,0,0.8692804662508353,1,0,-0.33589313475725646,-0.5874223568598589,-0.5432117217000583,0,0
-0.4380623599189463,-0.6498480506347494,-0.9540054259540629,0,0,0,0,-0.1933818020952862,1,0,-0.8266062607722404,-0.5874223568598589,-0.6381309753556718,0,0
-0.2978893706729751,-0.4241475902250075,-0.20488455751742132,1,0,0,0,2.1038439838882415,1,0,-0.5812496977647484,-0.5874223568598589,-0.5292530079271739,0,0
-0.0653361896681205,2.73565885551138,2.3278574262445573,1,0,0,0,-1.071356777814408,0,1,0.8908896802802034,0.7125441313500638,1.799060449389935,1,1
-0.41560687138070895,-0.4241475902250075,-0.8469881590345426,0,0,0,0,1.4901139037739037,1,0,-0.8266062607722404,-0.5874223568598589,-0.39524935570748415,0,0
-0.4260550529511422,-0.6498480506347494,-0.7042984698085157,0,0,0,0,-0.9065588859318544,1,0,-0.8266062607722404,-0.5874223568598589,-0.7860933413482458,0,0
-0.4332163712735616,-0.4241475902250075,-0.525936358275982,0,0,0,0,-0.2743600765548168,1,0,-0.33589313475725646,-0.5874223568598589,-0.8782208522492826,0,0
-0.3759129677492827,-0.19844712981526558,0.151839665547646,1,1,0,0,-0.02858391021273258,1,0,-0.5812496977647484,-0.5874223568598589,-0.5711291492458269,0,0
0.3280076130091986,0.7043547118237021,1.7570986693404496,0,0,1,0,-1.0884048355953617,0,0,2.6083856213326473,2.6624938636649476,1.7041411957343218,1,1
-0.4381469605794356,-0.4241475902250075,-0.8469881590345426,0,0,0,0,0.7314753325214586,1,0,-0.33589313475725646,-0.5874223568598589,-0.6967575732017861,0,0
3.773283144173892,0.9300551722334441,2.2565125816315437,1,1,0,0,-1.1324456515294925,1,0,2.853742184340139,1.3625273754550251,1.3021302390752525,0,1
-0.4416816389872355,-0.6498480506347494,-0.8826605813410494,1,1,1,0,-1.118238936712031,0,1,0.4001765542652195,0.7125441313500638,1.5813045145329394,1,1
-0.32095944080748184,-0.19844712981526558,-0.27622940213043484,0,1,1,0,1.8211303590207573,1,0,-0.5812496977647484,-0.5874223568598589,-0.8112190261394376,0,0
-0.40203513920617623,-0.4241475902250075,-0.026522445984887653,0,0,0,0,0.6391316862079588,1,1,-0.33589313475725646,-0.5874223568598589,-0.8335529681760526,0,0
-0.4280097011579933,-0.4241475902250075,0.08049482093463266,1,0,0,0,0.529739982113505,1,0,-0.5812496977647484,-0.5874223568598589,-0.7553841710479002,0,0
-0.4392632574615768,-0.19844712981526558,-0.31190182443694153,0,0,0,0,1.0369197010968811,1,0,-0.33589313475725646,-0.5874223568598589,-0.654881431883133,0,0
3.8107278676006384,2.058557474282154,1.6500814024209292,0,1,0,1,-1.1082942363398078,0,1,0.8908896802802034,0.7125441313500638,1.4221751775220577,1,1
-0.4310728928221844,-0.6498480506347494,-0.49026393596947526,0,0,0,0,0.632028328799228,1,0,-0.5812496977647484,-0.5874223568598589,-0.5404199789454813,0,0
2.1925983186247957,0.47865425141396023,1.9711332031794895,1,0,1,1,-1.128183637084254,0,0,1.6269593693026794,0.7125441313500638,1.5813045145329394,1,1
-0.41730869905226936,-0.6498480506347494,-0.5972812028889956,0,0,0,0,-0.7843811385016853,1,0,-0.8266062607722404,-0.5874223568598589,-0.42595852600782963,0,0
-0.4290477767797981,-0.19844712981526558,-0.3475742467434483,0,0,0,0,-0.7573883803485084,1,0,-0.5812496977647484,-0.5874223568598589,-0.5292530079271739,0,0
0.38134783872463773,2.058557474282154,1.6144089801144224,1,0,1,1,-1.0699361063326618,0,1,0.4001765542652195,0.06256088724510249,1.6231806558515924,1,1
-0.4416816389872355,-0.6498480506347494,-0.9183330036475561,1,0,1,1,-1.119659608193777,0,1,1.6269593693026794,1.3625273754550251,1.5394283732142864,1,1
-0.4386851856631056,-0.4241475902250075,-0.49026393596947526,0,0,0,0,0.8408670366159123,1,0,-0.5812496977647484,-0.5874223568598589,-0.719091515238401,0,0
-0.4095959061227854,-0.4241475902250075,-0.6686260475020089,0,0,0,0,-0.09677614133654787,1,0,-0.33589313475725646,-0.5874223568598589,-0.5180860369088663,0,0
-0.4142655288900966,-0.4241475902250075,-0.20488455751742132,0,0,0,0,0.5240572961865204,1,0,-0.8266062607722404,-0.5874223568598589,-0.8307612254214757,0,0
2.5225623882044994,0.7043547118237021,2.1138228924055165,1,1,0,1,-1.0884048355953617,1,1,1.8723159323101712,2.0125106195599867,1.3467981231484822,1,1
-0.4089627751937638,-0.6498480506347494,-0.16921213521091455,0,0,0,0,1.4190803296865961,1,0,-0.8266062607722404,-0.5874223568598589,-0.8084272833848608,0,0
-0.4416816389872355,-0.4241475902250075,-0.8826605813410494,1,1,1,0,-1.118238936712031,0,1,1.6269593693026794,1.3625273754550251,1.263045840511176,1,1
-0.4418288559138411,-0.6498480506347494,-0.9540054259540629,1,1,1,0,-1.1296043085660001,0,0,1.3816028062951873,0.7125441313500638,1.3802990362034047,1,1
-0.3474252165710729,-0.4241475902250075,-0.27622940213043484,1,0,1,0,0.3635214187492053,1,0,-0.5812496977647484,-0.5874223568598589,-0.6520896891285561,0,0
-0.4020435796433016,-0.19844712981526558,-0.8113157367280359,0,0,0,0,-0.04989398243892486,1,0,-0.33589313475725646,-0.5874223568598589,-0.504127323135982,0,0
0.8425675757273418,2.058557474282154,2.2565125816315437,0,1,1,1,-1.0798808067048848,0,1,0.6455331172727115,2.6624938636649476,1.692974224716014,1,1
-0.40925838678238774,-0.19844712981526558,-0.31190182443694153,0,0,0,0,-0.8554147125889929,1,0,-0.8266062607722404,-0.5874223568598589,-0.4343337542715603,0,0
-0.4071647657968209,-0.6498480506347494,-0.7042984698085157,0,0,0,0,1.4162389867231038,1,0,-0.5812496977647484,-0.5874223568598589,-0.7553841710479002,0,0
-0.3460492290303994,-0.19844712981526558,0.6869260001452472,1,0,0,0,0.9843548562722736,1,0,-0.5812496977647484,-0.5874223568598589,-0.7944685696119764,0,0
-0.43892770101353384,-0.19844712981526558,0.04482239862812589,0,0,0,0,1.015609628870689,1,0,-0.8266062607722404,-0.5874223568598589,-0.6353392326010948,0,0
-0.4124569198744382,-0.19844712981526558,-0.8469881590345426,0,0,0,0,0.7385786899301894,1,0,-0.8266062607722404,-0.5874223568598589,-0.45387595355359833,0,0
-0.2165139386117118,0.02725333059447637,0.722598422451754,0,1,1,0,0.23566098539205166,1,0,-0.5812496977647484,-0.5874223568598589,-0.5850878630187113,0,0
-0.1507402619982543,-0.4241475902250075,0.9009605339842874,1,0,1,0,1.2741718385484886,1,0,-0.5812496977647484,-0.5874223568598589,-0.6046300623007493,0,0
-0.4208234541026687,-0.6498480506347494,0.08049482093463266,0,0,0,0,1.3196333259643653,1,0,-0.33589313475725646,-0.5874223568598589,-0.4650429245719059,0,0
-0.4083962844601855,-0.19844712981526558,-0.3475742467434483,0,0,0,0,1.3935082430151653,1,0,-0.33589313475725646,-0.5874223568598589,-0.8838043377584363,0,0
-0.42631150483728913,-0.4241475902250075,-1.0253502705670765,0,0,0,0,-0.07404539762860944,1,0,-0.8266062607722404,-0.5874223568598589,-0.56833740649125,0,0
0.11621162607725939,2.058557474282154,1.7927710916469557,1,0,1,0,-1.1210802796755233,0,1,2.6083856213326473,0.06256088724510249,1.6678485399248222,1,1
-0.4298981998924896,-0.4241475902250075,-0.13353971290440778,0,0,0,0,-0.4718334125175319,1,0,-0.5812496977647484,-0.5874223568598589,-0.5655456637366731,0,0
-0.4418288559138411,-0.4241475902250075,-1.061022692873583,1,1,1,1,-1.1310249800477463,0,1,1.6269593693026794,0.7125441313500638,1.3077137245844062,1,1
0.1864555937394041,3.1870597763308637,2.2565125816315437,0,0,1,1,-1.0841428211501234,1,1,2.3630290583251554,1.3625273754550251,1.3021302390752525,0,1
-0.3725187342894644,-0.4241475902250075,-0.3832466690499551,0,0,0,0,0.7740954769738432,1,0,-0.5812496977647484,-0.5874223568598589,-0.5208777796634433,0,0
-0.44156474874751067,-0.19844712981526558,-1.0966951151800899,0,0,0,0,0.24418501428252856,1,0,-0.8266062607722404,-0.5874223568598589,-0.7916768268573996,0,0
-0.4027500246017729,-0.4241475902250075,-0.2405569798239281,1,0,0,0,1.9901902653485493,1,0,-0.5812496977647484,-0.5874223568598589,-0.5292530079271739,0,0
-0.4231707789250857,-0.19844712981526558,-0.9183330036475561,0,0,0,0,1.315371311519127,1,0,-0.8266062607722404,-0.5874223568598589,-0.7888850841028227,0,0
-0.4360868069085172,-0.6498480506347494,-0.9540054259540629,0,0,0,0,0.49706453803334355,1,0,-0.5812496977647484,-0.5874223568598589,-0.8279694826668988,0,0
-0.38638117082173423,-0.19844712981526558,-0.4189190913564617,0,0,0,0,0.35357671837698224,1,0,-0.5812496977647484,-0.5874223568598589,-0.7525924282933234,0,0
2.2629755666778273,0.9300551722334441,2.0424780477925033,0,1,1,1,-1.1068735648580619,0,1,1.3816028062951873,0.06256088724510249,1.6399311123790534,1,1
3.0675910530652573,3.4127602367406054,1.9711332031794895,0,0,1,0,-1.1210802796755233,0,0,1.6269593693026794,2.0125106195599867,1.503135717404787,1,1
-0.4222362458749935,-0.4241475902250075,-0.7399708921150225,0,0,0,0,0.107800552034898,1,0,-0.5812496977647484,-0.5874223568598589,-0.49575209487225136,0,0
-0.424988024667105,-0.6498480506347494,-0.7756433144215291,0,0,0,0,0.3280046317055515,1,0,-0.5812496977647484,-0.5874223568598589,-0.6046300623007493,0,0
-0.3209641517491333,-0.4241475902250075,-0.0978672905979012,1,0,1,0,0.14047599611505948,1,0,-0.5812496977647484,-0.5874223568598589,-0.6632566601468636,0,0
2.5535014974999277,1.60715655346267,1.5787365578079158,0,1,0,1,-1.126762965602508,0,1,0.4001765542652195,0.06256088724510249,1.550595344232594,0,1
0.8529313529265212,0.7043547118237021,1.8641159362599693,1,1,0,1,-1.0827221496683772,0,1,0.8908896802802034,2.0125106195599867,1.3384228948847516,1,1
-0.42618960922205973,0.02725333059447637,0.6869260001452472,1,0,0,0,1.1718834918627656,1,0,-0.5812496977647484,-0.5874223568598589,-0.7274667435021316,0,0
-0.4413830830600794,-0.19844712981526558,0.009149976321619119,0,0,0,0,-0.6678860769985009,1,0,-0.5812496977647484,-0.5874223568598589,-0.7442172000295928,0,0
-0.4327797258692495,-0.19844712981526558,0.08049482093463266,0,0,0,0,-0.4320546110286397,1,0,-0.5812496977647484,-0.5874223568598589,-0.5376282361909044,0,0
-0.4351894706685473,-0.6498480506347494,-0.49026393596947526,0,0,0,0,-0.20616784543100156,1,0,-0.33589313475725646,-0.5874223568598589,-0.7805098558390922,0,0
-0.42797574312025627,-0.4241475902250075,-0.31190182443694153,0,0,0,0,0.17315144019522097,1,0,-0.8266062607722404,-0.5874223568598589,-0.45108421079902156,0,0
-0.438979521371699,-0.19844712981526558,-0.4189190913564617,0,0,0,0,-0.7929051673921622,1,0,-0.5812496977647484,-0.5874223568598589,-0.6157970333190568,0,0
0.9507315811999334,0.2529537910042183,1.685753824727436,1,0,1,0,-1.1239216226390156,1,1,2.853742184340139,2.6624938636649476,1.5478036014780168,1,1
2.443351241253574,1.832857013872412,2.2921850039380507,1,0,1,1,-1.126762965602508,1,1,2.3630290583251554,0.7125441313500638,1.4500926050678264,1,1
-0.434189278869189,-0.19844712981526558,-0.13353971290440778,0,0,0,0,-0.6551000336627855,1,0,-0.8266062607722404,-0.5874223568598589,-0.5320447506817507,0,0
-0.24942212337279834,-0.19844712981526558,-0.4189190913564617,0,0,0,0,2.157829500194595,1,0,-0.5812496977647484,-0.5874223568598589,-0.6157970333190568,0,0
-0.4418288559138411,-0.4241475902250075,-1.061022692873583,1,1,1,1,-1.109714907821554,0,1,0.6455331172727115,0.7125441313500638,1.7348503660346672,1,1
3.67987243392877,0.7043547118237021,2.3278574262445573,0,1,1,0,-1.0727774492961542,0,1,1.3816028062951873,1.3625273754550251,1.6483063406427843,1,1
-0.410512773141685,-0.4241475902250075,0.43721904399969996,0,0,0,0,-0.36812439435006283,1,0,-0.5812496977647484,-0.5874223568598589,-0.6409227181102487,0,0
-0.43600681904506144,-0.6498480506347494,-0.8469881590345426,0,0,0,0,0.8664391232873431,1,0,-0.8266062607722404,-0.5874223568598589,-0.4119998122349453,0,0
-0.4389315286536256,-0.6498480506347494,-0.3832466690499551,0,0,0,0,0.26833642947221314,1,0,-0.5812496977647484,-0.5874223568598589,-0.4706264100810596,0,0
2.3820948669606996,0.02725333059447637,2.399202270857571,1,1,0,0,-1.0855634926318696,0,1,1.6269593693026794,1.3625273754550251,1.7097246812434752,1,1
2.2841570399332203,3.1870597763308637,1.9711332031794895,1,1,1,1,-1.109714907821554,0,1,0.8908896802802034,2.0125106195599867,1.5561788297417474,1,1
-0.43704087073753906,-0.4241475902250075,-0.7756433144215291,0,0,0,0,-0.05273532540241716,1,0,-0.8266062607722404,-0.5874223568598589,-0.4650429245719059,0,0
-0.17587411715453583,0.02725333059447637,-0.3832466690499551,1,0,0,0,1.090905217403235,1,0,-0.5812496977647484,-0.5874223568598589,-0.783301598593669,0,0
2.934767034650819,0.47865425141396023,2.07815047009901,1,1,1,0,-1.1026115504128233,0,1,2.6083856213326473,1.3625273754550251,1.787893478371628,1,1
2.4332984843480028,0.7043547118237021,1.543064135501409,1,1,0,0,-1.0841428211501234,0,1,1.1362462432876954,1.3625273754550251,1.799060449389935,1,1
-0.14627114868497998,2.284257934691896,1.4360468685818886,1,1,1,1,-1.116818265230285,0,1,1.8723159323101712,0.7125441313500638,1.4947604891410566,1,1
-0.42455147740741056,-0.6498480506347494,-1.0253502705670765,0,0,0,0,-0.8369459833262929,1,0,-0.5812496977647484,-0.5874223568598589,-0.4092080694803685,0,0
-0.32107456444408744,0.02725333059447637,0.25885693246716635,0,0,0,0,-0.10814151319051708,1,0,-0.5812496977647484,-0.5874223568598589,-0.5990465767915957,0,0
-0.44154050702692965,-0.6498480506347494,-0.3832466690499551,0,0,0,0,-0.0030118235413018482,1,0,-0.5812496977647484,-0.5874223568598589,-0.4734181528356365,0,0
-0.4119863164323891,-0.6498480506347494,0.11616724324113924,0,0,0,0,-0.9378136585302697,1,0,-0.8266062607722404,-0.5874223568598589,-0.6688401456560173,0,0
-0.43791710588469546,-0.19844712981526558,-0.7756433144215291,0,0,0,0,-0.28572544840878605,1,0,-0.33589313475725646,-0.5874223568598589,-0.48737686660852086,0,0
-0.42905494133689287,-0.19844712981526558,-0.13353971290440778,0,0,0,0,-0.7644917377572392,1,0,-0.8266062607722404,-0.5874223568598589,-0.5543786927183657,0,0
-0.440499388921975,-0.6498480506347494,-0.13353971290440778,0,0,0,0,-0.8738834418516929,1,0,-0.8266062607722404,-0.5874223568598589,-0.6213805188282105,0,0
0.6581922135449575,2.058557474282154,2.0424780477925033,1,1,0,1,-1.1324456515294925,0,1,2.6083856213326473,2.6624938636649476,1.3384228948847516,1,1
-0.4344459270445714,-0.4241475902250075,-0.7756433144215291,0,0,0,0,-0.7943258388739084,1,0,-0.5812496977647484,-0.5874223568598589,-0.4203750404986759,0,0
-0.39464720496140193,0.02725333059447637,0.9723053785973009,1,1,0,0,1.9191566912612417,1,0,-0.5812496977647484,-0.5874223568598589,-0.802843797875707,0,0
2.611739335929681,1.832857013872412,2.399202270857571,1,0,1,1,-1.0798808067048848,0,1,2.6083856213326473,2.6624938636649476,1.6231806558515924,1,1
-0.4120623785111353,-0.19844712981526558,-0.3832466690499551,0,0,0,0,1.0795398455492657,1,0,-0.33589313475725646,-0.5874223568598589,-0.7414254572750159,0,0
-0.2896400211183227,0.02725333059447637,-0.13353971290440778,1,0,0,0,1.802661629758057,1,0,-0.5812496977647484,-0.5874223568598589,-0.5460034644546351,0,0
-0.07674452003387537,0.02725333059447637,0.7939432670647675,0,0,0,0,-0.03284592465797104,1,0,-0.5812496977647484,-0.5874223568598589,-0.7525924282933234,0,0
-0.30906028920842404,-0.19844712981526558,0.722598422451754,1,0,0,0,0.5510500543396973,1,0,-0.5812496977647484,-0.5874223568598589,-0.7525924282933234,0,0
-0.4376184518129216,-0.6498480506347494,-0.31190182443694153,0,0,0,0,-0.03284592465797104,1,0,-0.8266062607722404,-0.5874223568598589,-0.783301598593669,0,0
-0.43052603101215353,-0.6498480506347494,0.009149976321619119,0,0,0,0,-0.6991408495969162,1,0,-0.33589313475725646,-0.5874223568598589,-0.5739208920004037,0,0
-0.43638320365408306,-0.6498480506347494,-0.4189190913564617,0,0,0,0,-0.047052639475432555,1,0,-0.8266062607722404,-0.5874223568598589,-0.504127323135982,0,0
1.1371110564765083,0.47865425141396023,1.7927710916469557,1,0,1,0,-1.0827221496683772,0,1,1.1362462432876954,2.6624938636649476,1.5338448877051325,1,1
-0.4260244318304082,-0.19844712981526558,-0.2405569798239281,0,0,0,0,1.277013181511981,1,0,-0.33589313475725646,-0.5874223568598589,-0.4929603521176746,0,0
-0.37562069307766166,-0.4241475902250075,0.33020177708017967,1,0,0,0,1.9916109368302954,1,0,-0.5812496977647484,-0.5874223568598589,-0.6492979463739792,0,0
-0.436559765821392,-0.19844712981526558,-0.16921213521091455,0,0,0,0,-0.3283455928611706,1,1,-0.8266062607722404,-0.5874223568598589,-0.8642621384763982,0,0
3.473176041334448,2.058557474282154,1.935460780872983,1,0,1,1,-1.1068735648580619,0,0,2.6083856213326473,2.6624938636649476,1.5366366304597097,1,1
-0.42796916743086794,-0.6498480506347494,-0.8469881590345426,0,0,0,0,0.18309614056744403,1,0,-0.5812496977647484,-0.5874223568598589,-0.783301598593669,0,0
-0.4418288559138411,-0.6498480506347494,-1.061022692873583,1,1,1,1,-1.1054528933763157,0,1,0.6455331172727115,2.0125106195599867,1.4110082065037504,1,1
-0.44063796912221975,-0.6498480506347494,-0.2405569798239281,0,0,0,0,-0.687775477742947,1,0,-0.33589313475725646,-0.5874223568598589,-0.4985438376268283,0,0
-0.44155728975656267,-0.6498480506347494,-0.9540054259540629,0,0,0,0,-0.3652830513865705,1,0,-0.8266062607722404,-0.5874223568598589,-0.7386337145204391,0,0
-0.35412339044239116,-0.4241475902250075,-0.7399708921150225,0,0,0,0,-0.8483113551802621,1,0,-0.8266062607722404,-0.5874223568598589,-0.5013355803814052,0,0
-0.4014315498070934,-0.4241475902250075,0.8296156893712743,1,0,0,0,-0.4903021417802319,1,0,-0.5812496977647484,-0.5874223568598589,-0.5795043775095574,0,0
-0.43268825508551856,-0.6498480506347494,-0.27622940213043484,0,0,0,0,0.1717307687134748,1,0,-0.33589313475725646,-0.5874223568598589,-0.6632566601468636,0,0
-0.43371141272542735,-0.6498480506347494,0.08049482093463266,0,0,0,0,0.5808841554563665,1,0,-0.8266062607722404,-0.5874223568598589,-0.8112190261394376,0,0
0.8240619173299322,2.9613593159211216,2.07815047009901,1,1,1,0,-1.0798808067048848,0,0,1.1362462432876954,0.7125441313500638,1.628764141360746,1,1
-0.3995909456460527,-0.19844712981526558,-0.16921213521091455,1,0,0,0,0.5467880398944589,1,0,-0.5812496977647484,-0.5874223568598589,-0.7749263703299383,0,0
-0.4409455543542076,-0.4241475902250075,-1.0253502705670765,1,1,1,1,-1.118238936712031,0,0,0.6455331172727115,2.0125106195599867,1.5729292862692088,1,1
1.3786227800437831,0.7043547118237021,1.5787365578079158,1,0,1,0,-1.1082942363398078,0,1,2.6083856213326473,2.6624938636649476,1.3021302390752525,1,1
0.5214698909140033,2.284257934691896,1.4717192908883954,1,0,1,0,-1.1068735648580619,0,1,0.6455331172727115,2.0125106195599867,1.6790155109431297,1,1
-0.4409455543542076,-0.4241475902250075,-0.7399708921150225,1,1,1,1,-1.1310249800477463,0,1,1.3816028062951873,2.0125106195599867,1.5338448877051325,1,1
-0.4405901726933818,-0.4241475902250075,-0.525936358275982,0,0,0,0,-0.8014291962826391,1,0,-0.8266062607722404,-0.5874223568598589,-0.7860933413482458,0,0
0.18663431508830325,3.1870597763308637,2.220840159325037,1,1,1,1,-1.0869841641136155,0,1,0.6455331172727115,1.3625273754550251,1.7934769638807815,1,1
-0.4128847322631541,-0.19844712981526558,-0.49026393596947526,0,0,0,0,0.8309223362436893,1,0,-0.5812496977647484,-0.5874223568598589,-0.5850878630187113,0,0
-0.4399349592253692,-0.4241475902250075,-0.2405569798239281,0,0,0,0,1.410556300796119,1,0,-0.5812496977647484,-0.5874223568598589,-0.49016860936309764,0,0
-0.4333604475723996,-0.19844712981526558,-0.16921213521091455,0,0,0,0,1.5355753911897807,1,0,-0.5812496977647484,-0.5874223568598589,-0.7693428848207846,0,0
-0.42303749853419875,-0.6498480506347494,-0.49026393596947526,0,0,0,0,1.6108709797223266,1,0,-0.33589313475725646,-0.5874223568598589,-0.4985438376268283,0,0
-0.44055680352335114,-0.6498480506347494,-0.9896778482605697,0,0,0,0,0.02682227757536734,1,0,-0.5812496977647484,-0.5874223568598589,-0.39524935570748415,0,0
3.9343911655401183,2.73565885551138,2.18516773701853,1,1,1,1,-1.1139769222667926,0,1,0.4001765542652195,0.06256088724510249,1.4975522318956334,1,1
-0.37469931140634627,-0.6498480506347494,0.08049482093463266,0,0,0,0,1.613712322685819,1,0,-0.33589313475725646,-0.5874223568598589,-0.6576731746377098,0,0
-0.4232647033242601,-0.19844712981526558,0.11616724324113924,0,0,0,0,-0.6551000336627855,1,0,-0.5812496977647484,-0.5874223568598589,-0.8726373667401287,0,0
-0.4144418947681701,-0.4241475902250075,-0.9183330036475561,0,0,0,0,0.4601270795079436,1,0,-0.5812496977647484,-0.5874223568598589,-0.5543786927183657,0,0
-0.3055766460018474,0.02725333059447637,1.0079778009038078,1,0,1,0,-0.5542323584588087,1,0,-0.5812496977647484,-0.5874223568598589,-0.5711291492458269,0,0
-0.42850582220065414,-0.6498480506347494,-1.061022692873583,0,0,0,0,-0.33686962175164753,1,0,-0.33589313475725646,-0.5874223568598589,-0.6772153739197478,0,0
-0.43232610144606887,-0.4241475902250075,-0.6329536251955021,0,0,0,0,0.9815135133087813,1,0,-0.8266062607722404,-0.5874223568598589,-0.8782208522492826,0,0
-0.033773960194679896,3.1870597763308637,2.1138228924055165,1,0,1,1,-1.1210802796755233,0,1,2.853742184340139,2.0125106195599867,1.3663403224305204,1,1
3.5998901647162835,1.155755632643186,2.1138228924055165,1,1,1,1,-1.1026115504128233,0,1,1.3816028062951873,1.3625273754550251,1.413799949258327,1,1
-0.3873085393147317,-0.19844712981526558,-0.4189190913564617,0,0,0,0,-0.8213185970270853,1,0,-0.33589313475725646,-0.5874223568598589,-0.4929603521176746,0,0
-0.4418288559138411,-0.4241475902250075,-0.8469881590345426,1,0,1,1,-1.1054528933763157,0,1,1.1362462432876954,0.7125441313500638,1.436133891294942,1,1
-0.41515795789917964,-0.6498480506347494,-0.27622940213043484,0,0,0,0,-0.6522586906992932,0,0,-0.8266062607722404,-0.5874223568598589,-0.5571704354729425,0,0
-0.4384956684062553,-0.19844712981526558,-0.6686260475020089,0,0,0,0,-0.7872224814651776,1,0,-0.8266062607722404,-0.5874223568598589,-0.5767126347549807,0,0
-0.35043766746789395,-0.19844712981526558,0.9009605339842874,1,0,1,0,-0.15360300060639392,1,0,-0.5812496977647484,-0.5874223568598589,-0.8056355406302839,0,0
-0.4216700495752685,0.02725333059447637,0.8652881116777811,1,0,0,0,1.3849842141246884,1,0,-0.5812496977647484,-0.5874223568598589,-0.7581759138024772,1,0
-0.42046395036789785,-0.4241475902250075,-0.525936358275982,0,0,0,0,0.960203441082589,1,0,-0.8266062607722404,-0.5874223568598589,-0.4427089825352909,0,0
3.1162368254250974,1.60715655346267,2.399202270857571,0,1,0,0,-1.118238936712031,0,0,2.3630290583251554,2.6624938636649476,1.5729292862692088,1,1
-0.4213445038782347,-0.6498480506347494,-0.49026393596947526,0,0,0,0,-0.4107445388024474,1,0,-0.5812496977647484,-0.5874223568598589,-0.48179338109936704,0,0
-0.4352869282739602,-0.19844712981526558,0.009149976321619119,0,0,0,0,-0.8667800844429622,1,1,-0.8266062607722404,-0.5874223568598589,-0.7805098558390922,0,0
3.7613078323514704,0.02725333059447637,1.4360468685818886,1,0,1,1,-1.1153975937485388,0,1,0.4001765542652195,0.7125441313500638,1.3077137245844062,1,1
-0.42419766606046855,-0.19844712981526558,0.08049482093463266,0,0,0,0,1.017030300352435,1,0,-0.33589313475725646,-0.5874223568598589,-0.4706264100810596,0,0
-0.43354790379227737,-0.19844712981526558,-0.7399708921150225,0,0,0,0,0.772674805492097,1,0,-0.33589313475725646,-0.5874223568598589,-0.6800071166743248,0,0
-0.41908835540569533,0.02725333059447637,0.5442363109192201,0,0,0,0,1.5455200915620038,1,0,-0.5812496977647484,-0.5874223568598589,-0.6967575732017861,0,0
-0.4265649142402862,-0.6498480506347494,-0.49026393596947526,0,0,0,0,1.3381020552270655,1,0,-0.5812496977647484,-0.5874223568598589,-0.8279694826668988,0,0
-0.428375584292917,-0.4241475902250075,0.04482239862812589,0,0,0,0,1.129263347410381,0,0,-0.8266062607722404,-0.5874223568598589,-0.7470089427841696,0,0
-0.43689345752169795,-0.4241475902250075,-0.0978672905979012,0,0,0,0,1.3935082430151653,1,0,-0.5812496977647484,-0.5874223568598589,-0.40083284121663787,0,0
-0.4177503498320861,-0.19844712981526558,-0.16921213521091455,0,0,0,0,1.0326576866516428,1,0,-0.33589313475725646,-0.5874223568598589,-0.8140107688940146,0,0
-0.4325444732205338,-0.4241475902250075,-0.8469881590345426,0,0,0,0,-0.39511715250323975,1,0,-0.33589313475725646,-0.5874223568598589,-0.5655456637366731,0,0
-0.4416816389872355,-0.4241475902250075,-0.7399708921150225,1,1,1,1,-1.116818265230285,0,1,1.1362462432876954,2.0125106195599867,1.4110082065037504,1,1
1.501199224486443,1.381456093052928,2.18516773701853,1,1,0,1,-1.0798808067048848,0,1,2.853742184340139,0.06256088724510249,1.3244641811118674,0,1
-0.26264269410506785,-0.4241475902250075,0.22318451016065954,1,0,0,0,-0.39795849546673207,1,0,-0.5812496977647484,-0.5874223568598589,-0.7805098558390922,0,0
-0.4409455543542076,-0.4241475902250075,-0.7399708921150225,1,1,0,1,-1.1296043085660001,1,1,0.6455331172727115,1.3625273754550251,1.4975522318956334,1,1
-0.41279718726413256,-0.6498480506347494,-0.5616087805824888,0,0,0,0,0.7215306321492355,1,0,-0.5812496977647484,-0.5874223568598589,-0.6130052905644799,0,0
-0.4378172928084569,-0.6498480506347494,-0.27622940213043484,0,0,0,0,-0.37664842324053976,1,1,-0.8266062607722404,-0.5874223568598589,-0.6772153739197478,0,0
-0.42482412315548407,-0.19844712981526558,-0.27622940213043484,0,0,0,0,-0.4846194558532473,1,0,-0.8266062607722404,-0.5874223568598589,-0.7386337145204391,0,0
-0.4158746098978956,-0.4241475902250075,-0.31190182443694153,0,0,0,0,0.6902758595508202,1,0,-0.5812496977647484,-0.5874223568598589,-0.7498006855387466,0,0
-0.4370295841064993,-0.6498480506347494,-0.8469881590345426,1,0,1,1,-1.1054528933763157,0,1,0.8908896802802034,2.0125106195599867,1.6901824819614375,0,1
-0.4417737967832906,-0.4241475902250075,-0.8469881590345426,0,0,0,0,0.09501450869918263,1,0,-0.5812496977647484,-0.5874223568598589,-0.398041098462061,0,0
-0.4304649850599211,-0.4241475902250075,-0.16921213521091455,0,0,0,0,0.2939085161436439,1,0,-0.33589313475725646,-0.5874223568598589,-0.5125025513997127,0,0
-0.4261966756345368,-0.19844712981526558,-0.20488455751742132,0,0,0,0,-0.528660271787378,1,0,-0.8266062607722404,-0.5874223568598589,-0.6911740876926322,0,0
-0.4370295841064993,-0.6498480506347494,-1.061022692873583,1,1,1,1,-1.1296043085660001,0,1,0.1548199912577275,1.3625273754550251,1.4640513188407107,1,1
-0.4418288559138411,-0.6498480506347494,-0.8113157367280359,1,1,1,0,-1.1253422941207618,0,1,1.6269593693026794,1.3625273754550251,1.4305504057857883,1,1
-0.2886082267520531,-0.4241475902250075,0.5085638886127135,1,0,1,0,0.04244966387457501,1,0,-0.5812496977647484,-0.5874223568598589,-0.7414254572750159,0,0
-0.43421607234983123,-0.6498480506347494,-0.4545915136629685,0,0,0,0,0.21150957020236708,1,0,-0.33589313475725646,-0.5874223568598589,-0.6911740876926322,0,0
-0.4352063515427981,-0.19844712981526558,-0.6329536251955021,0,0,0,0,0.06660107906425959,1,0,-0.5812496977647484,-0.5874223568598589,-0.7218832579929778,0,0
-0.4409362306155226,-0.4241475902250075,-1.061022692873583,0,0,0,0,1.5824575500874036,1,0,-0.8266062607722404,-0.5874223568598589,-0.8112190261394376,0,0
-0.4166061798785076,-0.4241475902250075,-0.20488455751742132,0,0,0,0,-0.5414463151230934,1,0,-0.8266062607722404,-0.5874223568598589,-0.39245761295290726,0,0
-0.3546306018268563,-0.4241475902250075,0.7939432670647675,1,0,0,0,-0.07688674059210174,1,0,-0.5812496977647484,-0.5874223568598589,-0.5376282361909044,0,0
3.1781216197053417,0.9300551722334441,1.5073917131949022,1,1,0,0,-1.116818265230285,0,1,2.6083856213326473,2.6624938636649476,1.3049219818298292,1,1
-0.41517297402569336,-0.19844712981526558,-0.9183330036475561,0,0,0,0,1.6051882937953421,1,0,-0.5812496977647484,-0.5874223568598589,-0.7944685696119764,0,0
-0.4418288559138411,-0.6498480506347494,-1.0966951151800899,1,1,1,0,-1.1225009511572694,0,1,0.6455331172727115,1.3625273754550251,1.6203889130970157,1,1
-0.3895141433091364,-0.19844712981526558,-0.3475742467434483,0,0,0,0,0.7513647332659047,1,0,-0.8266062607722404,-0.5874223568598589,-0.783301598593669,0,0
0.011765535013782902,0.7043547118237021,1.899788358566476,1,1,0,0,-1.0855634926318696,0,1,1.6269593693026794,0.06256088724510249,1.4333421485403652,0,1
-0.4265803229452709,-0.19844712981526558,-0.9183330036475561,0,0,0,0,1.6961112686270958,1,0,-0.5812496977647484,-0.5874223568598589,-0.632547489846518,0,0
1.0333238102319007,3.4127602367406054,1.7570986693404496,1,0,0,0,-1.1125562507850464,1,1,2.6083856213326473,2.6624938636649476,1.3272559238664443,1,1
-0.4409455543542076,-0.4241475902250075,-1.061022692873583,1,1,1,1,-1.1310249800477463,0,1,0.4001765542652195,2.0125106195599867,1.3802990362034047,1,1
0.4701966889927242,1.832857013872412,2.2565125816315437,1,0,0,0,-1.0869841641136155,1,1,1.1362462432876954,0.06256088724510249,1.6343476268699,1,1
-0.43503077082166647,-0.6498480506347494,-0.7042984698085157,0,0,0,0,0.9985615710897351,1,0,-0.33589313475725646,-0.5874223568598589,-0.8419281964397832,0,0
-0.40740001844553664,-0.6498480506347494,-0.7042984698085157,0,0,0,0,-0.5897491455024625,1,0,-0.33589313475725646,-0.5874223568598589,-0.6437144608648254,0,0
-0.4416816389872355,-0.6498480506347494,-0.6686260475020089,1,1,0,1,-1.119659608193777,0,1,0.4001765542652195,0.7125441313500638,1.676223768188553,1,1
-0.43183655609279636,-0.19844712981526558,-0.9183330036475561,0,0,0,0,0.2626537435452285,1,0,-0.8266062607722404,-0.5874223568598589,-0.7972603123665533,0,0
-0.4349809133558561,-0.4241475902250075,0.04482239862812589,0,0,0,0,-0.3169802210072014,1,0,-0.5812496977647484,-0.5874223568598589,-0.6688401456560173,0,0
-0.43442266677016766,-0.4241475902250075,-0.13353971290440778,0,0,0,0,1.3764601852342115,1,0,-0.33589313475725646,-0.5874223568598589,-0.4845851238539439,0,0
-0.4418288559138411,-0.6498480506347494,-0.7399708921150225,1,1,1,1,-1.126762965602508,0,1,0.1548199912577275,2.0125106195599867,1.508719202913941,1,1
-0.4296087714147831,-0.6498480506347494,-0.3832466690499551,0,0,0,0,0.32374261726031306,1,0,-0.8266062607722404,-0.5874223568598589,-0.867053881230975,0,0
1.4943556984362563,1.60715655346267,1.5787365578079158,1,0,0,0,-1.1225009511572694,0,0,2.6083856213326473,0.06256088724510249,1.6483063406427843,1,1
2.9830006977607813,1.155755632643186,1.543064135501409,0,1,0,0,-1.0940875215223465,0,1,1.3816028062951873,0.7125441313500638,1.3830907789579818,1,1
-0.4416816389872355,-0.6498480506347494,-0.5972812028889956,1,1,1,0,-1.1082942363398078,0,0,1.6269593693026794,2.0125106195599867,1.6845989964522836,1,1
-0.41252081202058505,-0.4241475902250075,-0.0978672905979012,0,0,0,0,0.6561797439889125,1,0,-0.8266062607722404,-0.5874223568598589,-0.4343337542715603,0,0
-0.4268754438108062,-0.19844712981526558,-0.7399708921150225,0,0,0,0,-0.11808621356274014,1,0,-0.8266062607722404,-0.5874223568598589,-0.7079245442200935,0,0
-0.4418288559138411,-0.4241475902250075,-0.6329536251955021,1,1,1,1,-1.128183637084254,0,1,1.6269593693026794,2.0125106195599867,1.3830907789579818,1,1
2.2899727955464644,0.2529537910042183,1.7214262470339428,1,1,1,0,-1.1310249800477463,0,1,2.117672495317663,2.0125106195599867,1.5533870869871707,1,1
3.832482407278998,2.9613593159211216,1.5073917131949022,1,0,0,0,-1.0926668500406003,0,1,2.853742184340139,2.0125106195599867,1.5198861739322482,1,1
-0.4418288559138411,-0.6498480506347494,-0.8826605813410494,1,1,1,0,-1.1040322218945695,0,0,1.6269593693026794,2.0125106195599867,1.5143026884230943,1,1
-0.43557292169004597,-0.6498480506347494,-0.3475742467434483,0,0,0,0,-0.6891961492246932,1,0,-0.8266062607722404,-0.5874223568598589,-0.6465062036194024,0,0
-0.43715098899864,-0.6498480506347494,-0.7399708921150225,0,0,0,0,0.7002205599230433,1,0,-0.8266062607722404,-0.5874223568598589,-0.5990465767915957,0,0
-0.4126906022092702,-0.6498480506347494,-0.8113157367280359,0,0,0,0,0.3692041046761899,1,0,-0.33589313475725646,-0.5874223568598589,-0.6185887760736337,0,0
-0.35181296799624323,-0.4241475902250075,-0.0978672905979012,1,0,0,0,2.2814279191065103,1,0,-0.5812496977647484,-0.5874223568598589,-0.6409227181102487,0,0
-0.35574042116422677,-0.4241475902250075,0.7582708447582607,1,1,0,0,0.5112712528508051,1,0,-0.5812496977647484,-0.5874223568598589,-0.5348364934363277,0,0
-0.41318505479342943,-0.6498480506347494,-0.8826605813410494,0,0,0,0,1.5526234489707345,1,0,-0.33589313475725646,-0.5874223568598589,-0.5097108086451357,0,0
-0.4418288559138411,-0.6498480506347494,-0.5972812028889956,1,1,1,0,-1.1225009511572694,0,1,0.8908896802802034,1.3625273754550251,1.3328394093755978,1,1
-0.3857606024037829,-0.4241475902250075,-0.026522445984887653,0,0,0,0,0.5652567691571588,0,0,-0.8266062607722404,-0.5874223568598589,-0.7330502290112852,0,0
-0.4409455543542076,-0.6498480506347494,-1.0966951151800899,1,1,1,1,-1.1111355793033002,0,1,0.4001765542652195,0.7125441313500638,1.352381608657636,1,1
-0.42083307227520694,-0.4241475902250075,0.009149976321619119,0,0,0,0,1.6051882937953421,1,0,-0.5812496977647484,-0.5874223568598589,-0.7162997724838241,0,0
1.9703281417987228,2.9613593159211216,2.07815047009901,1,1,0,0,-1.1239216226390156,0,1,0.6455331172727115,0.06256088724510249,1.5198861739322482,1,1
-0.26453776852895255,0.02725333059447637,0.9723053785973009,1,1,0,0,1.8978466190350494,1,0,-0.5812496977647484,-0.5874223568598589,-0.590671348527865,0,0
-0.434420311299342,-0.4241475902250075,-0.4545915136629685,0,0,0,0,1.687587239736619,1,0,-0.33589313475725646,-0.5874223568598589,-0.4985438376268283,0,0
-0.42819519448551635,-0.4241475902250075,-0.6686260475020089,0,0,0,0,-0.8596767270342314,1,0,-0.8266062607722404,-0.5874223568598589,-0.5069190658905589,0,0
0.6274911049475417,1.60715655346267,2.2921850039380507,1,1,1,0,-1.0955081930040926,1,0,0.8908896802802034,0.06256088724510249,1.6678485399248222,1,1
2.569219848753605,2.73565885551138,1.7570986693404496,0,1,1,0,-1.0798808067048848,0,1,2.853742184340139,2.6624938636649476,1.6818072536977065,0,1
2.981339109382493,1.155755632643186,1.7927710916469557,1,1,0,0,-1.0727774492961542,0,1,0.4001765542652195,2.6624938636649476,1.335631152130175,1,1
-0.40332142256623804,-0.6498480506347494,-0.27622940213043484,0,0,0,0,-0.16212702949687086,1,0,-0.8266062607722404,-0.5874223568598589,-0.7721346275753616,0,0
-0.42506114240731907,-0.6498480506347494,-0.13353971290440778,0,0,0,0,0.14757935352379023,1,0,-0.8266062607722404,-0.5874223568598589,-0.7274667435021316,0,0
-0.42601039715007183,-0.4241475902250075,-0.9183330036475561,0,0,0,0,1.2628064666945193,0,0,-0.8266062607722404,-0.5874223568598589,-0.7023410587109398,0,0
-0.2848901160537027,0.02725333059447637,0.08049482093463266,1,1,1,0,-0.5698597447580164,1,0,-0.5812496977647484,-0.5874223568598589,-0.7553841710479002,0,0
0.04979892985771599,-0.4241475902250075,0.18751208785415277,1,0,0,0,1.5512027774889883,1,0,-0.5812496977647484,-0.5874223568598589,-0.6688401456560173,0,0
-0.30908698454444855,-0.19844712981526558,-0.16921213521091455,1,0,0,0,0.7527854047476509,1,0,-0.5812496977647484,-0.5874223568598589,-0.5739208920004037,0,0
-0.4322239328990045,-0.4241475902250075,-0.8469881590345426,0,0,0,0,0.9715688129365583,1,0,-0.8266062607722404,-0.5874223568598589,-0.8698456239855519,0,0
-0.43132757810521205,-0.4241475902250075,-0.9896778482605697,0,0,0,0,0.17315144019522097,1,0,-0.33589313475725646,-0.5874223568598589,-0.8810125950038594,0,0
1.1451963082303045,3.6384606971503475,1.8641159362599693,1,1,0,1,-1.1153975937485388,0,1,0.6455331172727115,0.7125441313500638,1.3049219818298292,0,1
-0.4349335095054891,-0.19844712981526558,-1.061022692873583,0,0,0,0,-0.04421129651194025,1,0,-0.33589313475725646,-0.5874223568598589,-0.8084272833848608,0,0
-0.4418288559138411,-0.6498480506347494,-0.7399708921150225,1,1,1,0,-1.1125562507850464,0,1,0.1548199912577275,1.3625273754550251,1.3495898659030592,1,1
-0.33495466700754994,0.02725333059447637,0.151839665547646,1,0,0,0,0.7385786899301894,1,0,-0.5812496977647484,-0.5874223568598589,-0.6772153739197478,0,0
-0.4370295841064993,-0.6498480506347494,-0.8469881590345426,1,1,1,0,-1.1253422941207618,0,1,0.4001765542652195,1.3625273754550251,1.5366366304597097,1,1
-0.440092186902984,-0.19844712981526558,-0.06219486829139442,0,0,0,0,-0.791484495910416,1,0,-0.5812496977647484,-0.5874223568598589,-0.49575209487225136,0,0
-0.39219476725338853,0.02725333059447637,-0.3475742467434483,1,0,0,0,1.8410197597652034,1,0,-0.5812496977647484,-0.5874223568598589,-0.783301598593669,0,0
-0.43707463248604056,-0.6498480506347494,-0.9540054259540629,0,0,0,0,1.2230276652056271,1,0,-0.5812496977647484,-0.5874223568598589,-0.7637593993116308,0,0
-0.4279069437432226,-0.19844712981526558,-1.061022692873583,0,0,0,0,1.3977702574604038,0,0,-0.8266062607722404,-0.5874223568598589,-0.8838043377584363,0,0
0.4096144700790858,0.7043547118237021,1.364702023968875,0,0,1,0,-1.1026115504128233,0,1,0.6455331172727115,0.06256088724510249,1.3188806956027135,1,1
-0.41156714077003415,-0.19844712981526558,-0.6329536251955021,0,0,0,0,-0.21895388876671693,1,0,-0.33589313475725646,-0.5874223568598589,-0.4566676963081753,0,0
-0.382525265080081,-0.19844712981526558,-1.0253502705670765,0,0,0,0,-0.42353058213816275,1,0,-0.5812496977647484,-0.5874223568598589,-0.5292530079271739,0,0
-0.43701790489698855,-0.4241475902250075,-0.7756433144215291,0,0,0,0,0.9488380692286198,1,0,-0.5812496977647484,-0.5874223568598589,-0.45945943906275216,0,0
-0.41903045008123047,-0.4241475902250075,-0.7042984698085157,0,0,0,0,0.3464733609682515,1,0,-0.33589313475725646,-0.5874223568598589,-0.7107162869746704,0,0
-0.4227694655831589,-0.6498480506347494,-0.3475742467434483,0,0,0,0,0.23566098539205166,1,0,-0.8266062607722404,-0.5874223568598589,-0.7414254572750159,0,0
-0.41800542769358473,-0.19844712981526558,0.33020177708017967,1,0,0,0,0.7513647332659047,1,0,-0.5812496977647484,-0.5874223568598589,-0.5767126347549807,0,0
-0.43695303130466434,-0.19844712981526558,-0.49026393596947526,0,0,0,0,-0.005853166504794152,1,0,-0.8266062607722404,-0.5874223568598589,-0.6967575732017861,0,0
2.2096057012878316,3.6384606971503475,1.4003744462753818,1,1,0,0,-1.1310249800477463,0,1,1.3816028062951873,2.6624938636649476,1.5701375435146316,0,1
1.9346289203984302,1.60715655346267,2.220840159325037,0,1,0,0,-1.1026115504128233,0,1,1.3816028062951873,2.6624938636649476,1.5785127717783627,1,1
-0.433975029168669,-0.6498480506347494,-0.49026393596947526,0,0,0,0,0.9076385962579814,1,0,-0.33589313475725646,-0.5874223568598589,-0.38687412744375355,0,0
-0.3594371363359106,0.02725333059447637,1.0079778009038078,1,0,0,0,0.7385786899301894,1,0,-0.5812496977647484,-0.5874223568598589,-0.7860933413482458,0,0
-0.1198578802918783,0.02725333059447637,2.0068056254859963,0,1,1,0,-1.1068735648580619,0,1,1.6269593693026794,2.6624938636649476,1.4752182898590185,1,1
-0.3511446031494539,-0.19844712981526558,0.8296156893712743,1,0,0,0,-0.5698597447580164,1,0,-0.5812496977647484,-0.5874223568598589,-0.8307612254214757,0,0
-0.42123212829092577,-0.19844712981526558,-0.9183330036475561,0,0,0,0,-0.16212702949687086,1,0,-0.33589313475725646,-0.5874223568598589,-0.5627539209820963,0,0
-0.3436011096855664,0.02725333059447637,0.9366329562907942,1,0,1,0,0.5794634839746203,1,0,-0.5812496977647484,-0.5874223568598589,-0.7274667435021316,0,0
-0.4370295841064993,-0.4241475902250075,-0.7042984698085157,1,1,1,1,-1.1068735648580619,0,1,1.8723159323101712,2.0125106195599867,1.4165916920129038,1,1
-0.4301752621483613,-0.6498480506347494,-0.06219486829139442,0,0,0,0,1.519948004890573,1,0,-0.5812496977647484,-0.5874223568598589,-0.8614703957218213,0,0
-0.43240304682637465,-0.6498480506347494,-0.9540054259540629,0,0,0,0,1.0312370151698966,1,1,-0.8266062607722404,-0.5874223568598589,-0.5795043775095574,0,0
0.7415108108927966,0.2529537910042183,1.5787365578079158,0,1,0,0,-1.1054528933763157,0,1,1.1362462432876954,0.06256088724510249,1.3105054673389829,1,1
-0.4113224662380157,-0.4241475902250075,-0.3475742467434483,1,0,0,0,2.1322574135231642,1,0,-0.5812496977647484,-0.5874223568598589,-0.6800071166743248,0,0
0.5936116810493293,2.73565885551138,2.399202270857571,1,1,1,0,-1.1153975937485388,0,1,2.6083856213326473,0.7125441313500638,1.804643934899089,1,1
1.8212280162680072,2.058557474282154,1.8284435139534625,1,0,1,0,-1.1068735648580619,0,1,1.3816028062951873,0.7125441313500638,1.3105054673389829,1,1
-0.39829838103045573,-0.6498480506347494,-1.0966951151800899,0,0,0,0,0.9829341847905275,1,0,-0.5812496977647484,-0.5874223568598589,-0.6437144608648254,0,0
1.9229162435730727,3.6384606971503475,2.2565125816315437,0,1,0,0,-1.126762965602508,0,0,2.117672495317663,2.0125106195599867,1.7013494529797446,1,1
-0.43119174595426396,-0.4241475902250075,-0.4189190913564617,0,0,0,0,0.2697571009539593,1,1,-0.8266062607722404,-0.5874223568598589,-0.4371254970261372,0,0
-0.42065493979401414,-0.19844712981526558,-0.026522445984887653,0,0,0,0,0.4217689495007975,1,0,-0.5812496977647484,-0.5874223568598589,-0.6074218050553262,0,0
-0.4412184945361343,-0.6498480506347494,0.04482239862812589,0,0,0,0,1.2372343800230887,1,0,-0.5812496977647484,-0.5874223568598589,-0.6437144608648254,0,0
-0.40153705527116074,-0.4241475902250075,-0.6329536251955021,0,0,0,0,-0.20332650246750925,1,0,-0.33589313475725646,-0.5874223568598589,-0.8307612254214757,0,0
3.6005083776634095,0.47865425141396023,2.1494953147120235,0,1,1,0,-1.1225009511572694,0,1,2.853742184340139,2.0125106195599867,1.50034397465021,1,1
-0.4153106709243785,-0.19844712981526558,-0.9540054259540629,0,0,0,0,1.4901139037739037,1,0,-0.5812496977647484,-0.5874223568598589,-0.4762098955902133,0,0
-0.42331809399630904,-0.4241475902250075,-0.9896778482605697,0,0,0,0,-0.3340282787881552,1,0,-0.33589313475725646,-0.5874223568598589,-0.7637593993116308,0,0
-0.31592177572365676,0.02725333059447637,-0.0978672905979012,1,0,0,0,1.1718834918627656,1,0,-0.5812496977647484,-0.5874223568598589,-0.5543786927183657,0,0
-0.1601993421111336,0.02725333059447637,0.8296156893712743,1,0,1,0,0.9587827696008429,1,0,-0.5812496977647484,-0.5874223568598589,-0.6157970333190568,0,0
-0.4405436521445744,-0.6498480506347494,-0.6329536251955021,0,0,0,0,-0.3581796939778398,1,0,-0.8266062607722404,-0.5874223568598589,-0.5990465767915957,0,0
-0.40646018558608665,-0.19844712981526558,-0.20488455751742132,0,0,0,0,-0.9321309726032851,1,0,-0.5812496977647484,-0.5874223568598589,-0.6102135478099031,0,0
-0.4356424080794038,-0.6498480506347494,-0.3832466690499551,0,0,0,0,1.5625681493429575,1,0,-0.33589313475725646,-0.5874223568598589,-0.6967575732017861,0,0
-0.3991712792606091,-0.19844712981526558,-0.7756433144215291,0,0,0,0,-0.04989398243892486,1,0,-0.33589313475725646,-0.5874223568598589,-0.7525924282933234,0,0
-0.18349004134631328,2.9613593159211216,2.1138228924055165,0,1,1,0,-1.116818265230285,1,1,0.4001765542652195,1.3625273754550251,1.4165916920129038,1,1
0.3399612348711004,1.381456093052928,1.935460780872983,1,1,1,0,-1.1225009511572694,0,1,1.3816028062951873,2.0125106195599867,1.5059274601593637,1,1
-0.3961356662340021,-0.19844712981526558,0.08049482093463266,1,0,0,0,-0.322662906934186,1,0,-0.5812496977647484,-0.5874223568598589,-0.783301598593669,0,0
-0.4294830481594619,-0.4241475902250075,-1.0253502705670765,0,0,0,0,1.5043206185913653,1,0,-0.33589313475725646,-0.5874223568598589,-0.5543786927183657,0,0
-0.4411063152380609,-0.4241475902250075,-0.06219486829139442,0,0,0,0,0.1873581550126825,1,0,-0.33589313475725646,-0.5874223568598589,-0.5097108086451357,0,0
-0.21936965255400676,-0.4241475902250075,0.11616724324113924,1,0,0,0,0.2697571009539593,1,0,-0.5812496977647484,-0.5874223568598589,-0.8195942544031682,0,0
-0.4418288559138411,-0.6498480506347494,-0.8826605813410494,1,1,1,0,-1.1139769222667926,0,0,0.8908896802802034,1.3625273754550251,1.6315558841153228,0,1
-0.4206300110611089,-0.6498480506347494,-0.31190182443694153,0,0,0,0,1.6762218678826497,1,0,-0.33589313475725646,-0.5874223568598589,-0.6883823449380554,0,0
3.6350851190706437,2.73565885551138,2.07815047009901,1,1,1,0,-1.071356777814408,0,1,0.8908896802802034,0.06256088724510249,1.3998412354854428,1,1
-0.4359753146227679,-0.19844712981526558,-0.6329536251955021,0,0,0,0,0.2072475557571286,1,0,-0.8266062607722404,-0.5874223568598589,-0.6465062036194024,0,0
-0.43592761633854765,-0.4241475902250075,0.04482239862812589,0,0,0,0,1.2528617663222963,1,0,-0.8266062607722404,-0.5874223568598589,-0.5934630912824418,0,0
-0.40500165842189634,-0.6498480506347494,-1.0966951151800899,0,0,0,0,0.2569710576182439,1,0,-0.33589313475725646,-0.5874223568598589,-0.4147915549895222,0,0
-0.39076587976375476,-0.19844712981526558,-0.3832466690499551,1,1,0,0,1.483010546365173,1,0,-0.5812496977647484,-0.5874223568598589,-0.6353392326010948,0,0
-0.42930246206282574,-0.6498480506347494,-0.7042984698085157,0,0,0,0,1.3594121274532578,1,0,-0.5812496977647484,-0.5874223568598589,-0.8195942544031682,0,0
-0.4303857823534073,-0.4241475902250075,0.04482239862812589,0,0,0,0,1.0198716433159274,1,1,-0.5812496977647484,-0.5874223568598589,-0.5990465767915957,0,0
-0.3606987853969204,-0.19844712981526558,-1.0253502705670765,0,0,0,0,-0.6551000336627855,1,0,-0.8266062607722404,-0.5874223568598589,-0.504127323135982,0,0
-0.4328173152578427,-0.4241475902250075,0.08049482093463266,0,0,0,0,-0.30419417767148604,1,0,-0.33589313475725646,-0.5874223568598589,-0.7693428848207846,0,0
-0.04629132474086344,1.155755632643186,1.4717192908883954,1,1,1,0,-1.118238936712031,0,1,0.4001765542652195,2.0125106195599867,1.7432255942983976,1,1
-0.4409455543542076,-0.6498480506347494,-0.6329536251955021,1,0,1,1,-1.1239216226390156,0,1,1.8723159323101712,2.0125106195599867,1.377507293448828,1,1
-0.4394371697242069,-0.4241475902250075,0.04482239862812589,0,0,0,0,0.8721218092143277,1,0,-0.5812496977647484,-0.5874223568598589,-0.40362458397121476,0,0
-0.43402125528362323,-0.19844712981526558,-0.06219486829139442,0,0,0,0,1.5739335211969268,1,0,-0.5812496977647484,-0.5874223568598589,-0.45387595355359833,0,0
-0.4397347442051856,-0.4241475902250075,-0.7042984698085157,0,0,0,0,-0.6011145173564317,1,0,-0.5812496977647484,-0.5874223568598589,-0.5236695224180201,0,0
-0.4358780533065904,-0.6498480506347494,-0.16921213521091455,0,0,0,0,-0.6479966762540548,1,0,-0.33589313475725646,-0.5874223568598589,-0.6465062036194024,0,0
-0.44031252156980366,-0.6498480506347494,-0.7399708921150225,0,0,0,0,0.9360520258929045,1,0,-0.5812496977647484,-0.5874223568598589,-0.6409227181102487,0,0
-0.4389023797021577,-0.4241475902250075,-1.061022692873583,0,0,0,0,-0.7758571096112085,1,0,-0.33589313475725646,-0.5874223568598589,-0.4678346673264827,0,0
1.6954710973429608,1.155755632643186,1.7927710916469557,1,0,1,1,-1.1125562507850464,0,1,1.1362462432876954,0.06256088724510249,1.6064301993241312,1,1
-0.43303539259845447,-0.19844712981526558,-0.13353971290440778,0,0,0,0,-0.9250276151945543,1,0,-0.8266062607722404,-0.5874223568598589,-0.8810125950038594,0,0
-0.40018472058336185,-0.4241475902250075,-1.061022692873583,0,0,0,0,0.3990382057928591,1,0,-0.33589313475725646,-0.5874223568598589,-0.5404199789454813,0,0
-0.43680758098117806,-0.6498480506347494,-1.061022692873583,0,0,0,0,-0.8483113551802621,1,0,-0.5812496977647484,-0.5874223568598589,-0.5934630912824418,0,0
-0.3756607360816984,-0.19844712981526558,-0.0978672905979012,0,0,0,0,0.913321282184966,1,0,-0.33589313475725646,-0.5874223568598589,-0.802843797875707,0,0
-0.43693752445506195,-0.19844712981526558,-1.061022692873583,0,0,0,0,-0.2516293328468784,1,0,-0.5812496977647484,-0.5874223568598589,-0.5180860369088663,0,0
-0.32820506535653743,-0.4241475902250075,-0.31190182443694153,1,0,0,0,0.9459967262651275,1,0,-0.5812496977647484,-0.5874223568598589,-0.5850878630187113,0,0
-0.4341069355349076,-0.19844712981526558,-0.525936358275982,0,0,0,0,-0.7034028640421547,1,0,-0.8266062607722404,-0.5874223568598589,-0.6827988594289017,0,0
0.9331500525231359,1.832857013872412,2.0068056254859963,1,1,0,0,-1.091246178558854,1,1,1.8723159323101712,0.06256088724510249,1.371923807939674,1,1
-0.3925787089979758,-0.6498480506347494,-1.0253502705670765,0,0,0,0,0.029663620538859643,1,0,-0.5812496977647484,-0.5874223568598589,-0.802843797875707,0,0
-0.2240961010549877,0.02725333059447637,0.5799087332257269,1,0,0,0,2.03423108128268,1,0,-0.5812496977647484,-0.5874223568598589,-0.8307612254214757,0,0
-0.4416816389872355,-0.4241475902250075,-0.7042984698085157,1,1,1,1,-1.1040322218945695,0,1,1.8723159323101712,1.3625273754550251,1.7236833950163595,1,1
-0.3675172845695843,-0.4241475902250075,0.33020177708017967,1,0,0,0,0.2569710576182439,1,0,-0.5812496977647484,-0.5874223568598589,-0.5599621782275194,0,0
-0.43287119665298046,-0.4241475902250075,-1.0253502705670765,0,0,0,0,0.6675451158428818,1,0,-0.5812496977647484,-0.5874223568598589,-0.45945943906275216,0,0
1.0894535022726621,2.284257934691896,2.0424780477925033,1,0,1,0,-1.0770394637413925,0,0,0.4001765542652195,0.06256088724510249,1.3886742644671353,1,1
-0.3615829702581135,-0.4241475902250075,0.7582708447582607,0,0,0,0,0.997140899607989,1,0,-0.5812496977647484,-0.5874223568598589,-0.7860933413482458,0,0
-0.4416816389872355,-0.4241475902250075,-0.6686260475020089,1,1,1,1,-1.109714907821554,0,1,1.8723159323101712,2.0125106195599867,1.7125164239980524,1,1
1.386814126129353,2.058557474282154,1.6500814024209292,0,1,1,1,-1.1239216226390156,0,1,1.6269593693026794,2.0125106195599867,1.6957659674705907,1,1
-0.4414362774428929,-0.4241475902250075,-1.0253502705670765,1,1,1,1,-1.1082942363398078,0,0,0.1548199912577275,0.7125441313500638,1.6231806558515924,1,1
-0.41695145264370653,-0.19844712981526558,-0.026522445984887653,0,0,0,0,-0.9363929870485236,1,0,-0.33589313475725646,-0.5874223568598589,-0.5292530079271739,0,0
-0.1862298464950608,-0.4241475902250075,0.2945293547736731,1,0,0,0,-0.4704127410357858,1,0,-0.5812496977647484,-0.5874223568598589,-0.5627539209820963,0,0
-0.4212785506951154,-0.6498480506347494,-0.5972812028889956,0,0,0,0,0.008353548312667367,1,0,-0.8266062607722404,-0.5874223568598589,-0.7498006855387466,0,0
-0.4409455543542076,-0.6498480506347494,-0.7399708921150225,1,0,1,1,-1.109714907821554,0,1,1.3816028062951873,0.7125441313500638,1.3635485796759437,1,1
3.463248713250345,1.60715655346267,2.0068056254859963,1,1,0,0,-1.128183637084254,0,1,2.853742184340139,0.7125441313500638,1.5645540580054782,1,1
0.1689593527354199,2.5099583951016378,1.6144089801144224,1,1,1,0,-1.0940875215223465,0,1,2.853742184340139,2.0125106195599867,1.54501185872344,1,1
-0.43612940167261505,-0.19844712981526558,-0.8826605813410494,0,0,0,0,0.9474173977468737,1,0,-0.5812496977647484,-0.5874223568598589,-0.6911740876926322,0,0
-0.43240108393401994,-0.19844712981526558,-0.4189190913564617,0,0,0,0,0.12058659537061335,1,0,-0.33589313475725646,-0.5874223568598589,-0.6074218050553262,0,0
-0.42330572777447417,-0.19844712981526558,-0.16921213521091455,0,0,0,0,0.921845311075443,1,0,-0.8266062607722404,-0.5874223568598589,-0.8112190261394376,0,0
-0.4308544229031017,-0.6498480506347494,-0.9896778482605697,0,0,0,0,0.32232194577856693,1,0,-0.8266062607722404,-0.5874223568598589,-0.7721346275753616,0,0
-0.42191874803661417,-0.6498480506347494,-0.20488455751742132,0,0,0,0,-0.09535546985480171,1,0,-0.5812496977647484,-0.5874223568598589,-0.7051328014655166,0,0
-0.13913407208314157,-0.19844712981526558,0.33020177708017967,1,0,0,0,0.47717513728889743,1,0,-0.5812496977647484,-0.5874223568598589,-0.6576731746377098,0,0
-0.43060974837108323,-0.4241475902250075,0.722598422451754,1,0,1,0,1.2542824378040425,1,0,-0.5812496977647484,-0.5874223568598589,-0.5795043775095574,0,0
-0.44077615674399345,-0.19844712981526558,0.04482239862812589,0,0,0,0,0.921845311075443,1,1,-0.5812496977647484,-0.5874223568598589,-0.4147915549895222,0,0
-0.42603885908921557,-0.4241475902250075,-0.5616087805824888,0,0,0,0,0.4018795487563514,1,0,-0.8266062607722404,-0.5874223568598589,-0.6102135478099031,0,0
2.422595028626836,0.47865425141396023,1.543064135501409,1,0,1,0,-1.0741981207779003,0,1,2.853742184340139,2.0125106195599867,1.2993384963206758,1,1
-0.4342030191156722,-0.19844712981526558,-0.8469881590345426,0,0,0,0,-0.5826457880937318,1,0,-0.33589313475725646,-0.5874223568598589,-0.7637593993116308,0,0
2.4549384892574633,0.2529537910042183,1.685753824727436,1,1,1,0,-1.071356777814408,1,1,2.117672495317663,0.7125441313500638,1.7543925653167054,1,1
-0.43361218851689515,-0.6498480506347494,-1.0253502705670765,0,0,0,0,0.25128837169125934,1,0,-0.8266062607722404,-0.5874223568598589,-0.7051328014655166,0,0
-0.2945642310240438,-0.19844712981526558,0.43721904399969996,1,0,0,0,1.7287867127072574,1,0,-0.5812496977647484,-0.5874223568598589,-0.6465062036194024,0,0
-0.41784113360349284,-0.4241475902250075,-0.0978672905979012,0,0,0,0,0.5240572961865204,1,0,-0.5812496977647484,-0.5874223568598589,-0.6046300623007493,0,0
-0.4166683054215351,-0.19844712981526558,-0.20488455751742132,0,0,0,0,1.1519940911183195,1,0,-0.5812496977647484,-0.5874223568598589,-0.7079245442200935,0,0
-0.4330678784669254,-0.4241475902250075,-0.06219486829139442,0,0,0,0,1.090905217403235,1,1,-0.5812496977647484,-0.5874223568598589,-0.6660484029014404,0,0
-0.4154567101155712,-0.19844712981526558,-0.6329536251955021,0,0,0,0,1.0283956722064043,1,0,-0.8266062607722404,-0.5874223568598589,-0.8168025116485913,0,0
-0.41916834326915103,-0.6498480506347494,-0.8113157367280359,0,0,0,0,1.3182126544826194,1,0,-0.8266062607722404,-0.5874223568598589,-0.5739208920004037,0,0
-0.42732857751089814,-0.6498480506347494,-0.20488455751742132,0,0,0,0,0.2967498591071362,1,0,-0.33589313475725646,-0.5874223568598589,-0.825177739912322,0,0
-0.44172727623448327,-0.4241475902250075,-0.8826605813410494,0,0,0,0,1.4872725608104116,1,0,-0.5812496977647484,-0.5874223568598589,-0.5850878630187113,0,0
-0.3654310244303478,0.02725333059447637,0.4015466216931932,1,0,1,0,-0.24168463247465535,1,0,-0.5812496977647484,-0.5874223568598589,-0.6576731746377098,0,0
-0.4409455543542076,-0.4241475902250075,-0.5972812028889956,1,1,0,1,-1.126762965602508,0,1,0.1548199912577275,1.3625273754550251,1.6148054275878618,1,1
-0.4322164739080565,-0.6498480506347494,-0.525936358275982,0,0,0,0,-0.7360783081223161,1,0,-0.33589313475725646,-0.5874223568598589,-0.4203750404986759,0,0
2.080851543881713,3.6384606971503475,2.1138228924055165,0,0,1,0,-1.1139769222667926,0,1,2.853742184340139,2.0125106195599867,1.5282614021959786,0,1
-0.39557663449137187,-0.6498480506347494,-0.026522445984887653,0,0,0,0,0.6774898162151048,1,0,-0.33589313475725646,-0.5874223568598589,-0.7665511420662078,0,0
-0.41991856072713307,-0.4241475902250075,-0.06219486829139442,0,0,0,0,1.4787485319199345,1,0,-0.33589313475725646,-0.5874223568598589,-0.5404199789454813,0,0
-0.43980874524695934,-0.4241475902250075,-0.6329536251955021,0,0,0,0,0.8621771088421045,1,0,-0.8266062607722404,-0.5874223568598589,-0.5543786927183657,0,0
-0.4379095487491297,-0.6498480506347494,-0.9540054259540629,0,0,0,0,-0.7332369651588239,1,0,-0.33589313475725646,-0.5874223568598589,-0.7079245442200935,0,0
-0.4202976933854513,-0.19844712981526558,-1.0253502705670765,0,0,0,0,0.3123772454063438,1,0,-0.5812496977647484,-0.5874223568598589,-0.7330502290112852,0,0
-0.3971562721138497,-0.4241475902250075,0.18751208785415277,1,1,0,0,0.6916965310325663,1,0,-0.5812496977647484,-0.5874223568598589,-0.7302584862567084,0,0
-0.4250641848904689,-0.19844712981526558,-0.2405569798239281,0,0,0,0,1.1860902066802272,1,0,-0.8266062607722404,-0.5874223568598589,-0.6716318884105942,0,0
-0.4409058057840241,-0.6498480506347494,-0.6686260475020089,0,0,0,0,-0.6607827195897701,1,0,-0.33589313475725646,-0.5874223568598589,-0.4985438376268283,0,0
-0.4081335513185034,-0.19844712981526558,-0.5616087805824888,0,0,0,0,-0.5073501995611858,1,0,-0.5812496977647484,-0.5874223568598589,-0.6716318884105942,0,0
-0.4408358286715776,-0.6498480506347494,-0.7756433144215291,0,0,0,0,0.78261950586432,1,0,-0.8266062607722404,-0.5874223568598589,-0.6632566601468636,0,0
-0.4350333225817276,-0.19844712981526558,-0.5972812028889956,0,0,0,0,0.9474173977468737,1,0,-0.33589313475725646,-0.5874223568598589,-0.5404199789454813,0,0
2.045515948290136,1.155755632643186,1.7214262470339428,1,0,0,0,-1.089825507077108,0,1,2.853742184340139,2.6624938636649476,1.8130191631628192,1,1
-0.3971697179264796,-0.4241475902250075,-1.0253502705670765,0,0,0,0,0.9928788851627506,1,0,-0.5812496977647484,-0.5874223568598589,-0.7916768268573996,0,0
0.701432180359841,0.2529537910042183,1.8284435139534625,0,0,0,0,-1.1324456515294925,0,1,2.853742184340139,0.06256088724510249,1.4724265471044413,1,1
-0.42205654307991697,-0.4241475902250075,-0.7042984698085157,0,0,0,0,0.3549973898587284,1,0,-0.33589313475725646,-0.5874223568598589,-0.6046300623007493,0,0
1.4057678147067323,0.7043547118237021,1.6500814024209292,1,1,0,0,-1.1026115504128233,1,0,1.8723159323101712,0.06256088724510249,1.4891770036319028,1,1
-0.42360575587089633,-0.19844712981526558,-1.061022692873583,0,0,0,0,1.1036912607389504,1,0,-0.33589313475725646,-0.5874223568598589,-0.6465062036194024,0,0
-0.4324526098583319,-0.6498480506347494,-0.9183330036475561,0,0,0,0,0.7584680906746355,1,0,-0.33589313475725646,-0.5874223568598589,-0.8335529681760526,0,0
-0.41635306490936375,-0.19844712981526558,-0.026522445984887653,0,0,0,0,1.1420493907460965,1,0,-0.33589313475725646,-0.5874223568598589,-0.40362458397121476,0,0
-0.42577612594753345,-0.6498480506347494,-0.9540054259540629,0,0,0,0,-0.30135283470799373,1,1,-0.8266062607722404,-0.5874223568598589,-0.4929603521176746,0,0
-0.43516405121255336,-0.4241475902250075,-0.525936358275982,0,0,0,0,0.06802175054600575,1,0,-0.33589313475725646,-0.5874223568598589,-0.6772153739197478,0,0
-0.1914296464873875,2.058557474282154,2.07815047009901,0,1,1,1,-1.109714907821554,0,1,0.8908896802802034,0.06256088724510249,1.6231806558515924,1,1
-0.4410174943590089,-0.6498480506347494,-0.525936358275982,0,0,0,0,0.3294253031872977,1,0,-0.33589313475725646,-0.5874223568598589,-0.4064163267257916,0,0
-0.4416816389872355,-0.4241475902250075,-0.6329536251955021,1,1,0,1,-1.1296043085660001,0,1,0.8908896802802034,1.3625273754550251,1.5785127717783627,1,1
1.6202048733019756,2.9613593159211216,1.8284435139534625,1,0,1,1,-1.089825507077108,0,0,2.6083856213326473,2.0125106195599867,1.3495898659030592,1,1
-0.4277383312899503,-0.6498480506347494,-0.5616087805824888,0,0,0,0,-0.30419417767148604,1,1,-0.33589313475725646,-0.5874223568598589,-0.4678346673264827,0,0
-0.42728735677144863,-0.19844712981526558,0.04482239862812589,0,0,0,0,0.3081152309611054,1,0,-0.33589313475725646,-0.5874223568598589,-0.5125025513997127,0,0
-0.4414362774428929,-0.6498480506347494,-0.8826605813410494,1,1,1,1,-1.1210802796755233,0,1,0.1548199912577275,0.7125441313500638,1.715308166752629,1,1
-0.4399180783511184,-0.4241475902250075,-0.9183330036475561,0,0,0,0,-0.9079795574136005,0,0,-0.5812496977647484,-0.5874223568598589,-0.6465062036194024,0,0
-0.43243180319937163,-0.4241475902250075,-0.2405569798239281,0,0,0,0,-0.6465760047723086,1,0,-0.8266062607722404,-0.5874223568598589,-0.7218832579929778,0,0
-0.43827484301634695,-0.19844712981526558,-0.525936358275982,0,0,0,0,0.7740954769738432,1,0,-0.5812496977647484,-0.5874223568598589,-0.7246750007475548,0,0
-0.4414362774428929,-0.4241475902250075,-1.0253502705670765,1,1,1,1,-1.1153975937485388,0,1,0.4001765542652195,2.0125106195599867,1.6845989964522836,1,1
-0.31332055077515397,0.02725333059447637,0.6512535778387404,1,0,0,0,0.2839638157714208,1,0,-0.5812496977647484,-0.5874223568598589,-0.5962548340370187,0,0
-0.44165141044497247,-0.6498480506347494,-0.8113157367280359,0,0,0,0,0.41182424912857446,1,0,-0.33589313475725646,-0.5874223568598589,-0.38687412744375355,0,0
-0.4379315331435028,-0.6498480506347494,0.11616724324113924,0,0,0,0,1.5909815789778805,1,0,-0.33589313475725646,-0.5874223568598589,-0.7693428848207846,0,0
-0.42576837252273225,-0.4241475902250075,-0.31190182443694153,0,0,0,0,0.528319310631759,1,0,-0.8266062607722404,-0.5874223568598589,-0.6102135478099031,0,0
-0.42454303697028517,-0.4241475902250075,-0.06219486829139442,0,0,0,0,0.23566098539205166,1,0,-0.33589313475725646,-0.5874223568598589,-0.462251181817329,0,0
0.019583637118098646,0.2529537910042183,1.935460780872983,1,1,0,0,-1.1125562507850464,0,1,2.853742184340139,2.0125106195599867,1.3412146376393288,1,1
-0.3872821384125604,-0.19844712981526558,-0.0978672905979012,0,0,0,0,-0.0925141268913094,1,1,-0.33589313475725646,-0.5874223568598589,-0.6744236311651711,0,0
-0.4311905682188511,-0.19844712981526558,0.08049482093463266,0,0,0,0,-0.46188871214530886,1,0,-0.8266062607722404,-0.5874223568598589,-0.4119998122349453,0,0
-0.41558410182939387,-0.19844712981526558,-0.3475742467434483,0,0,0,0,0.6249249713904972,1,0,-0.8266062607722404,-0.5874223568598589,-0.6046300623007493,0,0
-0.4409455543542076,-0.4241475902250075,-0.7756433144215291,1,1,1,0,-1.1310249800477463,0,1,0.1548199912577275,1.3625273754550251,1.6315558841153228,1,1
-0.4353830118547248,-0.4241475902250075,-0.49026393596947526,0,0,0,0,1.6719598534374112,1,0,-0.5812496977647484,-0.5874223568598589,-0.8558869102126676,0,0
-0.43982277992729574,-0.19844712981526558,-0.7756433144215291,0,0,0,0,0.22003359909284398,1,0,-0.5812496977647484,-0.5874223568598589,-0.5125025513997127,0,0
-0.39989529210565533,-0.19844712981526558,-0.2405569798239281,0,0,0,0,0.3663627617126976,1,0,-0.8266062607722404,-0.5874223568598589,-0.44550072528986784,0,0
-0.4288648352123362,-0.4241475902250075,-0.06219486829139442,0,0,0,0,0.6334490002809742,1,0,-0.8266062607722404,-0.5874223568598589,-0.8084272833848608,0,0
-0.4136058007696682,-0.4241475902250075,-0.6686260475020089,0,0,0,0,-0.2459466469198938,1,0,-0.5812496977647484,-0.5874223568598589,-0.8586786529672444,0,0
-0.4151456898219625,-0.4241475902250075,-0.06219486829139442,0,0,0,0,-0.7744364381294623,1,0,-0.8266062607722404,-0.5874223568598589,-0.7721346275753616,0,0
-0.43761805923445063,-0.6498480506347494,-1.0253502705670765,0,0,0,0,-0.7715950951659699,1,0,-0.8266062607722404,-0.5874223568598589,-0.6939658304472092,0,0
-0.41664641917177975,-0.4241475902250075,0.18751208785415277,1,0,0,0,1.902108633480288,1,0,-0.5812496977647484,-0.5874223568598589,-0.7637593993116308,0,0
-0.4418288559138411,-0.4241475902250075,-0.7756433144215291,1,1,1,0,-1.118238936712031,0,1,0.6455331172727115,0.7125441313500638,1.436133891294942,1,1
-0.4350868113983944,-0.4241475902250075,-0.525936358275982,0,0,0,0,0.09643518018092878,1,0,-0.8266062607722404,-0.5874223568598589,-0.7721346275753616,0,0
3.199463461266117,1.155755632643186,1.5787365578079158,0,0,1,1,-1.1040322218945695,0,1,2.853742184340139,0.06256088724510249,1.352381608657636,1,1
-0.4342144038913297,-0.19844712981526558,-0.6329536251955021,0,0,0,0,1.6165536656493114,1,0,-0.5812496977647484,-0.5874223568598589,-0.5460034644546351,0,0
-0.41267116957495825,-0.6498480506347494,-0.4545915136629685,0,0,0,0,-0.6238452610643702,1,0,-0.8266062607722404,-0.5874223568598589,-0.8195942544031682,0,0
-0.4114355288376487,-0.19844712981526558,-0.8113157367280359,0,0,0,0,-0.2928288058175168,1,0,-0.8266062607722404,-0.5874223568598589,-0.4371254970261372,0,0
3.82321019451829,1.381456093052928,2.0068056254859963,0,1,1,0,-1.0983495359675848,0,0,0.8908896802802034,0.06256088724510249,1.4473008623132497,1,1
-0.43867105283815144,-0.19844712981526558,-0.20488455751742132,0,0,0,0,0.8394463651341662,1,0,-0.33589313475725646,-0.5874223568598589,-0.6827988594289017,0,0
-0.4260998068968303,-0.4241475902250075,-0.8826605813410494,0,0,0,0,1.136366704819112,1,0,-0.5812496977647484,-0.5874223568598589,-0.40362458397121476,0,0
0.1318605890861968,1.60715655346267,2.1138228924055165,1,1,1,0,-1.0884048355953617,0,1,2.117672495317663,0.7125441313500638,1.8186026486719735,1,1
-0.40808555860042994,-0.19844712981526558,0.151839665547646,1,0,0,0,0.107800552034898,1,0,-0.5812496977647484,-0.5874223568598589,-0.7051328014655166,0,0
-0.4277419626408066,-0.4241475902250075,-0.5972812028889956,0,0,0,0,0.5823048269381127,1,0,-0.5812496977647484,-0.5874223568598589,-0.42595852600782963,0,0
-0.432870607785274,-0.4241475902250075,-0.16921213521091455,0,0,0,0,0.24418501428252856,1,0,-0.5812496977647484,-0.5874223568598589,-0.4790016383447902,0,0
-0.4221974787509874,-0.6498480506347494,-0.8469881590345426,0,0,0,0,1.5611474778612113,1,0,-0.5812496977647484,-0.5874223568598589,-0.8168025116485913,0,0
-0.4187798868721478,-0.4241475902250075,0.3658741993866864,0,0,0,0,-0.39369648102149357,1,0,-0.5812496977647484,-0.5874223568598589,-0.5878796057732881,0,0
0.01432367447509909,-0.19844712981526558,-0.026522445984887653,0,0,0,0,1.97882489349458,1,0,-0.5812496977647484,-0.5874223568598589,-0.526461265172597,0,0
-0.43051837573197005,-0.6498480506347494,-0.20488455751742132,0,0,0,0,1.3551501130080192,1,0,-0.5812496977647484,-0.5874223568598589,-0.5487952072092119,0,0
-0.41778862623300356,0.02725333059447637,0.6155811555322337,1,0,0,0,1.9731422075675955,1,0,-0.5812496977647484,-0.5874223568598589,-0.5543786927183657,0,0
-0.39954314921721473,-0.19844712981526558,-0.31190182443694153,1,0,0,0,2.35530283615731,1,0,-0.5812496977647484,-0.5874223568598589,-0.6967575732017861,0,0
3.698422355548779,1.155755632643186,2.220840159325037,1,1,0,0,-1.1026115504128233,1,1,1.3816028062951873,0.7125441313500638,1.3914660072217122,1,1
-0.4039542590614066,-0.19844712981526558,-0.20488455751742132,0,0,0,0,-0.6465760047723086,1,0,-0.5812496977647484,-0.5874223568598589,-0.590671348527865,0,0
-0.39351324204806803,-0.4241475902250075,-0.525936358275982,0,0,0,0,1.6264983660215344,1,0,-0.8266062607722404,-0.5874223568598589,-0.8335529681760526,0,0
-0.4416816389872355,-0.4241475902250075,-0.8113157367280359,1,0,1,1,-1.1153975937485388,0,1,1.3816028062951873,0.7125441313500638,1.4975522318956334,1,1
-0.4134832181421146,-0.6498480506347494,-0.9896778482605697,0,0,0,0,-0.45620602621832423,1,0,-0.33589313475725646,-0.5874223568598589,-0.39524935570748415,0,0
-0.33695927082482924,0.02725333059447637,0.009149976321619119,1,0,0,0,0.41324492061032064,1,0,-0.5812496977647484,-0.5874223568598589,-0.5739208920004037,0,0
-0.4336664624905038,-0.6498480506347494,-0.20488455751742132,0,0,0,0,0.3805694765301591,1,0,-0.5812496977647484,-0.5874223568598589,-0.4427089825352909,0,0
0.523584809281619,2.9613593159211216,1.5073917131949022,1,1,0,0,-1.1082942363398078,0,1,1.8723159323101712,1.3625273754550251,1.3021302390752525,0,1
-0.4343569098762839,-0.4241475902250075,-0.8826605813410494,0,0,0,0,1.595243593423119,1,1,-0.5812496977647484,-0.5874223568598589,-0.7302584862567084,0,0
-0.42337138652374023,-0.19844712981526558,-0.4545915136629685,0,0,0,0,0.37630746208492066,1,0,-0.33589313475725646,-0.5874223568598589,-0.45108421079902156,0,0
1.6495046730473417,2.284257934691896,1.5073917131949022,1,1,0,1,-1.1210802796755233,1,1,2.6083856213326473,2.0125106195599867,1.3495898659030592,1,1
2.0745827527129945,3.6384606971503475,1.5787365578079158,0,1,0,0,-1.0855634926318696,0,1,0.6455331172727115,0.7125441313500638,1.6985577102251679,1,1
-0.43959214007561365,-0.6498480506347494,-0.7756433144215291,0,0,0,0,1.0042442570167198,1,0,-0.8266062607722404,-0.5874223568598589,-0.7274667435021316,0,0
-0.011900469239623283,2.284257934691896,1.9711332031794895,1,1,0,0,-1.1253422941207618,0,1,2.3630290583251554,0.7125441313500638,1.3747155506942508,0,1
-0.44049408911261717,-0.19844712981526558,-0.8113157367280359,0,0,0,0,0.5467880398944589,1,1,-0.8266062607722404,-0.5874223568598589,-0.7777181130845152,0,0
-0.4414362774428929,-0.4241475902250075,-0.6329536251955021,1,1,1,1,-1.1153975937485388,0,1,0.4001765542652195,1.3625273754550251,1.3691320651850973,1,1
-0.4227696618723944,-0.19844712981526558,-0.5616087805824888,0,0,0,0,-0.09677614133654787,1,0,-0.8266062607722404,-0.5874223568598589,-0.7972603123665533,0,0
-0.44128611617775515,-0.4241475902250075,0.04482239862812589,0,0,0,0,-0.7545470373850162,1,0,-0.8266062607722404,-0.5874223568598589,-0.7777181130845152,0,0
2.5482166061240226,0.9300551722334441,2.399202270857571,1,0,1,1,-1.0969288644858386,0,0,1.6269593693026794,1.3625273754550251,1.3802990362034047,1,1
-0.29898672564389306,0.02725333059447637,-0.0978672905979012,1,0,1,0,1.4801692034016807,1,0,-0.5812496977647484,-0.5874223568598589,-0.8000520551211302,0,0
-0.39420790965241087,-0.6498480506347494,-0.6686260475020089,0,0,0,0,0.5766221410111281,1,0,-0.33589313475725646,-0.5874223568598589,-0.5097108086451357,0,0
-0.4200487986348701,-0.6498480506347494,-0.5972812028889956,0,0,0,0,-0.13229292838020165,1,0,-0.5812496977647484,-0.5874223568598589,-0.7637593993116308,0,0
0.6359651075321942,0.02725333059447637,1.7214262470339428,1,0,0,0,-1.0869841641136155,0,1,2.853742184340139,1.3625273754550251,1.5282614021959786,1,1
-0.4416816389872355,-0.4241475902250075,-1.0966951151800899,1,1,1,0,-1.1239216226390156,0,1,0.8908896802802034,1.3625273754550251,1.6427228551336306,1,1
-0.4414362774428929,-0.4241475902250075,-0.9896778482605697,1,1,1,0,-1.1239216226390156,0,0,0.4001765542652195,0.7125441313500638,1.397049492730866,1,1
-0.4133153908457842,-0.4241475902250075,-0.026522445984887653,0,0,0,0,-0.7602297233120008,1,0,-0.8266062607722404,-0.5874223568598589,-0.8000520551211302,0,0
0.35848691477052846,3.6384606971503475,1.4003744462753818,0,1,0,0,-1.0727774492961542,0,1,1.3816028062951873,0.7125441313500638,1.6036384565695543,1,1
3.4464286886625692,2.058557474282154,1.543064135501409,0,1,0,0,-1.0699361063326618,0,1,0.4001765542652195,0.06256088724510249,1.5338448877051325,1,1
-0.2575145396836892,-0.19844712981526558,-0.31190182443694153,1,0,0,0,0.20582688427538245,1,0,-0.5812496977647484,-0.5874223568598589,-0.7749263703299383,0,0
-0.4289557171283607,-0.6498480506347494,-0.8113157367280359,0,0,0,0,-0.5698597447580164,1,0,-0.8266062607722404,-0.5874223568598589,-0.632547489846518,0,0
-0.41547221696517367,-0.6498480506347494,-0.0978672905979012,0,0,0,0,0.21435091316585936,1,0,-0.5812496977647484,-0.5874223568598589,-0.8419281964397832,0,0
-0.4236731812232817,-0.6498480506347494,-0.9183330036475561,0,0,0,0,0.6092975850912895,1,0,-0.5812496977647484,-0.5874223568598589,-0.43154201151698346,0,0
-0.42615751593205964,-0.19844712981526558,-0.7399708921150225,0,0,0,0,-0.9577030592747159,1,0,-0.8266062607722404,-0.5874223568598589,-0.38687412744375355,0,0
-0.4365020567861626,-0.6498480506347494,-0.5616087805824888,0,0,0,0,-0.10672084170877093,1,0,-0.5812496977647484,-0.5874223568598589,-0.4650429245719059,0,0
-0.427248000779736,-0.4241475902250075,0.08049482093463266,0,0,0,0,1.5938229219413729,1,0,-0.5812496977647484,-0.5874223568598589,-0.7721346275753616,0,0
-0.4204301886193963,-0.6498480506347494,-0.6686260475020089,0,0,0,0,-0.2772014195183091,1,0,-0.5812496977647484,-0.5874223568598589,-0.6800071166743248,0,0
-0.37972362882215915,-0.19844712981526558,-0.06219486829139442,0,0,0,0,1.6364430663937575,1,0,-0.33589313475725646,-0.5874223568598589,-0.6772153739197478,0,0
-0.4416816389872355,-0.4241475902250075,-0.7756433144215291,1,1,1,1,-1.1310249800477463,0,1,1.8723159323101712,1.3625273754550251,1.2825880397932143,1,1
-0.4408246401851556,-0.6498480506347494,-0.7756433144215291,0,0,0,0,-0.9420756729755082,1,0,-0.8266062607722404,-0.5874223568598589,-0.6855906021834786,0,0
2.7325889258232574,0.47865425141396023,1.5073917131949022,1,1,0,1,-1.0884048355953617,0,1,2.6083856213326473,0.06256088724510249,1.4445091195586726,0,1
-0.42824583710826863,-0.4241475902250075,-0.31190182443694153,0,0,0,0,1.4119769722778652,1,0,-0.5812496977647484,-0.5874223568598589,-0.7107162869746704,0,0
-0.4116158205004317,-0.6498480506347494,-0.16921213521091455,0,0,0,0,0.921845311075443,1,0,-0.5812496977647484,-0.5874223568598589,-0.8558869102126676,0,0
-0.3954942911570904,-0.6498480506347494,-0.5616087805824888,0,0,0,0,-0.1308722568984555,1,0,-0.33589313475725646,-0.5874223568598589,-0.5543786927183657,0,0
-0.42813198935169366,-0.19844712981526558,-0.026522445984887653,0,0,0,0,-0.9491790303842389,1,0,-0.5812496977647484,-0.5874223568598589,-0.6074218050553262,0,0
-0.4121854518617776,-0.6498480506347494,-0.525936358275982,0,0,0,0,-0.45052334029133967,1,0,-0.33589313475725646,-0.5874223568598589,-0.6297557470919412,0,0
-0.4414362774428929,-0.6498480506347494,-0.7042984698085157,1,1,1,1,-1.1054528933763157,0,1,1.8723159323101712,1.3625273754550251,1.4026329782400195,1,1
-0.4370295841064993,-0.6498480506347494,-0.8469881590345426,1,1,0,1,-1.1068735648580619,0,1,0.1548199912577275,0.7125441313500638,1.6399311123790534,1,1
-0.15504321647369987,-0.4241475902250075,0.151839665547646,1,0,0,0,0.5141125958142974,1,0,-0.5812496977647484,-0.5874223568598589,-0.7637593993116308,0,0
-0.3003102058140772,-0.19844712981526558,-0.3475742467434483,1,0,0,0,2.3268894065223873,1,0,-0.5812496977647484,-0.5874223568598589,-0.6465062036194024,0,0
-0.4411141668074799,-0.4241475902250075,-0.8113157367280359,0,0,0,0,-0.538604972159601,1,0,-0.5812496977647484,-0.5874223568598589,-0.6883823449380554,0,0
2.2265652875220296,1.381456093052928,1.5073917131949022,1,1,0,1,-1.1011908789310771,0,1,1.3816028062951873,2.0125106195599867,1.3412146376393288,1,1
-0.43161131419508986,-0.4241475902250075,-0.8469881590345426,0,0,0,0,0.23281964242855935,1,0,-0.5812496977647484,-0.5874223568598589,-0.5962548340370187,0,0
3.768235762772911,2.9613593159211216,1.4717192908883954,1,0,1,1,-1.0841428211501234,0,1,1.3816028062951873,0.7125441313500638,1.371923807939674,1,1
-0.4405777083269291,-0.19844712981526558,-0.3832466690499551,0,0,0,0,0.06944242202775189,1,0,-0.33589313475725646,-0.5874223568598589,-0.7470089427841696,0,0
0.3146684835787027,2.73565885551138,1.6144089801144224,0,1,1,0,-1.1153975937485388,0,1,2.6083856213326473,2.6624938636649476,1.4445091195586726,1,1
-0.3998202114730865,-0.4241475902250075,0.5799087332257269,1,0,0,0,-0.30277350618973986,1,0,-0.5812496977647484,-0.5874223568598589,-0.6130052905644799,0,0
-0.41349705653321556,-0.4241475902250075,-0.0978672905979012,0,0,0,0,-0.005853166504794152,1,0,-0.8266062607722404,-0.5874223568598589,-0.6409227181102487,0,0
-0.4124508349081385,-0.4241475902250075,-0.8469881590345426,0,0,0,0,-0.09819681281829401,1,0,-0.5812496977647484,-0.5874223568598589,-0.5990465767915957,0,0
0.6901916772904166,2.73565885551138,1.6144089801144224,0,1,0,1,-1.0756187922596465,0,0,2.853742184340139,2.0125106195599867,1.4640513188407107,1,1
-0.43363643023747617,-0.19844712981526558,-0.0978672905979012,0,0,0,0,0.4004588772746053,1,0,-0.5812496977647484,-0.5874223568598589,-0.8558869102126676,0,0
-0.4303888248365572,-0.4241475902250075,-0.20488455751742132,0,0,0,0,0.23566098539205166,1,0,-0.8266062607722404,-0.5874223568598589,-0.5348364934363277,0,0
-0.43680964201815053,-0.6498480506347494,-0.8113157367280359,0,0,0,0,1.5426787485985114,1,0,-0.5812496977647484,-0.5874223568598589,-0.7637593993116308,0,0
-0.43186442916423373,-0.6498480506347494,-1.0253502705670765,0,0,0,0,-0.04989398243892486,1,0,-0.33589313475725646,-0.5874223568598589,-0.5962548340370187,0,0
-0.38680015019485375,-0.6498480506347494,0.009149976321619119,0,0,0,0,-0.038528610584955644,1,0,-0.33589313475725646,-0.5874223568598589,-0.8642621384763982,0,0
-0.32451355184959374,-0.19844712981526558,0.6869260001452472,1,0,1,0,1.6733805249191573,1,0,-0.5812496977647484,-0.5874223568598589,-0.6660484029014404,0,0
-0.43131373971411113,-0.6498480506347494,-0.8826605813410494,0,0,0,0,-0.9065588859318544,1,0,-0.8266062607722404,-0.5874223568598589,-0.8391364536852063,0,0
-0.4416816389872355,-0.4241475902250075,-0.7042984698085157,1,1,0,1,-1.116818265230285,0,1,1.6269593693026794,2.0125106195599867,1.5589705724963245,1,1
-0.4204524674476226,-0.4241475902250075,0.33020177708017967,1,0,0,0,0.6107182565730357,1,0,-0.5812496977647484,-0.5874223568598589,-0.5627539209820963,0,0
-0.41687401654031203,-0.4241475902250075,-0.6686260475020089,0,0,0,0,1.258544452249281,1,0,-0.5812496977647484,-0.5874223568598589,-0.8307612254214757,0,0
-0.41179670103092114,-0.19844712981526558,-0.20488455751742132,0,0,0,0,0.8707011377325815,1,0,-0.8266062607722404,-0.5874223568598589,-0.6130052905644799,0,0
1.9886113063477229,1.60715655346267,1.685753824727436,1,1,0,0,-1.1068735648580619,0,1,2.117672495317663,0.7125441313500638,1.377507293448828,1,1
-0.43249854153943285,-0.19844712981526558,0.04482239862812589,0,0,0,0,0.6149802710182741,1,0,-0.8266062607722404,-0.5874223568598589,-0.7218832579929778,0,0
-0.4414362774428929,-0.4241475902250075,-0.8469881590345426,1,1,0,1,-1.1139769222667926,0,1,0.4001765542652195,2.0125106195599867,1.5952632283058237,1,1
1.7756597646865475,2.9613593159211216,2.1494953147120235,1,1,0,0,-1.1054528933763157,0,1,2.3630290583251554,2.6624938636649476,1.6148054275878618,1,1
-0.4414362774428929,-0.4241475902250075,-0.9183330036475561,1,1,1,1,-1.1125562507850464,0,1,0.4001765542652195,0.7125441313500638,1.6259723986061692,0,1
-0.42112819314074224,-0.6498480506347494,-0.9540054259540629,0,0,0,0,-0.6749894344072316,1,0,-0.8266062607722404,-0.5874223568598589,-0.5767126347549807,0,0
-0.4409455543542076,-0.4241475902250075,-0.7042984698085157,1,1,1,1,-1.118238936712031,0,1,1.8723159323101712,2.0125106195599867,1.5143026884230943,1,1
-0.3295812491864464,0.02725333059447637,0.8296156893712743,1,1,1,0,0.7243719751127279,1,0,-0.5812496977647484,-0.5874223568598589,-0.6660484029014404,0,0
-0.41975073343080266,-0.6498480506347494,-0.0978672905979012,0,0,0,0,0.0040915338674289104,1,1,-0.33589313475725646,-0.5874223568598589,-0.5543786927183657,0,0
-0.41441941965070833,-0.19844712981526558,-0.27622940213043484,0,0,0,0,0.9673067984913198,1,0,-0.33589313475725646,-0.5874223568598589,-0.4706264100810596,0,0
-0.3916051143900243,-0.6498480506347494,0.009149976321619119,0,0,0,0,0.4956438665515974,1,0,-0.5812496977647484,-0.5874223568598589,-0.7274667435021316,0,0
0.03972781990862844,0.7043547118237021,1.685753824727436,1,0,1,0,-1.1082942363398078,0,1,1.6269593693026794,0.06256088724510249,1.8186026486719735,1,1
1.9394719647052825,0.9300551722334441,1.685753824727436,1,0,0,0,-1.0756187922596465,0,0,0.8908896802802034,2.6624938636649476,1.4584678333315568,1,1
3.11463854032525,0.9300551722334441,1.4717192908883954,1,1,1,0,-1.0955081930040926,0,1,1.1362462432876954,2.0125106195599867,1.7516008225621282,1,1
-0.434542010625336,-0.6498480506347494,-0.0978672905979012,0,0,0,0,1.3466260841175424,1,0,-0.33589313475725646,-0.5874223568598589,-0.7805098558390922,0,0
2.3985739371464567,0.02725333059447637,1.4003744462753818,0,1,1,1,-1.0955081930040926,0,1,2.117672495317663,1.3625273754550251,1.7125164239980524,1,1
0.8070062475149697,1.155755632643186,1.685753824727436,0,0,0,0,-1.0699361063326618,0,1,2.117672495317663,1.3625273754550251,1.6427228551336306,1,1
-0.4371660051251538,-0.4241475902250075,-0.06219486829139442,0,0,0,0,0.8707011377325815,1,0,-0.33589313475725646,-0.5874223568598589,-0.41758329774409914,0,0
-0.44087067001087427,-0.6498480506347494,-0.27622940213043484,0,0,0,0,-0.04421129651194025,1,0,-0.33589313475725646,-0.5874223568598589,-0.8810125950038594,0,0
-0.4242805982624563,-0.19844712981526558,-0.2405569798239281,0,0,0,0,1.174724834826258,1,0,-0.8266062607722404,-0.5874223568598589,-0.8586786529672444,0,0
-0.4370295841064993,-0.4241475902250075,-0.7042984698085157,1,1,1,1,-1.1253422941207618,0,1,1.3816028062951873,1.3625273754550251,1.246295383983715,1,1
-0.4416816389872355,-0.6498480506347494,-0.9183330036475561,1,1,1,0,-1.1082942363398078,0,1,1.6269593693026794,0.7125441313500638,1.6818072536977065,1,1
-0.42197508304719517,-0.19844712981526558,0.009149976321619119,0,0,0,0,1.0141889573889429,1,0,-0.33589313475725646,-0.5874223568598589,-0.6744236311651711,0,0
-0.4409455543542076,-0.6498480506347494,-0.6686260475020089,1,1,1,0,-1.1111355793033002,0,1,0.4001765542652195,2.0125106195599867,1.4640513188407107,1,1
-0.42489979265575933,-0.4241475902250075,0.04482239862812589,0,0,0,0,-0.48319878437150116,1,0,-0.8266062607722404,-0.5874223568598589,-0.6967575732017861,0,0
-0.43511105311897535,-0.19844712981526558,-0.31190182443694153,0,0,0,0,0.27970180132618233,1,0,-0.33589313475725646,-0.5874223568598589,-0.8000520551211302,0,0
-0.4262403499894297,-0.19844712981526558,0.009149976321619119,0,0,0,0,0.3493147039317438,1,0,-0.33589313475725646,-0.5874223568598589,-0.6604649173922867,0,0
-0.4406892987572962,-0.6498480506347494,-0.7042984698085157,0,0,0,0,0.603614899164305,1,0,-0.33589313475725646,-0.5874223568598589,-0.7972603123665533,0,0
-0.3943509063604538,0.02725333059447637,0.4015466216931932,1,0,0,0,0.13763465315156717,1,0,-0.5812496977647484,-0.5874223568598589,-0.7888850841028227,0,0
-0.43173193393028875,-0.6498480506347494,-0.7399708921150225,0,0,0,0,-0.8682007559247082,1,0,-0.33589313475725646,-0.5874223568598589,-0.8726373667401287,0,0
-0.42158171941930517,-0.19844712981526558,-0.31190182443694153,0,0,0,0,0.8209776358714662,1,0,-0.8266062607722404,-0.5874223568598589,-0.6800071166743248,0,0
-0.4380311499305059,-0.6498480506347494,-0.20488455751742132,0,0,0,0,1.6890079112183651,1,0,-0.8266062607722404,-0.5874223568598589,-0.7749263703299383,0,0
-0.13622143426255912,2.73565885551138,1.364702023968875,0,1,0,0,-1.1324456515294925,0,0,1.3816028062951873,2.6624938636649476,1.5840962572875161,1,1
2.5476511949812397,3.1870597763308637,1.5787365578079158,1,1,0,1,-1.1026115504128233,1,0,1.3816028062951873,0.06256088724510249,1.4724265471044413,1,1
-0.4058275453801536,-0.19844712981526558,-0.3475742467434483,1,0,1,0,0.7982468921635277,1,0,-0.5812496977647484,-0.5874223568598589,-0.5432117217000583,0,0
-0.4342338365256416,0.02725333059447637,-0.20488455751742132,0,1,0,0,0.3194806028150746,1,0,-0.5812496977647484,-0.5874223568598589,-0.56833740649125,0,0
-0.4416816389872355,-0.6498480506347494,-1.0253502705670765,1,1,1,1,-1.126762965602508,0,1,1.6269593693026794,2.0125106195599867,1.2546706122474456,1,1
-0.4234633480305599,-0.6498480506347494,-0.3475742467434483,0,0,0,0,0.7499440617841586,1,0,-0.33589313475725646,-0.5874223568598589,-0.7470089427841696,0,0
-0.4370295841064993,-0.6498480506347494,-0.7756433144215291,1,1,1,1,-1.1082942363398078,0,1,1.8723159323101712,0.7125441313500638,1.4528843478224036,1,1
-0.4340370565670788,-0.4241475902250075,-0.8113157367280359,0,0,0,0,-0.791484495910416,1,0,-0.5812496977647484,-0.5874223568598589,-0.4203750404986759,0,0
-0.4416816389872355,-0.6498480506347494,-0.7042984698085157,1,1,1,0,-1.1054528933763157,0,1,1.1362462432876954,1.3625273754550251,1.567345800760055,1,1
-0.40549571842758464,-0.19844712981526558,-0.3475742467434483,0,0,0,0,-0.8255806114723238,1,0,-0.5812496977647484,-0.5874223568598589,-0.7721346275753616,0,0
-0.2667056849901463,-0.19844712981526558,0.8296156893712743,1,0,0,0,1.9845075794215645,1,0,-0.5812496977647484,-0.5874223568598589,-0.7888850841028227,0,0
-0.4364793853794654,-0.6498480506347494,0.04482239862812589,0,0,0,0,0.538264011003982,1,0,-0.5812496977647484,-0.5874223568598589,-0.7637593993116308,0,0
-0.3998426865905483,-0.19844712981526558,0.5799087332257269,1,0,1,0,2.0498584675818874,1,0,-0.5812496977647484,-0.5874223568598589,-0.7274667435021316,0,0
-0.2500476971662543,-0.19844712981526558,-0.16921213521091455,1,0,0,0,-0.2047471739492554,1,0,-0.5812496977647484,-0.5874223568598589,-0.6297557470919412,0,0
-0.40548315591651435,-0.19844712981526558,-0.2405569798239281,0,0,0,0,0.9062179247762353,1,0,-0.5812496977647484,-0.5874223568598589,-0.8810125950038594,0,0
-0.36504953630120385,-0.19844712981526558,-0.6329536251955021,0,0,0,0,0.9914582136810044,1,0,-0.33589313475725646,-0.5874223568598589,-0.39245761295290726,0,0
-0.4414362774428929,-0.6498480506347494,-0.7756433144215291,1,1,1,1,-1.118238936712031,0,1,1.1362462432876954,1.3625273754550251,1.31329721009356,1,1
2.9851842192161953,1.60715655346267,1.4717192908883954,1,1,1,0,-1.118238936712031,0,1,0.8908896802802034,0.06256088724510249,1.4947604891410566,1,1
-0.4416816389872355,-0.4241475902250075,-0.7399708921150225,1,1,1,1,-1.1296043085660001,0,1,0.8908896802802034,2.0125106195599867,1.5645540580054782,1,1
-0.43479728477607005,-0.4241475902250075,-0.6329536251955021,0,0,0,0,-0.12376889948972475,1,0,-0.5812496977647484,-0.5874223568598589,-0.40083284121663787,0,0
-0.4370295841064993,-0.4241475902250075,-0.6329536251955021,1,1,1,0,-1.1253422941207618,0,1,0.8908896802802034,0.7125441313500638,1.6455145978882073,1,1
-0.43525159621157483,-0.6498480506347494,-0.9183330036475561,0,0,0,0,1.1775661777897504,1,0,-0.8266062607722404,-0.5874223568598589,-0.8084272833848608,0,0
-0.4117888494615021,-0.6498480506347494,-0.026522445984887653,0,0,0,0,-0.2899874628540245,1,0,-0.5812496977647484,-0.5874223568598589,-0.760967656557054,0,0
1.3197181470811241,1.832857013872412,1.935460780872983,1,1,0,1,-1.1054528933763157,0,0,1.3816028062951873,1.3625273754550251,1.4110082065037504,1,1
-0.3263055744248545,-0.4241475902250075,0.8652881116777811,1,0,0,0,-0.07688674059210174,1,0,-0.5812496977647484,-0.5874223568598589,-0.5990465767915957,0,0
2.8416679335670114,2.5099583951016378,1.7570986693404496,1,1,0,1,-1.0699361063326618,0,0,1.8723159323101712,1.3625273754550251,1.3635485796759437,0,1
-0.429747646048881,-0.19844712981526558,-0.6686260475020089,0,0,0,0,0.1163245809253749,1,0,-0.8266062607722404,-0.5874223568598589,-0.6046300623007493,0,0
0.6343907697190742,3.1870597763308637,1.8284435139534625,1,1,1,0,-1.0884048355953617,0,1,1.6269593693026794,2.0125106195599867,1.5952632283058237,1,1
-0.41423559478168687,-0.4241475902250075,-0.9896778482605697,0,0,0,0,0.28254314428967464,1,0,-0.5812496977647484,-0.5874223568598589,-0.8419281964397832,0,0
-0.419708433100558,-0.19844712981526558,-0.0978672905979012,0,0,0,0,0.7755161484555894,1,1,-0.5812496977647484,-0.5874223568598589,-0.7358419717658622,0,0
-0.4370295841064993,-0.4241475902250075,-0.9896778482605697,1,1,1,1,-1.116818265230285,0,1,1.6269593693026794,1.3625273754550251,1.6734320254339758,1,1
-0.43423766416573334,-0.4241475902250075,-0.27622940213043484,0,0,0,0,1.3778808567159577,1,0,-0.33589313475725646,-0.5874223568598589,-0.40083284121663787,0,0
0.9153293454129129,1.832857013872412,2.0424780477925033,0,1,0,0,-1.1054528933763157,0,1,2.853742184340139,2.0125106195599867,1.7013494529797446,1,1
-0.4409455543542076,-0.4241475902250075,-0.8113157367280359,1,1,1,1,-1.1210802796755233,0,1,0.6455331172727115,2.0125106195599867,1.4835935181227489,1,1
1.9119026508598562,0.02725333059447637,1.7570986693404496,1,0,1,0,-1.0798808067048848,0,1,1.8723159323101712,2.6624938636649476,1.550595344232594,1,1
-0.4287165386949356,-0.19844712981526558,-0.6329536251955021,0,0,0,0,1.6762218678826497,1,0,-0.8266062607722404,-0.5874223568598589,-0.40362458397121476,0,0
-0.4418288559138411,-0.4241475902250075,-0.9896778482605697,1,1,1,1,-1.1239216226390156,0,1,1.8723159323101712,1.3625273754550251,1.5059274601593637,1,1
-0.42959365714365155,-0.4241475902250075,0.22318451016065954,1,1,1,0,1.6080296367588345,1,0,-0.5812496977647484,-0.5874223568598589,-0.7330502290112852,0,0
-0.4329935829912985,-0.6498480506347494,0.11616724324113924,0,0,0,0,0.7840401773460662,1,0,-0.33589313475725646,-0.5874223568598589,-0.8726373667401287,0,0
-0.41077432854795426,-0.19844712981526558,-0.9540054259540629,0,0,0,0,0.8238189788349585,1,1,-0.5812496977647484,-0.5874223568598589,-0.4343337542715603,0,0
0.8672798997504427,3.1870597763308637,1.8284435139534625,1,1,0,1,-1.0869841641136155,0,0,2.117672495317663,1.3625273754550251,1.6455145978882073,1,1
-0.40874489414238746,-0.6498480506347494,0.08049482093463266,0,0,0,0,0.9204246395936968,1,0,-0.5812496977647484,-0.5874223568598589,-0.7665511420662078,0,0
-0.44031841024686785,-0.4241475902250075,-0.026522445984887653,0,0,0,0,-0.33971096471513984,1,0,-0.33589313475725646,-0.5874223568598589,-0.4092080694803685,0,0
-0.42809037603377315,-0.6498480506347494,-0.5972812028889956,0,0,0,0,0.670386458806374,1,0,-0.33589313475725646,-0.5874223568598589,-0.8726373667401287,0,0
2.5600997601503894,2.9613593159211216,2.399202270857571,0,0,1,0,-1.1054528933763157,0,1,1.3816028062951873,1.3625273754550251,1.550595344232594,1,1
3.923366188051244,3.6384606971503475,1.7570986693404496,1,1,1,1,-1.1239216226390156,0,1,0.8908896802802034,0.7125441313500638,1.5478036014780168,1,1
-0.43936925364873286,-0.19844712981526558,0.11616724324113924,0,0,0,0,1.508582633036604,1,0,-0.8266062607722404,-0.5874223568598589,-0.4064163267257916,0,0
-0.43500878642729335,-0.19844712981526558,-1.061022692873583,0,0,0,0,0.15042069648728254,1,0,-0.8266062607722404,-0.5874223568598589,-0.7777181130845152,0,0
-0.3656662770790635,-0.6498480506347494,-0.06219486829139442,0,0,0,0,-0.6849341347794546,1,0,-0.33589313475725646,-0.5874223568598589,-0.4762098955902133,0,0
-0.4354861618479664,-0.4241475902250075,0.5085638886127135,1,0,1,0,0.1603653968595056,1,0,-0.5812496977647484,-0.5874223568598589,-0.6102135478099031,0,0
-0.4394200925607206,-0.19844712981526558,-0.8113157367280359,0,0,0,0,-0.23458127506592458,1,0,-0.8266062607722404,-0.5874223568598589,-0.5208777796634433,0,0
1.3587974691162812,3.1870597763308637,2.363529848551064,1,1,0,1,-1.0699361063326618,0,1,2.6083856213326473,0.06256088724510249,1.737642108789244,1,1
-0.4216134201308342,-0.6498480506347494,-1.061022692873583,0,0,0,0,-0.3667037228683167,1,0,-0.5812496977647484,-0.5874223568598589,-0.6827988594289017,0,0
-0.4203774849596715,-0.4241475902250075,-1.061022692873583,0,0,0,0,0.2157715846476055,1,0,-0.33589313475725646,-0.5874223568598589,-0.6800071166743248,0,0
2.0399839287667696,1.60715655346267,1.4717192908883954,0,1,0,1,-1.0955081930040926,0,1,2.117672495317663,2.6624938636649476,1.419383434767481,0,1
-0.42022761812838705,-0.4241475902250075,-0.9896778482605697,0,0,0,0,1.6222363515762959,1,0,-0.5812496977647484,-0.5874223568598589,-0.7079245442200935,0,0
-0.4260004845436804,-0.6498480506347494,-0.8113157367280359,0,0,0,0,-0.0456319679936864,1,0,-0.33589313475725646,-0.5874223568598589,-0.6827988594289017,0,0
-0.36355557893001045,-0.4241475902250075,-0.7042984698085157,0,0,0,0,0.6931172025143125,1,0,-0.8266062607722404,-0.5874223568598589,-0.8084272833848608,0,0
-0.42245883786802113,-0.19844712981526558,-0.7042984698085157,0,0,0,0,1.519948004890573,1,0,-0.8266062607722404,-0.5874223568598589,-0.7581759138024772,0,0
-0.4227585715305901,-0.4241475902250075,-0.27622940213043484,0,0,0,0,0.7769368199373354,1,0,-0.33589313475725646,-0.5874223568598589,-0.49016860936309764,0,0
0.2631863317662615,0.47865425141396023,1.5787365578079158,0,0,1,1,-1.0884048355953617,0,1,1.6269593693026794,0.7125441313500638,1.4473008623132497,0,1
1.5888033065677707,3.6384606971503475,1.5073917131949022,1,1,0,0,-1.0983495359675848,0,1,2.6083856213326473,2.6624938636649476,1.692974224716014,1,1
-0.3958523227225952,-0.19844712981526558,0.04482239862812589,1,0,0,0,2.1365194279684028,1,0,-0.5812496977647484,-0.5874223568598589,-0.5711291492458269,0,0
-0.42947853350704607,0.02725333059447637,0.722598422451754,1,1,0,0,0.25270904317300547,1,0,-0.5812496977647484,-0.5874223568598589,-0.760967656557054,0,0
0.5665744091766555,1.381456093052928,1.6144089801144224,0,1,1,1,-1.0983495359675848,0,1,1.6269593693026794,2.0125106195599867,1.3160889528481368,1,1
-0.4405029221282135,-0.4241475902250075,-0.5972812028889956,0,0,0,0,0.8110329354992432,0,0,-0.33589313475725646,-0.5874223568598589,-0.7888850841028227,0,0
0.7489084614547269,1.155755632643186,2.18516773701853,0,1,1,1,-1.0756187922596465,0,1,2.6083856213326473,2.0125106195599867,1.397049492730866,1,1
-0.4416816389872355,-0.4241475902250075,-0.6329536251955021,1,1,1,1,-1.1054528933763157,0,1,0.1548199912577275,1.3625273754550251,1.4165916920129038,1,1
-0.22827951538602953,-0.4241475902250075,0.7939432670647675,1,0,0,0,2.005817651647757,1,0,-0.5812496977647484,-0.5874223568598589,-0.7470089427841696,0,0
3.8278422278970075,1.381456093052928,1.8284435139534625,1,1,1,0,-1.1082942363398078,0,0,0.8908896802802034,2.0125106195599867,1.651098083397361,1,1
-0.3117649585840217,0.02725333059447637,0.25885693246716635,1,0,0,0,1.353729441526273,1,0,-0.5812496977647484,-0.5874223568598589,-0.5655456637366731,0,0
-0.4112430672422664,-0.4241475902250075,-0.3475742467434483,0,0,0,0,1.697531940108842,1,0,-0.33589313475725646,-0.5874223568598589,-0.5878796057732881,0,0
1.6412419758246772,3.4127602367406054,1.8641159362599693,1,1,0,0,-1.071356777814408,0,1,2.117672495317663,0.06256088724510249,1.6845989964522836,1,1
-0.40779573754425247,-0.6498480506347494,-0.5616087805824888,0,0,0,0,1.0994292462937119,1,0,-0.5812496977647484,-0.5874223568598589,-0.5292530079271739,0,0
-0.4154104840006171,-0.4241475902250075,-0.27622940213043484,0,0,0,0,0.6078769136095434,1,0,-0.5812496977647484,-0.5874223568598589,-0.5097108086451357,0,0
-0.4378722537943896,-0.4241475902250075,-0.4189190913564617,0,0,0,0,-0.6238452610643702,1,0,-0.5812496977647484,-0.5874223568598589,-0.39245761295290726,0,0
-0.4045878807135169,-0.19844712981526558,0.7582708447582607,1,0,0,0,0.3905141769023822,1,0,-0.5812496977647484,-0.5874223568598589,-0.8056355406302839,0,0
1.8929365960606421,1.155755632643186,1.7214262470339428,1,0,1,1,-1.1296043085660001,0,1,0.6455331172727115,1.3625273754550251,1.5617623152509013,0,1
-0.41698236819829365,-0.19844712981526558,-0.026522445984887653,0,0,0,0,0.6433937006531972,1,0,-0.33589313475725646,-0.5874223568598589,-0.8558869102126676,0,0
-0.4357177831458258,-0.6498480506347494,-0.0978672905979012,0,0,0,0,-0.4206892391746705,1,1,-0.5812496977647484,-0.5874223568598589,-0.7023410587109398,0,0
-0.4397484844516688,-0.19844712981526558,-0.8469881590345426,0,0,0,0,-0.22037456024846308,1,0,-0.5812496977647484,-0.5874223568598589,-0.6604649173922867,0,0
-0.4414362774428929,-0.6498480506347494,-1.061022692873583,1,1,0,1,-1.1125562507850464,0,0,1.6269593693026794,0.7125441313500638,1.5226779166868252,1,1
-0.25886442075604454,0.02725333059447637,0.151839665547646,1,1,0,0,-0.13939628578893243,1,0,-0.5812496977647484,-0.5874223568598589,-0.6520896891285561,0,0
-0.4166648703599143,-0.19844712981526558,0.08049482093463266,0,0,0,0,-0.21895388876671693,1,0,-0.8266062607722404,-0.5874223568598589,-0.7302584862567084,0,0
1.7384998569404742,2.058557474282154,2.220840159325037,0,1,1,0,-1.0926668500406003,0,1,1.1362462432876954,0.7125441313500638,1.4528843478224036,1,1
-0.4027426637554426,-0.6498480506347494,-0.20488455751742132,0,0,0,0,-0.8113738966548621,1,0,-0.8266062607722404,-0.5874223568598589,-0.7079245442200935,0,0
-0.4383704358740229,-0.4241475902250075,-0.5616087805824888,0,0,0,0,-0.6210039181008778,1,0,-0.8266062607722404,-0.5874223568598589,-0.7107162869746704,0,0
-0.36772221053141924,-0.4241475902250075,-0.16921213521091455,0,0,0,0,-0.9108209003770928,1,0,-0.5812496977647484,-0.5874223568598589,-0.4203750404986759,0,0
-0.42669338554490394,-0.6498480506347494,-1.0253502705670765,0,0,0,0,1.4901139037739037,1,0,-0.33589313475725646,-0.5874223568598589,-0.4287502687624066,0,0
-0.3805738556456152,0.02725333059447637,0.6155811555322337,1,0,0,0,-0.15360300060639392,1,0,-0.5812496977647484,-0.5874223568598589,-0.5878796057732881,0,0
-0.42835713310478246,-0.4241475902250075,0.08049482093463266,1,0,1,0,2.375192236901756,1,0,-0.5812496977647484,-0.5874223568598589,-0.5348364934363277,0,0
-0.40169595140727704,-0.19844712981526558,-0.5616087805824888,0,0,0,0,0.22997829946506704,1,0,-0.33589313475725646,-0.5874223568598589,-0.719091515238401,0,0
-0.4414362774428929,-0.6498480506347494,-0.5972812028889956,1,0,1,1,-1.116818265230285,0,1,0.1548199912577275,1.3625273754550251,1.676223768188553,1,1
-0.44110798369656246,-0.19844712981526558,-0.0978672905979012,0,0,0,0,0.05949772165552883,1,0,-0.8266062607722404,-0.5874223568598589,-0.760967656557054,0,0
-0.4130244901988116,-0.19844712981526558,-0.9896778482605697,0,0,0,0,1.409135629314373,1,0,-0.5812496977647484,-0.5874223568598589,-0.6074218050553262,0,0
3.021632480339057,3.6384606971503475,2.3278574262445573,1,0,0,1,-1.1011908789310771,0,1,2.117672495317663,2.6624938636649476,1.7711430218441664,1,1
-0.4418288559138411,-0.4241475902250075,-0.8826605813410494,1,1,1,0,-1.1054528933763157,0,1,1.3816028062951873,1.3625273754550251,1.6622650544156687,1,1
-0.4404848635185499,-0.19844712981526558,-0.7399708921150225,0,0,0,0,-0.025742567249240275,1,0,-0.33589313475725646,-0.5874223568598589,-0.48179338109936704,0,0
-0.4291800757245076,-0.6498480506347494,-0.31190182443694153,0,0,0,0,-0.8142152396183545,1,0,-0.5812496977647484,-0.5874223568598589,-0.4147915549895222,0,0
-0.4159074883448375,-0.19844712981526558,-1.061022692873583,0,0,0,0,1.3864048856064346,1,0,-0.8266062607722404,-0.5874223568598589,-0.439917239780714,0,0
-0.43077620164276526,-0.19844712981526558,0.009149976321619119,0,0,0,0,-0.7190302503413624,1,0,-0.5812496977647484,-0.5874223568598589,-0.56833740649125,0,0
-0.37550772862264636,-0.19844712981526558,-0.8113157367280359,0,0,0,0,-0.025742567249240275,1,0,-0.33589313475725646,-0.5874223568598589,-0.8642621384763982,0,0
-0.17497923453000938,-0.4241475902250075,0.43721904399969996,1,0,0,0,0.43029297839127445,1,0,-0.5812496977647484,-0.5874223568598589,-0.7805098558390922,0,0
-0.19309506250576755,-0.19844712981526558,-0.20488455751742132,1,0,0,0,0.14047599611505948,1,0,-0.5812496977647484,-0.5874223568598589,-0.5795043775095574,0,0
-0.43438203489842453,-0.6498480506347494,0.11616724324113924,0,0,0,0,1.3693568278254808,1,0,-0.33589313475725646,-0.5874223568598589,-0.5822961202641344,0,0
-0.39798098133669413,-0.4241475902250075,-0.6686260475020089,0,0,0,0,-0.575542430685001,1,0,-0.5812496977647484,-0.5874223568598589,-0.7498006855387466,0,0
-0.4266107477767694,-0.19844712981526558,-0.5972812028889956,0,0,0,0,-0.781539795538193,1,0,-0.5812496977647484,-0.5874223568598589,-0.7302584862567084,0,0
-0.41726600614355375,-0.4241475902250075,-0.49026393596947526,0,0,0,0,1.137787376300858,1,0,-0.33589313475725646,-0.5874223568598589,-0.6604649173922867,0,0
2.8578197895972335,2.058557474282154,1.9711332031794895,1,1,0,0,-1.0855634926318696,1,1,1.6269593693026794,2.6624938636649476,1.737642108789244,1,1
-0.3925253183259269,-0.4241475902250075,-0.06219486829139442,0,0,0,0,1.2897992248476962,1,0,-0.5812496977647484,-0.5874223568598589,-0.802843797875707,0,0
3.632381038562752,1.155755632643186,1.5073917131949022,1,1,1,0,-1.1054528933763157,0,1,0.8908896802802034,0.7125441313500638,1.5645540580054782,1,1
-0.42843859313750426,-0.19844712981526558,-0.6329536251955021,0,0,0,0,0.17315144019522097,1,0,-0.33589313475725646,-0.5874223568598589,-0.5097108086451357,0,0
-0.4418288559138411,-0.4241475902250075,-0.6686260475020089,1,1,1,1,-1.116818265230285,0,1,1.1362462432876954,1.3625273754550251,1.508719202913941,1,1
-0.42262784289976435,-0.19844712981526558,-1.0966951151800899,0,0,0,0,0.4743337943254051,1,0,-0.8266062607722404,-0.5874223568598589,-0.4064163267257916,0,0
-0.4416816389872355,-0.4241475902250075,-0.9540054259540629,1,1,1,1,-1.119659608193777,0,1,0.4001765542652195,1.3625273754550251,1.371923807939674,1,1
-0.4242985587275022,-0.19844712981526558,-0.9896778482605697,0,0,0,0,0.27401911539919777,1,1,-0.5812496977647484,-0.5874223568598589,-0.7553841710479002,0,0
-0.4101202928153545,-0.6498480506347494,-0.8826605813410494,0,0,0,0,1.2855372104024578,1,0,-0.8266062607722404,-0.5874223568598589,-0.4343337542715603,0,0
0.9635208063372486,2.284257934691896,1.4717192908883954,1,1,1,0,-1.0926668500406003,0,1,2.3630290583251554,0.06256088724510249,1.31329721009356,1,1
0.8818550624967192,3.4127602367406054,2.18516773701853,1,0,1,0,-1.119659608193777,0,0,2.117672495317663,1.3625273754550251,1.3105054673389829,1,1
-0.4243872814619365,-0.4241475902250075,-0.49026393596947526,0,0,0,0,0.2569710576182439,1,0,-0.8266062607722404,-0.5874223568598589,-0.4482924680444446,0,0
-0.4280170620043236,-0.4241475902250075,-1.0253502705670765,0,0,0,0,0.7186892891857433,1,0,-0.33589313475725646,-0.5874223568598589,-0.8363447109306296,0,0
-0.41370846003982115,-0.4241475902250075,-0.27622940213043484,0,0,0,0,0.10922122351664414,1,0,-0.8266062607722404,-0.5874223568598589,-0.760967656557054,0,0
-0.4104122730531222,-0.4241475902250075,-0.8113157367280359,0,0,0,0,0.30953590244285156,1,0,-0.33589313475725646,-0.5874223568598589,-0.8447199391943601,0,0
-0.3931703247536948,-0.4241475902250075,-0.16921213521091455,0,0,0,0,0.1603653968595056,1,0,-0.8266062607722404,-0.5874223568598589,-0.7358419717658622,0,0
-0.43937484789194386,-0.4241475902250075,-0.6686260475020089,0,0,0,0,-0.02290122428574797,1,0,-0.33589313475725646,-0.5874223568598589,-0.8000520551211302,0,0
-0.39035534082776074,-0.6498480506347494,0.009149976321619119,0,0,0,0,1.6165536656493114,1,0,-0.33589313475725646,-0.5874223568598589,-0.7665511420662078,0,0
-0.2175811631849845,0.02725333059447637,-0.026522445984887653,1,1,0,0,0.8025089066087662,1,0,-0.5812496977647484,-0.5874223568598589,-0.719091515238401,0,0
-0.4414362774428929,-0.4241475902250075,-0.7042984698085157,1,1,1,1,-1.1082942363398078,0,1,1.8723159323101712,2.0125106195599867,1.6259723986061692,1,1
-0.4370295841064993,-0.4241475902250075,-1.061022692873583,1,1,1,0,-1.1225009511572694,1,1,1.6269593693026794,1.3625273754550251,1.4947604891410566,1,1
-0.4297818985204712,-0.6498480506347494,-1.0966951151800899,0,0,0,0,-0.8497320266620083,1,0,-0.8266062607722404,-0.5874223568598589,-0.5795043775095574,0,0
-0.43607237964970985,-0.4241475902250075,0.04482239862812589,0,0,0,0,1.0426023870238659,1,0,-0.5812496977647484,-0.5874223568598589,-0.4566676963081753,0,0
-0.4151955472877729,-0.19844712981526558,-0.7399708921150225,0,0,0,0,0.7371580184484432,1,0,-0.5812496977647484,-0.5874223568598589,-0.5069190658905589,0,0
3.2860947338964355,2.058557474282154,2.0068056254859963,1,1,1,1,-1.0699361063326618,0,1,0.4001765542652195,1.3625273754550251,1.397049492730866,1,1
-0.42150683507597175,-0.19844712981526558,-0.20488455751742132,0,0,0,0,0.10353853758965953,1,0,-0.5812496977647484,-0.5874223568598589,-0.439917239780714,0,0
-0.4409455543542076,-0.6498480506347494,-0.8469881590345426,0,1,1,1,-1.1210802796755233,0,1,1.8723159323101712,0.7125441313500638,1.6427228551336306,1,1
0.21264587756100714,1.381456093052928,2.4348746931640775,1,1,0,1,-1.089825507077108,0,1,2.853742184340139,1.3625273754550251,1.759976050825859,1,1
-0.37739239971705096,-0.6498480506347494,-0.525936358275982,0,0,0,0,0.16746875426823638,1,0,-0.33589313475725646,-0.5874223568598589,-0.6911740876926322,0,0
-0.4366953035384869,-0.19844712981526558,-0.3832466690499551,1,0,0,0,-0.10387949874527862,1,0,-0.5812496977647484,-0.5874223568598589,-0.6157970333190568,0,0
0.981897011983863,0.47865425141396023,2.363529848551064,0,1,1,0,-1.1026115504128233,0,1,2.853742184340139,2.6624938636649476,1.7683512790895897,1,1
-0.2261307371252945,-0.4241475902250075,0.6155811555322337,1,0,0,0,2.285689933551749,1,0,-0.5812496977647484,-0.5874223568598589,-0.6967575732017861,0,0
-0.4370295841064993,-0.4241475902250075,-1.0253502705670765,1,1,1,1,-1.126762965602508,0,1,1.6269593693026794,1.3625273754550251,1.263045840511176,1,1
-0.4405019406820362,-0.6498480506347494,-0.31190182443694153,0,0,0,0,-0.5812251166119856,0,0,-0.8266062607722404,-0.5874223568598589,-0.7218832579929778,0,0
-0.22369331554379485,-0.4241475902250075,-0.27622940213043484,1,1,0,0,1.1022705892572042,1,0,-0.5812496977647484,-0.5874223568598589,-0.6465062036194024,0,0
-0.4164941968696696,-0.6498480506347494,-0.525936358275982,0,0,0,0,-0.9434963444572543,1,0,-0.33589313475725646,-0.5874223568598589,-0.6018383195461724,0,0
-0.3252365832484626,-0.4241475902250075,0.5799087332257269,1,0,0,0,1.052547087396089,1,0,-0.5812496977647484,-0.5874223568598589,-0.7302584862567084,0,0
-0.38960051057274503,-0.6498480506347494,-0.5972812028889956,0,0,0,0,0.6377110147262126,1,0,-0.5812496977647484,-0.5874223568598589,-0.48179338109936704,0,0
-0.4199587018757875,-0.6498480506347494,-0.8113157367280359,0,0,0,0,-0.800008524800893,1,0,-0.33589313475725646,-0.5874223568598589,-0.7414254572750159,0,0
-0.4370295841064993,-0.4241475902250075,-1.0966951151800899,1,1,1,1,-1.109714907821554,0,1,1.8723159323101712,0.7125441313500638,1.4110082065037504,1,1
-0.4351929057301681,-0.19844712981526558,-0.4189190913564617,0,0,0,0,-0.11808621356274014,1,0,-0.5812496977647484,-0.5874223568598589,-0.5432117217000583,0,0
1.3071173596098642,1.60715655346267,1.4003744462753818,1,1,1,0,-1.1139769222667926,0,0,0.4001765542652195,0.06256088724510249,1.3160889528481368,1,1
2.584316748287771,1.60715655346267,1.7570986693404496,1,1,1,0,-1.118238936712031,0,1,1.8723159323101712,1.3625273754550251,1.4919687463864795,1,1
-0.4416816389872355,-0.4241475902250075,-0.9896778482605697,0,1,1,1,-1.128183637084254,0,1,0.8908896802802034,0.7125441313500638,1.419383434767481,1,1
-0.4418288559138411,-0.4241475902250075,-1.0253502705670765,1,1,1,1,-1.1296043085660001,0,0,0.6455331172727115,0.7125441313500638,1.715308166752629,1,1
-0.42933082585735177,-0.6498480506347494,-0.06219486829139442,0,0,0,0,1.1676214774175273,1,0,-0.33589313475725646,-0.5874223568598589,-0.6409227181102487,0,0
-0.4416816389872355,-0.4241475902250075,-0.8113157367280359,1,1,0,0,-1.128183637084254,0,1,0.1548199912577275,1.3625273754550251,1.3272559238664443,1,1
-0.37276164221836366,-0.19844712981526558,0.11616724324113924,1,0,0,0,2.091057940552526,1,0,-0.5812496977647484,-0.5874223568598589,-0.8307612254214757,0,0
-0.42922551668251985,-0.19844712981526558,-0.9540054259540629,0,0,0,0,1.5256306908175576,1,0,-0.8266062607722404,-0.5874223568598589,-0.7386337145204391,0,0
-0.40456992024847105,-0.6498480506347494,-0.7399708921150225,0,0,0,0,0.04671167831981347,1,0,-0.8266062607722404,-0.5874223568598589,-0.5460034644546351,0,0
-0.41691572800285026,-0.6498480506347494,-0.6686260475020089,0,0,0,0,1.015609628870689,1,0,-0.5812496977647484,-0.5874223568598589,-0.8838043377584363,0,0
-0.4385470961859496,-0.4241475902250075,-0.6329536251955021,0,0,0,0,0.28538448725316695,1,0,-0.8266062607722404,-0.5874223568598589,-0.4287502687624066,0,0
-0.375559745270047,-0.4241475902250075,0.009149976321619119,0,0,0,0,0.9942995566444967,1,0,-0.33589313475725646,-0.5874223568598589,-0.8726373667401287,0,0
-0.44163354812454436,-0.4241475902250075,-0.7042984698085157,0,0,0,0,-0.5116122140064242,1,0,-0.8266062607722404,-0.5874223568598589,-0.40362458397121476,0,0
-0.4058564980423861,-0.4241475902250075,-0.7756433144215291,0,0,0,0,0.7684127910468586,0,0,-0.33589313475725646,-0.5874223568598589,-0.6688401456560173,0,0
-0.4409455543542076,-0.4241475902250075,-0.9896778482605697,1,1,1,1,-1.1082942363398078,0,1,0.6455331172727115,2.0125106195599867,1.5813045145329394,1,1
-0.38793882404983904,-0.19844712981526558,-0.9183330036475561,0,0,0,0,0.8110329354992432,1,0,-0.33589313475725646,-0.5874223568598589,-0.7107162869746704,0,0
-0.4253248569951785,-0.19844712981526558,-0.026522445984887653,1,0,1,0,0.24418501428252856,1,0,-0.5812496977647484,-0.5874223568598589,-0.7553841710479002,0,0
-0.07580007437739177,3.1870597763308637,1.8641159362599693,1,1,0,1,-1.089825507077108,0,0,0.6455331172727115,0.06256088724510249,1.7962687066353582,1,1
-0.3865610699060463,-0.4241475902250075,-0.026522445984887653,0,0,0,0,1.4617004741389807,1,0,-0.5812496977647484,-0.5874223568598589,-0.43154201151698346,0,0
0.20157437952332583,0.9300551722334441,1.4003744462753818,1,0,0,0,-1.0969288644858386,0,1,2.6083856213326473,2.0125106195599867,1.4584678333315568,1,1
-0.0750943164312446,2.284257934691896,1.7570986693404496,1,0,1,1,-1.071356777814408,0,1,1.8723159323101712,0.06256088724510249,1.478010032613595,1,1
1.8917896780577668,1.60715655346267,1.5787365578079158,1,1,1,1,-1.0940875215223465,0,0,1.1362462432876954,2.0125106195599867,1.5589705724963245,0,1
-0.4371176198286094,-0.19844712981526558,-0.525936358275982,0,0,0,0,0.056656378692036526,1,0,-0.8266062607722404,-0.5874223568598589,-0.5599621782275194,0,0
-0.4414362774428929,-0.4241475902250075,-1.061022692873583,1,1,0,0,-1.1082942363398078,0,1,0.1548199912577275,2.0125106195599867,1.3021302390752525,1,1
-0.4172039787451439,0.02725333059447637,0.9009605339842874,1,0,0,0,0.09927652314442108,1,0,-0.5812496977647484,-0.5874223568598589,-0.5739208920004037,0,0
-0.431759807001726,-0.19844712981526558,-0.0978672905979012,0,0,0,0,1.0710158166587889,1,0,-0.33589313475725646,-0.5874223568598589,-0.4650429245719059,0,0
-0.23612156477707313,0.02725333059447637,-0.31190182443694153,1,0,1,0,2.1990289731652335,1,0,-0.5812496977647484,-0.5874223568598589,-0.6939658304472092,0,0
-0.4414362774428929,-0.4241475902250075,-1.0966951151800899,1,1,0,0,-1.1239216226390156,0,1,0.1548199912577275,2.0125106195599867,1.3998412354854428,1,1
-0.43285519908028924,-0.4241475902250075,-0.5616087805824888,0,0,0,0,1.5895609074961345,1,0,-0.8266062607722404,-0.5874223568598589,-0.6967575732017861,0,0
-0.13673119740708534,-0.4241475902250075,0.22318451016065954,0,0,0,0,0.5965115417555742,1,0,-0.5812496977647484,-0.5874223568598589,-0.6800071166743248,0,0
1.7503808517852506,0.47865425141396023,2.1494953147120235,0,1,1,0,-1.081301478186631,0,1,1.3816028062951873,2.6624938636649476,1.7488090798075515,1,1
-0.422069988892547,-0.6498480506347494,-0.5972812028889956,0,0,0,0,0.5936701987920819,1,0,-0.5812496977647484,-0.5874223568598589,-0.8000520551211302,0,0
-0.4278246004089412,-0.4241475902250075,-0.9183330036475561,0,0,0,0,0.021139591648382732,1,0,-0.5812496977647484,-0.5874223568598589,-0.5097108086451357,0,0
-0.435852830139832,-0.6498480506347494,0.04482239862812589,0,0,0,0,-0.2956701487810091,1,0,-0.33589313475725646,-0.5874223568598589,-0.4985438376268283,0,0
2.2124868346861204,3.6384606971503475,1.5073917131949022,1,1,1,0,-1.1225009511572694,0,1,2.853742184340139,0.7125441313500638,1.397049492730866,1,1
-0.3967346428360513,-0.19844712981526558,-0.8826605813410494,0,0,0,0,-0.7318162936770777,1,0,-0.33589313475725646,-0.5874223568598589,-0.4147915549895222,0,0
-0.4406630941443604,-0.6498480506347494,0.04482239862812589,0,0,0,0,-0.7474436799762854,1,0,-0.5812496977647484,-0.5874223568598589,-0.7777181130845152,0,0
-0.3812379021292241,-0.4241475902250075,-0.49026393596947526,0,0,0,0,0.2313989709468132,1,0,-0.33589313475725646,-0.5874223568598589,-0.4762098955902133,0,0
-0.36039296676805177,-0.4241475902250075,-0.9540054259540629,0,0,0,0,-0.42921326806514737,1,0,-0.8266062607722404,-0.5874223568598589,-0.5320447506817507,0,0
-0.42924828623383493,-0.6498480506347494,0.009149976321619119,0,0,0,0,0.17741345464045943,1,0,-0.8266062607722404,-0.5874223568598589,-0.8307612254214757,0,0
1.9735980260278683,0.47865425141396023,1.6144089801144224,1,1,1,1,-1.0827221496683772,0,1,1.1362462432876954,2.6624938636649476,1.592471485551247,1,1
-0.4339217366412378,-0.6498480506347494,-0.8826605813410494,0,0,0,0,-0.4377372969556243,1,0,-0.33589313475725646,-0.5874223568598589,-0.4678346673264827,0,0
2.868691367048584,0.47865425141396023,2.2565125816315437,1,0,1,1,-1.119659608193777,0,1,1.8723159323101712,1.3625273754550251,1.3412146376393288,0,1
2.967549398011966,0.9300551722334441,2.0424780477925033,1,0,1,1,-1.081301478186631,0,1,1.1362462432876954,0.06256088724510249,1.7543925653167054,1,1
3.7919048095094667,2.9613593159211216,1.8284435139534625,1,1,1,0,-1.1139769222667926,1,1,2.6083856213326473,1.3625273754550251,1.394257749976289,1,1
-0.423001970182578,-0.4241475902250075,-0.16921213521091455,0,0,0,0,0.3507353754134899,1,0,-0.5812496977647484,-0.5874223568598589,-0.8363447109306296,0,0
-0.21876616129954166,0.02725333059447637,-0.3832466690499551,1,0,0,0,0.27401911539919777,1,0,-0.5812496977647484,-0.5874223568598589,-0.6967575732017861,0,0
-0.42288645396750146,-0.4241475902250075,-0.9183330036475561,0,0,0,0,0.7925642062365431,1,0,-0.33589313475725646,-0.5874223568598589,-0.7442172000295928,0,0
-0.43802349465032236,-0.4241475902250075,-0.6686260475020089,0,0,0,0,-0.3809104376857782,1,0,-0.8266062607722404,-0.5874223568598589,-0.6967575732017861,0,0
-0.43014611319689344,-0.6498480506347494,-0.4189190913564617,0,0,0,0,-0.30135283470799373,1,0,-0.8266062607722404,-0.5874223568598589,-0.5571704354729425,0,0
1.5011084407150361,0.7043547118237021,2.4348746931640775,1,1,0,1,-1.099770207449331,0,1,2.853742184340139,2.6624938636649476,1.508719202913941,1,1
2.3445664261750236,1.381456093052928,1.935460780872983,1,0,1,0,-1.0827221496683772,0,1,0.6455331172727115,2.0125106195599867,1.436133891294942,1,1
-0.3953103681434512,-0.4241475902250075,-0.3832466690499551,0,0,0,0,-0.622424589582624,1,0,-0.33589313475725646,-0.5874223568598589,-0.6520896891285561,0,0
-0.4304787253064043,-0.4241475902250075,-0.5972812028889956,0,0,0,0,0.17031009723172866,1,0,-0.33589313475725646,-0.5874223568598589,-0.6381309753556718,0,0
-0.4414362774428929,-0.4241475902250075,-0.7399708921150225,1,1,1,1,-1.1054528933763157,0,1,0.1548199912577275,0.7125441313500638,1.3998412354854428,1,1
1.7743047800940697,2.058557474282154,2.0068056254859963,1,0,0,0,-1.0841428211501234,0,0,1.8723159323101712,2.6624938636649476,1.5115109456685176,1,1
-0.4401948461731369,-0.19844712981526558,-0.9183330036475561,0,0,0,0,-0.6337899614365933,1,0,-0.5812496977647484,-0.5874223568598589,-0.8614703957218213,0,0
-0.4398203263118523,-0.6498480506347494,-0.20488455751742132,0,0,0,0,0.14047599611505948,1,0,-0.33589313475725646,-0.5874223568598589,-0.41758329774409914,0,0
-0.44073984323543075,-0.4241475902250075,-1.0966951151800899,0,0,0,0,0.5581534117484281,1,0,-0.5812496977647484,-0.5874223568598589,-0.4371254970261372,0,0
-0.41578039106486797,-0.19844712981526558,-0.27622940213043484,0,0,0,0,1.1733041633445118,1,0,-0.33589313475725646,-0.5874223568598589,-0.6102135478099031,0,0
-0.4418288559138411,-0.4241475902250075,-0.7042984698085157,1,1,1,1,-1.109714907821554,0,1,1.1362462432876954,0.7125441313500638,1.3272559238664443,1,1
-0.4143610236031548,-0.6498480506347494,-0.3475742467434483,0,0,0,0,-0.3297662643429167,1,0,-0.33589313475725646,-0.5874223568598589,-0.48179338109936704,0,0
-0.4348756041810242,-0.4241475902250075,-0.7042984698085157,0,0,0,0,1.1804075207532425,1,0,-0.5812496977647484,-0.5874223568598589,-0.7525924282933234,0,0
-0.43058324932429426,0.02725333059447637,0.9366329562907942,1,0,0,0,-0.18911978765004772,1,0,-0.5812496977647484,-0.5874223568598589,-0.7888850841028227,0,0
-0.43799630859120925,-0.6498480506347494,-1.061022692873583,0,0,0,0,-0.2019058309857631,1,0,-0.5812496977647484,-0.5874223568598589,-0.5571704354729425,0,0
-0.4409455543542076,-0.4241475902250075,-0.7399708921150225,1,1,1,0,-1.1082942363398078,0,1,1.8723159323101712,2.0125106195599867,1.4500926050678264,1,1
-0.4290130335851192,-0.4241475902250075,-0.5972812028889956,0,0,0,0,-0.23031926062068614,1,0,-0.8266062607722404,-0.5874223568598589,-0.4678346673264827,0,0
-0.42912217040004275,-0.6498480506347494,-0.5616087805824888,0,0,0,0,1.3139506400373808,1,0,-0.5812496977647484,-0.5874223568598589,-0.7665511420662078,0,0
-0.4369745249759488,-0.6498480506347494,-0.06219486829139442,0,0,0,0,0.4956438665515974,1,0,-0.5812496977647484,-0.5874223568598589,-0.8530951674580907,0,0
-0.3283321626365069,-0.4241475902250075,0.722598422451754,1,0,1,0,-0.39227580953974744,1,0,-0.5812496977647484,-0.5874223568598589,-0.7498006855387466,0,0
-0.43407572554646723,-0.6498480506347494,0.009149976321619119,0,0,0,0,-0.3297662643429167,1,0,-0.8266062607722404,-0.5874223568598589,-0.5767126347549807,0,0
3.375872522971403,2.9613593159211216,1.7927710916469557,0,1,1,0,-1.109714907821554,0,1,2.3630290583251554,2.6624938636649476,1.7320586232800905,1,1
-0.4370295841064993,-0.6498480506347494,-1.0253502705670765,1,1,1,1,-1.1253422941207618,0,1,1.8723159323101712,1.3625273754550251,1.7013494529797446,1,1
-0.4317178011053346,-0.6498480506347494,-0.27622940213043484,0,0,0,0,0.4345549928365129,1,0,-0.33589313475725646,-0.5874223568598589,-0.5934630912824418,0,0
-0.43631931150793624,-0.4241475902250075,-1.0253502705670765,0,0,0,0,-0.6962995066334239,1,0,-0.5812496977647484,-0.5874223568598589,-0.6241722615827874,0,0
-0.420875961473158,-0.19844712981526558,-1.0253502705670765,0,0,0,0,-0.5172948999334088,1,0,-0.8266062607722404,-0.5874223568598589,-0.7888850841028227,0,0
-0.4418288559138411,-0.4241475902250075,-0.7756433144215291,1,1,1,1,-1.1296043085660001,0,1,0.6455331172727115,1.3625273754550251,1.288171525302368,1,1
-0.41659980047835465,-0.6498480506347494,-0.5972812028889956,0,0,0,0,-0.7446023370127931,1,0,-0.8266062607722404,-0.5874223568598589,-0.7274667435021316,0,0
-0.4042652793550152,-0.4241475902250075,-0.026522445984887653,0,0,0,0,0.9644654555278275,0,0,-0.33589313475725646,-0.5874223568598589,-0.867053881230975,0,0
-0.441372777875217,-0.6498480506347494,-0.0978672905979012,0,0,0,0,1.2088209503881655,1,0,-0.8266062607722404,-0.5874223568598589,-0.719091515238401,0,0
-0.4417788021587952,-0.4241475902250075,-0.5972812028889956,0,0,0,0,0.6945378739960587,1,0,-0.5812496977647484,-0.5874223568598589,-0.4706264100810596,0,0
-0.3107022486631649,0.02725333059447637,0.2945293547736731,1,0,0,0,-0.3127182065619629,1,0,-0.5812496977647484,-0.5874223568598589,-0.6297557470919412,0,0
-0.4217037131791523,-0.19844712981526558,-0.026522445984887653,0,0,0,0,-0.6067972032834164,1,0,-0.8266062607722404,-0.5874223568598589,-0.5934630912824418,0,0
-0.4370295841064993,-0.4241475902250075,-0.9183330036475561,1,1,1,0,-1.1040322218945695,0,1,0.1548199912577275,0.7125441313500638,1.271421068774907,1,1
-0.43528378764619263,-0.4241475902250075,-0.7399708921150225,0,0,0,0,-0.17349240135084007,1,0,-0.5812496977647484,-0.5874223568598589,-0.8810125950038594,0,0
-0.42050644698737794,-0.19844712981526558,-0.16921213521091455,0,0,0,0,0.809612264017497,1,0,-0.8266062607722404,-0.5874223568598589,-0.7916768268573996,0,0
-0.42788280016725927,-0.4241475902250075,-0.7756433144215291,0,0,0,0,1.6478084382477267,1,0,-0.8266062607722404,-0.5874223568598589,-0.7749263703299383,0,0
-0.415660949065082,-0.6498480506347494,-0.4189190913564617,0,0,0,0,1.139208047782604,1,0,-0.8266062607722404,-0.5874223568598589,-0.5432117217000583,0,0
-0.4398641969559808,-0.19844712981526558,-0.3475742467434483,0,0,0,0,0.566677440638905,1,0,-0.5812496977647484,-0.5874223568598589,-0.45945943906275216,0,0
-0.43916089262527713,-0.4241475902250075,-0.5972812028889956,0,0,0,0,0.5396846824857281,1,0,-0.33589313475725646,-0.5874223568598589,-0.783301598593669,0,0
-0.43884378736536866,-0.4241475902250075,-0.2405569798239281,0,0,0,0,0.30669455947935925,1,0,-0.5812496977647484,-0.5874223568598589,-0.6018383195461724,0,0
-0.43601771309763027,-0.6498480506347494,-0.9896778482605697,0,0,0,0,1.7003732830723344,1,0,-0.8266062607722404,-0.5874223568598589,-0.44550072528986784,0,0
-0.43499112039610077,-0.4241475902250075,-1.0253502705670765,0,0,0,0,1.4261836870953268,1,0,-0.33589313475725646,-0.5874223568598589,-0.7916768268573996,0,0
0.324613870272469,0.2529537910042183,2.3278574262445573,1,1,0,1,-1.1082942363398078,0,1,2.117672495317663,2.0125106195599867,1.3244641811118674,1,1
-0.16241289581957505,-0.4241475902250075,0.6155811555322337,1,0,0,0,0.009774219794413518,1,0,-0.5812496977647484,-0.5874223568598589,-0.5571704354729425,0,0
-0.3760100327762246,0.02725333059447637,0.5085638886127135,1,0,0,0,0.7641507766016201,1,0,-0.5812496977647484,-0.5874223568598589,-0.7330502290112852,0,0
-0.3928147468036335,-0.4241475902250075,-0.8113157367280359,0,0,0,0,1.5057412900731115,1,0,-0.33589313475725646,-0.5874223568598589,-0.8698456239855519,0,0
3.291309942593746,3.4127602367406054,2.220840159325037,0,1,0,1,-1.0827221496683772,0,1,1.8723159323101712,1.3625273754550251,1.6455145978882073,1,1
-0.42585473978634086,-0.4241475902250075,-0.026522445984887653,0,0,0,0,0.14189666759680564,1,0,-0.5812496977647484,-0.5874223568598589,-0.8391364536852063,0,0
-0.1187477665206545,0.02725333059447637,-0.3475742467434483,1,0,0,0,2.2927932909604793,1,0,-0.5812496977647484,-0.5874223568598589,-0.7023410587109398,0,0
0.4259158003621213,1.155755632643186,1.5073917131949022,1,1,0,1,-1.1040322218945695,0,0,0.8908896802802034,0.7125441313500638,1.4082164637491734,1,1
-0.4350387205357032,-0.6498480506347494,-0.7042984698085157,0,0,0,0,-0.23600194654767073,1,0,-0.8266062607722404,-0.5874223568598589,-0.5180860369088663,0,0
-0.2246447294681378,-0.19844712981526558,0.6869260001452472,1,1,0,0,-0.004432495023048,1,0,-0.5812496977647484,-0.5874223568598589,-0.56833740649125,0,0
-0.44119827674488055,-0.4241475902250075,-0.3475742467434483,0,0,0,0,-0.9619650737199543,1,0,-0.5812496977647484,-0.5874223568598589,-0.56833740649125,0,0
-0.42503955059141696,0.02725333059447637,0.5799087332257269,1,0,0,0,2.3567235076390562,1,0,-0.5812496977647484,-0.5874223568598589,-0.6213805188282105,0,0
2.4777011704492176,3.6384606971503475,1.6500814024209292,1,0,1,1,-1.091246178558854,1,1,1.6269593693026794,2.0125106195599867,1.3635485796759437,1,1
-0.40445921311966365,-0.6498480506347494,-0.8826605813410494,0,0,0,0,-0.5045088565976934,1,1,-0.33589313475725646,-0.5874223568598589,-0.45945943906275216,0,0
-0.4374358046793129,-0.19844712981526558,-1.061022692873583,0,0,0,0,1.2997439252199192,1,0,-0.33589313475725646,-0.5874223568598589,-0.8614703957218213,0,0
-0.37298119172824146,-0.19844712981526558,0.04482239862812589,0,0,0,0,-0.528660271787378,1,0,-0.8266062607722404,-0.5874223568598589,-0.5180860369088663,0,0
-0.41135779830040103,-0.4241475902250075,-0.3475742467434483,0,0,0,0,-0.959123730756462,1,0,-0.5812496977647484,-0.5874223568598589,-0.4985438376268283,0,0
-0.4370295841064993,-0.4241475902250075,-0.9540054259540629,1,0,1,1,-1.1239216226390156,0,1,1.1362462432876954,0.7125441313500638,1.288171525302368,1,1
-0.43725325569032203,-0.6498480506347494,-0.5616087805824888,0,0,0,0,0.9587827696008429,0,0,-0.33589313475725646,-0.5874223568598589,-0.6520896891285561,0,0
-0.4397459326916076,-0.6498480506347494,-0.31190182443694153,0,0,0,0,0.22429561353808244,1,0,-0.33589313475725646,-0.5874223568598589,-0.7581759138024772,0,0
-0.4370295841064993,-0.6498480506347494,-0.8469881590345426,1,1,1,0,-1.1239216226390156,0,1,1.1362462432876954,2.0125106195599867,1.2686293260203299,1,1
-0.4409455543542076,-0.4241475902250075,-0.7399708921150225,1,1,1,1,-1.1310249800477463,0,1,1.3816028062951873,0.7125441313500638,1.6818072536977065,1,1
3.2459520149280974,2.9613593159211216,2.220840159325037,1,1,1,0,-1.1153975937485388,0,1,1.1362462432876954,0.06256088724510249,1.6371393696244767,1,1
-0.02036642396562132,2.284257934691896,1.4003744462753818,0,1,1,0,-1.0869841641136155,0,1,2.3630290583251554,0.06256088724510249,1.4333421485403652,1,1
-0.4276864127871674,-0.4241475902250075,-0.525936358275982,0,0,0,0,0.9204246395936968,1,0,-0.33589313475725646,-0.5874223568598589,-0.7805098558390922,0,0
2.683266642613355,3.6384606971503475,2.07815047009901,0,1,1,0,-1.0841428211501234,1,1,1.1362462432876954,2.0125106195599867,1.4082164637491734,1,1
-0.43692555081169804,-0.6498480506347494,-0.7042984698085157,0,0,0,0,1.2727511670667424,1,0,-0.5812496977647484,-0.5874223568598589,-0.7805098558390922,0,0
-0.4343196149215438,-0.4241475902250075,-0.31190182443694153,0,0,0,0,-0.7559677088667622,1,0,-0.33589313475725646,-0.5874223568598589,-0.7135080297292472,0,0
-0.43046900898924834,-0.6498480506347494,-0.06219486829139442,0,0,0,0,1.47306584599295,1,0,-0.33589313475725646,-0.5874223568598589,-0.4734181528356365,0,0
-0.43685145162530653,-0.6498480506347494,-0.49026393596947526,0,0,0,0,1.1349460333373658,1,0,-0.33589313475725646,-0.5874223568598589,-0.5460034644546351,0,0
-0.2924828781156941,-0.19844712981526558,-0.2405569798239281,1,0,0,0,2.174877557975549,1,0,-0.5812496977647484,-0.5874223568598589,-0.6213805188282105,0,0
-0.40191913226801107,-0.6498480506347494,-0.5616087805824888,0,0,0,0,1.0894845459214888,1,0,-0.5812496977647484,-0.5874223568598589,-0.7498006855387466,0,0
-0.43669795344316575,-0.19844712981526558,-0.06219486829139442,0,0,0,0,0.39477619134762065,1,0,-0.5812496977647484,-0.5874223568598589,-0.6688401456560173,0,0
-0.4161846487453269,-0.6498480506347494,-0.3832466690499551,0,0,0,0,0.048132349801559615,1,0,-0.8266062607722404,-0.5874223568598589,-0.40362458397121476,0,0
-0.43997470779555276,-0.6498480506347494,-0.13353971290440778,0,0,0,0,0.9644654555278275,1,0,-0.33589313475725646,-0.5874223568598589,-0.8614703957218213,0,0
-0.42532760504447514,-0.19844712981526558,-0.8469881590345426,0,0,0,0,0.3663627617126976,1,0,-0.5812496977647484,-0.5874223568598589,-0.7777181130845152,0,0
-0.43001322538447745,-0.19844712981526558,-0.026522445984887653,0,0,0,0,0.24844702872776703,1,0,-0.5812496977647484,-0.5874223568598589,-0.719091515238401,0,0
-0.38484687601265094,-0.19844712981526558,-0.16921213521091455,1,0,0,0,0.4373963358000052,1,0,-0.5812496977647484,-0.5874223568598589,-0.7553841710479002,0,0
-0.35252412389636595,-0.19844712981526558,0.18751208785415277,1,0,0,0,-0.2786220910000553,1,0,-0.5812496977647484,-0.5874223568598589,-0.5460034644546351,0,0
-0.4370295841064993,-0.6498480506347494,-0.6329536251955021,1,1,1,1,-1.1239216226390156,0,1,1.3816028062951873,2.0125106195599867,1.5226779166868252,1,1
-0.4321954709598608,-0.19844712981526558,0.5799087332257269,1,0,1,0,0.6192422854635127,1,0,-0.5812496977647484,-0.5874223568598589,-0.7330502290112852,1,0
-0.4416816389872355,-0.6498480506347494,-0.9540054259540629,1,1,1,0,-1.119659608193777,0,1,1.6269593693026794,2.0125106195599867,1.5980549710604004,1,1
-0.4040825340767889,-0.19844712981526558,-0.27622940213043484,0,0,0,0,0.9019559103309969,1,0,-0.5812496977647484,-0.5874223568598589,-0.7274667435021316,0,0
-0.4044944470374313,-0.19844712981526558,-0.4189190913564617,0,0,0,0,-0.5258189288238857,1,0,-0.33589313475725646,-0.5874223568598589,-0.7358419717658622,0,0
-0.4416816389872355,-0.4241475902250075,-0.8826605813410494,1,0,1,1,-1.1225009511572694,0,1,0.4001765542652195,0.7125441313500638,1.6706402826793991,1,1
-0.38925170460130754,-0.4241475902250075,0.6869260001452472,1,0,0,0,0.10211786610791339,1,0,-0.5812496977647484,-0.5874223568598589,-0.7246750007475548,0,0
-0.4414362774428929,-0.4241475902250075,-0.8113157367280359,1,1,1,1,-1.1296043085660001,0,1,0.6455331172727115,0.7125441313500638,1.5757210290237855,1,1
-0.4414362774428929,-0.4241475902250075,-0.8826605813410494,1,1,1,1,-1.1054528933763157,0,1,1.8723159323101712,1.3625273754550251,1.2965467535660986,1,1
2.138650381436329,3.1870597763308637,1.543064135501409,0,1,1,0,-1.128183637084254,1,0,1.1362462432876954,2.6624938636649476,1.7292668805255134,1,1
-0.4177949074885387,-0.19844712981526558,-0.6686260475020089,0,0,0,0,-0.18485777320480928,1,0,-0.33589313475725646,-0.5874223568598589,-0.632547489846518,0,0
-0.4414362774428929,-0.6498480506347494,-0.8826605813410494,0,1,1,1,-1.1239216226390156,0,1,0.6455331172727115,0.7125441313500638,1.397049492730866,1,1
-0.43456173769350115,-0.4241475902250075,-0.9183330036475561,0,0,0,0,1.5313133767445422,1,0,-0.33589313475725646,-0.5874223568598589,-0.5599621782275194,0,0
-0.4336862877032866,-0.19844712981526558,-0.6329536251955021,0,0,0,0,-0.3780690947222859,1,0,-0.33589313475725646,-0.5874223568598589,-0.6465062036194024,0,0
-0.4267158606623657,-0.19844712981526558,-0.6686260475020089,0,0,0,0,0.8053502495722585,1,0,-0.8266062607722404,-0.5874223568598589,-0.6967575732017861,0,0
-0.42467248972108035,-0.4241475902250075,-0.8469881590345426,0,0,0,0,0.678910487696851,1,0,-0.5812496977647484,-0.5874223568598589,-0.7916768268573996,0,0
-0.4416816389872355,-0.6498480506347494,-0.6329536251955021,1,1,1,1,-1.1225009511572694,0,1,0.8908896802802034,0.7125441313500638,1.3495898659030592,1,1
-0.4416816389872355,-0.6498480506347494,-0.6686260475020089,1,1,1,1,-1.109714907821554,0,1,1.6269593693026794,1.3625273754550251,1.3691320651850973,1,1
-0.4406771288246968,-0.6498480506347494,-1.0253502705670765,0,0,0,0,1.3111092970738885,1,0,-0.33589313475725646,-0.5874223568598589,-0.4650429245719059,0,0
-0.4370295841064993,-0.6498480506347494,-0.7399708921150225,1,1,1,1,-1.1153975937485388,0,1,0.1548199912577275,1.3625273754550251,1.2965467535660986,1,1
-0.4295207356926729,-0.19844712981526558,-0.9540054259540629,0,0,0,0,-0.45052334029133967,1,0,-0.8266062607722404,-0.5874223568598589,-0.5432117217000583,0,0
-0.44104487670735754,-0.4241475902250075,-1.061022692873583,0,0,0,0,0.5723601265658896,1,0,-0.8266062607722404,-0.5874223568598589,-0.802843797875707,0,0
-0.4409758810410883,-0.6498480506347494,-0.20488455751742132,0,0,0,0,1.4418110733945344,1,0,-0.8266062607722404,-0.5874223568598589,-0.6855906021834786,0,0
-0.43653905730704945,-0.4241475902250075,-1.061022692873583,0,0,0,0,-0.8483113551802621,1,0,-0.5812496977647484,-0.5874223568598589,-0.5180860369088663,0,0
-0.425834914573558,-0.6498480506347494,-0.7042984698085157,0,0,0,0,0.5240572961865204,1,0,-0.5812496977647484,-0.5874223568598589,-0.7581759138024772,0,0
0.20972617332794768,0.9300551722334441,1.6500814024209292,0,1,1,1,-1.0798808067048848,0,1,2.6083856213326473,0.7125441313500638,1.3384228948847516,1,1
-0.38494374475035736,-0.19844712981526558,-0.4189190913564617,0,0,0,0,-0.26725671914608606,1,0,-0.5812496977647484,-0.5874223568598589,-0.49575209487225136,0,0
-0.44009365907225,-0.6498480506347494,-0.525936358275982,0,0,0,0,1.0980085748119657,1,0,-0.5812496977647484,-0.5874223568598589,-0.5208777796634433,0,0
-0.42169566532049785,-0.6498480506347494,-0.3832466690499551,0,0,0,0,0.20156486983014402,1,0,-0.5812496977647484,-0.5874223568598589,-0.6716318884105942,0,0
-0.34117438586740007,-0.6498480506347494,-0.06219486829139442,0,0,0,0,-0.9463376874207466,1,0,-0.5812496977647484,-0.5874223568598589,-0.5711291492458269,0,0
-0.4416816389872355,-0.6498480506347494,-0.7399708921150225,1,1,1,1,-1.126762965602508,0,1,1.6269593693026794,0.7125441313500638,1.355173351412213,1,1
-0.43356763086044253,-0.6498480506347494,-0.49026393596947526,0,0,0,0,1.6350223949120113,0,0,-0.8266062607722404,-0.5874223568598589,-0.7498006855387466,0,0
-0.2124285707537893,-0.19844712981526558,0.5085638886127135,1,0,1,0,0.11206256648013645,1,0,-0.5812496977647484,-0.5874223568598589,-0.7162997724838241,0,0
1.4658761914059364,3.6384606971503475,1.5073917131949022,1,0,1,0,-1.0940875215223465,1,1,1.8723159323101712,1.3625273754550251,1.3830907789579818,1,1
-0.4395652484503537,-0.6498480506347494,-0.6686260475020089,0,0,0,0,0.7314753325214586,1,0,-0.33589313475725646,-0.5874223568598589,-0.5376282361909044,0,0
-0.4324247367868945,0.02725333059447637,0.11616724324113924,1,1,0,0,1.958935492750134,1,0,-0.5812496977647484,-0.5874223568598589,-0.5739208920004037,0,0
2.8924317649222355,1.155755632643186,1.4717192908883954,1,1,0,1,-1.099770207449331,0,1,2.6083856213326473,1.3625273754550251,1.3858825217125585,0,1
-0.4370295841064993,-0.4241475902250075,-0.8469881590345426,1,1,1,0,-1.1125562507850464,0,1,0.4001765542652195,0.7125441313500638,1.5813045145329394,1,1
-0.4407878359535042,-0.6498480506347494,0.04482239862812589,0,0,0,0,0.407562234683336,1,0,-0.5812496977647484,-0.5874223568598589,-0.5795043775095574,0,0
-0.2770128327448914,-0.4241475902250075,0.11616724324113924,1,0,0,0,0.17457211167696712,1,0,-0.5812496977647484,-0.5874223568598589,-0.6911740876926322,0,0
-0.034851686242050504,-0.19844712981526558,0.25885693246716635,1,0,1,0,-0.17349240135084007,1,0,-0.5812496977647484,-0.5874223568598589,-0.526461265172597,0,0
-0.4407958838121586,-0.19844712981526558,-0.8826605813410494,0,0,0,0,-0.051314653920671006,1,0,-0.33589313475725646,-0.5874223568598589,-0.4734181528356365,0,0
-0.418272577343065,-0.4241475902250075,-0.49026393596947526,0,0,0,0,1.2059796074246734,1,0,-0.8266062607722404,-0.5874223568598589,-0.5515869499637888,0,0
-0.17734029959890962,0.02725333059447637,-0.20488455751742132,1,0,0,0,0.44734103617222826,1,0,-0.5812496977647484,-0.5874223568598589,-0.7246750007475548,0,0
1.530393518767742,0.2529537910042183,1.7214262470339428,0,1,1,1,-1.099770207449331,0,0,0.8908896802802034,2.0125106195599867,1.4528843478224036,1,1
-0.3584475441552679,-0.4241475902250075,-0.3832466690499551,0,0,0,0,-0.21469187432147846,1,0,-0.5812496977647484,-0.5874223568598589,-0.7665511420662078,0,0
-0.441584770249529,-0.4241475902250075,-0.7756433144215291,0,0,0,0,0.7755161484555894,1,0,-0.33589313475725646,-0.5874223568598589,-0.7944685696119764,0,0
-0.4416816389872355,-0.4241475902250075,-0.8826605813410494,1,1,1,0,-1.1239216226390156,0,1,0.6455331172727115,1.3625273754550251,1.2909632680569447,1,1
-0.42462420256915373,-0.19844712981526558,-0.7756433144215291,0,0,0,0,1.5426787485985114,1,0,-0.8266062607722404,-0.5874223568598589,-0.5934630912824418,0,0
-0.4291136318182997,-0.6498480506347494,0.04482239862812589,0,0,0,0,-0.9449170159390005,1,0,-0.5812496977647484,-0.5874223568598589,-0.4287502687624066,0,0
3.0283459647707427,1.60715655346267,1.4717192908883954,1,0,0,1,-1.1111355793033002,0,0,1.8723159323101712,2.0125106195599867,1.6845989964522836,1,1
-0.43506551401634536,-0.6498480506347494,0.11616724324113924,0,0,0,0,-0.6735687629254855,1,0,-0.8266062607722404,-0.5874223568598589,-0.7079245442200935,0,0
-0.42061862628545144,-0.19844712981526558,-0.525936358275982,0,0,0,0,1.0653331307318044,1,0,-0.8266062607722404,-0.5874223568598589,-0.6520896891285561,0,0
0.8805972410758011,2.058557474282154,1.7570986693404496,0,0,1,0,-1.1139769222667926,0,1,2.853742184340139,0.7125441313500638,1.737642108789244,1,1
1.6454644517135781,2.73565885551138,1.7570986693404496,1,0,1,1,-1.1310249800477463,0,1,2.117672495317663,1.3625273754550251,1.5952632283058237,1,1
-0.4027177350225374,0.02725333059447637,0.7582708447582607,1,0,0,0,0.7797781629008278,1,0,-0.5812496977647484,-0.5874223568598589,-0.5460034644546351,0,0
-0.44138004057692953,-0.4241475902250075,-0.8113157367280359,0,0,0,0,1.2471790803953118,1,0,-0.5812496977647484,-0.5874223568598589,-0.7693428848207846,0,0
1.790845485099766,0.02725333059447637,2.0424780477925033,1,1,0,0,-1.1239216226390156,0,1,2.853742184340139,2.0125106195599867,1.508719202913941,1,1
-0.32636220386928877,-0.6498480506347494,-0.2405569798239281,0,0,0,0,1.4617004741389807,1,0,-0.8266062607722404,-0.5874223568598589,-0.825177739912322,0,0
-0.43396168150065684,-0.6498480506347494,-0.9896778482605697,0,0,0,0,-0.6096385462469086,1,0,-0.33589313475725646,-0.5874223568598589,-0.4119998122349453,0,0
-0.4414870182102629,-0.6498480506347494,-0.7756433144215291,0,0,0,0,0.7272133180762201,1,0,-0.33589313475725646,-0.5874223568598589,-0.6772153739197478,0,0
-0.3444819576297564,-0.4241475902250075,-0.4545915136629685,0,0,0,0,0.6064562421277973,1,0,-0.33589313475725646,-0.5874223568598589,-0.5125025513997127,0,0
1.1278185277799289,2.284257934691896,1.6500814024209292,1,1,0,0,-1.1239216226390156,0,1,2.6083856213326473,2.6624938636649476,1.3467981231484822,1,1
-0.4296842446258229,-0.4241475902250075,-0.13353971290440778,0,0,0,0,0.7399993614119356,1,0,-0.5812496977647484,-0.5874223568598589,-0.5990465767915957,0,0
-0.12637801982662153,-0.19844712981526558,-0.06219486829139442,1,0,0,0,1.6293397089850268,1,0,-0.5812496977647484,-0.5874223568598589,-0.6381309753556718,0,0
-0.4345880404510547,-0.6498480506347494,-0.9183330036475561,0,0,0,0,0.3436320180047592,1,0,-0.5812496977647484,-0.5874223568598589,-0.590671348527865,0,0
-0.42346629236909195,-0.4241475902250075,0.009149976321619119,0,0,0,0,1.174724834826258,1,0,-0.33589313475725646,-0.5874223568598589,-0.7162997724838241,0,0
-0.44014940521512463,-0.19844712981526558,-0.9183330036475561,0,0,0,0,1.4418110733945344,1,0,-0.33589313475725646,-0.5874223568598589,-0.38966587019833043,0,0
2.0341278357156347,2.73565885551138,1.7927710916469557,1,0,1,1,-1.1153975937485388,0,1,0.6455331172727115,1.3625273754550251,1.4305504057857883,0,1
-0.32042896914861313,-0.4241475902250075,0.6155811555322337,1,1,0,0,0.2839638157714208,1,0,-0.5812496977647484,-0.5874223568598589,-0.5934630912824418,0,0
0.24368234631723043,0.9300551722334441,2.399202270857571,0,1,1,0,-1.1210802796755233,0,1,2.117672495317663,2.0125106195599867,1.335631152130175,1,1
-0.4226478644017827,-0.19844712981526558,-0.6686260475020089,0,0,0,0,1.4872725608104116,1,0,-0.5812496977647484,-0.5874223568598589,-0.632547489846518,0,0
-0.4006398171758086,-0.4241475902250075,-0.6329536251955021,0,0,0,0,0.24560568576427472,1,0,-0.33589313475725646,-0.5874223568598589,-0.4203750404986759,0,0
-0.4212401761495802,-0.19844712981526558,-0.7042984698085157,0,0,0,0,-0.17633374431433235,1,0,-0.8266062607722404,-0.5874223568598589,-0.8865960805130131,0,0
0.7572130664291652,2.058557474282154,2.4348746931640775,1,0,1,1,-1.1253422941207618,0,1,0.4001765542652195,2.6624938636649476,1.3328394093755978,1,1
-0.4370295841064993,-0.6498480506347494,-0.6329536251955021,1,1,1,1,-1.1068735648580619,0,1,0.4001765542652195,1.3625273754550251,1.3021302390752525,1,1
0.4280821465094313,0.02725333059447637,1.9711332031794895,1,0,1,0,-1.0955081930040926,0,1,2.6083856213326473,2.6624938636649476,1.3384228948847516,1,1
-0.4285772714823667,-0.19844712981526558,-0.9540054259540629,0,0,0,0,0.31521858836983613,1,0,-0.33589313475725646,-0.5874223568598589,-0.5432117217000583,0,0
-0.4385642714940536,-0.4241475902250075,-0.16921213521091455,0,0,0,0,0.632028328799228,1,0,-0.5812496977647484,-0.5874223568598589,-0.5822961202641344,0,0
-0.4415081193030764,-0.6498480506347494,-0.7042984698085157,0,0,0,0,0.03818764942933655,1,0,-0.8266062607722404,-0.5874223568598589,-0.6576731746377098,0,0
-0.4353606348818807,-0.4241475902250075,-0.525936358275982,0,0,0,0,-0.44484065436435505,1,0,-0.8266062607722404,-0.5874223568598589,-0.439917239780714,0,0
-0.4285907172949967,-0.6498480506347494,-0.06219486829139442,0,0,0,0,-0.8838281422239159,1,0,-0.5812496977647484,-0.5874223568598589,-0.6185887760736337,0,0
-0.4390823769310875,-0.6498480506347494,-0.4189190913564617,0,0,0,0,-0.9193449292675697,1,0,-0.8266062607722404,-0.5874223568598589,-0.8754291094947056,0,0
-0.3814108329456768,-0.19844712981526558,-0.3475742467434483,0,0,0,0,-0.23031926062068614,1,0,-0.5812496977647484,-0.5874223568598589,-0.8223859971577452,0,0
-0.43323374287090105,-0.4241475902250075,-0.27622940213043484,1,1,0,0,1.147732076673081,1,0,-0.5812496977647484,-0.5874223568598589,-0.6967575732017861,0,0
2.1043648351099202,1.381456093052928,2.07815047009901,1,0,1,1,-1.128183637084254,0,0,2.117672495317663,0.06256088724510249,1.5533870869871707,1,1
2.8834067784536073,0.47865425141396023,1.6144089801144224,0,1,1,1,-1.1139769222667926,0,1,2.3630290583251554,2.6624938636649476,1.4221751775220577,0,1
-0.37575436604701956,0.02725333059447637,-0.27622940213043484,1,0,0,0,0.7201099606674894,1,0,-0.5812496977647484,-0.5874223568598589,-0.6772153739197478,0,0
-0.3689214396155483,-0.19844712981526558,0.43721904399969996,1,0,0,0,-0.46188871214530886,1,0,-0.5812496977647484,-0.5874223568598589,-0.7302584862567084,0,0
-0.43492575608068784,-0.4241475902250075,-0.7756433144215291,0,0,0,0,-0.5542323584588087,1,0,-0.33589313475725646,-0.5874223568598589,-0.45108421079902156,0,0
-0.3937208179145819,-0.19844712981526558,0.25885693246716635,1,0,0,0,-0.1308722568984555,1,0,-0.5812496977647484,-0.5874223568598589,-0.5515869499637888,0,0
2.706546840374437,0.9300551722334441,2.3278574262445573,1,1,1,1,-1.119659608193777,0,1,2.853742184340139,2.0125106195599867,1.7739347645987436,1,1
-0.32179936244607554,0.02725333059447637,0.151839665547646,1,0,0,0,1.6861665682548728,1,0,-0.5812496977647484,-0.5874223568598589,-0.5795043775095574,0,0
3.0216495575025437,2.284257934691896,1.5073917131949022,1,0,0,0,-1.119659608193777,0,1,2.3630290583251554,2.0125106195599867,1.5533870869871707,1,1
-0.4343917512155806,-0.4241475902250075,-0.7042984698085157,0,0,0,0,1.5554647919342268,1,0,-0.5812496977647484,-0.5874223568598589,-0.8838043377584363,0,0
-0.4418288559138411,-0.4241475902250075,-0.8469881590345426,1,1,1,1,-1.126762965602508,0,0,0.1548199912577275,0.7125441313500638,1.4054247209945967,1,1
3.4396677022358992,0.47865425141396023,1.899788358566476,0,1,0,0,-1.0884048355953617,0,1,0.8908896802802034,2.0125106195599867,1.5952632283058237,1,1
3.341875325531906,1.155755632643186,1.685753824727436,1,1,1,1,-1.0784601352231387,0,0,1.1362462432876954,2.6624938636649476,1.2965467535660986,1,1
-0.41566575815135115,-0.6498480506347494,-0.06219486829139442,0,0,0,0,-0.13939628578893243,1,0,-0.5812496977647484,-0.5874223568598589,-0.5627539209820963,0,0
-0.43394509506025924,-0.4241475902250075,-0.7399708921150225,0,0,0,0,-0.14507897171591702,1,0,-0.33589313475725646,-0.5874223568598589,-0.7386337145204391,0,0
-0.42989201678157224,-0.4241475902250075,-0.7399708921150225,0,0,0,0,0.4530237220992129,1,0,-0.8266062607722404,-0.5874223568598589,-0.44550072528986784,0,0
-0.43754631551888484,-0.6498480506347494,-0.3832466690499551,0,0,0,0,0.3166392598515823,1,0,-0.5812496977647484,-0.5874223568598589,-0.6967575732017861,0,0
-0.43031462750554794,-0.19844712981526558,-0.7399708921150225,0,0,0,0,-0.6295279469913547,1,0,-0.8266062607722404,-0.5874223568598589,-0.8838043377584363,0,0
-0.4242916886042606,-0.6498480506347494,-0.4189190913564617,0,0,0,0,0.42887230690952827,1,0,-0.5812496977647484,-0.5874223568598589,-0.6827988594289017,0,0
-0.43078159959674084,-0.19844712981526558,-0.4189190913564617,0,0,0,0,0.6661244443611356,1,0,-0.5812496977647484,-0.5874223568598589,-0.5292530079271739,0,0
-0.4390144608556134,-0.6498480506347494,-0.8826605813410494,0,0,0,0,-0.9605444022382081,1,0,-0.33589313475725646,-0.5874223568598589,-0.8000520551211302,0,0
-0.438683517204604,-0.4241475902250075,-1.0253502705670765,0,0,0,0,0.7300546610397125,1,0,-0.5812496977647484,-0.5874223568598589,-0.7414254572750159,0,0
-0.3267543897617661,-0.4241475902250075,0.7939432670647675,1,0,0,0,0.3990382057928591,1,0,-0.5812496977647484,-0.5874223568598589,-0.6241722615827874,0,0
-0.2001484217486762,-0.19844712981526558,0.151839665547646,1,0,0,0,1.400611600423896,1,0,-0.5812496977647484,-0.5874223568598589,-0.6492979463739792,0,0
-0.40249740035571774,-0.19844712981526558,-0.525936358275982,0,0,0,0,0.8579150943968661,1,0,-0.5812496977647484,-0.5874223568598589,-0.6939658304472092,0,0
-0.35259439544266563,-0.4241475902250075,-1.0966951151800899,0,0,0,0,0.6547590725071665,1,0,-0.8266062607722404,-0.5874223568598589,-0.7079245442200935,0,0
-0.44059694467200566,-0.4241475902250075,-0.2405569798239281,0,0,0,0,1.7003732830723344,1,0,-0.33589313475725646,-0.5874223568598589,-0.7358419717658622,0,0
-0.41939230928682697,-0.19844712981526558,-0.7756433144215291,0,0,0,0,-0.4846194558532473,1,0,-0.5812496977647484,-0.5874223568598589,-0.42595852600782963,0,0
-0.4281871466268619,-0.4241475902250075,-0.8826605813410494,0,0,0,0,-0.10672084170877093,1,1,-0.5812496977647484,-0.5874223568598589,-0.4566676963081753,0,0
-0.4343816423199536,-0.4241475902250075,-1.0966951151800899,0,0,0,0,-0.4022205099119705,1,0,-0.5812496977647484,-0.5874223568598589,-0.5627539209820963,0,0
-0.43365429255790433,-0.4241475902250075,-0.9183330036475561,0,0,0,0,-0.010115180950032608,1,0,-0.33589313475725646,-0.5874223568598589,-0.4203750404986759,0,0
-0.1390637023922241,-0.4241475902250075,0.9366329562907942,0,1,0,0,-0.25020866136513226,1,0,-0.5812496977647484,-0.5874223568598589,-0.6241722615827874,0,0
-0.4370295841064993,-0.4241475902250075,-0.6329536251955021,1,1,1,1,-1.1253422941207618,0,0,0.1548199912577275,1.3625273754550251,1.4668430615952879,1,1
1.3703878577479383,2.73565885551138,1.364702023968875,0,0,1,1,-1.0983495359675848,1,1,2.853742184340139,2.0125106195599867,1.7236833950163595,1,1
3.274619272612148,2.9613593159211216,1.685753824727436,1,1,0,0,-1.0784601352231387,0,1,2.117672495317663,2.0125106195599867,1.6315558841153228,0,1
-0.4414786759177553,-0.4241475902250075,-0.20488455751742132,0,0,0,0,0.28538448725316695,1,0,-0.8266062607722404,-0.5874223568598589,-0.8838043377584363,0,0
-0.2732915814187734,-0.4241475902250075,0.22318451016065954,1,0,0,0,1.464541817102473,1,0,-0.5812496977647484,-0.5874223568598589,-0.7944685696119764,1,0
1.2689771834218333,0.7043547118237021,1.4717192908883954,0,0,0,0,-1.089825507077108,1,0,0.8908896802802034,1.3625273754550251,1.7627677935804358,0,1
-0.3250753316415206,-0.19844712981526558,-0.5972812028889956,0,0,0,0,0.8323430077254353,1,0,-0.5812496977647484,-0.5874223568598589,-0.5404199789454813,0,0
-0.42322485660945885,-0.4241475902250075,-0.8113157367280359,0,0,0,0,-0.7715950951659699,1,0,-0.8266062607722404,-0.5874223568598589,-0.8726373667401287,0,0
-0.35916576646786763,0.02725333059447637,1.0079778009038078,1,0,0,0,1.6350223949120113,1,0,-0.5812496977647484,-0.5874223568598589,-0.7218832579929778,0,0
-0.3862471052739055,-0.4241475902250075,-0.5972812028889956,0,0,0,0,0.9005352388492507,1,0,-0.8266062607722404,-0.5874223568598589,-0.719091515238401,0,0
-0.32725639948149104,-0.6498480506347494,-0.7399708921150225,0,0,0,0,-0.5840664595754779,1,0,-0.8266062607722404,-0.5874223568598589,-0.4482924680444446,0,0
-0.3699269312242644,-0.4241475902250075,0.9366329562907942,0,0,0,0,-0.33544895026990135,1,0,-0.5812496977647484,-0.5874223568598589,-0.6967575732017861,0,0
3.2248355134096465,3.4127602367406054,1.543064135501409,0,1,1,1,-1.0884048355953617,0,1,1.3816028062951873,0.06256088724510249,1.3272559238664443,1,1
-0.4415973327605994,-0.19844712981526558,-0.7042984698085157,0,0,0,0,-0.5442876580865856,1,0,-0.8266062607722404,-0.5874223568598589,-0.7135080297292472,0,0
-0.41667429224321706,-0.6498480506347494,-0.9540054259540629,0,0,0,0,1.4119769722778652,1,0,-0.33589313475725646,-0.5874223568598589,-0.49016860936309764,0,0
-0.43292115226340855,-0.6498480506347494,-0.2405569798239281,0,0,0,0,0.3720454476396822,1,0,-0.33589313475725646,-0.5874223568598589,-0.7023410587109398,0,0
2.993747238969135,0.47865425141396023,1.8284435139534625,0,0,1,0,-1.1310249800477463,0,1,2.117672495317663,0.7125441313500638,1.288171525302368,1,1
3.5070878529565133,0.2529537910042183,1.7927710916469557,1,1,1,0,-1.119659608193777,0,1,1.6269593693026794,1.3625273754550251,1.4835935181227489,1,1
0.7947577992213857,1.155755632643186,2.363529848551064,1,1,1,0,-1.1324456515294925,0,0,1.6269593693026794,0.7125441313500638,1.3914660072217122,1,1
-0.3928251501331136,0.02725333059447637,-0.026522445984887653,0,0,0,0,-0.10530017022702477,1,0,-0.5812496977647484,-0.5874223568598589,-0.6827988594289017,0,0
-0.4353637755096483,-0.19844712981526558,-0.06219486829139442,0,0,0,0,-0.6167419036556394,1,0,-0.33589313475725646,-0.5874223568598589,-0.5460034644546351,0,0
-0.2887630008142244,-0.4241475902250075,-0.13353971290440778,1,0,0,0,0.35641806134047455,1,0,-0.5812496977647484,-0.5874223568598589,-0.6409227181102487,0,0
-0.4294660691405934,-0.19844712981526558,-0.8113157367280359,0,0,0,0,-0.21185053135798615,1,0,-0.5812496977647484,-0.5874223568598589,-0.5739208920004037,0,0
-0.3967795930709748,-0.6498480506347494,-0.8826605813410494,0,0,0,0,-0.2075885169127477,1,0,-0.8266062607722404,-0.5874223568598589,-0.40362458397121476,0,0
-0.4409455543542076,-0.6498480506347494,-0.8469881590345426,1,0,1,1,-1.1225009511572694,0,0,1.1362462432876954,2.0125106195599867,1.7320586232800905,1,1
-0.43128841840273496,-0.4241475902250075,-0.9183330036475561,0,0,0,0,0.7428407043754278,1,0,-0.5812496977647484,-0.5874223568598589,-0.8195942544031682,0,0
-0.42047719989129234,-0.4241475902250075,0.04482239862812589,1,0,1,0,0.29532918762539,1,0,-0.5812496977647484,-0.5874223568598589,-0.5627539209820963,0,0
-0.38726712228604665,-0.6498480506347494,-0.6329536251955021,0,0,0,0,1.259965123731027,1,1,-0.33589313475725646,-0.5874223568598589,-0.5711291492458269,0,0
-0.42802775976765695,0.02725333059447637,0.9366329562907942,0,1,0,0,1.8793778897723494,1,0,-0.5812496977647484,-0.5874223568598589,-0.7274667435021316,0,0
-0.4280291337923053,-0.19844712981526558,-0.9896778482605697,0,0,0,0,-0.7786984525747007,1,0,-0.5812496977647484,-0.5874223568598589,-0.7553841710479002,0,0
-0.4395679964996504,-0.19844712981526558,0.009149976321619119,0,0,0,0,0.14900002500553639,1,0,-0.33589313475725646,-0.5874223568598589,-0.802843797875707,0,0
-0.39843853154458425,-0.19844712981526558,-1.0253502705670765,0,0,0,0,-0.07546606911035558,1,0,-0.33589313475725646,-0.5874223568598589,-0.632547489846518,0,0
-0.4220847105852075,-0.6498480506347494,-0.6329536251955021,0,0,0,0,1.2301310226143578,1,0,-0.33589313475725646,-0.5874223568598589,-0.6269640043373643,0,0
-0.412561149458475,-0.6498480506347494,-0.5616087805824888,0,0,0,0,1.2258690081691195,1,0,-0.33589313475725646,-0.5874223568598589,-0.45945943906275216,0,0
-0.42551996849523976,-0.19844712981526558,-0.0978672905979012,0,0,0,0,-0.9207656007493159,1,0,-0.33589313475725646,-0.5874223568598589,-0.6716318884105942,0,0
-0.34298996315091784,-0.4241475902250075,-0.0978672905979012,0,0,0,0,1.4119769722778652,1,0,-0.33589313475725646,-0.5874223568598589,-0.8419281964397832,0,0
-0.4017153840415889,-0.19844712981526558,-0.2405569798239281,0,0,0,0,0.884907852550043,1,0,-0.8266062607722404,-0.5874223568598589,-0.8307612254214757,0,0
-0.4414362774428929,-0.4241475902250075,-0.8113157367280359,1,1,1,0,-1.1253422941207618,0,0,1.1362462432876954,2.0125106195599867,1.5785127717783627,1,1
-0.4370295841064993,-0.6498480506347494,-0.7042984698085157,1,1,0,1,-1.126762965602508,0,1,1.6269593693026794,0.7125441313500638,1.6148054275878618,1,1
-0.42023036617768367,0.02725333059447637,-0.3475742467434483,1,0,0,0,1.007085599980212,1,0,-0.5812496977647484,-0.5874223568598589,-0.7302584862567084,0,0
-0.435216460438425,-0.4241475902250075,0.009149976321619119,0,0,0,0,0.6206629569452587,1,0,-0.33589313475725646,-0.5874223568598589,-0.5208777796634433,0,0
-0.4049209835461165,-0.19844712981526558,0.009149976321619119,0,0,0,0,1.3167919830008732,1,0,-0.5812496977647484,-0.5874223568598589,-0.6939658304472092,0,0
-0.4418288559138411,-0.6498480506347494,-0.9896778482605697,1,1,1,1,-1.1139769222667926,0,1,1.6269593693026794,2.0125106195599867,1.371923807939674,1,1
-0.43356449023267496,-0.4241475902250075,-0.31190182443694153,0,0,0,0,1.3594121274532578,1,0,-0.5812496977647484,-0.5874223568598589,-0.5543786927183657,0,0
-0.43678618545451137,-0.4241475902250075,-0.6329536251955021,0,0,0,0,1.5057412900731115,1,0,-0.33589313475725646,-0.5874223568598589,-0.6465062036194024,0,0
0.9010287913070649,1.832857013872412,1.7214262470339428,0,0,0,0,-1.1026115504128233,1,1,1.1362462432876954,0.06256088724510249,1.799060449389935,1,1
0.8183329215587672,0.47865425141396023,2.2921850039380507,1,0,1,1,-1.1324456515294925,0,1,2.6083856213326473,1.3625273754550251,1.7069329384888985,1,1
-0.40236205892785837,-0.19844712981526558,-0.0978672905979012,0,0,0,0,1.6648564960286805,1,0,-0.5812496977647484,-0.5874223568598589,-0.6074218050553262,0,0
-0.4370295841064993,-0.4241475902250075,-0.7756433144215291,1,1,1,1,-1.1310249800477463,0,1,0.6455331172727115,2.0125106195599867,1.4584678333315568,1,1
3.7944080861294682,2.5099583951016378,1.7214262470339428,1,0,0,0,-1.0827221496683772,0,1,1.1362462432876954,1.3625273754550251,1.3495898659030592,1,1
-0.4280264838876263,-0.4241475902250075,-0.20488455751742132,0,0,0,0,0.491381852106359,1,0,-0.8266062607722404,-0.5874223568598589,-0.6492979463739792,0,0
-0.35056231113242,-0.4241475902250075,0.009149976321619119,1,0,0,0,0.8053502495722585,1,0,-0.5812496977647484,-0.5874223568598589,-0.5432117217000583,0,0
-0.43661973218282935,-0.6498480506347494,-0.4189190913564617,0,0,0,0,0.0751251079547365,1,0,-0.5812496977647484,-0.5874223568598589,-0.783301598593669,0,0
-0.407106173460032,-0.19844712981526558,0.33020177708017967,1,0,1,0,0.6362903432444664,1,0,-0.5812496977647484,-0.5874223568598589,-0.7218832579929778,0,0
-0.4416816389872355,-0.6498480506347494,-0.6329536251955021,1,1,1,1,-1.126762965602508,0,1,1.6269593693026794,0.7125441313500638,1.2965467535660986,1,1
-0.4388157180046959,-0.6498480506347494,-0.026522445984887653,0,0,0,0,-0.19054045913179388,1,0,-0.33589313475725646,-0.5874223568598589,-0.7218832579929778,0,0
-0.4391979912907817,-0.19844712981526558,-0.5616087805824888,0,0,0,0,-0.12945158541670934,1,0,-0.8266062607722404,-0.5874223568598589,-0.6046300623007493,0,0
-0.3436600946008264,0.02725333059447637,0.43721904399969996,1,0,0,0,1.4716451745112038,1,0,-0.5812496977647484,-0.5874223568598589,-0.6465062036194024,0,0
-0.42251821536175205,-0.4241475902250075,-0.27622940213043484,1,0,0,0,1.7941376008675802,1,0,-0.5812496977647484,-0.5874223568598589,-0.5962548340370187,0,0
-0.4382393146647262,-0.19844712981526558,-0.20488455751742132,0,0,0,0,-0.3780690947222859,1,0,-0.33589313475725646,-0.5874223568598589,-0.7749263703299383,0,0
-0.41068315219807655,-0.4241475902250075,-0.8826605813410494,0,0,0,0,0.8621771088421045,1,0,-0.33589313475725646,-0.5874223568598589,-0.5432117217000583,0,0
1.06662957883944,3.1870597763308637,2.0068056254859963,1,1,1,1,-1.0940875215223465,0,1,0.8908896802802034,0.7125441313500638,1.5115109456685176,0,1
2.238317516628335,0.47865425141396023,1.5073917131949022,0,0,1,0,-1.1239216226390156,1,0,0.4001765542652195,0.06256088724510249,1.31329721009356,1,1
-0.4230682177995505,-0.4241475902250075,-0.13353971290440778,0,0,0,0,-0.32692492137942447,1,1,-0.33589313475725646,-0.5874223568598589,-0.5571704354729425,0,0
0.19944434688457868,3.1870597763308637,1.5073917131949022,1,1,1,1,-1.1040322218945695,0,1,2.6083856213326473,2.6624938636649476,1.3607568369213665,1,1
-0.3586619901450234,-0.6498480506347494,-0.3832466690499551,0,0,0,0,0.8152949499444816,1,0,-0.8266062607722404,-0.5874223568598589,-0.7051328014655166,0,0
-0.41761844346584753,-0.4241475902250075,-0.4545915136629685,0,0,0,0,0.7655714480833663,1,0,-0.8266062607722404,-0.5874223568598589,-0.4482924680444446,0,0
3.572615775447157,2.284257934691896,2.399202270857571,1,0,1,0,-1.1040322218945695,0,1,2.3630290583251554,0.7125441313500638,1.4249669202766349,1,1
-0.40443251778363914,0.02725333059447637,0.9723053785973009,1,0,0,0,0.0751251079547365,1,0,-0.5812496977647484,-0.5874223568598589,-0.6492979463739792,0,0
-0.43717591773154524,-0.4241475902250075,-1.0253502705670765,0,0,0,0,-0.7303956221953315,1,0,-0.8266062607722404,-0.5874223568598589,-0.5739208920004037,0,0
-0.43370297228830196,-0.6498480506347494,-0.0978672905979012,0,0,0,0,0.7542060762293971,1,0,-0.8266062607722404,-0.5874223568598589,-0.6074218050553262,0,0
-0.4026614000119563,-0.19844712981526558,-0.27622940213043484,1,1,0,0,0.8834871810682968,1,0,-0.5812496977647484,-0.5874223568598589,-0.6576731746377098,0,0
-0.43619663073576487,-0.4241475902250075,0.08049482093463266,0,0,0,0,0.11064189499839029,1,0,-0.33589313475725646,-0.5874223568598589,-0.49016860936309764,0,0
-0.43835267169821246,-0.19844712981526558,-0.9896778482605697,0,0,0,0,-0.5329222862326165,1,0,-0.5812496977647484,-0.5874223568598589,-0.6437144608648254,0,0
-0.2882400862909214,-0.19844712981526558,0.9009605339842874,1,1,0,0,0.4814371517341359,1,0,-0.5812496977647484,-0.5874223568598589,-0.6437144608648254,0,0
-0.41190848775052363,-0.19844712981526558,-0.6329536251955021,0,0,0,0,1.6009262793501036,1,0,-0.5812496977647484,-0.5874223568598589,-0.5208777796634433,0,0
-0.2748427571021075,-0.4241475902250075,0.43721904399969996,1,0,1,0,1.9177360197794955,1,0,-0.5812496977647484,-0.5874223568598589,-0.6269640043373643,0,0
-0.373257174393318,-0.4241475902250075,-1.0253502705670765,0,0,0,0,-0.5542323584588087,1,0,-0.5812496977647484,-0.5874223568598589,-0.7721346275753616,0,0
-0.44011201211576684,-0.6498480506347494,-0.6329536251955021,0,0,0,0,-0.24168463247465535,1,0,-0.33589313475725646,-0.5874223568598589,-0.5655456637366731,0,0
-0.4418288559138411,-0.6498480506347494,-0.9540054259540629,1,1,1,1,-1.1210802796755233,0,1,0.1548199912577275,2.0125106195599867,1.6845989964522836,1,1
-0.3784127111630453,0.02725333059447637,0.6155811555322337,1,0,0,0,2.109526669815226,1,0,-0.5812496977647484,-0.5874223568598589,-0.7358419717658622,0,0
-0.4414362774428929,-0.6498480506347494,-0.8469881590345426,1,0,0,0,-1.1082942363398078,0,1,0.4001765542652195,0.7125441313500638,1.4082164637491734,1,1
-0.4409455543542076,-0.6498480506347494,-0.8113157367280359,1,1,1,1,-1.1040322218945695,0,1,1.6269593693026794,1.3625273754550251,1.330047666621021,1,1
-0.4095080666899108,-0.4241475902250075,-0.3832466690499551,0,0,0,0,1.5028999471096192,0,0,-0.8266062607722404,-0.5874223568598589,-0.5571704354729425,0,0
-0.4418288559138411,-0.4241475902250075,-0.8826605813410494,1,0,1,1,-1.1125562507850464,1,1,0.8908896802802034,2.0125106195599867,1.5338448877051325,1,1
-0.42858414160560826,-0.6498480506347494,-0.8113157367280359,0,0,0,0,-0.5641770588310318,1,0,-0.33589313475725646,-0.5874223568598589,-0.6688401456560173,0,0
-0.4294559602449665,-0.4241475902250075,-0.7756433144215291,0,0,0,0,1.0227129862794198,1,0,-0.5812496977647484,-0.5874223568598589,-0.8838043377584363,0,0
-0.4414362774428929,-0.4241475902250075,-1.0253502705670765,0,1,1,1,-1.1040322218945695,0,1,0.6455331172727115,0.7125441313500638,1.4528843478224036,1,1
-0.43082507766239836,-0.19844712981526558,-0.16921213521091455,0,0,0,0,-0.18627844468655544,1,0,-0.33589313475725646,-0.5874223568598589,-0.45108421079902156,0,0
-0.4251003021097961,-0.4241475902250075,-0.9896778482605697,0,0,0,0,0.0367669779475904,1,0,-0.33589313475725646,-0.5874223568598589,-0.8726373667401287,0,0
-0.4085023787919592,-0.6498480506347494,-0.5616087805824888,0,0,0,0,0.8223983073532123,1,0,-0.5812496977647484,-0.5874223568598589,-0.7665511420662078,0,0
-0.4382706227977843,-0.4241475902250075,-0.27622940213043484,0,0,0,0,0.5070092384055667,1,0,-0.5812496977647484,-0.5874223568598589,-0.5543786927183657,0,0
-0.4214915245156048,-0.6498480506347494,-0.16921213521091455,0,0,0,0,-0.8625180699977236,0,0,-0.8266062607722404,-0.5874223568598589,-0.45108421079902156,0,0
-0.4354137311200765,-0.4241475902250075,-0.9540054259540629,0,0,0,0,1.221606993723881,1,0,-0.8266062607722404,-0.5874223568598589,-0.7777181130845152,0,0
-0.3750255441157042,-0.4241475902250075,-0.5616087805824888,0,0,0,0,1.2542824378040425,1,0,-0.8266062607722404,-0.5874223568598589,-0.4566676963081753,0,0
-0.415293299327039,-0.6498480506347494,-0.27622940213043484,0,0,0,0,-0.12661024245321706,1,0,-0.33589313475725646,-0.5874223568598589,-0.4119998122349453,0,0
-0.42574099017438366,-0.19844712981526558,-0.16921213521091455,0,0,0,0,-0.39795849546673207,1,0,-0.5812496977647484,-0.5874223568598589,-0.398041098462061,0,0
-0.4408675293831067,-0.6498480506347494,-0.4189190913564617,0,0,0,0,1.4020322719056422,1,0,-0.8266062607722404,-0.5874223568598589,-0.632547489846518,0,0
-0.37974688909656285,-0.19844712981526558,0.5442363109192201,1,0,0,0,0.25412971465475165,1,0,-0.5812496977647484,-0.5874223568598589,-0.5543786927183657,0,0
-0.43049590061450826,-0.4241475902250075,0.25885693246716635,1,1,0,0,0.31379791688809,1,0,-0.5812496977647484,-0.5874223568598589,-0.6297557470919412,0,0
-0.4293003028812355,-0.4241475902250075,-0.3832466690499551,0,0,0,0,1.7032146260358265,1,0,-0.8266062607722404,-0.5874223568598589,-0.8614703957218213,0,0
-0.4273233758461581,-0.19844712981526558,0.25885693246716635,1,0,0,0,0.37346611912142835,1,0,-0.5812496977647484,-0.5874223568598589,-0.7302584862567084,0,0
-0.43659490159454184,-0.4241475902250075,-0.9540054259540629,0,0,0,0,-0.8781454562969313,1,0,-0.5812496977647484,-0.5874223568598589,-0.6213805188282105,0,0
-0.42131152728667504,-0.4241475902250075,-1.0966951151800899,0,0,0,0,1.36225347041675,1,0,-0.33589313475725646,-0.5874223568598589,-0.40083284121663787,0,0
-0.40934583363679145,-0.4241475902250075,-0.8469881590345426,0,0,0,0,-0.2516293328468784,1,0,-0.8266062607722404,-0.5874223568598589,-0.7135080297292472,0,0
-0.40160713052822494,-0.19844712981526558,-0.8469881590345426,0,0,0,0,1.259965123731027,1,0,-0.5812496977647484,-0.5874223568598589,-0.5236695224180201,0,0
-0.4268042889629468,-0.19844712981526558,-0.7756433144215291,0,0,0,0,0.32232194577856693,1,0,-0.8266062607722404,-0.5874223568598589,-0.5962548340370187,0,0
-0.411111455309881,-0.19844712981526558,-0.31190182443694153,0,0,0,0,0.13621398166982102,1,0,-0.5812496977647484,-0.5874223568598589,-0.5627539209820963,0,0
-0.39203606740650776,-0.4241475902250075,-0.13353971290440778,0,0,0,0,1.5043206185913653,1,0,-0.5812496977647484,-0.5874223568598589,-0.8363447109306296,0,0
-0.435847235896621,-0.19844712981526558,-0.06219486829139442,0,0,0,0,0.5112712528508051,1,1,-0.5812496977647484,-0.5874223568598589,-0.38687412744375355,0,0
-0.30703134552594596,-0.4241475902250075,0.11616724324113924,0,0,0,0,1.0838018599945043,1,0,-0.5812496977647484,-0.5874223568598589,-0.7107162869746704,0,0
-0.4414362774428929,-0.6498480506347494,-0.8113157367280359,1,1,1,0,-1.1111355793033002,0,0,1.3816028062951873,1.3625273754550251,1.6343476268699,1,1
-0.4409455543542076,-0.6498480506347494,-0.8113157367280359,1,1,1,1,-1.1253422941207618,0,1,0.4001765542652195,1.3625273754550251,1.6064301993241312,1,1
-0.42445608083897013,-0.6498480506347494,0.04482239862812589,0,0,0,0,1.3849842141246884,1,0,-0.33589313475725646,-0.5874223568598589,-0.7107162869746704,0,0
-0.4392345992331976,-0.6498480506347494,-0.4545915136629685,0,0,0,0,-0.481778112889755,1,0,-0.33589313475725646,-0.5874223568598589,-0.49016860936309764,0,0
-0.40146805960489157,-0.6498480506347494,-0.3475742467434483,0,0,0,0,0.006932876830921214,1,0,-0.5812496977647484,-0.5874223568598589,-0.45108421079902156,0,0
-0.425378051377992,-0.19844712981526558,-0.3832466690499551,0,0,0,0,1.3565707844897654,0,0,-0.5812496977647484,-0.5874223568598589,-0.7079245442200935,0,0
-0.4371958410889459,-0.4241475902250075,-0.8113157367280359,0,0,0,0,-0.7048235355239009,0,0,-0.8266062607722404,-0.5874223568598589,-0.38966587019833043,0,0
-0.40009167948574714,-0.19844712981526558,0.5799087332257269,1,0,1,0,1.8083443156850418,1,0,-0.5812496977647484,-0.5874223568598589,-0.7358419717658622,0,0
-0.43375812956347015,-0.6498480506347494,-0.3832466690499551,0,0,0,0,0.3905141769023822,1,0,-0.8266062607722404,-0.5874223568598589,-0.7525924282933234,0,0
-0.4418288559138411,-0.4241475902250075,-1.0253502705670765,1,1,1,0,-1.1296043085660001,0,1,1.8723159323101712,2.0125106195599867,1.2686293260203299,1,1
-0.2032403697858643,0.02725333059447637,0.25885693246716635,1,1,0,0,2.241649117617618,1,0,-0.5812496977647484,-0.5874223568598589,-0.719091515238401,0,0
-0.4418288559138411,-0.4241475902250075,-0.7756433144215291,1,1,1,1,-1.1153975937485388,0,1,0.1548199912577275,1.3625273754550251,1.371923807939674,1,1
-0.4278646434129779,-0.6498480506347494,0.08049482093463266,0,0,0,0,0.641973029171451,1,0,-0.33589313475725646,-0.5874223568598589,-0.8168025116485913,0,0
-0.431932639673561,-0.19844712981526558,-0.8113157367280359,0,0,0,0,1.2343930370595964,1,0,-0.5812496977647484,-0.5874223568598589,-0.7637593993116308,0,0
-0.4414362774428929,-0.4241475902250075,-0.8469881590345426,1,1,1,1,-1.109714907821554,1,1,0.8908896802802034,0.7125441313500638,1.3607568369213665,0,1
-0.3845943499112135,0.02725333059447637,0.4015466216931932,1,0,0,0,0.4203482780190514,1,0,-0.5812496977647484,-0.5874223568598589,-0.5739208920004037,0,0
0.7838075097866095,2.5099583951016378,1.7927710916469557,0,1,1,1,-1.0983495359675848,0,1,0.4001765542652195,0.06256088724510249,1.4389256340495191,1,1
1.1897052849525283,1.832857013872412,1.4717192908883954,1,1,0,0,-1.0926668500406003,1,1,0.4001765542652195,2.0125106195599867,1.6371393696244767,1,1
2.5952257188384804,0.47865425141396023,2.1494953147120235,1,1,0,1,-1.1225009511572694,0,0,2.117672495317663,2.0125106195599867,1.4808017753681721,1,1
-0.41623264146340033,-0.19844712981526558,0.08049482093463266,0,0,0,0,-0.7133475644143777,1,0,-0.33589313475725646,-0.5874223568598589,-0.6130052905644799,0,0
-0.4269818325764332,-0.6498480506347494,-0.4545915136629685,0,0,0,0,1.0283956722064043,1,0,-0.8266062607722404,-0.5874223568598589,-0.6604649173922867,0,0
-0.43937209984264725,-0.6498480506347494,-0.6686260475020089,0,0,0,0,-0.6167419036556394,1,0,-0.33589313475725646,-0.5874223568598589,-0.6939658304472092,0,0
-0.3431793822631503,-0.6498480506347494,-0.13353971290440778,0,0,0,0,0.30243254503412076,1,0,-0.5812496977647484,-0.5874223568598589,-0.8558869102126676,0,0
-0.40863222412122535,-0.4241475902250075,0.08049482093463266,0,0,0,0,0.5823048269381127,1,0,-0.5812496977647484,-0.5874223568598589,-0.8558869102126676,0,0
-0.43651010464481704,-0.6498480506347494,-0.8826605813410494,0,0,0,0,-0.5272396003056319,1,0,-0.8266062607722404,-0.5874223568598589,-0.6381309753556718,0,0
1.3542296223175634,0.47865425141396023,1.8641159362599693,1,1,1,0,-1.1225009511572694,1,1,2.117672495317663,1.3625273754550251,1.5282614021959786,1,1
-0.4371273361457654,-0.4241475902250075,-0.6686260475020089,0,0,0,0,0.35925940430396686,1,0,-0.33589313475725646,-0.5874223568598589,-0.4371254970261372,0,0
-0.3879552142010011,-0.6498480506347494,0.08049482093463266,0,0,0,0,0.8905905384770276,1,0,-0.8266062607722404,-0.5874223568598589,-0.6269640043373643,0,0
-0.4210567438590296,-0.4241475902250075,-0.9896778482605697,0,0,0,0,1.4972172611826347,1,0,-0.5812496977647484,-0.5874223568598589,-0.7162997724838241,0,0
-0.4000814724455025,-0.6498480506347494,-0.9183330036475561,0,0,0,0,1.6634358245469343,0,0,-0.33589313475725646,-0.5874223568598589,-0.4678346673264827,0,0
-0.425488169639093,-0.19844712981526558,-0.7756433144215291,0,0,0,0,1.6307603804667727,1,0,-0.33589313475725646,-0.5874223568598589,-0.6492979463739792,0,0
-0.4146460355730632,-0.4241475902250075,-0.9896778482605697,0,0,0,0,0.056656378692036526,1,0,-0.5812496977647484,-0.5874223568598589,-0.42316678325325285,0,0
-0.35522575078881374,-0.19844712981526558,0.43721904399969996,1,0,0,0,2.1592501716763413,1,0,-0.5812496977647484,-0.5874223568598589,-0.5711291492458269,0,0
-0.40678102034146907,-0.6498480506347494,0.08049482093463266,0,0,0,0,0.6561797439889125,1,1,-0.8266062607722404,-0.5874223568598589,-0.6632566601468636,0,0
-0.4154823258608006,0.02725333059447637,0.9009605339842874,1,0,1,0,0.5183746102595358,1,0,-0.5812496977647484,-0.5874223568598589,-0.5934630912824418,0,0
-0.4358368325671409,0.02725333059447637,0.8652881116777811,1,0,1,0,2.402184995054933,1,0,-0.5812496977647484,-0.5874223568598589,-0.825177739912322,0,0
-0.4414509009909357,-0.6498480506347494,0.009149976321619119,0,0,0,0,-0.30277350618973986,1,0,-0.8266062607722404,-0.5874223568598589,-0.7721346275753616,0,0
-0.41102548062474337,-0.6498480506347494,-0.4545915136629685,0,0,0,0,-0.10245882726353248,1,0,-0.33589313475725646,-0.5874223568598589,-0.5515869499637888,0,0
1.8971171641977693,0.47865425141396023,1.7927710916469557,1,0,1,0,-1.1225009511572694,0,1,0.8908896802802034,0.06256088724510249,1.799060449389935,1,1
-0.4398388756446046,-0.6498480506347494,-0.9540054259540629,0,0,0,0,1.3295780263365886,1,0,-0.5812496977647484,-0.5874223568598589,-0.6827988594289017,0,0
-0.35779704162890674,-0.19844712981526558,0.25885693246716635,1,0,1,0,2.3197860491136564,1,0,-0.5812496977647484,-0.5874223568598589,-0.6269640043373643,0,0
1.0991761988287831,0.47865425141396023,2.399202270857571,0,1,1,0,-1.081301478186631,0,1,2.117672495317663,0.7125441313500638,1.6203889130970157,1,1
-0.42013752136930443,-0.6498480506347494,0.04482239862812589,0,0,0,0,0.9857755277540198,1,0,-0.5812496977647484,-0.5874223568598589,-0.4147915549895222,0,0
-0.42332388452875547,-0.6498480506347494,-0.8469881590345426,0,0,0,0,-0.2871461198905322,1,0,-0.8266062607722404,-0.5874223568598589,-0.5460034644546351,0,0
-0.35759594330716354,0.02725333059447637,0.25885693246716635,1,0,0,0,-0.05415599688416331,1,0,-0.5812496977647484,-0.5874223568598589,-0.6800071166743248,0,0
-0.42187183490933583,-0.4241475902250075,-0.6686260475020089,0,0,0,0,0.9942995566444967,1,1,-0.5812496977647484,-0.5874223568598589,-0.6827988594289017,0,0
-0.4409455543542076,-0.4241475902250075,-1.061022692873583,1,0,1,1,-1.1239216226390156,0,1,1.3816028062951873,2.0125106195599867,1.2658375832657531,1,1
-0.4173150784524223,-0.6498480506347494,-0.8826605813410494,0,0,0,0,-0.26583604766433994,1,0,-0.33589313475725646,-0.5874223568598589,-0.4845851238539439,0,0
-0.4384378612264082,-0.4241475902250075,-0.8113157367280359,0,0,0,0,0.25128837169125934,1,0,-0.8266062607722404,-0.5874223568598589,-0.6604649173922867,0,0
-0.42333487672594206,-0.19844712981526558,-1.0966951151800899,0,0,0,0,1.6961112686270958,1,0,-0.5812496977647484,-0.5874223568598589,-0.8363447109306296,0,0
-0.31321720449267687,0.02725333059447637,0.009149976321619119,1,0,0,0,-0.5968525029111933,1,0,-0.5812496977647484,-0.5874223568598589,-0.6520896891285561,0,0
-0.4020577124682557,-0.4241475902250075,-0.9540054259540629,0,0,0,0,-0.8014291962826391,1,0,-0.5812496977647484,-0.5874223568598589,-0.6018383195461724,0,0
-0.41247144527786334,-0.19844712981526558,-0.8469881590345426,0,0,0,0,0.18025479760395172,1,0,-0.5812496977647484,-0.5874223568598589,-0.439917239780714,0,0
-0.4339291956321858,-0.6498480506347494,-0.6686260475020089,0,0,0,0,0.13905532463331333,1,0,-0.8266062607722404,-0.5874223568598589,-0.4343337542715603,0,0
-0.4370295841064993,-0.4241475902250075,-0.7399708921150225,1,1,1,1,-1.1082942363398078,0,1,0.4001765542652195,1.3625273754550251,1.6706402826793991,1,1
-0.4215043814605283,-0.4241475902250075,0.08049482093463266,0,0,0,0,0.2612330720634824,1,0,-0.8266062607722404,-0.5874223568598589,-0.8223859971577452,0,0
-0.4055032755631504,-0.6498480506347494,-0.0978672905979012,0,0,0,0,-0.8099532251731161,1,0,-0.8266062607722404,-0.5874223568598589,-0.7944685696119764,0,0
2.7870972687790028,0.9300551722334441,1.7214262470339428,1,0,0,0,-1.0699361063326618,0,1,1.3816028062951873,0.7125441313500638,1.6427228551336306,1,1
-0.4396401327936871,-0.4241475902250075,-0.06219486829139442,0,0,0,0,-0.3439729791603783,1,0,-0.5812496977647484,-0.5874223568598589,-0.4203750404986759,0,0
-0.4340552133213602,-0.19844712981526558,-0.6329536251955021,0,0,0,0,1.1448907337095888,1,1,-0.33589313475725646,-0.5874223568598589,-0.8168025116485913,0,0
-0.4338867971573234,-0.6498480506347494,-0.31190182443694153,0,0,0,0,1.2386550515048347,1,0,-0.5812496977647484,-0.5874223568598589,-0.8838043377584363,0,0
-0.3683716334669853,-0.19844712981526558,-0.20488455751742132,0,0,0,0,1.2613857952127732,1,0,-0.8266062607722404,-0.5874223568598589,-0.40362458397121476,0,0
-0.4409455543542076,-0.6498480506347494,-1.061022692873583,1,1,1,1,-1.1239216226390156,1,1,0.4001765542652195,0.7125441313500638,1.4752182898590185,1,1
-0.41639880030122917,-0.4241475902250075,-0.8469881590345426,0,0,0,0,0.6987998884412971,1,0,-0.5812496977647484,-0.5874223568598589,-0.6855906021834786,0,0
-0.21973798930437394,-0.19844712981526558,0.7582708447582607,1,0,0,0,1.0141889573889429,1,0,-0.5812496977647484,-0.5874223568598589,-0.6632566601468636,0,0
-0.4414362774428929,-0.6498480506347494,-0.6686260475020089,1,1,1,1,-1.1082942363398078,1,0,0.4001765542652195,1.3625273754550251,1.6455145978882073,1,1
1.488010158176467,3.6384606971503475,2.399202270857571,0,1,1,1,-1.1125562507850464,0,1,1.3816028062951873,2.0125106195599867,1.6455145978882073,1,1
-0.4315837355575058,-0.4241475902250075,-1.061022692873583,0,0,0,0,-0.8838281422239159,1,0,-0.33589313475725646,-0.5874223568598589,-0.5990465767915957,0,0
-0.4418288559138411,-0.6498480506347494,-0.8469881590345426,1,0,1,0,-1.1111355793033002,0,1,1.8723159323101712,2.0125106195599867,1.3105054673389829,1,1
-0.4416434607309358,-0.4241475902250075,-0.3832466690499551,0,0,0,0,0.7684127910468586,1,0,-0.33589313475725646,-0.5874223568598589,-0.7665511420662078,0,0
-0.39993239077115994,-0.4241475902250075,-0.9183330036475561,0,0,0,0,0.08933182277219802,1,0,-0.5812496977647484,-0.5874223568598589,-0.5097108086451357,0,0
-0.435203407204266,-0.19844712981526558,-0.8469881590345426,0,0,0,0,1.0553884303595813,1,0,-0.8266062607722404,-0.5874223568598589,-0.5487952072092119,0,0
-0.3288050234047641,-0.6498480506347494,-0.3475742467434483,0,0,0,0,0.960203441082589,1,0,-0.8266062607722404,-0.5874223568598589,-0.39524935570748415,0,0
-0.4155176579231859,-0.19844712981526558,-0.7042984698085157,0,0,0,0,0.5680981121206512,1,0,-0.5812496977647484,-0.5874223568598589,-0.6018383195461724,0,0
-0.43677656728197317,-0.4241475902250075,-0.525936358275982,0,0,0,0,0.7939848777182893,1,0,-0.5812496977647484,-0.5874223568598589,-0.7079245442200935,0,0
-0.4263325077854848,-0.19844712981526558,0.08049482093463266,0,0,0,0,1.2088209503881655,1,0,-0.8266062607722404,-0.5874223568598589,-0.5515869499637888,0,0
-0.26322685086983877,-0.19844712981526558,-0.31190182443694153,1,0,0,0,0.8707011377325815,1,0,-0.5812496977647484,-0.5874223568598589,-0.7051328014655166,0,0
-0.4123360057053862,-0.6498480506347494,0.11616724324113924,0,0,0,0,1.6819045538096342,1,0,-0.5812496977647484,-0.5874223568598589,-0.7302584862567084,0,0
-0.43181329581839273,-0.19844712981526558,-0.4545915136629685,0,0,0,0,1.3594121274532578,1,0,-0.8266062607722404,-0.5874223568598589,-0.5711291492458269,0,0
1.9187756202953643,1.155755632643186,2.0424780477925033,1,1,1,0,-1.0855634926318696,0,1,0.6455331172727115,1.3625273754550251,1.6315558841153228,1,1
-0.4370295841064993,-0.6498480506347494,-0.9540054259540629,1,1,1,1,-1.109714907821554,1,1,0.8908896802802034,2.0125106195599867,1.2825880397932143,1,1
-0.387465570703111,-0.19844712981526558,-0.525936358275982,0,0,0,0,-0.5243982573421395,1,1,-0.33589313475725646,-0.5874223568598589,-0.8810125950038594,0,0
-0.16565372924187022,-0.4241475902250075,0.43721904399969996,1,0,0,0,0.34079067504126687,1,0,-0.5812496977647484,-0.5874223568598589,-0.5599621782275194,0,0
-0.37799481138072094,-0.6498480506347494,-1.0253502705670765,0,0,0,0,0.2640744150269747,1,0,-0.5812496977647484,-0.5874223568598589,-0.7414254572750159,0,0
0.32933187833632455,0.2529537910042183,1.8641159362599693,0,0,0,1,-1.0884048355953617,0,1,0.4001765542652195,2.6624938636649476,1.7208916522617828,1,1
-0.4047658169054742,-0.19844712981526558,-0.20488455751742132,0,0,0,0,-0.2487879898833861,1,0,-0.8266062607722404,-0.5874223568598589,-0.7749263703299383,0,0
-0.42491902900083584,-0.6498480506347494,-1.0253502705670765,0,0,0,0,1.427604358577073,1,0,-0.5812496977647484,-0.5874223568598589,-0.8168025116485913,0,0
1.9975697507655252,3.4127602367406054,1.8641159362599693,0,1,1,0,-1.0855634926318696,0,1,2.117672495317663,2.0125106195599867,1.5198861739322482,1,1
1.379134996803753,2.5099583951016378,1.4360468685818886,1,0,1,0,-1.1026115504128233,0,1,0.4001765542652195,2.0125106195599867,1.54501185872344,1,1
-0.4410298605808437,-0.19844712981526558,-0.3475742467434483,0,0,0,0,1.4886932322921576,1,0,-0.8266062607722404,-0.5874223568598589,-0.8586786529672444,0,0
-0.44109875810249516,-0.4241475902250075,-0.7399708921150225,0,0,0,0,0.45018237913572057,1,0,-0.33589313475725646,-0.5874223568598589,-0.847511681948937,0,0
-0.41159128434599745,-0.4241475902250075,-0.525936358275982,0,0,0,0,0.04529100683806731,1,0,-0.33589313475725646,-0.5874223568598589,-0.8000520551211302,0,0
-0.4418288559138411,-0.4241475902250075,-0.7756433144215291,1,1,1,1,-1.1139769222667926,1,1,0.6455331172727115,0.7125441313500638,1.2435036412291383,1,1
-0.3604830635271344,-0.19844712981526558,-0.3832466690499551,1,0,0,0,-0.3638623799048244,1,0,-0.5812496977647484,-0.5874223568598589,-0.7581759138024772,0,0
0.5921576685375549,0.02725333059447637,1.8284435139534625,0,1,1,0,-1.1011908789310771,0,1,1.8723159323101712,2.0125106195599867,1.7711430218441664,1,1
-0.4347778521417581,-0.4241475902250075,-1.061022692873583,0,0,0,0,-0.6749894344072316,0,0,-0.33589313475725646,-0.5874223568598589,-0.8810125950038594,0,0
-0.38368513817249744,-0.4241475902250075,-0.7399708921150225,0,0,0,0,0.7115859317770125,1,0,-0.8266062607722404,-0.5874223568598589,-0.6995493159563628,0,0
-0.4373057630608113,-0.4241475902250075,-0.9896778482605697,0,0,0,0,-0.9051382144501082,1,0,-0.8266062607722404,-0.5874223568598589,-0.6855906021834786,0,0
-0.4370295841064993,-0.6498480506347494,-0.8469881590345426,1,1,1,1,-1.128183637084254,0,1,1.3816028062951873,0.7125441313500638,1.3412146376393288,1,1
-0.37948690400417734,-0.4241475902250075,0.8652881116777811,1,0,0,0,1.3182126544826194,1,0,-0.5812496977647484,-0.5874223568598589,-0.8000520551211302,0,0
-0.4397762593784884,-0.6498480506347494,-1.061022692873583,0,0,0,0,-0.012956523913524911,1,0,-0.8266062607722404,-0.5874223568598589,-0.6632566601468636,0,0
-0.42360654102783823,-0.19844712981526558,-0.3832466690499551,0,0,0,0,-0.04136995354844795,1,0,-0.33589313475725646,-0.5874223568598589,-0.8363447109306296,0,0
-0.4253085649886342,-0.4241475902250075,0.9723053785973009,0,0,0,0,1.9191566912612417,1,0,-0.5812496977647484,-0.5874223568598589,-0.7581759138024772,0,0
-0.30626522863989053,0.02725333059447637,0.7582708447582607,1,0,1,0,1.4759071889564424,1,0,-0.5812496977647484,-0.5874223568598589,-0.7749263703299383,0,0
-0.4240573192571045,-0.6498480506347494,-0.31190182443694153,0,0,0,0,0.28822583021665926,1,0,-0.8266062607722404,-0.5874223568598589,-0.6995493159563628,0,0
-0.38112729314503446,-0.4241475902250075,-0.06219486829139442,0,0,0,0,-0.21185053135798615,1,0,-0.33589313475725646,-0.5874223568598589,-0.6939658304472092,0,0
-0.40604081363449623,-0.4241475902250075,-0.8113157367280359,0,0,0,0,1.4133976437596114,1,0,-0.8266062607722404,-0.5874223568598589,-0.8000520551211302,0,0
-0.4409455543542076,-0.6498480506347494,-0.7399708921150225,1,1,1,1,-1.1111355793033002,0,1,0.4001765542652195,0.7125441313500638,1.4110082065037504,1,1
-0.44038691519004836,-0.6498480506347494,-0.7399708921150225,0,0,0,0,0.5212159532230282,1,0,-0.33589313475725646,-0.5874223568598589,-0.4092080694803685,0,0
-0.4208918609012314,-0.4241475902250075,-0.06219486829139442,0,0,0,0,-0.5229775858603934,1,0,-0.8266062607722404,-0.5874223568598589,-0.4678346673264827,0,0
3.0734758043447705,3.1870597763308637,1.8284435139534625,1,1,1,1,-1.089825507077108,1,1,1.8723159323101712,1.3625273754550251,1.5589705724963245,1,1
-0.44049310766643984,-0.19844712981526558,-0.5972812028889956,0,0,0,0,-0.6522586906992932,1,0,-0.33589313475725646,-0.5874223568598589,-0.5795043775095574,0,0
0.09170599461911277,0.02725333059447637,-0.0978672905979012,0,0,0,0,1.8040823012398033,1,0,-0.5812496977647484,-0.5874223568598589,-0.5599621782275194,0,0
-0.4333023459586993,-0.6498480506347494,-1.0253502705670765,0,0,0,0,0.566677440638905,1,0,-0.5812496977647484,-0.5874223568598589,-0.7944685696119764,0,0
-0.4181386099398539,-0.4241475902250075,0.08049482093463266,0,0,0,0,-0.2558913472921169,0,0,-0.33589313475725646,-0.5874223568598589,-0.4678346673264827,0,0
-0.4409614537822811,-0.19844712981526558,-0.9540054259540629,0,0,0,0,0.0808077938817211,1,0,-0.5812496977647484,-0.5874223568598589,-0.5376282361909044,0,0
-0.42565795982777804,-0.19844712981526558,0.43721904399969996,1,0,0,0,-0.575542430685001,1,0,-0.5812496977647484,-0.5874223568598589,-0.7498006855387466,0,0
-0.4370295841064993,-0.6498480506347494,-0.9896778482605697,1,1,1,1,-1.128183637084254,0,1,1.1362462432876954,0.7125441313500638,1.5813045145329394,1,1
-0.420951729118051,-0.6498480506347494,-0.6329536251955021,0,0,0,0,1.1065326037024428,1,0,-0.8266062607722404,-0.5874223568598589,-0.4566676963081753,0,0
-0.40766491076880895,0.02725333059447637,0.4015466216931932,1,1,0,0,-0.453364683254832,1,0,-0.5812496977647484,-0.5874223568598589,-0.6130052905644799,0,0
-0.4416816389872355,-0.4241475902250075,-0.9183330036475561,1,1,1,1,-1.118238936712031,0,0,1.6269593693026794,0.7125441313500638,1.2602540977565995,1,1
-0.4401105399465008,-0.6498480506347494,-0.13353971290440778,0,0,0,0,-0.2459466469198938,1,0,-0.33589313475725646,-0.5874223568598589,-0.7023410587109398,0,0
-0.2926615994645933,0.02725333059447637,1.0079778009038078,1,0,0,0,0.8778044951413122,1,0,-0.5812496977647484,-0.5874223568598589,-0.7637593993116308,0,0
-0.4259875294541391,-0.6498480506347494,-0.026522445984887653,0,0,0,0,1.7003732830723344,1,0,-0.5812496977647484,-0.5874223568598589,-0.5097108086451357,0,0
-0.43825570481588827,-0.19844712981526558,-0.4545915136629685,0,0,0,0,0.36210074726745917,1,0,-0.33589313475725646,-0.5874223568598589,-0.6827988594289017,0,0
-0.4416816389872355,-0.6498480506347494,-1.0966951151800899,1,1,1,0,-1.128183637084254,0,1,1.1362462432876954,2.0125106195599867,1.3495898659030592,1,1
-0.4416816389872355,-0.6498480506347494,-0.7399708921150225,0,1,1,1,-1.1153975937485388,0,1,1.8723159323101712,2.0125106195599867,1.3914660072217122,1,1
-0.4414362774428929,-0.4241475902250075,-0.7399708921150225,1,1,1,1,-1.1068735648580619,0,1,0.8908896802802034,0.7125441313500638,1.7013494529797446,1,1
-0.438100930753717,-0.19844712981526558,-0.8826605813410494,0,0,0,0,0.7982468921635277,1,0,-0.33589313475725646,-0.5874223568598589,-0.6855906021834786,0,0
-0.4060743790937623,-0.4241475902250075,-0.13353971290440778,0,0,0,0,0.8877491955135353,1,0,-0.5812496977647484,-0.5874223568598589,-0.4287502687624066,0,0
-0.4345829369309323,-0.4241475902250075,-0.06219486829139442,1,0,0,0,0.4814371517341359,1,0,-0.5812496977647484,-0.5874223568598589,-0.7860933413482458,0,0
-0.4334610458055801,-0.6498480506347494,-0.8826605813410494,0,0,0,0,1.3409433981905576,1,0,-0.33589313475725646,-0.5874223568598589,-0.6632566601468636,0,0
0.70898038476538,2.9613593159211216,1.6144089801144224,1,0,1,0,-1.0983495359675848,0,1,2.117672495317663,2.6624938636649476,1.3216724383572906,1,1
-0.42556540945325205,-0.4241475902250075,-0.9540054259540629,0,0,0,0,-0.47751609844451653,1,0,-0.5812496977647484,-0.5874223568598589,-0.7777181130845152,0,0
-0.4370295841064993,-0.6498480506347494,-0.8826605813410494,1,1,1,0,-1.1040322218945695,0,1,1.6269593693026794,1.3625273754550251,1.436133891294942,1,1
-0.41518916788762,-0.6498480506347494,-0.20488455751742132,0,0,0,0,-0.818477254063593,0,0,-0.33589313475725646,-0.5874223568598589,-0.7805098558390922,0,0
-0.43626022844805856,-0.4241475902250075,-0.9183330036475561,0,0,0,0,-0.8795661277786775,1,1,-0.33589313475725646,-0.5874223568598589,-0.5571704354729425,0,0
-0.4202628520461546,-0.19844712981526558,-0.4189190913564617,0,0,0,0,1.4205010011683423,1,0,-0.8266062607722404,-0.5874223568598589,-0.7107162869746704,0,0
-0.4263790283342922,-0.6498480506347494,-0.5972812028889956,0,0,0,0,0.05523570721029038,1,0,-0.33589313475725646,-0.5874223568598589,-0.42316678325325285,0,0
-0.4409455543542076,-0.4241475902250075,-0.7042984698085157,1,1,1,0,-1.1153975937485388,0,1,0.1548199912577275,1.3625273754550251,1.355173351412213,1,1
2.3682474465549435,1.381456093052928,2.0424780477925033,1,1,1,1,-1.1011908789310771,0,1,1.1362462432876954,2.0125106195599867,1.5170944311776715,1,1
3.1109390771042693,0.7043547118237021,2.07815047009901,1,1,1,0,-1.1153975937485388,0,0,2.853742184340139,2.0125106195599867,1.4696348043498646,1,1
-0.40285602078892896,-0.4241475902250075,-0.13353971290440778,0,0,0,0,-0.8383666548080391,1,0,-0.33589313475725646,-0.5874223568598589,-0.5739208920004037,0,0
-0.43298710544652785,-0.4241475902250075,-0.16921213521091455,0,0,0,0,-0.893772842596139,1,0,-0.5812496977647484,-0.5874223568598589,-0.5432117217000583,0,0
-0.4194481535743194,-0.4241475902250075,-0.13353971290440778,1,0,0,0,0.9076385962579814,1,0,-0.5812496977647484,-0.5874223568598589,-0.5822961202641344,0,0
-0.4370295841064993,-0.6498480506347494,-0.6686260475020089,1,1,1,1,-1.1125562507850464,0,1,0.4001765542652195,0.7125441313500638,1.4277586630312116,1,1
-0.428658142647382,-0.6498480506347494,-0.9896778482605697,0,0,0,0,1.6478084382477267,1,0,-0.5812496977647484,-0.5874223568598589,-0.7330502290112852,0,0
-0.3772917033392527,-0.19844712981526558,-0.9896778482605697,0,0,0,0,-0.18059575875957082,1,0,-0.33589313475725646,-0.5874223568598589,-0.5404199789454813,0,0
-0.4370295841064993,-0.4241475902250075,-0.7399708921150225,1,1,1,0,-1.119659608193777,0,1,0.8908896802802034,0.7125441313500638,1.5840962572875161,1,1
-0.4175314873345325,-0.19844712981526558,-0.3475742467434483,0,0,0,0,1.2358137085413425,1,0,-0.8266062607722404,-0.5874223568598589,-0.5236695224180201,0,0
-0.43063693443019646,-0.19844712981526558,-0.3475742467434483,0,0,0,0,-0.42779259658340124,1,0,-0.33589313475725646,-0.5874223568598589,-0.7246750007475548,0,0
-0.4416816389872355,-0.4241475902250075,-1.061022692873583,1,1,1,1,-1.1310249800477463,0,1,0.1548199912577275,0.7125441313500638,1.6315558841153228,1,1
2.9585437460330324,0.47865425141396023,1.935460780872983,0,1,0,0,-1.1310249800477463,0,1,1.8723159323101712,0.7125441313500638,1.7208916522617828,1,1
-0.30343895808291665,0.02725333059447637,0.9366329562907942,1,1,0,0,2.278586576143018,1,0,-0.5812496977647484,-0.5874223568598589,-0.5348364934363277,0,0
-0.43739114887824254,-0.4241475902250075,-1.0966951151800899,0,0,0,0,1.379301528197704,1,0,-0.5812496977647484,-0.5874223568598589,-0.6492979463739792,0,0
-0.41544571791838464,-0.4241475902250075,-0.5616087805824888,0,0,0,0,-0.7730157666477161,1,0,-0.5812496977647484,-0.5874223568598589,-0.7637593993116308,0,0
-0.3840285461899594,-0.19844712981526558,-0.8113157367280359,0,0,0,0,0.3549973898587284,1,0,-0.8266062607722404,-0.5874223568598589,-0.4119998122349453,0,0
-0.36202756537646236,-0.19844712981526558,-0.4189190913564617,0,0,0,0,1.3210539974461115,0,0,-0.8266062607722404,-0.5874223568598589,-0.7358419717658622,0,0
-0.4414362774428929,-0.4241475902250075,-0.8469881590345426,1,1,0,1,-1.1125562507850464,0,1,0.1548199912577275,1.3625273754550251,1.3607568369213665,1,1
-0.4416816389872355,-0.6498480506347494,-1.061022692873583,0,1,1,1,-1.1310249800477463,0,0,1.8723159323101712,2.0125106195599867,1.6622650544156687,1,1
-0.4354685939613914,-0.4241475902250075,-0.3832466690499551,0,0,0,0,0.16462741130474406,1,0,-0.33589313475725646,-0.5874223568598589,-0.4790016383447902,0,0
-0.4409455543542076,-0.6498480506347494,-0.6686260475020089,1,1,1,1,-1.1310249800477463,0,1,0.4001765542652195,1.3625273754550251,1.5115109456685176,1,1
-0.43686499558255426,-0.19844712981526558,-0.27622940213043484,0,0,0,0,-0.32692492137942447,1,0,-0.8266062607722404,-0.5874223568598589,-0.4203750404986759,0,0
-0.40364529980477026,-0.4241475902250075,-0.3475742467434483,0,0,0,0,0.8664391232873431,1,0,-0.33589313475725646,-0.5874223568598589,-0.5180860369088663,0,0
-0.418215457175542,-0.19844712981526558,-0.16921213521091455,0,0,0,0,0.32090127429682075,1,0,-0.5812496977647484,-0.5874223568598589,-0.5292530079271739,0,0
-0.4409455543542076,-0.4241475902250075,-0.6686260475020089,1,1,1,1,-1.1111355793033002,0,1,1.6269593693026794,0.7125441313500638,1.2574623550020227,0,1
-0.4414362774428929,-0.4241475902250075,-0.9183330036475561,1,1,1,0,-1.1153975937485388,0,0,0.6455331172727115,0.7125441313500638,1.246295383983715,1,1
-0.4251176737071356,-0.19844712981526558,-0.9183330036475561,0,0,0,0,1.1576767770453043,1,0,-0.8266062607722404,-0.5874223568598589,-0.8586786529672444,0,0
-0.4370295841064993,-0.6498480506347494,-0.7042984698085157,1,1,1,1,-1.1210802796755233,0,1,0.6455331172727115,0.7125441313500638,1.330047666621021,1,1
-0.41047086538991123,-0.4241475902250075,-0.8113157367280359,0,0,0,0,-0.9420756729755082,1,0,-0.5812496977647484,-0.5874223568598589,-0.7525924282933234,0,0
-0.14655724024568345,-0.19844712981526558,0.6869260001452472,1,0,0,0,0.09501450869918263,1,0,-0.5812496977647484,-0.5874223568598589,-0.7470089427841696,0,0
-0.395434717374124,-0.4241475902250075,0.08049482093463266,0,0,0,0,0.5638360976754127,1,0,-0.5812496977647484,-0.5874223568598589,-0.49575209487225136,0,0
-0.1802429266684829,-0.4241475902250075,0.6869260001452472,1,1,0,0,1.248599751877058,1,0,-0.5812496977647484,-0.5874223568598589,-0.7749263703299383,0,0
-0.43530537946209474,-0.19844712981526558,-0.6686260475020089,0,0,0,0,-0.8198979255453391,1,0,-0.33589313475725646,-0.5874223568598589,-0.6576731746377098,0,0
-0.4418288559138411,-0.6498480506347494,-0.7756433144215291,1,1,1,0,-1.1040322218945695,0,1,0.6455331172727115,0.7125441313500638,1.2965467535660986,1,1
-0.43046056855212295,-0.4241475902250075,-1.0966951151800899,0,0,0,0,0.18877882649442865,1,0,-0.33589313475725646,-0.5874223568598589,-0.43154201151698346,0,0
-0.4384662250209342,-0.4241475902250075,-0.7042984698085157,0,0,0,0,0.1873581550126825,1,0,-0.5812496977647484,-0.5874223568598589,-0.7749263703299383,0,0
-0.37374897707279836,-0.19844712981526558,-0.3832466690499551,0,0,0,0,-0.7446023370127931,1,0,-0.8266062607722404,-0.5874223568598589,-0.5432117217000583,0,0
-0.4239797850090922,-0.19844712981526558,-0.8469881590345426,0,0,0,0,0.9161626251484584,1,0,-0.5812496977647484,-0.5874223568598589,-0.8056355406302839,0,0
1.363702344532308,1.60715655346267,1.5787365578079158,1,1,1,0,-1.0798808067048848,0,1,0.8908896802802034,2.6624938636649476,1.7264751377709366,1,1
-0.11767789204270289,-0.4241475902250075,-0.3475742467434483,1,0,0,0,0.45018237913572057,1,0,-0.5812496977647484,-0.5874223568598589,-0.783301598593669,0,0
-0.4358230923206577,-0.4241475902250075,-0.4189190913564617,0,0,0,0,1.5540441204524806,1,0,-0.33589313475725646,-0.5874223568598589,-0.590671348527865,0,0
-0.43558793781655974,-0.6498480506347494,-0.6329536251955021,0,0,0,0,0.7968262206817815,1,0,-0.5812496977647484,-0.5874223568598589,-0.4203750404986759,0,0
-0.4088579567420206,-0.4241475902250075,-0.4189190913564617,0,0,0,0,0.05097369276505192,1,0,-0.5812496977647484,-0.5874223568598589,-0.8530951674580907,0,0
-0.4413949585588256,-0.4241475902250075,-0.06219486829139442,0,0,0,0,0.379148805048413,1,0,-0.8266062607722404,-0.5874223568598589,-0.5515869499637888,0,0
-0.3691083069677197,-0.6498480506347494,-0.525936358275982,0,0,0,0,1.6662771675104266,1,0,-0.8266062607722404,-0.5874223568598589,-0.7135080297292472,0,0
-0.28460510408379425,0.02725333059447637,0.5085638886127135,1,1,1,0,0.9175832966302045,1,0,-0.5812496977647484,-0.5874223568598589,-0.5348364934363277,0,0
-0.43266244305105367,-0.4241475902250075,-0.20488455751742132,0,0,0,0,0.3649420902309515,1,1,-0.33589313475725646,-0.5874223568598589,-0.8726373667401287,0,0
-0.42622209509053066,-0.6498480506347494,-0.4189190913564617,0,0,0,0,0.3294253031872977,1,0,-0.33589313475725646,-0.5874223568598589,-0.38966587019833043,0,0
-0.3801638074327098,-0.19844712981526558,-0.0978672905979012,0,0,0,0,0.13763465315156717,1,0,-0.5812496977647484,-0.5874223568598589,-0.8754291094947056,0,0
3.0040196435292015,3.6384606971503475,1.4360468685818886,1,0,1,0,-1.118238936712031,0,1,1.1362462432876954,2.0125106195599867,1.718099909507206,1,1
-0.09795887173620998,-0.19844712981526558,0.25885693246716635,1,0,0,0,0.7343166754849509,1,0,-0.5812496977647484,-0.5874223568598589,-0.7749263703299383,0,0
0.8385303968767281,0.2529537910042183,1.6500814024209292,1,1,1,0,-1.1153975937485388,0,1,1.8723159323101712,1.3625273754550251,1.54501185872344,1,1
2.6972189796154726,3.1870597763308637,2.0068056254859963,0,1,0,0,-1.0884048355953617,0,1,2.6083856213326473,2.6624938636649476,1.799060449389935,1,1
-0.4402413667219443,-0.6498480506347494,-0.20488455751742132,0,0,0,0,0.7286339895579663,1,0,-0.8266062607722404,-0.5874223568598589,-0.6576731746377098,0,0
-0.3094049731059166,-0.4241475902250075,0.22318451016065954,1,0,0,0,1.3423640696723038,1,0,-0.5812496977647484,-0.5874223568598589,-0.6660484029014404,0,0
-0.28281573141321237,-0.19844712981526558,-0.16921213521091455,1,0,0,0,0.6362903432444664,1,0,-0.5812496977647484,-0.5874223568598589,-0.6409227181102487,0,0
-0.4418288559138411,-0.4241475902250075,-0.9896778482605697,1,1,0,0,-1.118238936712031,0,1,1.1362462432876954,0.7125441313500638,1.4863852608773256,1,1
-0.4416816389872355,-0.6498480506347494,-0.7399708921150225,1,1,1,1,-1.1210802796755233,0,1,0.1548199912577275,0.7125441313500638,1.2574623550020227,1,1
-0.43365802205337833,-0.4241475902250075,-0.2405569798239281,0,0,0,0,1.5171066619270808,1,0,-0.8266062607722404,-0.5874223568598589,-0.8391364536852063,0,0
-0.4416816389872355,-0.6498480506347494,-0.9896778482605697,1,1,1,1,-1.109714907821554,0,1,1.6269593693026794,2.0125106195599867,1.3328394093755978,1,1
-0.14019845046249993,0.7043547118237021,1.5787365578079158,0,1,1,0,-1.0884048355953617,0,1,2.117672495317663,0.7125441313500638,1.5561788297417474,1,1
2.702569726029879,0.9300551722334441,1.8284435139534625,1,1,1,0,-1.109714907821554,0,0,2.853742184340139,0.06256088724510249,1.3691320651850973,1,1
2.8575207429469884,3.6384606971503475,2.363529848551064,0,1,0,0,-1.1310249800477463,0,1,1.1362462432876954,2.6624938636649476,1.4696348043498646,1,1
3.762254535334162,3.6384606971503475,2.0424780477925033,1,1,1,0,-1.081301478186631,0,1,1.6269593693026794,1.3625273754550251,1.2909632680569447,0,1
-0.41402163951502,-0.4241475902250075,-0.8469881590345426,0,0,0,0,-0.35960036545958596,1,0,-0.33589313475725646,-0.5874223568598589,-0.5990465767915957,0,0
-0.4418288559138411,-0.6498480506347494,-1.0966951151800899,1,1,1,1,-1.1239216226390156,0,1,0.4001765542652195,1.3625273754550251,1.5226779166868252,1,1
-0.36852719268609857,-0.4241475902250075,1.0079778009038078,1,1,0,0,2.4050263380184256,1,0,-0.5812496977647484,-0.5874223568598589,-0.802843797875707,0,0
-0.41252503223914777,-0.19844712981526558,-0.3475742467434483,0,0,0,0,0.20866822723887476,1,0,-0.8266062607722404,-0.5874223568598589,-0.6353392326010948,0,0
-0.42011602769802,-0.4241475902250075,0.18751208785415277,0,0,0,0,1.9731422075675955,1,0,-0.5812496977647484,-0.5874223568598589,-0.6130052905644799,0,0
2.6542540140194877,1.832857013872412,1.6500814024209292,1,1,1,1,-1.1324456515294925,0,1,2.3630290583251554,1.3625273754550251,1.609221942078708,1,1
-0.4233902302903458,-0.19844712981526558,-0.5616087805824888,0,0,0,0,1.0667538022135505,1,1,-0.8266062607722404,-0.5874223568598589,-0.8782208522492826,0,0
-0.41502771999144256,-0.4241475902250075,-0.5972812028889956,0,0,0,0,0.043870335356321156,1,1,-0.33589313475725646,-0.5874223568598589,-0.6744236311651711,0,0
-0.36957655493894315,-0.4241475902250075,-0.7756433144215291,0,0,0,0,1.2088209503881655,1,0,-0.33589313475725646,-0.5874223568598589,-0.8726373667401287,0,0
-0.3895915794125309,-0.4241475902250075,-0.4545915136629685,0,0,0,0,-0.8767247848151852,1,0,-0.5812496977647484,-0.5874223568598589,-0.8530951674580907,0,0
1.4046911682501568,2.058557474282154,1.5787365578079158,1,1,1,0,-1.0969288644858386,0,1,1.8723159323101712,1.3625273754550251,1.6343476268699,1,1
-0.4112381600113795,-0.6498480506347494,-0.6686260475020089,0,0,0,0,0.3549973898587284,1,0,-0.8266062607722404,-0.5874223568598589,-0.6018383195461724,0,0
-0.4152812275390574,-0.4241475902250075,-0.2405569798239281,0,0,0,0,-0.5158742284516626,1,0,-0.5812496977647484,-0.5874223568598589,-0.45387595355359833,0,0
-0.43639694390056627,-0.19844712981526558,-1.061022692873583,0,0,0,0,-0.05273532540241716,1,0,-0.8266062607722404,-0.5874223568598589,-0.42316678325325285,0,0
-0.4134634910739495,-0.4241475902250075,0.04482239862812589,0,0,0,0,0.5340019965587435,1,0,-0.33589313475725646,-0.5874223568598589,-0.5962548340370187,0,0
-0.4414362774428929,-0.6498480506347494,-0.6686260475020089,0,1,1,1,-1.1111355793033002,0,1,1.6269593693026794,1.3625273754550251,1.6706402826793991,1,1
0.4590785722616178,1.155755632643186,2.220840159325037,0,1,0,1,-1.0969288644858386,0,1,0.6455331172727115,2.0125106195599867,1.6231806558515924,1,1
-0.3971318341040332,-0.4241475902250075,-0.31190182443694153,0,0,0,0,1.5867195645326422,0,0,-0.5812496977647484,-0.5874223568598589,-0.8558869102126676,0,0
-0.4414362774428929,-0.4241475902250075,-0.9896778482605697,1,1,0,0,-1.1210802796755233,0,1,0.8908896802802034,2.0125106195599867,1.542220115968863,1,1
-0.3884564387637842,-0.19844712981526558,-0.3832466690499551,0,0,0,0,0.13621398166982102,1,0,-0.33589313475725646,-0.5874223568598589,-0.8112190261394376,0,0
-0.4331593492506564,-0.19844712981526558,-0.4189190913564617,0,0,0,0,1.0568091018413273,1,0,-0.5812496977647484,-0.5874223568598589,-0.6018383195461724,0,0
-0.43500240702714044,-0.6498480506347494,-0.9183330036475561,0,0,0,0,-0.7858018099834315,1,0,-0.33589313475725646,-0.5874223568598589,-0.40362458397121476,0,0
-0.44132007421549224,-0.4241475902250075,-0.4189190913564617,0,0,0,0,-0.0030118235413018482,1,0,-0.5812496977647484,-0.5874223568598589,-0.8140107688940146,0,0
-0.4349875871898622,-0.19844712981526558,0.009149976321619119,0,0,0,0,0.7968262206817815,1,0,-0.8266062607722404,-0.5874223568598589,-0.8084272833848608,0,0
-0.2897152980401271,-0.4241475902250075,0.8296156893712743,1,1,0,0,0.735737346966697,1,0,-0.5812496977647484,-0.5874223568598589,-0.7386337145204391,0,0
-0.4178549719945938,-0.19844712981526558,-0.27622940213043484,0,0,0,0,-0.47751609844451653,1,0,-0.8266062607722404,-0.5874223568598589,-0.5711291492458269,0,0
-0.4332983220293721,-0.4241475902250075,-0.7042984698085157,0,0,0,0,-0.4363166254738781,1,0,-0.5812496977647484,-0.5874223568598589,-0.7414254572750159,0,0
-0.4091871337899107,-0.19844712981526558,-0.3475742467434483,0,0,0,0,1.4489144308032653,1,0,-0.8266062607722404,-0.5874223568598589,-0.6911740876926322,0,0
-0.4335607607372009,-0.4241475902250075,0.009149976321619119,0,0,0,0,0.5538913973031896,1,0,-0.5812496977647484,-0.5874223568598589,-0.5767126347549807,0,0
-0.3218780744295006,-0.4241475902250075,0.151839665547646,1,0,0,0,-0.43063393954689355,1,0,-0.5812496977647484,-0.5874223568598589,-0.7777181130845152,0,0
-0.44011839151591975,-0.19844712981526558,-0.5616087805824888,0,0,0,0,-0.8113738966548621,1,0,-0.8266062607722404,-0.5874223568598589,-0.6241722615827874,0,0
-0.427257717096892,-0.4241475902250075,0.04482239862812589,0,0,0,0,-0.7801191240564469,1,0,-0.8266062607722404,-0.5874223568598589,-0.8000520551211302,0,0
-0.40963241592058364,-0.6498480506347494,-0.31190182443694153,0,0,0,0,-0.7786984525747007,1,0,-0.5812496977647484,-0.5874223568598589,-0.7442172000295928,0,0
-0.4280944981077181,-0.19844712981526558,0.6155811555322337,1,0,0,0,1.9475701208961647,1,0,-0.5812496977647484,-0.5874223568598589,-0.6632566601468636,0,0
2.415803519224049,2.9613593159211216,1.899788358566476,0,0,1,1,-1.089825507077108,0,0,1.1362462432876954,1.3625273754550251,1.692974224716014,0,1
-0.367284878114783,-0.19844712981526558,-0.31190182443694153,1,0,0,0,0.2626537435452285,1,0,-0.5812496977647484,-0.5874223568598589,-0.6855906021834786,0,0
-0.4375667295993742,-0.19844712981526558,-0.13353971290440778,0,0,0,0,0.4018795487563514,1,0,-0.8266062607722404,-0.5874223568598589,-0.4371254970261372,0,0
-0.439123597670537,-0.4241475902250075,-0.8469881590345426,0,0,0,0,-0.05841801132940177,1,0,-0.8266062607722404,-0.5874223568598589,-0.7972603123665533,0,0
-0.4366854890767132,-0.6498480506347494,-0.3832466690499551,0,0,0,0,-0.875304113333439,1,0,-0.8266062607722404,-0.5874223568598589,-0.6353392326010948,0,0
-0.018426890029901687,0.02725333059447637,0.9009605339842874,1,0,0,0,0.8351843506889277,1,0,-0.5812496977647484,-0.5874223568598589,-0.8307612254214757,0,0
-0.4414362774428929,-0.4241475902250075,-1.061022692873583,1,1,1,0,-1.109714907821554,0,1,0.4001765542652195,2.0125106195599867,1.3914660072217122,1,1
-0.37170599870998394,-0.4241475902250075,-0.026522445984887653,0,0,0,0,0.4047208917198437,1,0,-0.5812496977647484,-0.5874223568598589,-0.4650429245719059,0,0
2.8053547194381556,2.058557474282154,2.0068056254859963,0,0,1,0,-1.0699361063326618,0,1,2.117672495317663,1.3625273754550251,1.628764141360746,1,1
-0.4414362774428929,-0.4241475902250075,-1.061022692873583,0,1,1,1,-1.1296043085660001,0,0,0.1548199912577275,0.7125441313500638,1.6818072536977065,1,1
-0.4159824708327886,-0.6498480506347494,-0.27622940213043484,0,0,0,0,1.6705391819556652,1,0,-0.5812496977647484,-0.5874223568598589,-0.8168025116485913,0,0
-0.4323454359357631,-0.19844712981526558,-0.31190182443694153,0,0,0,0,-0.5016675136342011,1,0,-0.33589313475725646,-0.5874223568598589,-0.7498006855387466,0,0
-0.44130986717524756,-0.4241475902250075,-0.16921213521091455,0,0,0,0,-0.1308722568984555,0,0,-0.5812496977647484,-0.5874223568598589,-0.5543786927183657,0,0
3.089596057808081,0.2529537910042183,1.685753824727436,0,1,0,0,-1.0940875215223465,0,0,2.3630290583251554,1.3625273754550251,1.4500926050678264,1,1
0.10694952221217836,0.02725333059447637,2.1494953147120235,0,0,0,1,-1.0699361063326618,0,0,2.6083856213326473,2.0125106195599867,1.352381608657636,1,1
1.695256749497823,1.832857013872412,1.5073917131949022,1,0,0,0,-1.0969288644858386,0,1,2.853742184340139,0.7125441313500638,1.5282614021959786,1,1
-0.30069139950936796,-0.19844712981526558,0.7582708447582607,1,0,0,0,1.725945369743765,1,0,-0.5812496977647484,-0.5874223568598589,-0.5571704354729425,0,0
-0.4211096438079899,-0.6498480506347494,-1.061022692873583,0,0,0,0,0.0779664509182288,1,0,-0.5812496977647484,-0.5874223568598589,-0.5822961202641344,0,0
-0.43956858536735677,-0.4241475902250075,-0.9540054259540629,0,0,0,0,0.6362903432444664,1,0,-0.33589313475725646,-0.5874223568598589,-0.439917239780714,0,0
-0.4370295841064993,-0.4241475902250075,-0.8469881590345426,1,1,1,1,-1.126762965602508,0,1,1.1362462432876954,1.3625273754550251,1.2993384963206758,0,1
-0.4369332060918815,-0.19844712981526558,-0.9540054259540629,0,0,0,0,1.3579914559715116,1,0,-0.8266062607722404,-0.5874223568598589,-0.40083284121663787,0,0
0.1742711357365846,0.02725333059447637,0.8296156893712743,1,0,0,0,1.6066089652770883,1,0,-0.5812496977647484,-0.5874223568598589,-0.8279694826668988,0,0
-0.4409455543542076,-0.4241475902250075,-0.9896778482605697,1,1,1,1,-1.119659608193777,0,1,1.3816028062951873,2.0125106195599867,1.2379201557199846,1,1
-0.42770623799995033,0.02725333059447637,0.3658741993866864,1,0,0,0,0.9545207551556044,1,0,-0.5812496977647484,-0.5874223568598589,-0.802843797875707,0,0
-0.3866732492041197,-0.4241475902250075,-0.31190182443694153,0,0,0,0,0.566677440638905,0,0,-0.8266062607722404,-0.5874223568598589,-0.6074218050553262,0,0
2.1857230918630797,3.6384606971503475,2.2565125816315437,0,0,1,0,-1.091246178558854,0,1,0.6455331172727115,0.06256088724510249,1.6873907392068603,1,1
-0.4409455543542076,-0.6498480506347494,-0.7042984698085157,1,1,1,0,-1.1068735648580619,0,1,0.4001765542652195,2.0125106195599867,1.4863852608773256,1,1
-0.4104642897005229,-0.19844712981526558,-0.3475742467434483,0,0,0,0,1.5739335211969268,0,0,-0.5812496977647484,-0.5874223568598589,-0.7665511420662078,0,0
-0.4192830743272857,-0.19844712981526558,-0.9183330036475561,0,0,0,0,-0.32408357841593216,1,0,-0.8266062607722404,-0.5874223568598589,-0.6716318884105942,0,0
-0.1502756453778871,0.02725333059447637,-0.16921213521091455,1,0,0,0,1.902108633480288,1,0,-0.5812496977647484,-0.5874223568598589,-0.6130052905644799,1,0
0.29798723548040695,2.058557474282154,1.4003744462753818,0,1,1,0,-1.0699361063326618,0,1,1.8723159323101712,1.3625273754550251,1.3747155506942508,1,1
-0.33327256640415465,-0.19844712981526558,-0.13353971290440778,0,0,0,0,1.3196333259643653,1,0,-0.5812496977647484,-0.5874223568598589,-0.7023410587109398,0,0
-0.4418288559138411,-0.6498480506347494,-0.7042984698085157,1,1,1,0,-1.1082942363398078,0,1,1.8723159323101712,1.3625273754550251,1.3579650941667898,1,1
-0.3946470086721665,-0.4241475902250075,0.9723053785973009,1,0,0,0,-0.5627563873492857,1,0,-0.5812496977647484,-0.5874223568598589,-0.7972603123665533,0,0
-0.3939105314606677,-0.4241475902250075,0.04482239862812589,0,0,0,0,0.7499440617841586,1,0,-0.8266062607722404,-0.5874223568598589,-0.7274667435021316,0,0
-0.4009672276205794,-0.6498480506347494,-0.7756433144215291,0,0,0,0,0.43313432135476676,1,0,-0.8266062607722404,-0.5874223568598589,-0.4287502687624066,0,0
-0.41581228806563253,-0.19844712981526558,-0.2405569798239281,0,0,0,0,-0.5087708710429318,1,0,-0.33589313475725646,-0.5874223568598589,-0.7302584862567084,0,0
-0.4409455543542076,-0.4241475902250075,-1.0966951151800899,1,0,1,0,-1.1040322218945695,0,0,0.6455331172727115,2.0125106195599867,1.2686293260203299,0,1
-0.41973385255655193,-0.4241475902250075,-0.4189190913564617,0,0,0,0,0.3436320180047592,1,0,-0.5812496977647484,-0.5874223568598589,-0.825177739912322,0,0
-0.37136376842793484,-0.4241475902250075,-0.4189190913564617,0,0,0,0,1.3864048856064346,1,0,-0.5812496977647484,-0.5874223568598589,-0.5320447506817507,0,0
-0.4198408301898853,-0.19844712981526558,-0.0978672905979012,0,0,0,0,0.27117777243570546,1,0,-0.5812496977647484,-0.5874223568598589,-0.42595852600782963,0,0
-0.4183927063551751,-0.4241475902250075,-0.8826605813410494,0,0,0,0,1.4545971167302498,1,1,-0.5812496977647484,-0.5874223568598589,-0.38966587019833043,0,0
-0.2691487989594747,-0.4241475902250075,0.04482239862812589,1,0,0,0,0.7428407043754278,1,0,-0.5812496977647484,-0.5874223568598589,-0.8307612254214757,0,0
-0.29483746563982377,-0.19844712981526558,-0.16921213521091455,1,0,0,0,1.1860902066802272,1,0,-0.5812496977647484,-0.5874223568598589,-0.6437144608648254,0,0
-0.4414362774428929,-0.4241475902250075,-0.7042984698085157,1,1,1,1,-1.109714907821554,0,1,1.8723159323101712,0.7125441313500638,1.5952632283058237,1,1
-0.4293390700052417,-0.19844712981526558,-0.49026393596947526,0,0,0,0,-0.6025351888381779,1,0,-0.33589313475725646,-0.5874223568598589,-0.5180860369088663,0,0
-0.4130181107986587,-0.19844712981526558,-0.2405569798239281,0,0,0,0,1.1548354340818119,1,0,-0.8266062607722404,-0.5874223568598589,-0.462251181817329,0,0
-0.431443290609524,-0.6498480506347494,0.08049482093463266,0,0,0,0,0.8280809932801969,1,0,-0.33589313475725646,-0.5874223568598589,-0.7023410587109398,0,0
-0.37375898782380756,-0.19844712981526558,-0.7399708921150225,0,0,0,0,0.07370443647299035,1,0,-0.33589313475725646,-0.5874223568598589,-0.7665511420662078,0,0
-0.3765131220867447,-0.6498480506347494,0.04482239862812589,0,0,0,0,1.6989526115905882,1,1,-0.5812496977647484,-0.5874223568598589,-0.5627539209820963,0,0
1.7485237593284302,0.2529537910042183,2.18516773701853,1,1,0,1,-1.1225009511572694,0,0,0.4001765542652195,0.06256088724510249,1.6455145978882073,1,1
-0.43341010874897457,-0.4241475902250075,-0.27622940213043484,0,0,0,0,-0.18059575875957082,1,1,-0.8266062607722404,-0.5874223568598589,-0.8140107688940146,0,0
-0.4414362774428929,-0.6498480506347494,-0.9540054259540629,1,1,1,0,-1.1296043085660001,0,1,1.8723159323101712,1.3625273754550251,1.3914660072217122,1,1
-0.4246220433875635,-0.19844712981526558,-0.4189190913564617,0,0,0,0,1.0695951451770427,1,0,-0.8266062607722404,-0.5874223568598589,-0.590671348527865,0,0
-0.4413306738342078,-0.6498480506347494,-0.3475742467434483,0,0,0,0,0.46580976543492825,1,0,-0.5812496977647484,-0.5874223568598589,-0.6046300623007493,0,0
-0.19671532302023415,0.02725333059447637,0.6512535778387404,1,0,0,0,0.2924878446618977,1,0,-0.5812496977647484,-0.5874223568598589,-0.7386337145204391,0,0
-0.3905010855851002,-0.19844712981526558,-0.6686260475020089,0,0,0,0,1.613712322685819,1,0,-0.33589313475725646,-0.5874223568598589,-0.6744236311651711,0,0
2.176787613285828,2.058557474282154,1.6144089801144224,0,1,1,0,-1.1253422941207618,0,1,1.3816028062951873,2.0125106195599867,1.4752182898590185,0,1
1.9354825822835071,3.4127602367406054,2.1494953147120235,1,0,1,0,-1.1210802796755233,0,0,1.1362462432876954,0.06256088724510249,1.6399311123790534,1,1
-0.4173647396289973,-0.6498480506347494,-0.7756433144215291,0,0,0,0,0.9289486684841737,1,0,-0.8266062607722404,-0.5874223568598589,-0.5348364934363277,0,0
-0.4292093228205933,-0.19844712981526558,-0.31190182443694153,0,0,0,0,0.5098505813690589,1,0,-0.5812496977647484,-0.5874223568598589,-0.5739208920004037,0,0
-0.4346669487237152,-0.19844712981526558,-0.9540054259540629,0,0,0,0,1.49153457525565,1,0,-0.33589313475725646,-0.5874223568598589,-0.56833740649125,0,0
-0.4182004410490282,-0.4241475902250075,-0.31190182443694153,0,0,0,0,0.2839638157714208,1,0,-0.33589313475725646,-0.5874223568598589,-0.4650429245719059,0,0
-0.14239551587516153,-0.19844712981526558,0.5085638886127135,0,0,0,0,0.379148805048413,1,0,-0.5812496977647484,-0.5874223568598589,-0.7805098558390922,0,0
-0.4380687393190992,-0.4241475902250075,-0.9896778482605697,0,0,0,0,1.0681744736952965,1,1,-0.5812496977647484,-0.5874223568598589,-0.5878796057732881,0,0
0.04209016085755931,3.1870597763308637,2.07815047009901,0,1,0,0,-1.1082942363398078,0,1,1.3816028062951873,1.3625273754550251,1.7125164239980524,1,1
2.543477398822736,1.60715655346267,1.5073917131949022,1,1,0,1,-1.1153975937485388,0,1,1.8723159323101712,2.0125106195599867,1.7069329384888985,1,1
-0.4233268288672876,-0.6498480506347494,-0.9183330036475561,0,0,0,0,1.3466260841175424,1,0,-0.8266062607722404,-0.5874223568598589,-0.4929603521176746,0,0
-0.4371941726304443,-0.19844712981526558,-1.0253502705670765,0,0,0,0,1.6634358245469343,1,0,-0.5812496977647484,-0.5874223568598589,-0.5962548340370187,0,0
-0.43122786317359124,-0.19844712981526558,-0.5616087805824888,0,0,0,0,0.6291869858357357,1,0,-0.5812496977647484,-0.5874223568598589,-0.45387595355359833,0,0
-0.41616089774783455,-0.6498480506347494,0.08049482093463266,0,0,0,0,0.8067709210540046,1,0,-0.5812496977647484,-0.5874223568598589,-0.40083284121663787,0,0
-0.40286298905678825,-0.6498480506347494,-0.27622940213043484,0,0,0,0,0.3834108194936514,1,0,-0.33589313475725646,-0.5874223568598589,-0.6018383195461724,0,0
-0.3780116922549717,-0.19844712981526558,-0.16921213521091455,1,0,0,0,0.08933182277219802,1,0,-0.5812496977647484,-0.5874223568598589,-0.7553841710479002,0,0
-0.18669986106940353,0.02725333059447637,0.25885693246716635,1,0,0,0,1.1733041633445118,1,0,-0.5812496977647484,-0.5874223568598589,-0.6744236311651711,0,0
-0.4414362774428929,-0.6498480506347494,-0.9540054259540629,1,1,1,0,-1.128183637084254,0,0,0.1548199912577275,1.3625273754550251,1.5813045145329394,1,1
-0.4359270274708413,-0.6498480506347494,-0.9183330036475561,0,0,0,0,-0.3993791669484782,1,0,-0.8266062607722404,-0.5874223568598589,-0.6883823449380554,0,0
2.467838323378968,2.9613593159211216,2.1138228924055165,1,0,0,0,-1.0983495359675848,0,0,2.6083856213326473,2.0125106195599867,1.5198861739322482,1,1
-0.4245108455356674,-0.4241475902250075,-0.6329536251955021,0,0,0,0,-0.8966141855596313,1,0,-0.33589313475725646,-0.5874223568598589,-0.4371254970261372,0,0
-0.377833167195308,-0.19844712981526558,0.47289146630620676,1,0,1,0,-0.0896727839278171,1,0,-0.5812496977647484,-0.5874223568598589,-0.5571704354729425,0,0
-0.4414362774428929,-0.6498480506347494,-0.8826605813410494,0,1,1,1,-1.1310249800477463,0,1,0.1548199912577275,1.3625273754550251,1.7292668805255134,0,1
-0.37703240525919146,-0.4241475902250075,-0.9896778482605697,0,0,0,0,-0.04989398243892486,1,0,-0.8266062607722404,-0.5874223568598589,-0.504127323135982,0,0
1.7668997686858092,0.7043547118237021,1.5073917131949022,1,1,1,0,-1.1225009511572694,0,1,0.4001765542652195,2.6624938636649476,1.3830907789579818,1,1
-0.41462375674483687,-0.6498480506347494,0.04482239862812589,0,0,0,0,0.931790011447666,1,0,-0.8266062607722404,-0.5874223568598589,-0.7860933413482458,0,0
-0.43481504895188045,-0.4241475902250075,0.11616724324113924,0,0,0,0,0.6291869858357357,1,0,-0.33589313475725646,-0.5874223568598589,-0.6018383195461724,0,0
-0.4149400768478034,-0.6498480506347494,-0.7756433144215291,0,0,0,0,0.4047208917198437,1,0,-0.5812496977647484,-0.5874223568598589,-0.4790016383447902,0,0
-0.43632372801573444,-0.6498480506347494,-0.5972812028889956,0,0,0,0,-0.22747791765719383,1,0,-0.33589313475725646,-0.5874223568598589,-0.39524935570748415,0,0
-0.4414362774428929,-0.6498480506347494,-0.6329536251955021,1,1,1,1,-1.128183637084254,0,1,1.1362462432876954,2.0125106195599867,1.7041411957343218,1,1
-0.4127324118164261,-0.4241475902250075,-0.7042984698085157,0,0,0,0,-0.2075885169127477,1,0,-0.5812496977647484,-0.5874223568598589,-0.7721346275753616,0,0
-0.4348981774431038,-0.4241475902250075,-0.8113157367280359,0,0,0,0,-0.9619650737199543,1,0,-0.33589313475725646,-0.5874223568598589,-0.40083284121663787,0,0
-0.437931827577356,-0.6498480506347494,-0.49026393596947526,0,0,0,0,-0.6906168207064393,1,0,-0.8266062607722404,-0.5874223568598589,-0.41758329774409914,0,0
2.088027093173704,1.832857013872412,1.9711332031794895,0,1,0,0,-1.0884048355953617,0,0,2.3630290583251554,0.7125441313500638,1.3049219818298292,1,1
-0.4006440373943712,-0.6498480506347494,-0.16921213521091455,0,0,0,0,0.7570474191928893,1,0,-0.8266062607722404,-0.5874223568598589,-0.7553841710479002,0,0
-0.41421763431664094,-0.19844712981526558,-0.5616087805824888,0,0,0,0,0.03250496350235194,1,0,-0.8266062607722404,-0.5874223568598589,-0.4762098955902133,0,0
-0.4220783311850546,-0.19844712981526558,0.6512535778387404,1,0,1,0,1.529892705262796,1,0,-0.5812496977647484,-0.5874223568598589,-0.6911740876926322,0,0
-0.4370295841064993,-0.4241475902250075,-0.7042984698085157,1,1,1,0,-1.1296043085660001,0,1,1.1362462432876954,2.0125106195599867,1.4277586630312116,1,1
1.909334402502913,0.7043547118237021,2.18516773701853,0,1,1,0,-1.071356777814408,0,1,2.6083856213326473,1.3625273754550251,1.759976050825859,1,1
-0.40015105697947806,-0.6498480506347494,0.11616724324113924,0,0,0,0,1.1065326037024428,1,0,-0.5812496977647484,-0.5874223568598589,-0.6018383195461724,0,0
-0.4184226404635849,-0.19844712981526558,-0.9183330036475561,0,0,0,0,1.697531940108842,1,0,-0.33589313475725646,-0.5874223568598589,-0.7498006855387466,0,0
-0.4414714132160428,-0.4241475902250075,-0.27622940213043484,0,0,0,0,0.35357671837698224,1,0,-0.33589313475725646,-0.5874223568598589,-0.8391364536852063,0,0
-0.2078635701489858,-0.4241475902250075,0.7582708447582607,1,0,0,0,0.6107182565730357,1,0,-0.5812496977647484,-0.5874223568598589,-0.6157970333190568,0,0
0.1211187588194942,1.832857013872412,2.220840159325037,1,1,1,0,-1.1026115504128233,1,0,1.6269593693026794,0.06256088724510249,1.799060449389935,1,1
3.4171670671735024,0.02725333059447637,1.8641159362599693,0,1,1,1,-1.0741981207779003,0,1,1.6269593693026794,0.7125441313500638,1.5143026884230943,0,1
3.1352912103802755,2.73565885551138,1.899788358566476,1,1,1,0,-1.1296043085660001,0,1,1.1362462432876954,0.7125441313500638,1.2937550108115219,0,1
-0.4286173144864034,-0.4241475902250075,-0.16921213521091455,0,0,0,0,0.2967498591071362,1,0,-0.33589313475725646,-0.5874223568598589,-0.7916768268573996,0,0
-0.43897343640539926,-0.19844712981526558,-0.3475742467434483,0,0,0,0,-0.5584943729040472,1,0,-0.5812496977647484,-0.5874223568598589,-0.5152942941542895,0,0
-0.4416816389872355,-0.6498480506347494,-0.9896778482605697,1,1,1,1,-1.119659608193777,0,1,1.8723159323101712,2.0125106195599867,1.715308166752629,1,1
-0.42805857717762635,-0.6498480506347494,-0.6329536251955021,0,0,0,0,-0.3993791669484782,1,0,-0.8266062607722404,-0.5874223568598589,-0.7860933413482458,0,0
1.00156077687057,3.4127602367406054,1.9711332031794895,1,0,1,0,-1.1225009511572694,0,1,2.3630290583251554,1.3625273754550251,1.6901824819614375,1,1
-0.42124920545441197,-0.4241475902250075,-0.7042984698085157,0,0,0,0,1.2826958674389655,1,0,-0.8266062607722404,-0.5874223568598589,-0.7498006855387466,0,0
