amount,tx_velocity_1h,origin_balance_drain_ratio,urgency_signal,coercion_pressure_signal,authority_claim_signal,has_obfuscated_url,recipient_age_days,kyc_verified,is_masked_virtual_handle,connected_entities,elevated_risk_mule_hops,cluster_risk_score,story_mismatch_detected,is_fraud
-0.18354686002656243,1.0827526866899306,1.526037520892173,1,0,0,0,-0.6195048637793324,1,0,0.134021448469128,-0.44329472199346825,-0.7183308618537596,0,0
-0.6186819931420473,-0.24476018588009918,-0.7191822141557004,0,0,0,0,1.2533712454189876,1,0,-0.9324622263515198,-0.44329472199346825,-0.8003999177791374,0,0
0.45352864329904174,0.4189962504049157,0.48556983879681703,0,0,0,0,-0.48774473549402353,1,0,0.48951600674267726,-0.44329472199346825,-0.009552651589132438,0,0
0.07611774148399605,-0.24476018588009918,-0.22632910158421599,0,0,0,0,-0.5253904864326833,1,0,1.2005051232897757,-0.44329472199346825,0.3261843953783225,0,0
-0.6044345052793976,0.4189962504049157,-0.11680618767944173,1,1,1,1,-0.9865509354312645,0,1,1.9114942398368742,0.6040643376485122,1.6355588785513968,1,1
-0.3169237095546996,-0.9085166221651141,-0.7191822141557004,0,0,0,0,1.6123503704412065,1,0,-0.5769676680779705,-0.44329472199346825,-0.8227823875769676,0,0
-0.6093554096612023,-0.24476018588009918,-1.2120353267271848,0,0,0,0,-0.3479176605790018,1,0,-0.9324622263515198,-0.44329472199346825,-0.7369829200186182,0,0
-0.5485532381682829,-0.9085166221651141,-0.5548978432985389,1,1,1,1,-0.9986513553758337,0,1,-0.9324622263515198,-0.44329472199346825,0.03894269963949997,1,1
-0.5907184482669744,-0.9085166221651141,-0.33585201548899024,0,0,0,0,-0.6006819883100026,1,0,-0.5769676680779705,-0.44329472199346825,-0.9943813226936669,0,0
0.4861493329751549,0.4189962504049157,-0.39061347244137745,0,0,0,0,0.16298895930280838,1,0,1.555999681563325,-0.44329472199346825,0.40079262803775695,0,0
1.72970646350837,0.4189962504049157,0.5403312957492042,1,1,0,0,1.227825914424897,1,0,-0.22147310980442125,-0.44329472199346825,0.6096956794841734,0,1
-0.6249239306783588,-0.9085166221651141,-0.33585201548899024,0,0,0,0,1.7521774453562284,1,0,-0.5769676680779705,-0.44329472199346825,-0.7966695061461656,0,0
-0.6318163261638436,3.73777843182999,0.8689000374635272,1,1,1,1,-1.0147852486352593,0,1,1.2005051232897757,3.746141516574454,1.9526438673539932,0,1
-0.3211695682298021,-0.24476018588009918,-0.8834665850128618,0,0,0,0,-0.3680850271532838,1,0,-0.9324622263515198,-0.44329472199346825,-0.8003999177791374,0,0
0.7646565389429101,2.4102655592599604,2.2379364612732062,1,1,1,1,-0.9986513553758337,0,1,1.555999681563325,2.698782456932473,1.9339918091891346,1,1
-0.37034843616360963,-0.9085166221651141,-0.938228041965249,0,0,0,0,-0.5711031840010558,1,0,-0.22147310980442125,-0.44329472199346825,0.19188957659134048,1,0
0.7206343943381163,1.0827526866899306,1.6355604347969475,1,1,1,0,-0.8709247004053812,1,0,0.134021448469128,-0.44329472199346825,-0.5952272779656927,0,0
-0.6295810754793991,0.4189962504049157,-0.1715676446318288,0,1,1,1,-0.981172971011456,0,1,2.2669887981104235,0.6040643376485122,1.8854964579605022,1,1
-0.45448215430076155,-0.24476018588009918,1.2522302361302373,1,1,0,0,1.2829500497279345,1,0,-0.22147310980442125,-0.44329472199346825,1.4117341805730936,1,1
1.0031052585820628,0.4189962504049157,0.5950927527015915,0,0,0,0,0.03660679543730797,1,0,1.9114942398368742,-0.44329472199346825,-0.35648093345550247,0,0
-0.5904021602951255,-0.24476018588009918,-0.5548978432985389,0,0,0,0,1.9484731466792395,1,0,-0.5769676680779705,-0.44329472199346825,-0.7742870363483354,0,0
0.7646565389429101,3.73777843182999,2.4022208321303675,1,1,1,0,-0.9878954265362166,0,1,1.9114942398368742,3.746141516574454,1.7922361671362093,1,1
-0.6215229967619763,-0.9085166221651141,-0.7739436711080876,0,0,0,0,0.30819399863763863,1,0,-0.9324622263515198,-0.44329472199346825,-0.7146004502207878,0,0
-0.5176441917037832,-0.9085166221651141,-0.007283273774667328,0,0,0,0,-0.5630362373713429,0,0,-0.22147310980442125,-0.44329472199346825,-0.5914968663327209,0,0
-0.6267870121238434,-0.9085166221651141,-0.8287051280604746,1,1,1,1,-1.001340337585738,0,1,-0.9324622263515198,-0.44329472199346825,-0.2632206426312094,1,1
-0.565612671391964,-0.9085166221651141,-0.33585201548899024,0,0,0,0,0.2893711231683088,1,0,-0.5769676680779705,-0.44329472199346825,-1.0652591437201295,0,0
0.45973816970042874,0.4189962504049157,1.526037520892173,1,0,0,0,-0.8964700313994717,1,0,0.134021448469128,-0.44329472199346825,-0.6474530408272967,0,0
-0.4868592016522702,-0.24476018588009918,0.10223964013010693,0,0,0,1,-0.9126039246588973,0,1,0.48951600674267726,2.698782456932473,1.799696990402153,1,1
-0.592832995414459,-0.9085166221651141,-0.22632910158421599,0,0,0,0,2.062754890600171,1,0,-0.5769676680779705,-0.44329472199346825,-0.7407133316515898,0,0
-0.5790543513828715,-0.24476018588009918,-1.1572738697747977,0,0,0,0,0.4399541269229476,1,0,-0.5769676680779705,-0.44329472199346825,-0.9085818551353173,0,0
-0.6309401078955414,-0.9085166221651141,-0.22632910158421599,0,0,0,0,2.0062862641921813,1,0,-0.5769676680779705,-0.44329472199346825,-0.6250705710294665,0,0
-0.47580756345570513,-0.24476018588009918,-0.5001363863461518,0,0,0,0,2.15686926794682,1,0,-0.9324622263515198,-0.44329472199346825,-0.9048514435023456,0,0
-0.4322330278004713,-0.9085166221651141,-0.22632910158421599,0,0,0,0,-0.9784839888015517,0,1,0.48951600674267726,0.6040643376485122,1.7474712275405486,1,1
-0.5840104609629563,-0.9085166221651141,-0.22632910158421599,0,0,0,0,1.495379644310371,1,0,-0.9324622263515198,-0.44329472199346825,-0.9645380296298931,0,0
-0.6090855031410556,-0.24476018588009918,-0.6096593002509261,0,0,0,0,-0.3304392762146241,1,0,-0.9324622263515198,-0.44329472199346825,-1.020494204124469,0,0
-0.4684496770151846,-0.9085166221651141,-0.2810905585366032,0,0,0,0,-0.8346234405716736,1,0,-0.22147310980442125,-0.44329472199346825,0.18442875332539718,0,0
-0.45370261062456146,-0.9085166221651141,-0.8834665850128618,0,0,0,0,1.3273182561913548,1,0,-0.5769676680779705,-0.44329472199346825,-1.0167637924914972,0,0
-0.37488655386570324,1.0827526866899306,-0.007283273774667328,0,0,0,0,0.4076863404040964,1,0,0.48951600674267726,-0.44329472199346825,0.3746797466069551,0,0
-0.6228909701808565,-0.9085166221651141,-1.1572738697747977,0,0,0,0,1.4012652669637218,1,0,-0.9324622263515198,-0.44329472199346825,-0.8824689737045153,0,0
-0.6302365627426124,-0.9085166221651141,-0.6096593002509261,0,0,0,0,1.2923614874625993,1,0,-0.5769676680779705,-0.44329472199346825,-0.9085818551353173,0,0
-0.5871403707338498,-0.9085166221651141,-1.0477509558700233,0,0,0,0,1.8503252960177339,1,0,-0.5769676680779705,-0.44329472199346825,-0.8787385620715434,0,0
-0.4940494442914573,-0.24476018588009918,0.15700109708249413,0,0,0,1,-0.9986513553758337,0,1,0.134021448469128,1.6514233972904928,1.892957281226446,1,1
-0.618957487788905,-0.24476018588009918,-0.6096593002509261,0,0,0,0,1.6647855235343398,1,0,-0.9324622263515198,-0.44329472199346825,-0.6213401593964948,0,0
1.2276076903882944,0.4189962504049157,-0.6096593002509261,0,0,0,0,-0.42186467135136907,1,0,1.9114942398368742,-0.44329472199346825,0.17696793005945363,0,0
-0.5870587840838676,-0.24476018588009918,-0.8287051280604746,0,0,0,0,0.9401048179651407,1,0,-0.9324622263515198,-0.44329472199346825,-0.8787385620715434,0,0
1.471806592413181,0.4189962504049157,2.0736520904160445,1,0,0,0,-0.8521018249360514,1,0,0.134021448469128,-0.44329472199346825,-0.2744118775301246,0,0
1.6237058467379681,1.0827526866899306,1.0879458652730758,1,1,0,0,-0.6181603726743803,1,0,0.134021448469128,-0.44329472199346825,-0.3042551705938984,1,0
-0.6295810754793991,3.074021995544975,2.73078957384469,1,1,1,1,-0.9852064443263124,0,1,1.2005051232897757,0.6040643376485122,2.3033025608533353,1,1
-0.5657372866176218,-0.24476018588009918,-0.8287051280604746,0,0,0,0,1.4765567688410413,1,0,-0.5769676680779705,-0.44329472199346825,-0.8600865039066848,0,0
0.9014902036545409,0.4189962504049157,0.21176255403488134,1,0,0,0,-0.7915997252132054,1,0,-0.5769676680779705,-0.44329472199346825,-0.710870038587816,0,0
-0.010961478242582761,1.7465091229749454,1.8546062626064956,1,0,1,0,-0.8117670917874874,1,0,-0.5769676680779705,-0.44329472199346825,-0.020743886488047498,1,0
-0.5332786526161308,-0.24476018588009918,-0.22632910158421599,0,0,0,0,0.09307542184529752,1,0,-0.5769676680779705,-0.44329472199346825,-0.9943813226936669,0,0
-0.5367773787499578,-0.24476018588009918,-0.938228041965249,0,0,0,0,-0.6571506147179922,1,0,-0.5769676680779705,-0.44329472199346825,-0.7444437432845615,0,0
-0.6318163261638436,0.4189962504049157,1.0331844083206885,1,1,1,1,-0.991928899851073,0,1,2.2669887981104235,3.746141516574454,1.553489822626019,1,1
-0.3553554921976976,-0.24476018588009918,-0.39061347244137745,0,0,0,0,0.2396249522850799,1,0,-0.5769676680779705,-0.44329472199346825,-1.0652591437201295,0,0
-0.6160918964114472,-0.9085166221651141,-0.33585201548899024,0,0,0,0,2.096367168223974,1,0,-0.5769676680779705,-0.44329472199346825,-0.6213401593964948,0,0
2.8845096127396865,0.4189962504049157,2.0188906334636574,1,1,0,0,-0.8037001451577745,0,0,-0.5769676680779705,-0.44329472199346825,-0.020743886488047498,1,0
-0.5485532381682829,-0.9085166221651141,-0.938228041965249,1,1,0,1,-1.001340337585738,0,1,-0.9324622263515198,-0.44329472199346825,-0.617609747763523,1,1
-0.5636428567262972,-0.9085166221651141,-0.6644207572033133,0,0,0,0,-0.03734021533505929,1,0,-0.5769676680779705,-0.44329472199346825,-1.0242246157574406,0,0
-0.5375507754867757,-0.24476018588009918,-1.0477509558700233,0,0,0,0,1.777722776350319,1,0,-0.9324622263515198,-0.44329472199346825,-0.8115911526780526,0,0
-0.622400891468292,-0.24476018588009918,-0.8287051280604746,0,0,0,0,0.3982749026694315,1,0,-0.9324622263515198,-0.44329472199346825,-0.5989576895986644,0,0
-0.46257767346714873,-0.9085166221651141,-0.7191822141557004,0,0,0,0,-0.9260488357084186,1,0,-0.5769676680779705,-0.44329472199346825,-0.024474298121019273,1,0
-0.5726855633702178,-0.24476018588009918,-0.8287051280604746,0,0,0,0,1.0328747042068378,1,0,-0.5769676680779705,-0.44329472199346825,-0.7892086828802222,0,0
-0.630978107157177,-0.9085166221651141,-1.1572738697747977,1,1,1,0,-1.0174742308451636,0,1,-0.9324622263515198,-0.44329472199346825,-0.5691143965348906,1,1
-0.40841754938305647,-0.9085166221651141,-0.8834665850128618,0,0,0,0,-0.6100934260446675,0,1,-0.22147310980442125,-0.44329472199346825,0.09862928576704744,0,0
-0.5370226975125756,-0.9085166221651141,-0.6644207572033133,0,0,0,0,-0.7284086432804552,1,0,-0.5769676680779705,-0.44329472199346825,-0.617609747763523,0,0
3.417128498705169,1.0827526866899306,1.96412917651127,1,0,0,0,-0.8668912270905248,1,0,0.134021448469128,-0.44329472199346825,-0.7593653898164484,0,0
0.16663701201393494,0.4189962504049157,2.0188906334636574,0,0,1,0,-0.8588242804608119,1,0,0.134021448469128,-0.44329472199346825,-0.5280798685722017,0,0
-0.23475645320718783,-0.24476018588009918,0.9784229513683013,1,0,0,0,-0.7122747500210296,1,0,0.134021448469128,-0.44329472199346825,-0.6250705710294665,0,0
-0.34983777588314613,0.4189962504049157,0.48556983879681703,0,0,0,0,-0.4729553333395501,1,0,1.2005051232897757,-0.44329472199346825,0.41571427456964377,0,0
-0.6318163261638436,-0.24476018588009918,2.3474593751779804,1,1,0,0,-0.9973068642708816,0,0,1.2005051232897757,3.746141516574454,1.9526438673539932,1,1
0.6509431896858319,0.4189962504049157,0.4308083818444299,1,1,0,0,1.9390617089445747,1,0,1.2005051232897757,0.6040643376485122,0.5798523864203997,1,1
-0.4366320011474582,-0.24476018588009918,-0.6644207572033133,0,0,0,0,-0.6114379171496197,1,0,-0.5769676680779705,-0.44329472199346825,0.2217328696551144,0,0
-0.6091564723502867,-0.24476018588009918,-0.9929894989176362,0,0,0,0,-0.006416919921160253,1,0,-0.9324622263515198,-0.44329472199346825,-0.684757157157014,0,0
-0.48897877811379475,-0.9085166221651141,-1.2120353267271848,0,0,0,0,-0.5643807284762951,1,0,-0.5769676680779705,-0.44329472199346825,-0.9346947365661193,0,0
1.0606378171363107,1.0827526866899306,-0.33585201548899024,0,0,1,0,0.06349661753635061,1,0,0.8450105650162265,0.6040643376485122,1.4005429456741785,1,1
-0.6241097406165499,-0.9085166221651141,-0.44537492939376466,0,0,0,0,-0.019861830970681574,1,0,-0.5769676680779705,-0.44329472199346825,-1.0428766739222992,0,0
1.394299274930065,0.4189962504049157,0.6498542096539783,1,0,0,0,0.11055380620967524,1,0,-0.22147310980442125,0.6040643376485122,0.9603543729835152,1,1
-0.4709525989690914,-0.24476018588009918,-0.33585201548899024,0,0,0,0,-0.6316052837239017,1,0,-0.22147310980442125,-0.44329472199346825,0.2590369859848316,0,0
-0.5461078739195006,-0.9085166221651141,-1.1572738697747977,0,0,0,0,1.8476363138078298,1,0,-0.9324622263515198,-0.44329472199346825,-0.804130329412109,0,0
-0.4433355179501075,-0.9085166221651141,-0.39061347244137745,0,0,0,0,1.1296780637633914,1,0,-0.9324622263515198,-0.44329472199346825,-0.7444437432845615,0,0
-0.3964421938411446,-0.24476018588009918,-0.11680618767944173,0,0,0,1,-0.9072259602390887,0,0,0.48951600674267726,2.698782456932473,1.6206372320195097,0,1
-0.6318163261638436,1.7465091229749454,1.3617531500350115,1,1,1,0,-1.0053738109005943,0,1,1.555999681563325,3.746141516574454,2.101860332672862,1,1
-0.6267870121238434,-0.9085166221651141,-0.8287051280604746,0,1,0,1,-1.0026848286906902,0,1,-0.9324622263515198,-0.44329472199346825,-0.5616535732689472,1,1
-0.6318163261638436,3.074021995544975,1.2522302361302373,1,1,1,1,-1.010751775320403,1,1,0.48951600674267726,2.698782456932473,2.1466252722685226,1,1
1.0193041202922326,-0.24476018588009918,0.32128546793965546,0,0,0,0,-0.15834441478075117,1,0,0.48951600674267726,-0.44329472199346825,0.042673111272471746,0,0
-0.6318163261638436,-0.9085166221651141,-0.7739436711080876,1,1,1,1,-1.0026848286906902,0,1,-0.9324622263515198,-0.44329472199346825,0.09862928576704744,1,1
-0.15982246807453868,0.4189962504049157,0.9236614944159144,0,0,0,0,-0.07633045737867113,1,0,1.555999681563325,-0.44329472199346825,0.4865920955961067,0,0
0.6368879333820443,0.4189962504049157,1.2522302361302373,1,1,0,0,1.72797660546709,1,0,-0.22147310980442125,0.6040643376485122,1.5273769411952167,1,1
0.6828390993275137,1.7465091229749454,1.3617531500350115,1,0,1,0,-0.7647099031141628,1,0,-0.5769676680779705,-0.44329472199346825,-0.6959483920559292,0,0
0.8892147657082422,0.4189962504049157,1.6903218917493346,1,0,0,0,-0.7230306788606466,1,0,-0.22147310980442125,-0.44329472199346825,-0.49450616387545626,1,0
-0.10870619660998883,-0.24476018588009918,0.8689000374635272,0,0,0,0,-0.4742998244445022,1,0,1.2005051232897757,-0.44329472199346825,-0.3154464054928136,0,0
-0.6044345052793976,2.4102655592599604,2.621266659939916,1,1,1,1,-0.9838619532213603,0,1,2.977977914657522,3.746141516574454,1.5721418807908776,1,1
2.020144320004348,1.0827526866899306,1.3069916930826242,1,0,1,0,-0.8668912270905248,1,0,0.134021448469128,-0.44329472199346825,-0.7705566247153636,0,0
-0.522992587778988,-0.24476018588009918,-0.1715676446318288,0,0,0,0,0.7196082767529911,1,0,-0.5769676680779705,-0.44329472199346825,-0.7668262130823918,0,0
-0.43851408222376054,-0.24476018588009918,-0.7739436711080876,0,0,0,0,1.0436306330464549,1,0,-0.9324622263515198,-0.44329472199346825,-0.6922179804229573,0,0
-0.48694246474026576,-0.24476018588009918,-0.22632910158421599,0,0,0,0,-0.5764811484208643,1,0,-0.5769676680779705,-0.44329472199346825,-0.6511834524602685,0,0
-0.6318163261638436,-0.9085166221651141,-0.7739436711080876,1,1,1,1,-1.0174742308451636,0,1,-0.9324622263515198,-0.44329472199346825,-0.5765752198008341,1,1
-0.38722625526917953,-0.9085166221651141,-0.7191822141557004,0,0,0,0,0.3391172940515377,1,0,-0.5769676680779705,-0.44329472199346825,-0.6213401593964948,0,0
0.510836559159503,1.0827526866899306,0.7593771235587528,0,0,0,0,-0.7633654120092106,1,0,0.8450105650162265,-0.44329472199346825,-0.18115158670583156,0,0
0.6573829469077168,1.0827526866899306,-0.1715676446318288,0,0,0,0,-0.4460655112405074,1,0,1.9114942398368742,-0.44329472199346825,0.17323751842648188,0,0
-0.6025155425668018,-0.9085166221651141,-0.6644207572033133,0,0,0,1,-0.9583166222272698,0,0,1.9114942398368742,0.6040643376485122,1.997408806949654,0,1
-0.6318163261638436,0.4189962504049157,2.8950739447018514,1,1,0,1,-0.9838619532213603,0,1,1.9114942398368742,1.6514233972904928,1.8593835765297002,1,1
-0.5485532381682829,-0.9085166221651141,-0.33585201548899024,0,1,1,1,-1.012096266425355,0,1,-0.9324622263515198,-0.44329472199346825,0.05386434617138694,1,1
1.2805166329017688,0.4189962504049157,0.5403312957492042,0,0,0,0,-0.11263171721237869,1,0,0.8450105650162265,-0.44329472199346825,-0.3005247589609266,0,0
1.2637936049060965,1.0827526866899306,0.9236614944159144,0,1,1,0,0.250380881124697,1,0,0.48951600674267726,0.6040643376485122,1.1804486593288468,0,1
2.595139647258202,-0.24476018588009918,1.142707322225463,1,0,0,0,-0.9126039246588973,1,0,0.134021448469128,-0.44329472199346825,-0.10281294241342548,0,0
-0.6318163261638436,3.73777843182999,1.19746877917785,1,1,0,1,-0.9784839888015517,0,1,0.48951600674267726,0.6040643376485122,2.064556216343145,1,1
-0.43275887052398687,-0.9085166221651141,-0.2810905585366032,0,0,0,0,-0.18792321908969808,1,0,-0.9324622263515198,-0.44329472199346825,-0.7369829200186182,0,0
0.7773762329627418,-0.24476018588009918,-0.5548978432985389,0,0,0,0,-0.07767494848362325,1,0,1.555999681563325,-0.44329472199346825,0.4231750978355873,0,0
-0.6064344958293044,-0.24476018588009918,-0.938228041965249,0,0,0,0,0.3781075360951495,1,0,-0.5769676680779705,-0.44329472199346825,-0.9197730900342325,0,0
-0.4227455062703462,-0.24476018588009918,-1.1572738697747977,0,0,0,0,-0.7216861877556945,1,0,-0.22147310980442125,-0.44329472199346825,-0.6884875687899857,0,0
0.8771215006927259,-0.24476018588009918,1.7450833487017219,1,1,0,0,-0.849412842726147,1,0,-0.22147310980442125,-0.44329472199346825,-0.22218611466852053,0,0
-0.5987742917337128,-0.24476018588009918,-1.1025124128224104,0,0,0,0,1.5142025197797009,1,0,-0.9324622263515198,-0.44329472199346825,-0.9943813226936669,0,0
0.13110099663263494,-0.24476018588009918,1.4712760639397857,1,1,1,0,1.004640391002843,1,0,0.8450105650162265,0.6040643376485122,0.7551817331700705,1,1
-0.5255508321873349,-0.9085166221651141,-0.44537492939376466,0,0,0,0,-0.23363591665807057,1,0,-0.9324622263515198,-0.44329472199346825,-0.9197730900342325,0,0
-0.5792745235752893,-0.24476018588009918,-0.8834665850128618,0,0,0,0,2.072166328334836,1,0,-0.5769676680779705,-0.44329472199346825,-0.8712777388056001,0,0
-0.5343532493826776,-0.9085166221651141,-0.44537492939376466,0,0,0,0,1.0933768039296838,1,0,-0.5769676680779705,-0.44329472199346825,-1.0130333808585255,0,0
-0.4965071024190041,-0.9085166221651141,-0.062044730727054534,0,0,0,0,-0.8991590136093759,1,1,-0.5769676680779705,-0.44329472199346825,-0.4721236940776259,0,0
-0.6295810754793991,3.074021995544975,0.5403312957492042,0,1,1,1,-1.0080627931104986,0,0,1.555999681563325,1.6514233972904928,1.9712959255188518,1,1
-0.6295810754793991,1.7465091229749454,0.32128546793965546,1,1,1,0,-0.9932733909560252,0,1,1.9114942398368742,0.6040643376485122,1.8631139881626717,1,1
-0.0011509629885555115,-0.9085166221651141,0.5950927527015915,0,1,1,0,1.3421076583458282,1,0,-0.22147310980442125,0.6040643376485122,1.4415774736368672,1,1
-0.576190995256098,-0.9085166221651141,-0.8287051280604746,0,0,0,0,1.29908394298736,1,0,-0.9324622263515198,-0.44329472199346825,-1.005572557592582,0,0
0.016508635043898948,1.0827526866899306,0.5403312957492042,0,0,0,0,0.0029945178135046715,1,0,0.48951600674267726,-0.44329472199346825,0.3299148070112943,0,0
0.7044433560053418,-0.24476018588009918,0.21176255403488134,1,1,0,1,1.1189221349237743,1,0,-0.22147310980442125,-0.44329472199346825,0.5649307398885126,1,1
-0.6209960364131186,-0.9085166221651141,-0.5001363863461518,0,0,0,0,-0.6020264794149548,1,0,-0.5769676680779705,-0.44329472199346825,-0.6101489244975795,0,0
-0.6123193520687759,-0.9085166221651141,-0.7739436711080876,0,0,0,0,-0.6410167214585666,1,0,-0.5769676680779705,-0.44329472199346825,-0.6101489244975795,0,0
-0.5653924991995463,-0.9085166221651141,-1.1572738697747977,0,0,0,0,-0.2134685500837886,1,0,-0.9324622263515198,-0.44329472199346825,-0.6437226291943251,0,0
-0.5038962823691069,-0.24476018588009918,-1.1025124128224104,0,0,0,0,0.31357196305744717,1,0,-0.5769676680779705,-0.44329472199346825,-0.751904566550505,0,0
-0.41481539565460795,-0.24476018588009918,-0.7739436711080876,0,0,0,0,-0.4527879667652681,1,0,-0.5769676680779705,-0.44329472199346825,-0.6996788036889009,0,0
-0.4966294823939775,-0.9085166221651141,-0.5001363863461518,0,0,0,0,0.32567238300201634,1,0,-0.9324622263515198,-0.44329472199346825,-0.5952272779656927,0,0
-0.48130739776478093,-0.24476018588009918,-0.6644207572033133,0,0,0,0,0.32567238300201634,1,0,1.2005051232897757,-0.44329472199346825,-0.009552651589132438,0,0
0.7646565389429101,1.7465091229749454,0.21176255403488134,1,1,1,1,-0.9838619532213603,1,1,0.8450105650162265,3.746141516574454,1.650480525083284,1,1
1.3473981274437061,1.0827526866899306,1.6355604347969475,0,1,0,0,-0.9166373979737537,1,0,0.134021448469128,-0.44329472199346825,-0.7295220967526747,1,0
-0.45663973002392166,-0.9085166221651141,-1.1572738697747977,0,0,0,0,0.08635296632053686,1,0,-0.5769676680779705,-0.44329472199346825,-0.6549138640932402,0,0
0.9732456623139096,0.4189962504049157,0.21176255403488134,1,0,1,0,-0.940838237862892,1,0,0.134021448469128,-0.44329472199346825,-0.4907757522424845,1,0
-0.3713827984178364,-0.9085166221651141,-0.5001363863461518,0,0,0,0,0.22349105902565433,1,0,-0.9324622263515198,-0.44329472199346825,-0.6325313942954099,0,0
-0.38090943683493916,0.4189962504049157,2.8950739447018514,1,1,1,0,-1.0094072842154507,0,1,0.48951600674267726,3.746141516574454,2.359258735347911,0,1
-0.5807553771537338,-0.9085166221651141,-0.8834665850128618,0,0,0,0,1.9094829046356279,1,0,-0.9324622263515198,-0.44329472199346825,-0.6213401593964948,0,0
-0.4461401987464143,-0.24476018588009918,-0.39061347244137745,1,0,1,0,2.197204001095384,1,0,0.8450105650162265,-0.44329472199346825,1.0610754870737518,0,1
-0.5983389766629171,-0.9085166221651141,-0.39061347244137745,0,0,0,0,-0.5926150416802898,1,0,-0.22147310980442125,-0.44329472199346825,-0.21472529140257712,0,0
-0.36021772124903567,-0.24476018588009918,0.04747818317771972,0,0,0,0,-0.45816593118507665,1,1,-0.5769676680779705,-0.44329472199346825,0.19935039985728403,0,0
1.2372868846646106,0.4189962504049157,0.04747818317771972,0,0,0,0,-0.411108742511752,1,0,0.8450105650162265,-0.44329472199346825,-0.15503870527502953,0,0
0.9811215681005503,-0.24476018588009918,1.0331844083206885,1,1,0,1,0.8984255937116247,1,0,0.134021448469128,0.6040643376485122,1.3595084177114893,0,1
-0.5714371758629555,-0.24476018588009918,-0.22632910158421599,0,0,0,0,0.2665147743841226,1,0,-0.9324622263515198,-0.44329472199346825,-0.8265127992099395,0,0
0.8922468832616914,-0.9085166221651141,0.7046156666063655,1,1,1,0,1.6540295946947228,1,0,1.2005051232897757,0.6040643376485122,0.8260595541965332,1,1
-0.5985502078525972,-0.9085166221651141,-0.5001363863461518,0,0,0,0,0.8123781629946881,1,0,-0.5769676680779705,-0.44329472199346825,-1.0242246157574406,0,0
-0.5753918931364091,-0.9085166221651141,-0.5548978432985389,0,0,0,0,-0.7794993052686362,1,1,-0.22147310980442125,-0.44329472199346825,-0.3378288752906438,1,0
-0.6267870121238434,-0.9085166221651141,-0.2810905585366032,1,1,1,0,-1.0053738109005943,0,1,-0.9324622263515198,-0.44329472199346825,-0.24829899609932257,1,1
-0.6318163261638436,-0.9085166221651141,-1.2120353267271848,1,1,1,0,-1.0080627931104986,0,1,-0.9324622263515198,-0.44329472199346825,0.07997722760218882,1,1
-0.5988447021302727,-0.24476018588009918,-0.5001363863461518,0,0,0,0,0.8742247538224862,1,0,-0.5769676680779705,-0.44329472199346825,-0.7705566247153636,0,0
3.582566666425637,0.4189962504049157,2.2379364612732062,1,1,0,0,-0.6531171414031358,1,0,-0.5769676680779705,-0.44329472199346825,-0.4236283428489935,0,0
-0.5086283080680759,-0.9085166221651141,-0.9929894989176362,0,0,0,0,0.230213514550415,1,0,-0.9324622263515198,-0.44329472199346825,-0.8899297969704587,0,0
-0.6265076057882878,-0.24476018588009918,-0.39061347244137745,0,0,0,0,-0.5065676109633533,1,0,-0.9324622263515198,-0.44329472199346825,-0.6623746873591837,0,0
-0.5701496714687153,-0.24476018588009918,-0.44537492939376466,0,0,0,0,1.819402000603835,1,0,-0.5769676680779705,-0.44329472199346825,-1.046607085555271,0,0
-0.6257263856740745,-0.9085166221651141,-0.9929894989176362,0,0,0,0,0.2355914789702235,1,0,-0.9324622263515198,-0.44329472199346825,-1.0540679088212146,0,0
-0.6066278450135087,-0.24476018588009918,-0.1715676446318288,0,0,0,0,-0.5455578530069652,1,0,-0.22147310980442125,-0.44329472199346825,-0.07296964934965168,0,0
-0.4639557055141088,-0.9085166221651141,-0.9929894989176362,0,0,0,0,1.8637702070672553,1,0,-0.5769676680779705,-0.44329472199346825,-0.8377040341088546,0,0
-0.41926242689131044,-0.24476018588009918,-1.1025124128224104,0,0,0,0,-0.5858925861555292,1,0,-0.5769676680779705,-0.44329472199346825,-0.9384251481990911,0,0
-0.6127775784590869,-0.24476018588009918,-0.33585201548899024,0,0,0,0,-0.6853849279219869,1,0,-0.5769676680779705,-0.44329472199346825,-0.751904566550505,0,0
0.03814362641863807,1.0827526866899306,0.7593771235587528,0,0,0,0,2.104434114853687,1,0,-0.22147310980442125,0.6040643376485122,0.7812946146008727,1,1
1.389112934529482,0.4189962504049157,1.6903218917493346,1,0,0,0,-0.6410167214585666,0,0,-0.22147310980442125,-0.44329472199346825,-0.37513299162036107,0,0
-0.5496026883646297,-0.9085166221651141,-0.6644207572033133,0,0,0,1,-0.9354602734430835,0,1,0.8450105650162265,0.6040643376485122,1.8519227532637565,0,1
-0.6273815888059056,-0.24476018588009918,-1.1025124128224104,0,0,0,0,0.15761099488299987,1,0,-0.9324622263515198,-0.44329472199346825,-0.6288009826624381,0,0
-0.41630966073715914,-0.24476018588009918,-0.5548978432985389,0,0,0,0,1.9955303353525642,1,0,-0.5769676680779705,-0.44329472199346825,-0.617609747763523,0,0
-0.6318163261638436,3.73777843182999,2.4022208321303675,1,1,1,1,-1.0080627931104986,0,1,0.8450105650162265,2.698782456932473,2.113051567571777,1,1
-0.6267870121238434,-0.9085166221651141,-0.2810905585366032,1,1,1,0,-0.9986513553758337,0,1,-0.9324622263515198,-0.44329472199346825,-0.18861240997177497,1,1
0.0007411767158268612,-0.24476018588009918,-0.33585201548899024,0,0,0,0,-0.06960800185391046,1,0,1.9114942398368742,-0.44329472199346825,0.18442875332539718,0,0
0.6461865762293338,1.0827526866899306,1.7450833487017219,1,0,0,0,-0.7862217607933969,1,0,0.134021448469128,-0.44329472199346825,-0.684757157157014,0,0
-0.49150405257454605,-0.9085166221651141,-0.6096593002509261,0,0,0,0,-0.49312269991383206,1,0,-0.9324622263515198,-0.44329472199346825,-1.0279550273904123,0,0
0.9864403471041862,1.7465091229749454,1.8546062626064956,1,0,0,0,-0.8292454761518651,1,0,0.134021448469128,-0.44329472199346825,-0.41243710795007826,0,0
-0.581922736823685,-0.9085166221651141,-0.8287051280604746,0,0,0,0,0.00030553560360040746,1,0,-0.5769676680779705,-0.44329472199346825,-1.005572557592582,0,0
1.4037353856944477,1.0827526866899306,1.4165146069873986,1,0,0,0,-0.7526094831695935,1,0,-0.5769676680779705,-0.44329472199346825,-0.4683932824446541,0,0
-0.08187312976857382,1.7465091229749454,0.7046156666063655,1,0,0,0,-0.6463946858783751,1,0,0.134021448469128,-0.44329472199346825,-0.08043047261559509,0,0
-0.6295810754793991,3.074021995544975,1.4712760639397857,1,1,1,1,-0.9999958464807859,0,1,2.2669887981104235,3.746141516574454,1.982487160417767,1,1
-0.6295810754793991,3.73777843182999,0.32128546793965546,1,1,1,0,-0.9865509354312645,1,1,0.48951600674267726,0.6040643376485122,2.239885563092816,1,1
-0.6255928294456788,-0.24476018588009918,-1.0477509558700233,0,0,0,0,1.3958873025439134,1,0,-0.5769676680779705,-0.44329472199346825,-0.6474530408272967,0,0
0.7044936491457419,0.4189962504049157,-0.007283273774667328,0,0,0,0,0.4870113155962722,1,0,0.48951600674267726,-0.44329472199346825,0.1806983416924254,0,0
-0.5361269208007844,-0.24476018588009918,-0.2810905585366032,0,0,0,0,0.7908663053154541,1,0,-0.9324622263515198,-0.44329472199346825,-1.0391462622893275,0,0
0.8589360599367559,-0.24476018588009918,0.10223964013010693,0,0,0,0,-0.7579874475894021,1,0,0.8450105650162265,-0.44329472199346825,0.5910436213193148,0,0
0.3276689418226917,0.4189962504049157,1.3617531500350115,1,1,0,1,2.217371367669666,1,0,1.2005051232897757,-0.44329472199346825,1.4453078852698393,1,1
-0.6052950767929087,-0.24476018588009918,-0.39061347244137745,0,0,0,0,1.0732094373554018,1,0,-0.9324622263515198,-0.44329472199346825,-1.020494204124469,0,0
-0.594723458680828,-0.9085166221651141,-0.8287051280604746,0,0,0,0,-0.05616309080438914,1,0,-0.9324622263515198,-0.44329472199346825,-0.9085818551353173,0,0
-0.39474172688295334,-0.24476018588009918,-0.5548978432985389,0,0,0,0,1.0369081775216942,1,0,-0.9324622263515198,-0.44329472199346825,-0.710870038587816,0,0
-0.3658851993594449,-0.9085166221651141,-0.22632910158421599,0,0,0,0,-0.4353095824008904,1,0,-0.5769676680779705,-0.44329472199346825,0.12847257883082136,1,0
-0.5539888090201811,-0.9085166221651141,-0.5548978432985389,0,0,0,0,-0.6584951058229443,1,0,-0.9324622263515198,-0.44329472199346825,-0.7817478596142788,0,0
-0.3036010566627388,-0.24476018588009918,-1.2120353267271848,0,0,0,0,-0.4810222799692629,1,0,-0.9324622263515198,-0.44329472199346825,-1.0503374971882427,0,0
-0.49561803145926625,-0.24476018588009918,-0.5001363863461518,0,0,0,0,1.779067267455271,1,0,-0.9324622263515198,-0.44329472199346825,-0.9608076179969215,0,0
-0.6052537246552465,-0.9085166221651141,-1.0477509558700233,0,0,0,0,-0.44337652903060315,1,0,-0.9324622263515198,-0.44329472199346825,-0.7854782712472504,0,0
-0.45476379588700155,-0.9085166221651141,-0.39061347244137745,0,0,0,0,-0.18926771019465022,1,0,-0.9324622263515198,-0.44329472199346825,-0.8227823875769676,0,0
-0.6219544001440742,-0.9085166221651141,-1.2120353267271848,0,0,0,0,0.15357752156814347,1,0,-0.5769676680779705,-0.44329472199346825,-0.8675473271726284,0,0
1.5787851313580274,0.4189962504049157,1.6355604347969475,1,1,1,1,1.4012652669637218,1,0,-0.22147310980442125,0.6040643376485122,1.370699652610405,1,1
-0.6295810754793991,1.7465091229749454,0.5403312957492042,1,1,1,1,-0.9999958464807859,0,1,1.555999681563325,3.746141516574454,2.0123304534815407,1,1
0.7646565389429101,0.4189962504049157,0.37604692489204267,0,1,1,1,-0.9932733909560252,0,1,2.622483356383973,1.6514233972904928,2.2846505026884767,1,1
-0.49672168648471077,-0.24476018588009918,-0.7191822141557004,0,0,0,0,0.6698621058697621,1,0,-0.5769676680779705,-0.44329472199346825,-0.9757292645288083,0,0
-0.6318163261638436,-0.24476018588009918,3.004596858606626,1,1,0,1,-0.981172971011456,0,1,1.555999681563325,1.6514233972904928,1.6355588785513968,1,1
-0.38090943683493916,3.73777843182999,-0.5548978432985389,1,1,1,0,-0.9946178820609773,0,1,2.622483356383973,0.6040643376485122,1.9228005742902194,1,1
-0.18718473051549595,-0.9085166221651141,-0.11680618767944173,0,0,0,0,-0.9973068642708816,0,0,1.555999681563325,1.6514233972904928,1.6430197018173405,1,1
-0.6233067268081631,-0.24476018588009918,-0.39061347244137745,0,0,0,0,-0.7378200810151201,1,0,-0.5769676680779705,-0.44329472199346825,-0.7332525083856464,0,0
-0.09124721232646328,0.4189962504049157,-0.062044730727054534,0,0,0,0,0.2853376498534524,1,0,1.9114942398368742,-0.44329472199346825,0.3224539837453507,0,0
-0.23298054653839662,-0.24476018588009918,0.4308083818444299,1,0,0,0,-0.8736136826152854,1,0,-0.22147310980442125,-0.44329472199346825,-0.42735875448196525,0,0
0.8816339130119484,0.4189962504049157,-0.6096593002509261,0,0,0,0,-0.40035281367213493,1,0,0.8450105650162265,-0.44329472199346825,-0.3340984636576722,0,0
-0.43061917680630224,-0.9085166221651141,-0.8834665850128618,0,0,0,0,0.5165901199052191,1,0,-0.5769676680779705,-0.44329472199346825,-0.6474530408272967,0,0
-0.6295810754793991,1.0827526866899306,1.3617531500350115,1,1,1,1,-1.0147852486352593,0,1,2.622483356383973,1.6514233972904928,1.7661232857054072,1,1
-0.22430609744473826,-0.9085166221651141,0.10223964013010693,0,0,0,0,-0.991928899851073,0,1,0.134021448469128,0.6040643376485122,2.0832082745080034,1,1
-0.5043528323214047,-0.9085166221651141,-0.6644207572033133,0,0,0,0,0.18181183477213825,1,0,-0.9324622263515198,-0.44329472199346825,-0.6288009826624381,0,0
-0.618811078869074,-0.9085166221651141,-0.33585201548899024,0,0,0,0,0.8984255937116247,1,0,-0.5769676680779705,-0.44329472199346825,-0.8003999177791374,0,0
-0.6283460994762434,-0.24476018588009918,-1.1025124128224104,0,0,0,0,1.340763167240876,1,0,-0.5769676680779705,-0.44329472199346825,-0.6735659222580987,0,0
-0.5120102423536407,-0.9085166221651141,-0.062044730727054534,0,0,0,0,-0.49581168212373633,1,0,-0.5769676680779705,-0.44329472199346825,-0.44601081264682385,0,0
-0.6041908629547931,-0.24476018588009918,-1.2120353267271848,0,0,0,0,0.8029667252600232,1,0,-0.9324622263515198,-0.44329472199346825,-0.9981117343266387,0,0
-0.5789034719616716,-0.9085166221651141,-0.7191822141557004,0,0,0,0,1.4268105979578123,1,0,-0.5769676680779705,-0.44329472199346825,-0.8600865039066848,0,0
1.1287760813755774,-0.9085166221651141,-0.39061347244137745,1,0,1,1,-0.0050724288162081205,1,0,1.2005051232897757,0.6040643376485122,1.557220234258991,1,1
-0.49106370818971046,-0.9085166221651141,-0.938228041965249,0,0,0,0,0.8755692449274384,1,0,-0.9324622263515198,-0.44329472199346825,-0.8899297969704587,0,0
-0.5467320676731318,-0.24476018588009918,-0.8287051280604746,0,0,0,0,1.7481439720413718,1,0,-0.5769676680779705,-0.44329472199346825,-0.9197730900342325,0,0
-0.5679149795969419,-0.24476018588009918,-0.8834665850128618,0,0,0,0,-0.07901943958857538,1,0,-0.5769676680779705,-0.44329472199346825,-0.8451648573747981,0,0
-0.6241728864483854,-0.9085166221651141,-0.6644207572033133,0,0,0,0,2.05603243507541,1,0,-0.9324622263515198,-0.44329472199346825,-0.7071396269548443,0,0
-0.4187768186801148,-0.24476018588009918,-0.9929894989176362,0,0,0,0,1.106821714979205,1,0,-0.5769676680779705,-0.44329472199346825,-0.6026881012316361,0,0
-0.4686815842736958,-0.24476018588009918,-0.44537492939376466,0,0,0,0,0.4359206536080912,1,0,0.48951600674267726,-0.44329472199346825,0.23292410455402948,0,0
-0.5670130559457686,-0.24476018588009918,-0.6096593002509261,0,0,0,0,-0.9798284799065039,0,0,0.48951600674267726,0.6040643376485122,1.657941348349227,1,1
-0.6028944175578153,-0.9085166221651141,-0.2810905585366032,0,0,0,0,-0.9072259602390887,1,0,1.2005051232897757,0.6040643376485122,1.657941348349227,1,1
-0.5651533273763106,-0.24476018588009918,-0.8287051280604746,0,0,0,0,1.2937059785675515,1,0,-0.5769676680779705,-0.44329472199346825,-0.9608076179969215,0,0
0.7646565389429101,1.0827526866899306,0.5403312957492042,1,1,1,1,-0.9838619532213603,0,1,2.2669887981104235,3.746141516574454,2.019791276747484,1,1
-0.6318163261638436,3.73777843182999,0.2665240109872685,1,1,1,1,-1.0147852486352593,1,0,0.8450105650162265,1.6514233972904928,2.2921113259544197,1,1
-0.5625917300919371,-0.9085166221651141,-0.39061347244137745,0,0,0,0,1.6849528901086217,1,0,-0.5769676680779705,-0.44329472199346825,-0.6698355106251271,0,0
-0.44611616980155655,-0.24476018588009918,-0.5548978432985389,0,0,0,0,0.06753009085120701,1,0,-0.5769676680779705,-0.44329472199346825,-0.8787385620715434,0,0
-0.5369433461132778,-0.24476018588009918,-0.9929894989176362,0,0,0,0,-0.2215354967135014,1,0,-0.5769676680779705,-0.44329472199346825,-0.8712777388056001,0,0
-0.6075370332294067,-0.9085166221651141,-0.9929894989176362,0,0,0,0,-0.6531171414031358,1,0,-0.9324622263515198,-0.44329472199346825,-0.6511834524602685,0,0
-0.6267870121238434,-0.9085166221651141,-0.8834665850128618,1,1,1,1,-1.001340337585738,0,1,-0.9324622263515198,-0.44329472199346825,-0.7630958014494202,1,1
-0.604371359447562,-0.24476018588009918,-1.1025124128224104,0,0,0,0,0.8540573872482042,1,0,-0.9324622263515198,-0.44329472199346825,-0.6661050989921554,0,0
0.743047252951042,1.0827526866899306,0.15700109708249413,0,0,0,0,-0.5374909063772524,1,0,0.8450105650162265,-0.44329472199346825,-0.32663764039172877,0,0
0.30880510248399273,-0.9085166221651141,0.32128546793965546,0,0,0,0,-0.9784839888015517,0,1,0.134021448469128,0.6040643376485122,1.4341166503709237,1,1
-0.037937042315131085,1.0827526866899306,1.4165146069873986,1,0,1,0,0.40499735819419214,1,0,0.134021448469128,0.6040643376485122,0.6544606190798342,1,1
-0.6295810754793991,0.4189962504049157,0.6498542096539783,1,1,0,0,-0.9878954265362166,0,1,2.977977914657522,2.698782456932473,1.9228005742902194,1,1
-0.6044345052793976,0.4189962504049157,0.5403312957492042,1,1,1,1,-0.9784839888015517,0,1,2.2669887981104235,1.6514233972904928,1.9787567487847955,1,1
-0.38090943683493916,2.4102655592599604,1.7450833487017219,1,1,1,0,-1.0026848286906902,0,0,1.9114942398368742,0.6040643376485122,2.042173746545315,1,1
-0.5029535653929423,-0.9085166221651141,-0.11680618767944173,0,0,0,0,-0.7445425365398808,1,0,-0.5769676680779705,-0.44329472199346825,-0.16249952854097294,0,0
0.6709229779287398,0.4189962504049157,0.48556983879681703,0,0,0,0,0.1724003970374733,1,0,0.48951600674267726,-0.44329472199346825,0.40079262803775695,0,0
0.28304551478378226,-0.24476018588009918,0.10223964013010693,0,0,0,0,-0.08036393069352751,1,0,1.9114942398368742,-0.44329472199346825,0.5313570351917672,0,0
-0.6164948003473183,-0.9085166221651141,-0.39061347244137745,0,0,0,0,1.769655829720606,1,0,-0.5769676680779705,-0.44329472199346825,-0.5952272779656927,0,0
-0.6307512292127059,-0.24476018588009918,-0.5548978432985389,0,0,0,0,-0.13683255710151707,1,0,-0.9324622263515198,-0.44329472199346825,-0.8339736224758828,0,0
-0.5845743029481074,-0.9085166221651141,-1.1572738697747977,0,0,0,0,1.5585707262431212,1,0,-0.9324622263515198,-0.44329472199346825,-0.6325313942954099,0,0
-0.5740675071058756,-0.9085166221651141,0.4308083818444299,0,0,0,0,-0.9973068642708816,0,1,0.48951600674267726,2.698782456932473,2.079477862875032,0,1
-0.5268020137579527,-0.24476018588009918,-0.22632910158421599,0,0,0,0,-0.6894184012368434,1,0,-0.9324622263515198,-0.44329472199346825,-1.0093029692255537,0,0
1.8297523724554121,0.4189962504049157,0.15700109708249413,1,0,1,0,-0.919326380183658,0,0,0.134021448469128,-0.44329472199346825,-0.06550882608370827,0,0
3.4238700147694536,1.0827526866899306,0.9236614944159144,1,0,1,0,-0.9300823090232749,1,0,0.134021448469128,-0.44329472199346825,-0.7220612734867312,0,0
-0.6295810754793991,3.074021995544975,3.333165600320949,1,1,1,1,-1.010751775320403,0,1,1.2005051232897757,2.698782456932473,2.0011392185826256,1,1
-0.6309004321958925,-0.9085166221651141,-0.9929894989176362,0,0,0,0,0.2826486676435481,1,0,-0.5769676680779705,-0.44329472199346825,-0.7295220967526747,0,0
-0.22063022769416915,0.4189962504049157,0.81413858051114,0,0,0,0,0.4533990379724689,1,0,0.48951600674267726,-0.44329472199346825,0.3075323372134639,0,0
-0.6318163261638436,1.0827526866899306,0.21176255403488134,1,1,0,0,-0.9946178820609773,0,1,0.8450105650162265,3.746141516574454,2.355528323714939,1,1
-0.4836175293471544,-0.24476018588009918,0.10223964013010693,0,0,0,0,-0.9892399176411688,0,1,0.134021448469128,2.698782456932473,1.6206372320195097,1,1
-0.09234192634917003,-0.24476018588009918,-0.22632910158421599,0,0,1,1,-0.92067087128861,0,1,1.555999681563325,1.6514233972904928,1.4751511783336129,1,1
-0.5914376401746945,-0.24476018588009918,0.04747818317771972,0,0,1,0,-0.9179818890787058,0,1,1.555999681563325,1.6514233972904928,1.3184738897488004,1,1
-0.6080852284597666,-0.24476018588009918,0.04747818317771972,0,0,0,0,-0.9220153623935622,1,0,1.555999681563325,1.6514233972904928,1.3968125340412065,1,1
-0.6025043663133797,-0.9085166221651141,-0.5548978432985389,0,0,0,0,-0.9731060243817432,0,0,0.134021448469128,2.698782456932473,1.7288191693756898,1,1
0.830485230412474,-0.24476018588009918,0.10223964013010693,0,0,0,0,-0.6840404368170349,1,0,0.48951600674267726,-0.44329472199346825,0.45674880253233274,0,0
-0.49570464742328857,-0.24476018588009918,-1.1572738697747977,0,0,0,0,0.6214604260914854,1,0,-0.9324622263515198,-0.44329472199346825,-0.8488952690077698,0,0
1.4788487496945233,-0.9085166221651141,0.32128546793965546,1,1,1,0,2.185103581150815,1,0,1.2005051232897757,-0.44329472199346825,1.1095708383023841,1,1
-0.6128776059272159,-0.24476018588009918,-0.7739436711080876,0,0,0,0,1.6701634879541483,1,0,-0.5769676680779705,-0.44329472199346825,-1.035415850656356,0,0
-0.456691699602335,0.4189962504049157,-0.5548978432985389,0,0,1,0,-0.9300823090232749,1,1,0.134021448469128,0.6040643376485122,1.557220234258991,1,1
-0.6200963480126297,-0.24476018588009918,-0.33585201548899024,0,0,0,0,1.1498454303376733,1,0,-0.5769676680779705,-0.44329472199346825,-0.684757157157014,0,0
1.2340234186653214,1.0827526866899306,-0.7191822141557004,0,0,0,0,0.024506375492738784,1,0,1.2005051232897757,-0.44329472199346825,0.4045230396707287,0,0
0.7111178145490933,0.4189962504049157,1.2522302361302373,1,1,1,1,1.6083168971263502,1,0,0.48951600674267726,0.6040643376485122,0.8297899658295049,1,1
-0.618077357831905,-0.24476018588009918,-0.44537492939376466,0,0,0,0,1.4510114378469507,1,0,-0.5769676680779705,-0.44329472199346825,-1.005572557592582,0,0
-0.5785318615353825,-0.9085166221651141,-0.22632910158421599,0,0,0,0,-0.37077400936318805,1,0,-0.5769676680779705,-0.44329472199346825,-0.6474530408272967,0,0
3.6895284409903506,1.0827526866899306,0.37604692489204267,1,1,1,0,-0.727064152175503,0,0,-0.22147310980442125,-0.44329472199346825,-0.2856031124290398,0,0
3.3131614012449404,1.7465091229749454,0.8689000374635272,1,0,0,0,-0.7956331985280618,1,0,-0.22147310980442125,-0.44329472199346825,-0.43481957774790864,0,0
1.0048526658046273,1.0827526866899306,0.6498542096539783,0,0,0,0,-0.0628855463291498,1,0,1.2005051232897757,-0.44329472199346825,0.587313209686343,0,0
-0.5064159687031469,-0.24476018588009918,-0.44537492939376466,0,0,0,0,-0.12473213715694788,1,0,-0.5769676680779705,-0.44329472199346825,-0.6101489244975795,0,0
-0.6092207358074645,-0.9085166221651141,-0.5548978432985389,0,0,0,0,1.4658008400014242,1,0,-0.9324622263515198,-0.44329472199346825,-0.9943813226936669,0,0
0.036448747587157965,-0.24476018588009918,-0.8287051280604746,0,0,0,1,-0.9757950065916474,0,0,1.9114942398368742,0.6040643376485122,1.4229254154720086,0,1
-0.5795030779577738,-0.24476018588009918,-0.39061347244137745,0,0,0,0,-0.48505575328411926,1,0,-0.22147310980442125,-0.44329472199346825,-0.20726446813663357,1,0
-0.5958327018329836,-0.24476018588009918,-0.7191822141557004,0,0,0,0,-0.5065676109633533,1,1,-0.5769676680779705,-0.44329472199346825,0.042673111272471746,1,0
-0.11472796195388256,0.4189962504049157,0.37604692489204267,0,0,1,1,-0.9932733909560252,0,1,1.555999681563325,0.6040643376485122,1.3035522432169133,0,1
1.6671792372997307,1.0827526866899306,0.9784229513683013,1,1,1,1,1.4120211958033388,1,0,0.134021448469128,0.6040643376485122,0.7066863819414382,1,1
-0.5588035389944747,-0.24476018588009918,-1.1572738697747977,0,0,0,0,0.7196082767529911,1,0,-0.5769676680779705,-0.44329472199346825,-0.6511834524602685,0,0
-0.4842059590898345,-0.24476018588009918,-0.2810905585366032,0,0,0,0,1.4483224556370464,1,0,-0.5769676680779705,-0.44329472199346825,-1.0018421459596103,0,0
0.33888375331922116,1.0827526866899306,0.32128546793965546,0,0,0,0,-0.24439184549768764,1,0,0.48951600674267726,-0.44329472199346825,-0.20726446813663357,0,0
-0.44944948738473456,-0.9085166221651141,-1.2120353267271848,0,0,0,0,0.7814548675807891,1,0,-0.9324622263515198,-0.44329472199346825,-0.8339736224758828,0,0
-0.5883116420924988,-0.9085166221651141,0.2665240109872685,0,0,1,1,-0.9771394976965996,0,0,1.9114942398368742,1.6514233972904928,1.51245529466333,1,1
3.094082805224513,1.0827526866899306,0.48556983879681703,1,0,1,0,-0.8359679316766258,1,0,0.134021448469128,-0.44329472199346825,-0.6549138640932402,0,0
-0.30747139322285455,1.0827526866899306,-0.5001363863461518,0,0,0,0,-0.6894184012368434,1,0,1.2005051232897757,-0.44329472199346825,0.09489887413407593,0,0
0.06494651737581304,0.4189962504049157,1.8546062626064956,1,1,1,1,2.306107780596507,1,0,0.48951600674267726,0.6040643376485122,0.6544606190798342,1,1
-0.548589002179234,-0.9085166221651141,-0.39061347244137745,0,0,0,0,-0.5966485149951463,1,0,-0.22147310980442125,-0.44329472199346825,-0.5318102802051735,0,0
-0.5748096103331113,-0.9085166221651141,-0.1715676446318288,0,0,0,0,-0.5805146217357207,1,0,-0.9324622263515198,-0.44329472199346825,-0.9160426784012607,0,0
-0.6267870121238434,-0.9085166221651141,-0.33585201548899024,1,1,1,1,-1.001340337585738,0,1,-0.9324622263515198,-0.44329472199346825,-0.7407133316515898,1,1
-0.539091422021029,-0.24476018588009918,-0.44537492939376466,0,0,0,0,-0.11128722610742656,1,0,-0.9324622263515198,-0.44329472199346825,-0.9869204994277235,0,0
-0.6140494360985359,-0.9085166221651141,-0.7191822141557004,0,0,0,0,0.8392679850937308,1,0,-0.9324622263515198,-0.44329472199346825,-0.7220612734867312,0,0
-0.4654577939740555,-0.24476018588009918,-1.1572738697747977,0,0,0,0,-0.8211785295221523,1,1,-0.5769676680779705,-0.44329472199346825,-0.3154464054928136,0,0
-0.6044345052793976,1.0827526866899306,2.949835401654239,1,1,1,1,-0.9986513553758337,0,1,0.48951600674267726,1.6514233972904928,2.321954619018194,1,1
-0.17830016785749986,0.4189962504049157,-0.938228041965249,0,0,0,1,-0.9233598534985143,0,1,1.9114942398368742,2.698782456932473,1.7959665787691808,1,1
0.6118380377741449,-0.24476018588009918,1.5807989778445601,1,0,0,0,-0.8601687715657641,1,0,0.134021448469128,-0.44329472199346825,-0.5019669871413996,0,0
-0.48961582455886143,-0.24476018588009918,-0.33585201548899024,0,0,0,0,-0.22825795223826204,1,0,-0.5769676680779705,-0.44329472199346825,-0.9346947365661193,0,0
-0.4351489123183292,-0.24476018588009918,-0.938228041965249,0,0,0,0,0.0016500267085525395,1,0,-0.5769676680779705,-0.44329472199346825,-1.0689895553531013,0,0
-0.5651561214396662,-0.24476018588009918,-0.11680618767944173,0,0,0,0,-0.747231518749785,1,0,-0.5769676680779705,-0.44329472199346825,-0.48331492897654105,1,0
-0.0234878230782102,1.0827526866899306,0.32128546793965546,1,0,1,0,-0.624882828199141,1,0,-0.22147310980442125,-0.44329472199346825,0.04640352290544339,0,0
-0.4828536324257456,-0.24476018588009918,-0.44537492939376466,0,0,0,0,-0.919326380183658,1,1,0.134021448469128,2.698782456932473,1.5161857062963016,1,1
-0.6098533117511623,-0.9085166221651141,-0.33585201548899024,0,0,0,0,1.065142490725689,1,0,-0.5769676680779705,-0.44329472199346825,-0.7332525083856464,0,0
-0.5391735674836823,-0.9085166221651141,-0.39061347244137745,0,0,0,0,1.3340407117161155,1,0,-0.9324622263515198,-0.44329472199346825,-1.020494204124469,0,0
0.2894584489974538,-0.24476018588009918,-0.11680618767944173,0,0,0,0,0.19122327250680315,1,0,0.8450105650162265,-0.44329472199346825,0.1247421671978496,0,0
-0.630978107157177,-0.9085166221651141,-0.938228041965249,1,1,1,1,-1.0134407575303073,0,1,-0.9324622263515198,-0.44329472199346825,0.12847257883082136,0,1
-0.6318163261638436,-0.24476018588009918,2.2926979182255933,1,1,1,1,-0.9892399176411688,0,1,2.977977914657522,0.6040643376485122,1.6131764087535667,1,1
2.959719651331864,0.4189962504049157,0.7593771235587528,1,0,1,0,-0.7203416966507423,0,0,-0.5769676680779705,-0.44329472199346825,-0.10281294241342548,0,0
-0.36866193952219617,-0.9085166221651141,0.10223964013010693,0,0,0,0,-0.5751366573159121,1,0,-0.5769676680779705,-0.44329472199346825,-0.19607323323771852,0,0
-0.6223215400689942,-0.9085166221651141,-0.8287051280604746,0,0,0,0,-0.5805146217357207,1,0,-0.9324622263515198,-0.44329472199346825,-0.7892086828802222,0,0
-0.49335036963989726,1.0827526866899306,1.0879458652730758,1,1,1,0,0.2920601053782131,1,0,0.134021448469128,0.6040643376485122,0.9566239613505434,1,1
0.05723378488913708,0.4189962504049157,0.9236614944159144,1,1,1,0,-0.7351310988052159,1,0,0.134021448469128,-0.44329472199346825,-0.281872700796068,0,0
1.6574508675083566,1.7465091229749454,1.3617531500350115,1,1,0,0,-0.92067087128861,0,0,-0.22147310980442125,-0.44329472199346825,-0.24083817283337916,1,0
-0.6151843846335627,-0.9085166221651141,-0.8834665850128618,0,0,0,0,-0.6988298389715083,1,0,-0.22147310980442125,-0.44329472199346825,-0.18488199833880334,1,0
-0.37486699542221436,0.4189962504049157,-0.44537492939376466,0,0,0,0,-0.9287378179183229,1,1,0.8450105650162265,1.6514233972904928,1.4788815899665844,1,1
1.7627054693628255,1.0827526866899306,0.48556983879681703,1,0,0,0,-0.8884030847697589,1,0,-0.22147310980442125,-0.44329472199346825,-0.01328306322210408,0,0
1.1032199014876511,-0.24476018588009918,-0.1715676446318288,0,0,0,0,0.5340685042695968,1,0,0.8450105650162265,-0.44329472199346825,0.19188957659134048,0,0
0.6454701783849693,1.7465091229749454,0.81413858051114,1,0,1,0,-0.6638730702427529,1,0,0.134021448469128,-0.44329472199346825,-0.52434945693923,0,0
2.9709461978944876,0.4189962504049157,2.2379364612732062,1,0,1,0,-0.7176527144408381,1,0,-0.22147310980442125,-0.44329472199346825,-0.7034092153218726,0,0
-0.5480223661307273,-0.24476018588009918,-1.0477509558700233,0,0,0,0,1.9081384135306756,1,0,-0.5769676680779705,-0.44329472199346825,-0.8936602086034304,0,0
0.818271820672669,1.0827526866899306,0.21176255403488134,1,0,1,0,-0.9341157823381314,1,0,0.134021448469128,-0.44329472199346825,-0.281872700796068,0,0
-0.5556853642896744,-0.24476018588009918,-0.9929894989176362,0,0,0,0,-0.7055522944962689,1,1,-0.5769676680779705,-0.44329472199346825,-0.6213401593964948,0,0
-0.5470779727165496,-0.24476018588009918,-0.6096593002509261,0,0,0,0,-0.18120076356493742,1,0,-0.9324622263515198,-0.44329472199346825,-0.7369829200186182,0,0
-0.6318163261638436,-0.9085166221651141,-0.938228041965249,1,1,0,1,-0.9986513553758337,0,1,-0.9324622263515198,-0.44329472199346825,0.15085504862865176,1,1
-0.6044345052793976,1.7465091229749454,0.5950927527015915,1,0,1,1,-0.9932733909560252,0,1,1.9114942398368742,2.698782456932473,2.1205123908377206,1,1
2.5502245200049725,0.4189962504049157,2.2379364612732062,1,0,0,0,-0.624882828199141,0,0,0.134021448469128,-0.44329472199346825,-0.6996788036889009,1,0
-0.4842204882192834,-0.24476018588009918,-0.44537492939376466,0,0,0,0,-0.6289163015139974,1,0,-0.5769676680779705,-0.44329472199346825,-0.9048514435023456,0,0
-0.5560497101512389,-0.24476018588009918,-0.22632910158421599,0,0,0,0,-0.7351310988052159,1,0,-0.9324622263515198,-0.44329472199346825,-0.7220612734867312,0,0
-0.6318163261638436,-0.9085166221651141,-0.6096593002509261,1,0,1,0,-1.0080627931104986,0,1,-0.9324622263515198,-0.44329472199346825,-0.6026881012316361,1,1
1.5927621538878591,-0.24476018588009918,1.7450833487017219,1,0,1,0,-0.8991590136093759,1,0,-0.5769676680779705,-0.44329472199346825,-0.11773458894531232,0,0
2.2141417269072936,0.4189962504049157,2.2379364612732062,1,0,0,0,-0.8884030847697589,1,0,0.134021448469128,-0.44329472199346825,-0.5131582220403149,0,0
-0.37655460968897,-0.24476018588009918,-0.938228041965249,0,0,0,0,-0.49446719101878417,1,0,-0.22147310980442125,-0.44329472199346825,-0.4497412242797955,0,0
-0.586442972520303,-0.9085166221651141,-0.5001363863461518,0,0,0,0,2.174347652311198,1,0,-0.9324622263515198,-0.44329472199346825,-0.6325313942954099,0,0
-0.5425331492624026,-0.24476018588009918,-0.1715676446318288,0,0,0,0,1.3972317936488654,1,0,-0.9324622263515198,-0.44329472199346825,-0.8899297969704587,0,0
-0.6295810754793991,0.4189962504049157,-0.44537492939376466,1,0,1,1,-0.9959623731659294,0,1,2.977977914657522,0.6040643376485122,2.295841737587392,1,1
-0.4432092262864364,1.0827526866899306,0.8689000374635272,1,1,1,0,2.1837590900458625,1,0,1.2005051232897757,-0.44329472199346825,1.3818908875093199,0,1
-0.6044345052793976,-0.24476018588009918,-0.2810905585366032,0,1,1,1,-1.0147852486352593,0,1,0.48951600674267726,1.6514233972904928,2.2548072096247025,1,1
-0.6243304716216388,-0.24476018588009918,-0.938228041965249,0,0,0,0,2.1030896237487346,1,0,-0.5769676680779705,-0.44329472199346825,-0.8302432108429112,0,0
-0.630978107157177,-0.9085166221651141,-0.8287051280604746,1,1,1,0,-1.0134407575303073,0,1,-0.9324622263515198,-0.44329472199346825,-0.7556349781834768,1,1
1.4123165130720303,1.0827526866899306,1.8546062626064956,1,1,0,0,0.8876696648720076,1,0,0.8450105650162265,-0.44329472199346825,1.0498842521748364,1,1
-0.6227847957733453,-0.24476018588009918,-0.5001363863461518,0,0,0,0,-0.3748074826780444,1,0,-0.5769676680779705,-0.44329472199346825,-0.6064185128646079,0,0
-0.5076738560258183,-0.9085166221651141,-0.5001363863461518,0,0,0,0,1.961918057728761,1,0,-0.5769676680779705,-0.44329472199346825,-0.7369829200186182,0,0
-0.5352076739568066,-0.24476018588009918,-0.7739436711080876,0,0,0,0,1.8973824846910585,1,0,-0.5769676680779705,-0.44329472199346825,-0.9981117343266387,0,0
-0.49770519678586644,-0.24476018588009918,-0.7739436711080876,0,0,0,0,1.0180853020523644,1,0,-0.5769676680779705,-0.44329472199346825,-0.6288009826624381,0,0
-0.6145495734391804,-0.24476018588009918,-0.7739436711080876,0,0,0,0,-0.43262060019098614,1,0,-0.5769676680779705,-0.44329472199346825,-0.8265127992099395,0,0
-0.3301088945295671,-0.24476018588009918,-1.2120353267271848,0,0,0,0,1.9067939224257235,1,0,-0.9324622263515198,-0.44329472199346825,-0.8115911526780526,0,0
3.2704016144641863,0.4189962504049157,0.7593771235587528,1,0,0,0,-0.9462162022827005,1,0,-0.5769676680779705,-0.44329472199346825,0.01656022984166972,0,0
-0.6044345052793976,3.074021995544975,0.8689000374635272,1,1,0,0,-0.9999958464807859,0,1,2.2669887981104235,3.746141516574454,1.7810449322372943,1,1
-0.6295810754793991,0.4189962504049157,2.5117437460351413,1,1,1,1,-0.991928899851073,0,1,0.8450105650162265,0.6040643376485122,2.2585376212576747,1,1
-0.4532019144712459,-0.9085166221651141,-1.1025124128224104,0,0,0,0,0.9683391311691355,1,0,-0.5769676680779705,-0.44329472199346825,-0.7034092153218726,0,0
-0.6234408418492299,-0.9085166221651141,-0.22632910158421599,0,0,0,0,0.24500291670488844,1,0,-0.9324622263515198,-0.44329472199346825,-0.7742870363483354,0,0
-0.4183241804165148,-0.24476018588009918,-0.39061347244137745,0,0,0,0,-0.8238675117320565,1,0,-0.22147310980442125,-0.44329472199346825,0.14712463699567999,0,0
-0.4411796186649607,-0.24476018588009918,-0.33585201548899024,0,0,0,0,1.9094829046356279,1,0,-0.9324622263515198,-0.44329472199346825,-0.7332525083856464,0,0
-0.29232868746108476,-0.24476018588009918,-0.938228041965249,0,0,0,0,0.18987878140185102,1,0,-0.9324622263515198,-0.44329472199346825,-0.9570772063639497,0,0
-0.6318163261638436,0.4189962504049157,1.8546062626064956,1,1,1,1,-0.9959623731659294,0,0,0.48951600674267726,0.6040643376485122,2.101860332672862,1,1
1.3573209640446269,1.0827526866899306,0.9236614944159144,1,1,1,0,-0.6598395969278964,1,0,-0.5769676680779705,-0.44329472199346825,-0.4012458730511632,0,0
-0.5098135497435028,-0.24476018588009918,-0.007283273774667328,0,0,0,1,-0.9986513553758337,0,1,1.9114942398368742,2.698782456932473,1.4154645922060651,0,1
-0.5794701080101782,-0.24476018588009918,-0.1715676446318288,0,0,0,0,1.1619458502822424,1,0,-0.5769676680779705,-0.44329472199346825,-0.7146004502207878,0,0
1.7592838593776121,1.0827526866899306,-0.39061347244137745,1,1,0,1,1.2735386119932695,1,0,0.134021448469128,0.6040643376485122,1.486342413232528,1,1
1.914983039865955,0.4189962504049157,1.96412917651127,1,1,1,0,-0.8709247004053812,1,0,0.134021448469128,-0.44329472199346825,-0.10654335404639712,0,0
-0.6256308287073143,-0.24476018588009918,-1.2120353267271848,0,0,0,0,-0.7458870276448328,1,0,-0.5769676680779705,-0.44329472199346825,-0.6250705710294665,0,0
0.7646565389429101,3.074021995544975,2.2379364612732062,1,1,0,1,-0.991928899851073,0,1,0.48951600674267726,3.746141516574454,1.9563742789869647,1,1
-0.45818205299618847,-0.9085166221651141,-1.0477509558700233,0,0,0,0,1.026152248682077,1,0,-0.9324622263515198,-0.44329472199346825,-0.6922179804229573,0,0
-0.6296241040550747,-0.24476018588009918,-0.8834665850128618,0,0,0,0,-0.6437057036684708,1,0,-0.9324622263515198,-0.44329472199346825,-0.6064185128646079,0,0
-0.598368034921815,-0.9085166221651141,-1.1025124128224104,0,0,0,0,0.5192791021151234,1,0,-0.9324622263515198,-0.44329472199346825,-0.8265127992099395,0,0
1.1393113766640357,0.4189962504049157,1.526037520892173,1,1,1,0,0.4399541269229476,1,0,0.134021448469128,-0.44329472199346825,0.8111379076646463,1,1
-0.5420240709190203,-0.9085166221651141,0.37604692489204267,0,0,1,0,-0.909914942448993,1,1,1.9114942398368742,0.6040643376485122,1.4602295318017258,1,1
-0.4176737224673414,-0.24476018588009918,-0.007283273774667328,0,0,0,0,-0.46757736891974155,1,0,-0.5769676680779705,-0.44329472199346825,-0.6399922175613534,0,0
-0.5396111178051624,-0.24476018588009918,-0.007283273774667328,0,0,0,0,-0.4151422158266084,1,0,-0.22147310980442125,-0.44329472199346825,0.23665451618700126,0,0
-0.5406968908251313,-0.9085166221651141,-0.1715676446318288,0,0,0,0,0.301471543112878,1,0,-0.5769676680779705,-0.44329472199346825,-0.897390620236402,0,0
-0.5289987063680905,0.4189962504049157,0.2665240109872685,0,0,0,0,-0.9973068642708816,0,1,1.9114942398368742,2.698782456932473,1.8146186369340394,0,1
-0.5201471136576901,-0.9085166221651141,-0.6644207572033133,0,0,0,0,1.2708496297833651,1,0,-0.9324622263515198,-0.44329472199346825,-0.9906509110606951,0,0
-0.6044345052793976,2.4102655592599604,-0.39061347244137745,1,1,1,0,-0.9946178820609773,0,1,2.622483356383973,2.698782456932473,2.329415442284137,1,1
0.69518885935907,-0.9085166221651141,0.15700109708249413,0,1,0,1,1.4200881424330518,1,0,0.134021448469128,0.6040643376485122,1.0088497242121477,1,1
-0.471759524466176,-0.9085166221651141,-1.0477509558700233,0,0,0,0,-0.6396722303536144,1,0,-0.22147310980442125,-0.44329472199346825,-0.028204709753991045,0,0
-0.55472755937139,-0.24476018588009918,-0.6096593002509261,0,0,0,0,1.7360435520968027,1,0,-0.5769676680779705,-0.44329472199346825,-1.0242246157574406,0,0
3.2591638916481407,-0.24476018588009918,0.9236614944159144,1,0,0,0,-0.9287378179183229,1,0,-0.5769676680779705,-0.44329472199346825,-0.550462338370032,0,0
-0.5429908168400427,-0.9085166221651141,-0.5548978432985389,0,0,0,0,1.982085424303043,1,0,-0.5769676680779705,-0.44329472199346825,-0.9496163830980062,0,0
0.1396871533242578,1.0827526866899306,1.142707322225463,1,1,1,0,0.27861519432869175,1,0,0.134021448469128,-0.44329472199346825,0.7626425564360141,1,1
3.6767852768383316,1.0827526866899306,0.15700109708249413,1,1,1,0,-0.6907628923417954,1,0,-0.5769676680779705,-0.44329472199346825,-0.10654335404639712,1,0
1.0495560030555056,1.0827526866899306,2.1831750043208187,1,0,1,0,-0.83865691388653,1,0,0.134021448469128,-0.44329472199346825,-0.6325313942954099,0,0
0.489257449051875,-0.24476018588009918,-0.39061347244137745,0,0,0,0,0.2597923188593619,1,0,0.48951600674267726,-0.44329472199346825,-0.2856031124290398,0,0
-0.5885826662379876,-0.9085166221651141,-1.1025124128224104,0,0,0,0,-0.5200125220128747,1,0,-0.5769676680779705,-0.44329472199346825,-0.6064185128646079,0,0
0.5453862701762919,1.0827526866899306,-0.007283273774667328,0,0,0,0,0.526001557639884,1,0,1.9114942398368742,-0.44329472199346825,0.024021053107613138,0,0
-0.6271345936052745,-0.9085166221651141,-0.6096593002509261,0,0,0,0,-0.13952153931142133,1,0,-0.5769676680779705,-0.44329472199346825,-1.005572557592582,0,0
-0.21454308126775543,-0.24476018588009918,-0.5548978432985389,0,0,0,0,-0.021206322075633704,1,0,1.9114942398368742,-0.44329472199346825,0.07997722760218882,0,0
-0.38090943683493916,-0.24476018588009918,0.48556983879681703,1,1,1,0,-0.9932733909560252,0,1,2.977977914657522,2.698782456932473,1.5721418807908776,1,1
-0.4572281597666017,-0.9085166221651141,-0.44537492939376466,0,0,0,0,1.597560968286733,1,0,-0.5769676680779705,-0.44329472199346825,-0.8750081504385718,0,0
-0.5212910031954545,-0.9085166221651141,-0.44537492939376466,0,0,0,0,0.902459067026481,1,0,-0.9324622263515198,-0.44329472199346825,-0.8003999177791374,0,0
1.0086844442904364,0.4189962504049157,0.15700109708249413,1,1,1,0,0.2355914789702235,1,0,0.48951600674267726,0.6040643376485122,1.3445867711796027,1,1
-0.6261684064969234,-0.9085166221651141,-1.1025124128224104,0,0,0,0,1.688986363423478,1,0,-0.9324622263515198,-0.44329472199346825,-0.8078607410450808,0,0
0.8762475176751081,-0.24476018588009918,0.7593771235587528,1,1,1,0,0.5582693441587352,1,0,0.134021448469128,0.6040643376485122,1.325934713014744,1,1
1.2385799771855617,1.0827526866899306,1.3617531500350115,0,0,1,0,1.7024312744729995,1,0,0.48951600674267726,0.6040643376485122,1.3333955362806875,1,1
0.742197298878282,1.0827526866899306,1.4712760639397857,1,0,0,0,-0.9233598534985143,1,0,-0.22147310980442125,-0.44329472199346825,-0.1587691169080013,0,0
-0.6318163261638436,1.0827526866899306,2.73078957384469,1,1,1,0,-1.010751775320403,0,1,1.555999681563325,2.698782456932473,1.7027062879448878,1,1
-0.6318163261638436,1.0827526866899306,3.3879270572733367,1,1,1,1,-0.9852064443263124,1,1,2.2669887981104235,1.6514233972904928,2.1988510351301267,1,1
0.9696044389489497,-0.24476018588009918,-0.22632910158421599,0,0,0,0,-0.3559846072087146,1,0,0.48951600674267726,-0.44329472199346825,0.5574699166225694,0,0
-0.3977224336706602,-0.9085166221651141,-0.39061347244137745,0,0,0,0,-0.5038786287534491,0,0,-0.5769676680779705,-0.44329472199346825,-0.017013474855075855,1,0
-0.38090943683493916,1.0827526866899306,-0.5001363863461518,1,0,1,0,-1.0080627931104986,0,1,2.977977914657522,1.6514233972904928,1.661671759982199,0,1
-0.4990228770643465,-0.9085166221651141,-0.6096593002509261,0,0,0,0,-0.3828744293077572,1,0,-0.5769676680779705,-0.44329472199346825,-1.057798320454186,0,0
-0.6192089534909051,-0.24476018588009918,-0.6096593002509261,0,0,1,0,-0.9852064443263124,1,0,1.555999681563325,0.6040643376485122,2.07574745124206,1,1
-0.5485532381682829,-0.9085166221651141,-1.1572738697747977,1,0,1,1,-0.9986513553758337,0,1,-0.9324622263515198,-0.44329472199346825,-0.658644275726212,1,1
-0.5724005689079511,-0.24476018588009918,-0.7191822141557004,0,0,0,0,1.012707337632556,1,0,-0.9324622263515198,-0.44329472199346825,-0.8377040341088546,0,0
0.4191113708853062,1.0827526866899306,1.0331844083206885,1,0,1,1,0.0836639841106326,1,0,0.48951600674267726,0.6040643376485122,1.0498842521748364,0,1
-0.5252228091493926,-0.24476018588009918,-0.22632910158421599,0,0,0,0,-0.46757736891974155,1,0,-0.9324622263515198,-0.44329472199346825,-0.7444437432845615,0,0
-0.38090943683493916,3.074021995544975,0.04747818317771972,1,0,1,1,-0.9973068642708816,0,1,1.555999681563325,3.746141516574454,2.180198976965268,1,1
0.18623960170384288,-0.24476018588009918,-0.22632910158421599,0,1,1,0,0.40096388487933576,1,0,0.134021448469128,-0.44329472199346825,1.3222043013817721,1,1
0.7288260292839346,1.0827526866899306,0.15700109708249413,0,0,0,0,-0.2134685500837886,1,0,1.2005051232897757,-0.44329472199346825,0.4716704490642196,0,0
0.9849488760849904,0.4189962504049157,1.3617531500350115,1,0,0,0,-0.6947963656566518,1,0,-0.5769676680779705,-0.44329472199346825,-0.12146500057828409,0,0
-0.575170603318649,-0.24476018588009918,-0.5001363863461518,0,0,0,1,-0.940838237862892,0,0,1.2005051232897757,1.6514233972904928,1.5721418807908776,1,1
0.4164044823064439,-0.24476018588009918,0.48556983879681703,0,0,0,0,-0.5993374972050505,1,0,0.48951600674267726,-0.44329472199346825,0.2553065743518598,0,0
-0.39776155055763796,0.4189962504049157,0.04747818317771972,1,1,1,0,1.7817562496651753,1,0,1.2005051232897757,-0.44329472199346825,1.3669692409774328,1,1
-0.6318163261638436,-0.9085166221651141,-0.33585201548899024,1,1,1,1,-1.0067183020055466,0,1,-0.9324622263515198,-0.44329472199346825,0.027751464740584778,1,1
-0.5348572984120199,-0.9085166221651141,-1.1025124128224104,0,0,0,0,0.20735716576622876,1,0,-0.5769676680779705,-0.44329472199346825,-0.9048514435023456,0,0
1.2366135153959215,0.4189962504049157,1.909367719558883,1,0,1,0,-0.8063891273676789,1,0,-0.22147310980442125,-0.44329472199346825,-0.3340984636576722,0,0
-0.6236923075512298,-0.9085166221651141,-1.2120353267271848,0,0,0,0,0.4533990379724689,1,0,-0.9324622263515198,-0.44329472199346825,-0.6549138640932402,0,0
-0.35853737154700444,-0.9085166221651141,-0.5548978432985389,0,0,0,0,-0.32506131179481557,1,0,-0.5769676680779705,-0.44329472199346825,-1.020494204124469,0,0
0.25741333637258507,1.0827526866899306,0.15700109708249413,1,1,1,1,1.0207742842622687,1,0,0.48951600674267726,0.6040643376485122,0.9976584893132324,0,1
-0.6102992442627091,-0.24476018588009918,-0.7191822141557004,0,0,0,0,1.5787380928174033,1,0,-0.9324622263515198,-0.44329472199346825,-0.7034092153218726,0,0
2.1649080953317172,1.7465091229749454,2.2379364612732062,1,0,1,0,-0.8910920669796631,1,0,0.134021448469128,-0.44329472199346825,-0.1587691169080013,0,0
-0.5837405544428096,-0.24476018588009918,-1.1572738697747977,0,0,0,0,1.074553928460354,1,0,-0.9324622263515198,-0.44329472199346825,-0.9197730900342325,0,0
-0.3540512234233241,-0.24476018588009918,-0.39061347244137745,0,0,0,0,1.6446181569600578,1,0,-0.5769676680779705,-0.44329472199346825,-0.8265127992099395,0,0
-0.6202349335550652,-0.24476018588009918,-0.1715676446318288,0,0,0,0,0.22349105902565433,1,0,-0.5769676680779705,-0.44329472199346825,-0.8227823875769676,0,0
-0.39293732076793547,-0.9085166221651141,-1.1025124128224104,0,0,0,0,-0.5374909063772524,1,0,-0.5769676680779705,-0.44329472199346825,0.22546328128808618,1,0
-0.630978107157177,-0.9085166221651141,-0.22632910158421599,1,0,0,1,-1.0161297397402114,0,1,-0.9324622263515198,-0.44329472199346825,-0.03193512138696269,1,1
-0.6059773870643355,0.4189962504049157,-0.7191822141557004,0,0,1,0,-0.9273933268133707,1,0,1.9114942398368742,0.6040643376485122,1.3520475944455463,1,1
-0.5584771923945457,-0.9085166221651141,-0.8834665850128618,0,0,0,0,0.6658286325549058,1,0,-0.5769676680779705,-0.44329472199346825,-0.6735659222580987,0,0
-0.5414244649229181,-0.9085166221651141,-0.2810905585366032,0,0,0,0,-0.3479176605790018,1,0,-0.9324622263515198,-0.44329472199346825,-0.9981117343266387,0,0
-0.5115609569660673,-0.24476018588009918,-0.6096593002509261,0,0,0,0,-0.16641136141046398,1,0,-0.9324622263515198,-0.44329472199346825,-0.7071396269548443,0,0
-0.5061762380672403,-0.9085166221651141,-0.9929894989176362,0,0,0,0,1.972673986568378,1,0,-0.5769676680779705,-0.44329472199346825,-0.9160426784012607,0,0
-0.38090943683493916,1.7465091229749454,0.5403312957492042,1,1,1,1,-0.9852064443263124,0,1,1.555999681563325,0.6040643376485122,1.553489822626019,1,1
2.7948201790263476,0.4189962504049157,0.9784229513683013,1,0,1,0,-0.9462162022827005,0,0,-0.5769676680779705,-0.44329472199346825,-0.5616535732689472,0,0
-0.6153894688838605,-0.9085166221651141,-0.5548978432985389,0,0,0,0,0.962961166749327,1,0,-0.9324622263515198,-0.44329472199346825,-0.7481741549175333,0,0
1.7089678076580932,1.0827526866899306,0.8689000374635272,1,1,0,1,-0.05750758190934127,1,0,1.2005051232897757,0.6040643376485122,0.882015728691109,0,1
0.5464625433808521,-0.24476018588009918,0.2665240109872685,0,0,0,0,0.06753009085120701,1,0,1.9114942398368742,-0.44329472199346825,0.09116846250110415,0,0
1.2514142278029714,-0.9085166221651141,1.3069916930826242,1,1,0,1,1.7817562496651753,1,0,0.134021448469128,0.6040643376485122,0.882015728691109,0,1
1.4468326953285524,-0.9085166221651141,1.96412917651127,1,1,1,0,0.281304176538596,1,0,-0.22147310980442125,0.6040643376485122,0.5835827980533712,1,1
1.9212557120991778,1.0827526866899306,1.5807989778445601,1,0,0,0,-0.706896785601221,1,0,-0.22147310980442125,-0.44329472199346825,-0.16996035180691638,0,0
-0.5485532381682829,-0.9085166221651141,-0.6096593002509261,1,1,1,0,-0.9986513553758337,0,1,-0.9324622263515198,-0.44329472199346825,-0.4497412242797955,1,1
0.17999487010417584,1.7465091229749454,0.9784229513683013,1,1,0,0,-0.8426903872013864,1,0,-0.5769676680779705,-0.44329472199346825,-0.49450616387545626,0,0
-0.08845482540892093,0.4189962504049157,0.32128546793965546,0,0,0,0,-0.9986513553758337,0,1,0.134021448469128,0.6040643376485122,1.51245529466333,1,1
2.6916700656912833,1.7465091229749454,1.4165146069873986,1,1,0,0,-0.7633654120092106,1,0,-0.5769676680779705,-0.44329472199346825,-0.3042551705938984,0,0
-0.4733661108956205,-0.24476018588009918,-0.6096593002509261,0,0,0,0,1.1511899214426256,1,0,-0.9324622263515198,-0.44329472199346825,-1.046607085555271,0,0
-0.5327796329008286,-0.9085166221651141,-0.5001363863461518,0,0,0,0,0.7101968390183261,1,0,-0.5769676680779705,-0.44329472199346825,-0.9943813226936669,0,0
2.137636919356151,-0.24476018588009918,0.8689000374635272,1,0,0,0,-0.7660543942191149,0,0,-0.5769676680779705,-0.44329472199346825,-0.5616535732689472,0,0
-0.1596419715817698,0.4189962504049157,-0.5548978432985389,0,0,0,0,-0.052129617489532744,1,0,1.555999681563325,-0.44329472199346825,0.3261843953783225,0,0
0.13888693357922655,0.4189962504049157,0.32128546793965546,0,0,0,0,0.3028160342178301,1,0,1.555999681563325,-0.44329472199346825,-0.009552651589132438,0,0
-0.4859164846761057,-0.24476018588009918,-0.5548978432985389,0,0,0,0,-0.15834441478075117,1,0,-0.9324622263515198,-0.44329472199346825,-0.9309643249331476,0,0
-0.6216749938085186,-0.9085166221651141,-0.5548978432985389,0,0,0,0,-0.24035837218283124,1,0,-0.9324622263515198,-0.44329472199346825,-0.886199385337487,0,0
-0.5500989140165764,-0.24476018588009918,-1.1025124128224104,0,0,0,0,1.8530142782276382,1,0,-0.9324622263515198,-0.44329472199346825,-0.9011210318693739,0,0
1.2811665320382708,0.4189962504049157,1.3069916930826242,1,0,0,0,-0.8736136826152854,1,0,-0.5769676680779705,-0.44329472199346825,0.020290641474641363,0,0
-0.5485532381682829,-0.9085166221651141,-1.1025124128224104,1,1,1,0,-0.9986513553758337,0,1,-0.9324622263515198,-0.44329472199346825,-0.5131582220403149,1,1
-0.6318163261638436,-0.9085166221651141,-0.6644207572033133,1,1,0,0,-1.0040293197956422,0,1,-0.9324622263515198,-0.44329472199346825,-0.17369076343988812,1,1
-0.6318163261638436,-0.9085166221651141,-0.22632910158421599,1,1,1,1,-1.0067183020055466,0,1,-0.9324622263515198,-0.44329472199346825,0.0837076392351606,1,1
-0.630978107157177,-0.9085166221651141,-0.8287051280604746,1,1,1,1,-0.9986513553758337,0,1,-0.9324622263515198,-0.44329472199346825,-0.09535211914748193,0,1
-0.1620012786792011,1.0827526866899306,0.48556983879681703,1,0,1,0,1.1202666260287264,1,0,1.2005051232897757,-0.44329472199346825,1.1431445429991296,1,1
-0.5485532381682829,-0.9085166221651141,-0.7191822141557004,1,1,1,1,-1.0040293197956422,0,1,-0.9324622263515198,-0.44329472199346825,-0.49450616387545626,1,1
-0.6088105673068689,-0.9085166221651141,-0.9929894989176362,0,0,0,0,2.1098120792734956,1,0,-0.9324622263515198,-0.44329472199346825,-1.005572557592582,0,0
-0.5567303439846524,-0.9085166221651141,-0.44537492939376466,0,0,0,0,1.2520267543140353,1,0,-0.9324622263515198,-0.44329472199346825,-0.8750081504385718,0,0
-0.46488501098616664,-0.9085166221651141,0.15700109708249413,0,0,1,1,-0.9502496755975569,0,1,1.555999681563325,2.698782456932473,1.3072826548498855,1,1
-0.5555551609373056,-0.24476018588009918,-0.7191822141557004,0,0,0,0,0.8782582271373427,1,0,-0.5769676680779705,-0.44329472199346825,-0.6026881012316361,0,0
-0.47183943467814476,-0.24476018588009918,-0.8287051280604746,0,0,0,0,0.5273460487448361,1,0,-0.9324622263515198,-0.44329472199346825,-0.7854782712472504,0,0
-0.5736221334070001,-0.9085166221651141,-0.2810905585366032,0,0,0,0,0.11862075283938803,1,0,-0.5769676680779705,-0.44329472199346825,-0.6399922175613534,0,0
-0.5656914639785907,-0.24476018588009918,-0.1715676446318288,0,0,0,0,0.9885064977434175,1,0,-0.5769676680779705,-0.44329472199346825,-0.6101489244975795,0,0
-0.4543139516867571,-0.24476018588009918,-1.1572738697747977,0,0,0,0,1.555881744033217,1,0,-0.5769676680779705,-0.44329472199346825,-0.7705566247153636,0,0
-0.6318163261638436,-0.9085166221651141,-0.6644207572033133,1,1,1,1,-1.001340337585738,0,1,-0.9324622263515198,-0.44329472199346825,0.03521228800652833,1,1
0.7646565389429101,1.0827526866899306,0.37604692489204267,1,1,1,1,-0.990584408746121,0,0,1.9114942398368742,1.6514233972904928,1.8817660463275303,1,1
-0.5667448258636352,-0.9085166221651141,-0.33585201548899024,0,0,0,0,-0.14355501262627773,1,0,-0.5769676680779705,-0.44329472199346825,-0.5840360430667775,0,0
-0.31781278051443745,0.4189962504049157,-0.1715676446318288,1,0,1,0,2.2429166986637563,1,0,1.2005051232897757,0.6040643376485122,1.0797275452386104,1,1
-0.5215156458892413,-0.9085166221651141,-0.7739436711080876,0,0,0,0,-0.1637223792005597,1,0,-0.9324622263515198,-0.44329472199346825,-0.5914968663327209,0,0
-0.6154241152694693,-0.24476018588009918,-0.6644207572033133,0,0,0,0,1.4241216157479082,1,0,-0.5769676680779705,-0.44329472199346825,-0.9645380296298931,0,0
-0.47569021279477175,-0.9085166221651141,-0.44537492939376466,0,0,0,0,0.020472902177882387,1,0,-0.5769676680779705,-0.44329472199346825,-0.7742870363483354,0,0
-0.38952912228682857,-0.9085166221651141,-1.0477509558700233,0,0,0,0,-0.5307684508524918,0,0,-0.5769676680779705,-0.44329472199346825,0.17696793005945363,0,0
-0.4566252008944728,-0.9085166221651141,-0.7739436711080876,0,0,0,0,1.2358928610546098,1,0,-0.9324622263515198,-0.44329472199346825,-0.804130329412109,0,0
-0.47066089875477146,-0.24476018588009918,-0.7739436711080876,0,0,0,0,1.8637702070672553,1,0,-0.9324622263515198,-0.44329472199346825,-0.6437226291943251,0,0
-0.038693115859144506,-0.24476018588009918,-0.062044730727054534,0,0,0,0,0.37676304499019736,1,0,1.555999681563325,-0.44329472199346825,0.15085504862865176,0,0
-0.630978107157177,-0.9085166221651141,-0.39061347244137745,1,1,1,1,-1.0094072842154507,0,1,-0.9324622263515198,-0.44329472199346825,0.09489887413407593,1,1
-0.21604628735304446,-0.24476018588009918,-1.1025124128224104,0,0,0,0,1.7884787051899358,1,0,-0.9324622263515198,-0.44329472199346825,-0.9869204994277235,0,0
0.98068904709311,1.0827526866899306,-0.5548978432985389,0,0,0,0,0.2745817210138353,1,0,1.2005051232897757,-0.44329472199346825,-0.21472529140257712,0,0
-0.47716491943383404,-0.24476018588009918,-0.5001363863461518,0,0,0,0,1.495379644310371,1,0,-0.5769676680779705,-0.44329472199346825,-0.6026881012316361,0,0
-0.07178153174097762,0.4189962504049157,-0.11680618767944173,0,0,0,0,-0.7189972055457903,1,0,0.8450105650162265,-0.44329472199346825,0.1433942253627082,0,0
-0.3472264442710437,-0.9085166221651141,0.9784229513683013,1,0,0,0,1.0476641063613112,1,0,0.48951600674267726,0.6040643376485122,0.7999466727657313,1,1
-0.3707692221049563,-0.9085166221651141,-0.062044730727054534,0,0,0,0,-0.909914942448993,0,0,1.555999681563325,1.6514233972904928,1.8034274020351244,0,1
-0.6318163261638436,-0.9085166221651141,-0.33585201548899024,1,1,0,1,-0.9986513553758337,0,1,-0.9324622263515198,-0.44329472199346825,-0.24083817283337916,1,1
-0.6250116642677233,-0.9085166221651141,-0.2810905585366032,0,0,0,0,1.4644563488964721,1,0,-0.5769676680779705,-0.44329472199346825,-0.9757292645288083,0,0
-0.6207792170967275,-0.9085166221651141,-0.5001363863461518,0,0,0,0,0.044673742067020766,1,0,-0.9324622263515198,-0.44329472199346825,-0.9682684412628649,0,0
-0.6318163261638436,3.73777843182999,1.5807989778445601,0,1,1,1,-0.9892399176411688,0,1,2.977977914657522,2.698782456932473,2.1093211559388054,0,1
-0.5991397552206195,-0.24476018588009918,-1.1025124128224104,0,0,0,0,1.8758706270118244,1,0,-0.5769676680779705,-0.44329472199346825,-0.7369829200186182,0,0
-0.350470910639515,-0.9085166221651141,1.799844805654109,0,1,1,1,1.495379644310371,1,0,0.48951600674267726,0.6040643376485122,1.5982547622216796,1,1
-0.45579536407787274,-0.9085166221651141,-1.1572738697747977,0,0,0,0,1.4052987402785782,1,0,-0.5769676680779705,-0.44329472199346825,-0.778017447981307,0,0
-0.4809296403991099,-0.9085166221651141,-0.39061347244137745,0,0,0,0,0.009716973338265333,1,0,-0.5769676680779705,-0.44329472199346825,-0.617609747763523,0,0
-0.6267870121238434,-0.9085166221651141,-0.7191822141557004,1,1,0,0,-1.0094072842154507,0,1,-0.9324622263515198,-0.44329472199346825,-0.5914968663327209,1,1
0.7182432349184316,1.0827526866899306,1.2522302361302373,1,0,0,0,-0.7512649920646414,1,0,0.134021448469128,-0.44329472199346825,-0.6325313942954099,0,0
0.7646565389429101,2.4102655592599604,0.32128546793965546,0,1,1,1,-1.0134407575303073,0,1,1.9114942398368742,0.6040643376485122,2.2921113259544197,1,1
-0.38090943683493916,-0.24476018588009918,-0.007283273774667328,1,1,1,0,-0.991928899851073,0,0,1.9114942398368742,0.6040643376485122,1.7176279344767749,1,1
-0.476521167236714,-0.9085166221651141,-0.5548978432985389,0,0,0,0,-0.5186680309079226,1,0,-0.22147310980442125,-0.44329472199346825,-0.49450616387545626,1,0
-0.5450628942245227,-0.9085166221651141,-0.33585201548899024,0,0,0,0,1.9041049402158192,1,0,-0.9324622263515198,-0.44329472199346825,-0.6996788036889009,0,0
-0.4933565165792795,-0.9085166221651141,-0.39061347244137745,0,0,0,0,-0.44203203792565104,1,0,-0.22147310980442125,-0.44329472199346825,-0.457202047545739,0,0
-0.37062560724848076,-0.24476018588009918,0.15700109708249413,0,1,0,0,0.7236417500678475,1,0,-0.22147310980442125,0.6040643376485122,0.7327992633722401,1,1
0.7646565389429101,-0.24476018588009918,-0.44537492939376466,1,1,1,1,-0.9865509354312645,0,1,0.48951600674267726,2.698782456932473,2.355528323714939,1,1
-0.3261988822698024,-0.9085166221651141,-0.5548978432985389,0,0,0,0,-0.971761533276791,0,1,1.9114942398368742,0.6040643376485122,2.0011392185826256,0,1
3.373358937427717,1.7465091229749454,1.5807989778445601,1,0,0,0,-0.6746289990823698,1,0,0.134021448469128,-0.44329472199346825,-0.4236283428489935,0,0
-0.6214632038061675,-0.9085166221651141,-0.8287051280604746,0,0,0,0,1.0301857219969335,1,0,-0.5769676680779705,-0.44329472199346825,-1.057798320454186,0,0
0.7774974953123731,-0.24476018588009918,1.0879458652730758,1,0,0,0,-0.8870585936648068,1,0,-0.22147310980442125,-0.44329472199346825,-0.6064185128646079,0,0
-0.616025956516256,-0.24476018588009918,-0.5001363863461518,0,0,0,0,1.1888356723812852,1,0,-0.5769676680779705,-0.44329472199346825,-0.7854782712472504,0,0
0.6096921971170782,1.7465091229749454,2.0188906334636574,1,0,0,0,-0.6490836680882793,1,0,-0.22147310980442125,-0.44329472199346825,-0.017013474855075855,0,0
-0.62665457352079,-0.9085166221651141,-0.6644207572033133,0,0,0,0,-0.12204315494704361,1,0,-0.5769676680779705,-0.44329472199346825,-0.9831900877947517,0,0
-0.06099924125188812,0.4189962504049157,-0.39061347244137745,1,0,1,0,1.9296502712099097,1,0,1.2005051232897757,0.6040643376485122,0.5910436213193148,0,1
-0.4555673685080594,-0.9085166221651141,-0.5001363863461518,0,0,0,0,0.9038035581314332,1,0,-0.9324622263515198,-0.44329472199346825,-0.8153215643110242,0,0
-0.4319346218340979,-0.24476018588009918,-1.2120353267271848,0,0,0,0,2.1904815455706235,1,0,-0.9324622263515198,-0.44329472199346825,-0.9346947365661193,0,0
1.078297973981436,-0.24476018588009918,0.21176255403488134,0,0,0,0,-0.23766938997292697,1,0,0.8450105650162265,-0.44329472199346825,0.5089745653939368,0,0
-0.6211010931952875,-0.9085166221651141,-0.6644207572033133,0,0,0,0,0.24096944339003204,1,0,-0.5769676680779705,-0.44329472199346825,-0.9197730900342325,0,0
-0.44349925006274304,-0.9085166221651141,-0.8834665850128618,0,0,0,0,0.47087742233684665,1,0,-0.9324622263515198,-0.44329472199346825,-0.6549138640932402,0,0
-0.5892420651898987,-0.9085166221651141,-0.9929894989176362,0,0,0,0,-0.482366771074215,1,0,-0.5769676680779705,-0.44329472199346825,-0.912312266768289,0,0
-0.5204198142411922,-0.24476018588009918,-0.2810905585366032,0,0,0,0,0.9199374513908587,1,0,-0.9324622263515198,-0.44329472199346825,-1.005572557592582,0,0
-0.42264044948817736,-0.24476018588009918,-1.1572738697747977,0,0,0,0,2.0130087197169417,1,0,-0.5769676680779705,-0.44329472199346825,-0.6661050989921554,0,0
1.5968303101335484,0.4189962504049157,1.96412917651127,1,0,0,0,-0.6934518745516998,1,0,-0.5769676680779705,-0.44329472199346825,-0.5952272779656927,0,0
-0.6129273402549447,-0.24476018588009918,-0.7191822141557004,0,0,0,0,-0.5657252195812472,1,0,-0.5769676680779705,-0.44329472199346825,-0.8003999177791374,0,0
1.1525803835395696,0.4189962504049157,0.5403312957492042,1,0,0,0,-0.798322180737966,1,0,-0.5769676680779705,-0.44329472199346825,-0.658644275726212,0,0
-0.6147216877418826,-0.24476018588009918,-1.0477509558700233,0,0,0,0,2.1420798657923465,1,0,-0.5769676680779705,-0.44329472199346825,-0.6623746873591837,0,0
-0.5709700084699065,-0.9085166221651141,-0.5548978432985389,0,0,0,0,-0.5791701306307685,1,0,-0.5769676680779705,-0.44329472199346825,-0.5653839849019189,0,0
3.3994733711740834,1.0827526866899306,0.7593771235587528,1,1,0,0,-0.7351310988052159,0,0,-0.22147310980442125,-0.44329472199346825,-0.23337734956743575,0,0
-0.5934644537328146,-0.9085166221651141,-0.7191822141557004,0,0,0,0,-0.011794884340968781,1,0,-0.9324622263515198,-0.44329472199346825,-0.6661050989921554,0,0
-0.6269781260573634,-0.9085166221651141,-0.7739436711080876,0,0,0,0,0.21945758571079793,1,0,-0.9324622263515198,-0.44329472199346825,-0.5952272779656927,0,0
-0.46485483510192666,-0.24476018588009918,-0.44537492939376466,0,0,0,0,1.8234354739186913,1,0,-0.9324622263515198,-0.44329472199346825,-0.5952272779656927,0,0
-0.5828872474940229,-0.9085166221651141,-0.22632910158421599,0,0,0,0,0.5098676643804585,1,0,-0.9324622263515198,-0.44329472199346825,-0.6735659222580987,0,0
-0.47474805463127834,-0.24476018588009918,-0.7739436711080876,0,0,0,0,-0.9314268001282271,1,0,-0.5769676680779705,-0.44329472199346825,-0.6026881012316361,1,0
-0.630978107157177,-0.9085166221651141,-0.7739436711080876,0,0,1,1,-1.0174742308451636,0,1,-0.9324622263515198,-0.44329472199346825,0.08743805086813237,0,1
-0.38049423902030355,-0.24476018588009918,-1.1025124128224104,0,0,0,0,0.3686960983604846,1,0,-0.9324622263515198,-0.44329472199346825,-0.6101489244975795,0,0
-0.377891848410939,-0.24476018588009918,-0.9929894989176362,0,0,0,0,1.8368803849682127,1,0,-0.5769676680779705,-0.44329472199346825,-0.751904566550505,0,0
-0.5985686486707439,-0.9085166221651141,-0.1715676446318288,0,0,0,0,1.176735252436716,1,0,-0.9324622263515198,-0.44329472199346825,-0.751904566550505,0,0
-0.6295810754793991,3.73777843182999,0.10223964013010693,1,1,1,0,-0.9999958464807859,0,1,0.8450105650162265,3.746141516574454,1.993678395316682,1,1
-0.6214626449934963,-0.9085166221651141,-1.1025124128224104,0,0,0,0,-0.16910034362036824,1,0,-0.9324622263515198,-0.44329472199346825,-1.0018421459596103,0,0
-0.6267870121238434,-0.9085166221651141,-0.2810905585366032,1,1,1,1,-1.0080627931104986,0,1,-0.9324622263515198,-0.44329472199346825,-0.4385499893808804,1,1
-0.5228774723687392,-0.24476018588009918,-0.7191822141557004,0,0,0,0,0.23424698786527137,1,0,-0.9324622263515198,-0.44329472199346825,-0.6996788036889009,0,0
-0.5831923592124496,-0.9085166221651141,0.15700109708249413,0,0,0,0,-0.9341157823381314,1,1,1.555999681563325,1.6514233972904928,1.9526438673539932,1,1
-0.5402107238012647,-0.24476018588009918,-0.6644207572033133,0,0,0,0,-0.11666519052723508,1,0,-0.9324622263515198,-0.44329472199346825,-0.804130329412109,0,0
-0.05525967630690549,1.0827526866899306,0.5403312957492042,0,0,0,0,0.3108829808475429,1,0,1.9114942398368742,-0.44329472199346825,-0.15503870527502953,0,0
1.1365234602478622,1.0827526866899306,0.4308083818444299,0,0,0,0,-0.7257196610705509,1,0,0.8450105650162265,-0.44329472199346825,-0.10281294241342548,0,0
-0.6222041894080609,-0.9085166221651141,-1.1572738697747977,0,0,0,0,0.7034743834935655,1,0,-0.9324622263515198,-0.44329472199346825,-0.6399922175613534,0,0
-0.39774087448880685,-0.9085166221651141,-0.8287051280604746,0,0,0,0,-0.5200125220128747,1,0,-0.9324622263515198,-0.44329472199346825,-0.6884875687899857,0,0
-0.5146936608003164,-0.9085166221651141,-0.44537492939376466,0,0,0,0,-0.47698880665440646,1,0,-0.22147310980442125,-0.44329472199346825,0.1806983416924254,0,0
-0.49445737754136837,-0.24476018588009918,-0.8287051280604746,0,0,0,0,0.4681884401269424,1,0,-0.5769676680779705,-0.44329472199346825,-0.6064185128646079,0,0
-0.5953470936217881,-0.9085166221651141,-0.6096593002509261,0,0,0,0,-0.482366771074215,1,0,-0.5769676680779705,-0.44329472199346825,-0.6959483920559292,0,0
-0.1933165819555986,-0.9085166221651141,-0.9929894989176362,0,0,0,0,-0.9636945866470783,0,1,1.2005051232897757,2.698782456932473,1.9041485161253608,1,1
1.1943214548208878,-0.24476018588009918,-0.6096593002509261,0,0,0,0,-0.38825239372756576,1,0,1.2005051232897757,-0.44329472199346825,-0.04685676791884966,0,0
-0.5677814233685464,-0.9085166221651141,-0.33585201548899024,0,0,0,0,1.789823196294888,1,0,-0.9324622263515198,-0.44329472199346825,-0.9272339133001759,0,0
-0.6212592371812119,-0.24476018588009918,-0.9929894989176362,0,0,0,0,-0.2511143010224483,1,0,-0.9324622263515198,-0.44329472199346825,-1.0689895553531013,0,0
-0.6241192404319588,-0.9085166221651141,-0.22632910158421599,0,0,0,0,0.7343976789074645,1,0,-0.5769676680779705,-0.44329472199346825,-1.0391462622893275,0,0
-0.3844310742882816,-0.24476018588009918,-0.5548978432985389,0,0,0,0,-0.5388353974822045,1,0,-0.5769676680779705,-0.44329472199346825,-0.5728448081678623,0,0
0.6663334494609039,-0.24476018588009918,-0.1715676446318288,0,0,0,0,-0.9784839888015517,1,1,0.48951600674267726,1.6514233972904928,1.7847753438702658,1,1
0.7646565389429101,1.7465091229749454,0.7593771235587528,1,1,1,1,-1.010751775320403,0,1,2.622483356383973,1.6514233972904928,2.3107633841192783,1,1
-0.62691609785087,-0.24476018588009918,-1.1025124128224104,0,0,0,0,0.40365286708924003,1,0,-0.9324622263515198,-0.44329472199346825,-0.6735659222580987,0,0
-0.41548261798391467,0.4189962504049157,-0.5548978432985389,0,0,0,0,-0.9045369780291844,0,0,1.9114942398368742,1.6514233972904928,1.6542109367162554,1,1
-0.4953587423798707,-0.9085166221651141,-0.6096593002509261,0,0,0,0,1.666130014639292,1,0,-0.9324622263515198,-0.44329472199346825,-0.658644275726212,0,0
-0.5840110197756274,-0.9085166221651141,-1.1572738697747977,0,0,0,0,1.4416000001122857,1,0,-0.5769676680779705,-0.44329472199346825,-0.9906509110606951,0,0
1.0537381570861013,1.0827526866899306,0.4308083818444299,0,0,0,0,-0.3949748492523264,1,0,1.2005051232897757,-0.44329472199346825,-0.3191768171257852,0,0
0.2276694143273521,-0.9085166221651141,0.37604692489204267,1,0,0,0,1.2856390319378386,1,0,-0.22147310980442125,0.6040643376485122,0.5649307398885126,1,1
2.215696902570996,0.4189962504049157,2.0188906334636574,1,0,0,0,-0.6625285791378007,1,0,-0.22147310980442125,-0.44329472199346825,-0.05431759118479307,0,0
-0.5234586375466947,-0.24476018588009918,-0.9929894989176362,0,0,0,0,-0.17313381693522462,1,0,-0.9324622263515198,-0.44329472199346825,-0.8377040341088546,0,0
-0.028927864431477227,1.0827526866899306,0.9784229513683013,1,0,1,0,0.9656501489592312,1,0,0.48951600674267726,0.6040643376485122,1.6094459971205948,0,1
0.7646565389429101,0.4189962504049157,1.3069916930826242,1,1,1,1,-0.9798284799065039,0,0,0.48951600674267726,0.6040643376485122,1.822079460199983,1,1
-0.28916021961588456,-0.24476018588009918,-0.2810905585366032,1,1,1,0,1.4617673666865678,1,0,0.134021448469128,0.6040643376485122,0.7551817331700705,1,1
-0.38090943683493916,1.7465091229749454,1.2522302361302373,1,1,1,0,-1.0094072842154507,0,1,1.555999681563325,3.746141516574454,2.3033025608533353,1,1
-0.6267870121238434,-0.9085166221651141,-0.938228041965249,1,1,1,0,-1.0147852486352593,0,1,-0.9324622263515198,-0.44329472199346825,0.11728134393190605,1,1
3.817180254702954,-0.24476018588009918,1.0879458652730758,1,0,0,0,-0.7203416966507423,1,0,-0.22147310980442125,-0.44329472199346825,-0.5653839849019189,0,0
-0.6281790144875812,-0.24476018588009918,-0.7739436711080876,0,0,0,0,2.084266748279405,1,0,-0.9324622263515198,-0.44329472199346825,-0.792939094513194,0,0
0.9535994852356551,1.0827526866899306,1.8546062626064956,0,0,0,0,-0.9139484157638494,1,0,-0.22147310980442125,-0.44329472199346825,-0.6996788036889009,0,0
-0.5746313490910268,-0.24476018588009918,-0.2810905585366032,0,0,0,0,1.29908394298736,1,0,-0.5769676680779705,-0.44329472199346825,-0.7295220967526747,0,0
-0.6165160352288206,-0.9085166221651141,-0.9929894989176362,0,0,0,0,1.4859682065757063,1,0,-0.9324622263515198,-0.44329472199346825,-1.057798320454186,0,0
-0.4847692422623145,-0.9085166221651141,-0.5548978432985389,0,0,0,0,-0.7378200810151201,1,0,-0.9324622263515198,-0.44329472199346825,-0.6922179804229573,0,0
0.8737093905229212,-0.9085166221651141,1.7450833487017219,1,0,1,1,0.29743806979802156,1,0,0.8450105650162265,-0.44329472199346825,1.243865657089366,0,1
1.03155385285566,1.7465091229749454,2.0736520904160445,1,0,0,0,-0.868235718195477,1,0,0.134021448469128,-0.44329472199346825,-0.24829899609932257,0,0
1.0656431022314532,1.0827526866899306,0.48556983879681703,1,0,0,0,-0.9018479958192802,1,0,-0.22147310980442125,-0.44329472199346825,0.03894269963949997,1,0
-0.609635374809429,0.4189962504049157,0.15700109708249413,0,0,1,0,-0.9731060243817432,0,1,0.8450105650162265,0.6040643376485122,2.1055907443058337,0,1
-0.16387609519077898,-0.9085166221651141,-0.33585201548899024,0,0,0,0,1.4066432313835304,1,0,-0.9324622263515198,-0.44329472199346825,-0.9011210318693739,0,0
-0.5260084997649749,-0.24476018588009918,-0.44537492939376466,0,0,0,0,-0.5643807284762951,1,0,-0.9324622263515198,-0.44329472199346825,-0.9757292645288083,0,0
0.7646565389429101,2.4102655592599604,3.168881229463788,1,1,1,1,-0.9784839888015517,0,1,1.555999681563325,1.6514233972904928,1.7922361671362093,1,1
-0.071913970344031,-0.24476018588009918,-0.2810905585366032,0,0,0,0,-0.9421827289678442,1,0,0.8450105650162265,0.6040643376485122,2.042173746545315,1,1
0.9509736244941039,0.4189962504049157,0.21176255403488134,0,0,0,0,-0.27397064980663455,1,0,0.8450105650162265,-0.44329472199346825,-0.18861240997177497,0,0
-0.5622916476875505,-0.9085166221651141,-0.5548978432985389,0,0,0,0,-0.9260488357084186,0,1,1.555999681563325,1.6514233972904928,1.40427335730715,1,1
2.347956685569582,1.7465091229749454,0.37604692489204267,0,0,1,0,-0.7660543942191149,0,0,0.134021448469128,-0.44329472199346825,-0.34528969855658737,0,0
-0.1693692237478015,1.7465091229749454,1.526037520892173,1,0,1,0,-0.6692510346625613,1,0,-0.5769676680779705,-0.44329472199346825,-0.41616751958305004,0,0
-0.37752526729869,-0.9085166221651141,-0.7739436711080876,0,0,0,0,-0.3573290983136667,1,0,-0.9324622263515198,-0.44329472199346825,-0.7854782712472504,0,0
4.033231203671301,1.0827526866899306,0.4308083818444299,1,0,0,0,-0.8037001451577745,1,0,-0.5769676680779705,-0.44329472199346825,-0.01328306322210408,0,0
-0.6217174635715231,-0.24476018588009918,-0.6096593002509261,0,0,0,0,1.4765567688410413,1,0,-0.5769676680779705,-0.44329472199346825,-0.9570772063639497,0,0
-0.6251753963803588,-0.9085166221651141,-0.6096593002509261,0,0,0,0,0.6523837215053845,1,0,-0.5769676680779705,-0.44329472199346825,-0.6064185128646079,0,0
1.2666698137243058,0.4189962504049157,0.48556983879681703,0,0,0,0,0.09441991295024965,1,0,1.555999681563325,-0.44329472199346825,0.6134260911171452,0,0
-0.6318163261638436,-0.9085166221651141,-0.8834665850128618,1,1,1,1,-1.0053738109005943,0,1,-0.9324622263515198,-0.44329472199346825,-0.20726446813663357,1,1
-0.5489114370904652,-0.9085166221651141,-0.8287051280604746,0,0,0,0,-0.28338208754129945,1,0,-0.5769676680779705,-0.44329472199346825,-0.8414344457418262,0,0
-0.6246132308332211,-0.24476018588009918,-0.8287051280604746,0,0,0,0,1.126989081553487,1,0,-0.5769676680779705,-0.44329472199346825,-0.9906509110606951,0,0
-0.6318163261638436,1.0827526866899306,-0.1715676446318288,1,1,1,0,-0.9999958464807859,0,1,0.8450105650162265,2.698782456932473,2.2510767979917308,1,1
-0.6170860241533539,-0.24476018588009918,0.5403312957492042,0,0,0,1,-0.9354602734430835,0,0,1.2005051232897757,0.6040643376485122,1.8258098718329545,1,1
-0.5157883748230231,-0.9085166221651141,-0.7191822141557004,0,0,0,0,1.97401847767333,1,0,-0.5769676680779705,-0.44329472199346825,-1.0391462622893275,0,0
-0.5608068824204082,-0.24476018588009918,-0.1715676446318288,0,0,0,0,-0.7243751699655988,0,0,-0.22147310980442125,-0.44329472199346825,-0.3191768171257852,0,0
-0.011386734685298376,1.0827526866899306,0.15700109708249413,0,0,0,0,-0.522701504222779,1,0,1.2005051232897757,-0.44329472199346825,0.5276266235587954,0,0
0.16036266334269905,1.0827526866899306,0.8689000374635272,0,0,0,0,0.35928466062581965,1,0,0.8450105650162265,-0.44329472199346825,0.5500090933566258,0,0
-0.24657366476317524,1.0827526866899306,-0.062044730727054534,0,0,0,0,0.0796305107957762,1,0,1.2005051232897757,-0.44329472199346825,0.08743805086813237,0,0
-0.5993358984681795,-0.24476018588009918,-0.8834665850128618,0,0,0,0,0.3552511873109633,1,0,-0.5769676680779705,-0.44329472199346825,-0.9160426784012607,0,0
2.6222817375067415,1.0827526866899306,1.3069916930826242,1,0,0,0,-0.7297531343854073,1,0,-0.5769676680779705,-0.44329472199346825,-0.6772963338910706,0,0
-0.41602075458619464,-0.9085166221651141,0.37604692489204267,0,0,1,0,-0.9260488357084186,1,0,1.9114942398368742,2.698782456932473,1.7138975228438027,1,1
2.2579464933830256,1.7465091229749454,0.7593771235587528,1,1,0,0,-0.7902552341082533,1,0,0.134021448469128,-0.44329472199346825,0.005368994942754528,0,0
0.079566733290094,0.4189962504049157,1.19746877917785,1,0,0,0,-0.02389530428553797,1,0,-0.22147310980442125,-0.44329472199346825,0.6283477376490321,1,1
-0.5271317132339083,-0.24476018588009918,-0.7191822141557004,0,0,0,0,0.48028886007151156,1,0,-0.5769676680779705,-0.44329472199346825,-0.6437226291943251,0,0
0.25405319578119373,-0.24476018588009918,-0.062044730727054534,0,1,1,1,1.21706998558528,1,0,-0.22147310980442125,-0.44329472199346825,0.5425482700906825,1,1
-0.39384930304718885,-0.24476018588009918,-0.5548978432985389,0,0,0,0,-0.675973490187322,1,1,-0.22147310980442125,-0.44329472199346825,-0.22964693793446397,0,0
-0.29072489509499577,0.4189962504049157,0.48556983879681703,0,0,1,1,-0.9771394976965996,0,1,0.8450105650162265,1.6514233972904928,1.6654021716151706,1,1
-0.6267870121238434,-0.9085166221651141,-0.5548978432985389,1,1,1,0,-1.0161297397402114,0,1,-0.9324622263515198,-0.44329472199346825,-0.684757157157014,0,1
-0.5356910469173177,-0.24476018588009918,-1.1025124128224104,0,0,0,0,0.11189829731462737,1,0,-0.9324622263515198,-0.44329472199346825,-0.8153215643110242,0,0
-0.37349455150196537,-0.9085166221651141,-0.007283273774667328,0,0,0,0,-0.5348019241673482,1,0,-0.5769676680779705,-0.44329472199346825,-0.13638664711017093,0,0
1.3579680691177736,0.4189962504049157,1.2522302361302373,1,1,1,0,1.8086460717642179,1,0,0.48951600674267726,-0.44329472199346825,0.5947740329522866,1,1
0.2565974698727628,0.4189962504049157,1.3617531500350115,1,0,0,0,-0.849412842726147,1,0,0.134021448469128,-0.44329472199346825,-0.12519541221125574,1,0
-0.5446761958561138,-0.9085166221651141,-0.6096593002509261,0,0,0,0,-0.411108742511752,1,0,-0.5769676680779705,-0.44329472199346825,-0.7407133316515898,0,0
1.3919069978850378,-0.9085166221651141,1.19746877917785,0,1,1,0,1.300428434092312,1,0,-0.22147310980442125,0.6040643376485122,1.2625177152542246,1,1
-0.6044345052793976,3.074021995544975,3.1141197725114003,1,0,1,1,-0.9986513553758337,0,1,2.2669887981104235,2.698782456932473,1.687784641413001,1,1
-0.23835520680914357,-0.24476018588009918,0.5403312957492042,0,0,0,0,0.1764338703523297,1,0,1.555999681563325,-0.44329472199346825,0.576121974787428,0,0
-0.051683834024465275,-0.24476018588009918,0.81413858051114,0,0,0,0,-0.04540716196477208,1,0,0.8450105650162265,-0.44329472199346825,-0.05058717955182129,0,0
-0.586281475658352,-0.24476018588009918,-0.1715676446318288,0,0,0,0,1.0476641063613112,1,0,-0.5769676680779705,-0.44329472199346825,-0.6399922175613534,0,0
-0.6078952321515889,0.4189962504049157,-0.5001363863461518,0,0,0,1,-0.9569721311223176,0,1,0.48951600674267726,1.6514233972904928,2.086938686140975,1,1
-0.6302605916874703,-0.24476018588009918,-0.9929894989176362,0,0,0,0,0.037951286542260106,1,0,-0.5769676680779705,-0.44329472199346825,-0.8302432108429112,0,0
-0.6295810754793991,3.73777843182999,2.1284135473684316,1,1,1,1,-0.9838619532213603,0,1,0.8450105650162265,3.746141516574454,1.8146186369340394,1,1
-0.5485532381682829,-0.9085166221651141,-0.22632910158421599,1,0,1,1,-0.9999958464807859,0,1,-0.9324622263515198,-0.44329472199346825,-0.710870038587816,1,1
-0.5485532381682829,-0.9085166221651141,-0.8834665850128618,0,1,1,0,-1.0040293197956422,0,1,-0.9324622263515198,-0.44329472199346825,-0.6810267455240423,1,1
-0.5122700902457074,-0.24476018588009918,-0.9929894989176362,0,0,0,0,1.125644590448535,1,0,-0.9324622263515198,-0.44329472199346825,-0.7257916851197029,0,0
0.09753703116768624,-0.24476018588009918,1.0879458652730758,1,1,0,0,-0.8870585936648068,1,0,-0.5769676680779705,-0.44329472199346825,0.0016385833097827538,0,0
-0.601711969945744,-0.24476018588009918,-1.1025124128224104,0,0,0,0,2.0277981218714154,1,0,-0.9324622263515198,-0.44329472199346825,-0.7966695061461656,0,0
-0.6318163261638436,-0.9085166221651141,-0.6644207572033133,0,1,1,0,-1.0134407575303073,0,1,-0.9324622263515198,-0.44329472199346825,-0.4049762846841349,1,1
-0.5574920056553769,-0.24476018588009918,-1.1025124128224104,0,0,0,0,1.0073293732127473,1,0,-0.9324622263515198,-0.44329472199346825,-0.7034092153218726,0,0
-0.5157788750076142,-0.24476018588009918,-0.1715676446318288,0,0,0,0,1.861081224857351,1,0,-0.9324622263515198,-0.44329472199346825,-1.0503374971882427,0,0
1.3119330812716372,1.0827526866899306,0.37604692489204267,0,0,0,0,-0.5348019241673482,1,0,0.48951600674267726,-0.44329472199346825,0.3261843953783225,0,0
-0.33837932206201204,-0.24476018588009918,-1.1572738697747977,0,0,0,0,0.044673742067020766,1,0,-0.5769676680779705,-0.44329472199346825,-0.9794596761617801,0,0
-0.6318163261638436,-0.9085166221651141,-0.938228041965249,1,1,0,1,-1.0026848286906902,0,1,-0.9324622263515198,-0.44329472199346825,0.07251640433624555,1,1
1.9919203684245375,-0.24476018588009918,2.1284135473684316,0,0,1,0,-0.6773179812922742,1,0,0.134021448469128,-0.44329472199346825,-0.31171599385984183,0,0
-0.4865037967934436,-0.24476018588009918,-0.33585201548899024,0,0,0,0,-0.01717284876077731,1,0,-0.9324622263515198,-0.44329472199346825,-0.9719988528958365,0,0
0.6219754584407722,-0.24476018588009918,-0.007283273774667328,0,0,1,1,-0.9139484157638494,0,1,0.8450105650162265,2.698782456932473,1.7362799926416335,0,1
-0.575678564036689,-0.24476018588009918,-0.6096593002509261,0,0,0,0,2.0815777660695005,1,0,-0.5769676680779705,-0.44329472199346825,-0.9719988528958365,0,0
-0.04712559906621167,0.4189962504049157,0.81413858051114,1,0,1,0,-0.7378200810151201,1,0,0.134021448469128,-0.44329472199346825,-0.270681465897153,0,0
-0.5335211773153932,-0.9085166221651141,-0.062044730727054534,0,0,0,0,-0.6800069635021784,1,1,-0.22147310980442125,-0.44329472199346825,-0.6437226291943251,0,0
-0.5988704075131439,-0.9085166221651141,-0.938228041965249,0,0,0,0,-0.4541324578702202,1,0,-0.5769676680779705,-0.44329472199346825,-0.6437226291943251,1,0
0.419758475958453,-0.24476018588009918,0.04747818317771972,0,0,0,1,-0.9636945866470783,0,1,0.8450105650162265,2.698782456932473,1.646750113450312,1,1
-0.5268908649726594,-0.9085166221651141,-0.8834665850128618,0,0,0,0,0.19794572803156382,1,0,-0.9324622263515198,-0.44329472199346825,-0.9458859714650345,0,0
-0.47802996144871407,-0.24476018588009918,-0.2810905585366032,0,0,0,0,2.0466209973407454,1,0,-0.5769676680779705,-0.44329472199346825,-0.8638169155396567,0,0
-0.6249893117608788,-0.24476018588009918,-0.8287051280604746,0,0,0,0,-0.6840404368170349,1,0,-0.5769676680779705,-0.44329472199346825,-0.9011210318693739,0,0
1.1395354605451513,1.0827526866899306,0.37604692489204267,0,0,0,0,-0.05616309080438914,1,0,0.48951600674267726,-0.44329472199346825,0.5164353886598804,0,0
-0.5508493994338787,-0.9085166221651141,-0.22632910158421599,0,0,0,0,-0.7042078033913168,1,0,-0.9324622263515198,-0.44329472199346825,-0.8339736224758828,0,0
-0.630978107157177,-0.9085166221651141,-0.39061347244137745,1,1,1,1,-1.0053738109005943,0,1,-0.9324622263515198,-0.44329472199346825,-0.7705566247153636,1,1
1.798652770870063,1.0827526866899306,1.799844805654109,1,0,1,0,2.0398985418159845,1,0,0.48951600674267726,-0.44329472199346825,1.098379603403469,1,1
-0.6044345052793976,3.73777843182999,-0.6096593002509261,1,1,1,0,-1.0040293197956422,1,1,2.2669887981104235,3.746141516574454,2.1876598002312115,1,1
0.4560036246193931,-0.9085166221651141,0.10223964013010693,1,1,0,1,0.08635296632053686,1,0,1.2005051232897757,-0.44329472199346825,0.6619214423457774,1,1
2.063392509059653,-0.24476018588009918,0.5950927527015915,1,1,1,0,-0.8440348783063385,0,0,-0.5769676680779705,-0.44329472199346825,-0.08043047261559509,0,0
-0.5833700616418629,0.4189962504049157,0.48556983879681703,0,0,0,0,-0.9623500955421261,1,0,1.555999681563325,2.698782456932473,1.3184738897488004,0,1
-0.1605500421723254,-0.24476018588009918,-0.5548978432985389,0,0,0,0,-0.3143053829551985,1,0,1.555999681563325,-0.44329472199346825,0.027751464740584778,0,0
3.028924688960282,1.7465091229749454,1.142707322225463,1,0,0,0,-0.7821882874785404,1,0,-0.5769676680779705,-0.44329472199346825,-0.41243710795007826,0,0
-0.59153096189077,-0.24476018588009918,-0.11680618767944173,0,0,0,1,-0.8991590136093759,0,1,1.2005051232897757,1.6514233972904928,1.4788815899665844,0,1
2.5658573044793065,1.7465091229749454,2.1284135473684316,1,0,0,0,-0.6840404368170349,0,0,-0.22147310980442125,-0.44329472199346825,-0.18115158670583156,0,0
-0.6267870121238434,-0.9085166221651141,-0.5548978432985389,1,1,1,0,-1.0094072842154507,0,1,-0.9324622263515198,-0.44329472199346825,0.020290641474641363,1,1
-0.6036180799669041,-0.24476018588009918,-0.7191822141557004,0,0,0,0,1.4779012599459933,1,0,-0.9324622263515198,-0.44329472199346825,-0.6138793361305513,0,0
-0.35017976923786615,-0.24476018588009918,-0.2810905585366032,0,0,1,0,-0.9179818890787058,0,1,1.555999681563325,2.698782456932473,2.064556216343145,0,1
3.7746596397454355,1.7465091229749454,0.21176255403488134,1,0,0,0,-0.909914942448993,0,0,-0.5769676680779705,-0.44329472199346825,-0.19607323323771852,1,0
-0.2912529730691958,0.4189962504049157,-0.938228041965249,0,0,1,0,-0.9731060243817432,0,0,1.555999681563325,0.6040643376485122,1.4527687085357823,0,1
-0.4679294224183801,0.4189962504049157,-0.39061347244137745,0,0,1,0,-0.9757950065916474,1,0,1.555999681563325,1.6514233972904928,1.982487160417767,1,1
0.8015102346026901,1.0827526866899306,0.8689000374635272,1,1,0,0,0.8459904406184915,1,0,0.8450105650162265,-0.44329472199346825,0.7066863819414382,1,1
0.7646565389429101,-0.24476018588009918,0.5403312957492042,1,0,1,1,-1.0040293197956422,0,1,1.555999681563325,1.6514233972904928,2.157816507167438,1,1
0.8928805768307314,0.4189962504049157,-0.22632910158421599,0,0,0,0,-0.4016973047770871,1,0,1.9114942398368742,-0.44329472199346825,0.2590369859848316,0,0
-0.6228518532938787,-0.9085166221651141,-0.33585201548899024,0,0,0,0,0.44667658244770825,1,0,-0.9324622263515198,-0.44329472199346825,-0.8339736224758828,0,0
-0.630978107157177,-0.9085166221651141,-0.44537492939376466,0,1,1,0,-1.001340337585738,0,1,-0.9324622263515198,-0.44329472199346825,-0.4721236940776259,1,1
-0.5884558157616454,-0.24476018588009918,-0.6096593002509261,0,0,0,0,-0.40573077809194347,1,0,-0.5769676680779705,-0.44329472199346825,-0.9831900877947517,0,0
-0.4444581726063698,-0.9085166221651141,-0.22632910158421599,0,0,0,0,-0.08036393069352751,1,0,-0.9324622263515198,-0.44329472199346825,-1.0279550273904123,0,0
0.6883847562756209,0.4189962504049157,0.32128546793965546,0,0,0,0,-0.16506687030551184,1,0,1.2005051232897757,-0.44329472199346825,-0.3863242265192762,0,0
-0.4577540024901173,-0.24476018588009918,-0.6096593002509261,0,0,0,0,1.0584200352009283,1,0,-0.9324622263515198,-0.44329472199346825,-0.804130329412109,0,0
-0.3318115967384428,-0.24476018588009918,-0.9929894989176362,0,0,0,0,0.7505315721668901,1,0,-0.5769676680779705,-0.44329472199346825,-0.7332525083856464,0,0
3.314053825080704,1.0827526866899306,1.909367719558883,1,0,0,0,-0.6611840880328486,1,0,-0.5769676680779705,-0.44329472199346825,-0.617609747763523,0,0
-0.3507888750493773,0.4189962504049157,0.2665240109872685,1,0,0,0,-0.7149637322309339,1,0,-0.5769676680779705,-0.44329472199346825,-0.14757788200908611,0,0
-0.5775097931599203,-0.9085166221651141,-0.6644207572033133,0,0,0,0,1.9767074598832344,1,0,-0.5769676680779705,-0.44329472199346825,-0.912312266768289,0,0
-0.37689827948170335,-0.24476018588009918,-0.8287051280604746,0,0,0,0,1.7212541499423293,1,0,-0.5769676680779705,-0.44329472199346825,-0.8078607410450808,0,0
-0.630978107157177,-0.9085166221651141,-0.9929894989176362,1,1,1,0,-1.010751775320403,0,1,-0.9324622263515198,-0.44329472199346825,0.07251640433624555,1,1
-0.5614914279425194,-0.24476018588009918,-0.7191822141557004,0,0,0,0,-0.02389530428553797,1,0,-0.5769676680779705,-0.44329472199346825,-0.9869204994277235,0,0
-0.6063456446145977,-0.9085166221651141,-0.33585201548899024,0,0,0,0,0.9159039780760023,1,0,-0.9324622263515198,-0.44329472199346825,-1.0018421459596103,0,0
-0.6044345052793976,0.4189962504049157,1.6355604347969475,1,1,1,1,-0.9878954265362166,0,1,1.2005051232897757,3.746141516574454,1.553489822626019,1,1
-0.6318163261638436,1.7465091229749454,-0.2810905585366032,1,0,1,0,-1.0094072842154507,0,1,1.555999681563325,3.746141516574454,1.8295402834659265,1,1
-0.6116241891059135,-0.9085166221651141,-0.5548978432985389,0,0,0,0,-0.29951598080072506,1,0,-0.5769676680779705,-0.44329472199346825,-0.6511834524602685,0,0
-0.5862133005124764,-0.24476018588009918,-0.7739436711080876,0,0,0,0,2.0990561504338783,1,0,-0.5769676680779705,-0.44329472199346825,-1.0130333808585255,0,0
-0.5740619189791645,0.4189962504049157,-0.5001363863461518,0,0,1,0,-0.9569721311223176,0,0,1.9114942398368742,0.6040643376485122,1.5497594109930475,1,1
-0.5696825040756666,-0.24476018588009918,-0.44537492939376466,0,0,0,1,-0.9744505154866954,0,1,1.2005051232897757,1.6514233972904928,1.4490382969028108,1,1
-0.4444380553502098,-0.24476018588009918,0.10223964013010693,0,0,0,0,-0.5751366573159121,1,1,-0.5769676680779705,-0.44329472199346825,0.2478457510859163,1,0
-0.597503551719606,-0.24476018588009918,-0.33585201548899024,0,0,0,0,-0.31968334737500703,1,0,-0.5769676680779705,-0.44329472199346825,-0.7966695061461656,0,0
-0.03536538640267757,-0.24476018588009918,0.4308083818444299,0,0,0,1,1.8341914027583084,1,0,1.2005051232897757,0.6040643376485122,0.964084784616487,1,1
0.6858795990710295,-0.24476018588009918,-0.1715676446318288,0,0,0,0,-0.0252397953904901,1,0,1.2005051232897757,-0.44329472199346825,-0.32663764039172877,0,0
-0.009210159331320421,1.0827526866899306,0.10223964013010693,0,0,0,0,-0.5979930061000983,1,0,1.555999681563325,-0.44329472199346825,0.49778333049502177,0,0
-0.4860153945188923,-0.24476018588009918,-0.5548978432985389,0,0,0,0,1.5384033596688393,1,0,-0.9324622263515198,-0.44329472199346825,-0.5989576895986644,0,0
-0.48452280587435453,-0.24476018588009918,-0.33585201548899024,0,0,0,0,-0.45951042229002875,1,0,-0.22147310980442125,-0.44329472199346825,-0.21472529140257712,1,0
-0.6295810754793991,-0.24476018588009918,0.4308083818444299,1,1,1,0,-1.010751775320403,0,1,1.555999681563325,0.6040643376485122,1.7288191693756898,1,1
-0.6318163261638436,-0.9085166221651141,-0.6096593002509261,1,1,1,1,-1.0026848286906902,0,1,-0.9324622263515198,-0.44329472199346825,0.13593340209676466,1,1
3.252173703945212,0.4189962504049157,1.3069916930826242,1,0,0,0,-0.778154814163684,1,0,-0.5769676680779705,-0.44329472199346825,-0.009552651589132438,0,0
3.5611026717282575,-0.24476018588009918,0.15700109708249413,1,1,1,0,-0.7015188211814125,1,0,-0.22147310980442125,-0.44329472199346825,-0.7146004502207878,0,0
-0.5986524705714106,-0.9085166221651141,-0.7739436711080876,0,0,0,0,-0.2524587921274004,1,0,-0.9324622263515198,-0.44329472199346825,-1.0503374971882427,0,0
-0.5099426354705294,-0.24476018588009918,0.10223964013010693,0,0,0,1,-0.9744505154866954,0,1,0.8450105650162265,2.698782456932473,1.661671759982199,0,1
3.1868792373892303,1.0827526866899306,0.5950927527015915,1,0,0,0,-0.7136192411259817,1,0,0.134021448469128,-0.44329472199346825,-0.43108916611493686,1,0
0.7646565389429101,3.73777843182999,2.2926979182255933,0,1,1,0,-0.990584408746121,0,1,0.48951600674267726,1.6514233972904928,1.7661232857054072,1,1
1.197911267420106,-0.24476018588009918,1.526037520892173,1,0,1,0,1.3434521494507803,1,0,1.2005051232897757,-0.44329472199346825,1.5758722924238495,1,1
0.0029479279540447646,-0.24476018588009918,-0.007283273774667328,0,0,0,1,-0.9529386578074612,0,1,1.2005051232897757,1.6514233972904928,1.4602295318017258,1,1
-0.505481075104378,-0.24476018588009918,-1.1572738697747977,0,0,0,0,0.6039820417271077,1,0,-0.5769676680779705,-0.44329472199346825,-0.9048514435023456,0,0
0.12463553402787905,0.4189962504049157,0.4308083818444299,1,0,0,0,-0.9273933268133707,1,0,-0.22147310980442125,-0.44329472199346825,-0.20726446813663357,0,0
0.3078987083314504,-0.24476018588009918,0.81413858051114,0,0,0,0,0.30550501642773437,1,0,1.2005051232897757,-0.44329472199346825,-0.3005247589609266,0,0
1.7192197849222983,0.4189962504049157,1.526037520892173,1,0,0,0,-0.9018479958192802,1,0,-0.22147310980442125,-0.44329472199346825,-0.7071396269548443,0,0
0.8757451450837791,0.4189962504049157,0.15700109708249413,0,0,0,0,0.23424698786527137,1,0,1.9114942398368742,-0.44329472199346825,0.43809674436747414,0,0
0.7646565389429101,3.074021995544975,2.1284135473684316,1,1,1,1,-1.0067183020055466,0,1,1.9114942398368742,1.6514233972904928,1.9675655138858803,1,1
-0.0682900701718752,-0.9085166221651141,-0.1715676446318288,0,0,0,0,2.023764648556559,1,0,-0.5769676680779705,-0.44329472199346825,-0.9906509110606951,0,0
-0.5873722779923609,-0.24476018588009918,-0.8834665850128618,0,0,0,0,1.9054494313207715,1,0,-0.5769676680779705,-0.44329472199346825,-0.792939094513194,0,0
-0.602299840875753,-0.9085166221651141,-0.8287051280604746,0,0,0,0,1.1216111171336784,1,0,-0.9324622263515198,-0.44329472199346825,-0.6623746873591837,0,0
0.6877197691969985,0.4189962504049157,-0.6644207572033133,0,0,0,0,0.4412986180278997,1,0,0.8450105650162265,-0.44329472199346825,0.03148187637355655,0,0
-0.5888140146838277,-0.24476018588009918,-1.1025124128224104,0,0,0,0,1.0342191953117899,1,0,-0.5769676680779705,-0.44329472199346825,-0.7854782712472504,0,0
-0.5447879583903361,-0.24476018588009918,-0.5548978432985389,0,0,0,0,1.7508329542512762,1,0,-0.9324622263515198,-0.44329472199346825,-0.9496163830980062,0,0
2.4312231264411692,1.0827526866899306,1.3069916930826242,1,1,1,0,-0.7821882874785404,1,0,-0.22147310980442125,-0.44329472199346825,-0.03193512138696269,0,0
0.02812132116225964,-0.24476018588009918,-0.5548978432985389,0,0,0,0,-0.2645592120719696,1,0,1.555999681563325,-0.44329472199346825,-0.020743886488047498,0,0
-0.6044345052793976,1.7465091229749454,1.526037520892173,1,1,1,1,-1.0094072842154507,0,1,1.2005051232897757,0.6040643376485122,1.6019851738546511,1,1
-0.47695536468216737,-0.24476018588009918,0.7593771235587528,1,1,0,0,0.9979179354780824,1,0,0.8450105650162265,0.6040643376485122,0.5985044445852583,0,1
-0.5819154722589606,-0.24476018588009918,-0.6644207572033133,0,0,0,0,0.4587770023922774,1,0,-0.9324622263515198,-0.44329472199346825,-0.7817478596142788,0,0
1.5062719227166315,1.0827526866899306,-0.22632910158421599,1,1,0,1,0.7048188745985176,1,0,0.8450105650162265,0.6040643376485122,0.8670940821592221,1,1
-0.6007038718870595,-0.24476018588009918,-1.1572738697747977,0,0,0,0,1.7911676873998401,1,0,-0.9324622263515198,-0.44329472199346825,-0.9757292645288083,0,0
-0.3803249187809569,-0.9085166221651141,-0.39061347244137745,0,0,0,0,0.5542358708438788,1,0,-0.9324622263515198,-0.44329472199346825,-0.6772963338910706,0,0
-0.6280476935098701,-0.24476018588009918,-0.6096593002509261,0,0,0,0,1.2950504696725036,1,0,-0.9324622263515198,-0.44329472199346825,-0.7407133316515898,0,0
-0.5485532381682829,-0.9085166221651141,-0.5001363863461518,0,1,1,1,-1.0026848286906902,0,1,-0.9324622263515198,-0.44329472199346825,-0.6810267455240423,1,1
-0.13803492084058622,-0.9085166221651141,-0.007283273774667328,0,0,0,0,-0.9058814691341366,1,1,0.8450105650162265,0.6040643376485122,1.4676903550676694,0,1
-0.6314173339166703,-0.24476018588009918,-1.0477509558700233,0,0,0,0,1.7225986410472813,1,0,-0.9324622263515198,-0.44329472199346825,-0.7817478596142788,0,0
-0.5303102397071884,-0.24476018588009918,-0.44537492939376466,0,0,0,0,0.2261800412355586,1,0,-0.5769676680779705,-0.44329472199346825,-0.9981117343266387,0,0
-0.5525375725133054,-0.9085166221651141,-0.22632910158421599,0,0,0,0,1.3999207758587697,1,0,-0.9324622263515198,-0.44329472199346825,-0.8750081504385718,0,0
2.9409396338938323,1.0827526866899306,2.0188906334636574,1,0,1,0,-0.6181603726743803,1,0,-0.22147310980442125,-0.44329472199346825,-0.18115158670583156,0,0
-0.548296743152243,-0.9085166221651141,-1.2120353267271848,0,0,0,0,1.9027604491108672,1,0,-0.9324622263515198,-0.44329472199346825,-0.8638169155396567,0,0
-0.5923607987073701,-0.9085166221651141,-1.1572738697747977,0,0,0,0,0.1764338703523297,1,0,-0.5769676680779705,-0.44329472199346825,-0.9570772063639497,0,0
-0.5965720109968636,-0.24476018588009918,-0.5001363863461518,0,0,0,0,1.9498176377841918,1,0,-0.5769676680779705,-0.44329472199346825,-1.031685439023384,0,0
-0.02966214428131724,0.4189962504049157,0.5950927527015915,0,0,0,0,0.17105590593252118,1,0,0.8450105650162265,-0.44329472199346825,0.16577669516053858,0,0
-0.6275045275935501,-0.9085166221651141,-0.8834665850128618,0,0,0,0,0.7357421700124166,1,0,-0.9324622263515198,-0.44329472199346825,-0.6884875687899857,0,0
-0.45702866364301503,-0.9085166221651141,-0.39061347244137745,0,0,0,0,-0.4406875468206989,1,0,-0.5769676680779705,-0.44329472199346825,-0.5094278104073431,0,0
0.5677331888940267,1.0827526866899306,0.2665240109872685,0,0,0,0,-0.07767494848362325,1,0,1.2005051232897757,-0.44329472199346825,0.1433942253627082,0,0
3.763338653841395,1.0827526866899306,1.5807989778445601,1,0,0,0,-0.6773179812922742,1,0,0.134021448469128,-0.44329472199346825,-0.5280798685722017,1,0
-0.5792661413852227,-0.9085166221651141,-0.5548978432985389,0,0,0,0,1.972673986568378,1,0,-0.9324622263515198,-0.44329472199346825,-0.7742870363483354,0,0
-0.5476004625640385,-0.9085166221651141,-0.22632910158421599,0,0,0,0,2.123256990323017,1,0,-0.9324622263515198,-0.44329472199346825,-0.7034092153218726,0,0
-0.5947307232455525,-0.24476018588009918,-1.2120353267271848,0,0,0,0,0.3633181339406761,1,0,-0.9324622263515198,-0.44329472199346825,-0.7481741549175333,0,0
-0.3231287654547178,-0.9085166221651141,-0.22632910158421599,0,0,0,0,0.8500239139333479,1,0,-0.5769676680779705,-0.44329472199346825,-0.7071396269548443,0,0
0.3842565481500907,0.4189962504049157,0.21176255403488134,0,0,0,0,0.37676304499019736,1,0,1.555999681563325,-0.44329472199346825,0.07997722760218882,0,0
4.074392227400006,1.7465091229749454,0.5403312957492042,0,0,1,0,-0.7862217607933969,1,0,-0.22147310980442125,-0.44329472199346825,-0.32663764039172877,0,0
-0.4604491560028864,1.0827526866899306,-0.33585201548899024,0,0,0,0,0.21945758571079793,1,0,0.48951600674267726,-0.44329472199346825,0.6059652678512016,0,0
-0.3552079656525242,-0.24476018588009918,-0.6096593002509261,0,0,0,0,-0.06826351074895833,1,0,-0.9324622263515198,-0.44329472199346825,-0.9757292645288083,0,0
1.2199469274800316,1.0827526866899306,-0.007283273774667328,0,0,0,0,-0.33716173173938474,1,0,0.48951600674267726,-0.44329472199346825,-0.20726446813663357,0,0
-0.6116046306624247,-0.24476018588009918,-0.33585201548899024,0,0,0,0,-0.7136192411259817,1,0,-0.5769676680779705,-0.44329472199346825,-0.9496163830980062,0,0
1.6305496255210663,0.4189962504049157,1.4165146069873986,1,0,0,0,-0.940838237862892,1,0,-0.5769676680779705,-0.44329472199346825,-0.009552651589132438,0,0
-0.6174369585108117,-0.9085166221651141,-0.8834665850128618,0,0,0,0,-0.07767494848362325,1,0,-0.5769676680779705,-0.44329472199346825,-0.7332525083856464,0,0
-0.3840549933606238,-0.9085166221651141,1.2522302361302373,0,1,1,1,1.7427660076215634,1,0,-0.22147310980442125,-0.44329472199346825,1.2513264803553097,1,1
-0.3193461624839664,-0.9085166221651141,-1.1025124128224104,0,0,0,0,0.18181183477213825,1,0,-0.9324622263515198,-0.44329472199346825,-0.6511834524602685,0,0
-0.38090943683493916,1.7465091229749454,1.5807989778445601,0,1,1,1,-0.9946178820609773,0,1,2.2669887981104235,1.6514233972904928,2.064556216343145,1,1
1.0606635225191816,1.0827526866899306,1.7450833487017219,1,0,1,0,-0.8440348783063385,1,0,-0.5769676680779705,-0.44329472199346825,-0.3825938148863046,1,0
-0.4966658052175997,-0.24476018588009918,-0.6096593002509261,0,0,0,0,1.074553928460354,1,0,-0.5769676680779705,-0.44329472199346825,-0.897390620236402,0,0
-0.6318163261638436,2.4102655592599604,-0.1715676446318288,0,1,1,0,-0.991928899851073,1,1,1.2005051232897757,1.6514233972904928,2.079477862875032,1,1
-0.35176847366183517,0.4189962504049157,1.5807989778445601,0,1,1,0,1.616383843756063,1,0,-0.22147310980442125,0.6040643376485122,0.8857461403240807,0,1
-0.6180237118154784,-0.9085166221651141,-1.0477509558700233,0,0,0,0,1.8288134383385,1,0,-0.9324622263515198,-0.44329472199346825,-0.8451648573747981,0,0
-0.6268333935755456,-0.24476018588009918,-0.5001363863461518,0,0,0,0,-0.5979930061000983,1,0,-0.9324622263515198,-0.44329472199346825,-0.897390620236402,0,0
-0.6299007163272746,-0.24476018588009918,-0.22632910158421599,0,0,0,0,1.348830113870589,1,0,-0.5769676680779705,-0.44329472199346825,-0.7332525083856464,0,0
-0.38090943683493916,3.074021995544975,0.8689000374635272,1,1,0,1,-0.9999958464807859,0,1,0.8450105650162265,1.6514233972904928,2.3517979120819676,1,1
0.7646565389429101,1.0827526866899306,3.168881229463788,1,1,1,1,-1.0147852486352593,0,1,1.9114942398368742,1.6514233972904928,1.8370011067318701,1,1
-0.5095771719836227,-0.24476018588009918,-0.5548978432985389,0,0,0,0,1.9646070399386653,1,0,-0.5769676680779705,-0.44329472199346825,-0.8899297969704587,0,0
-0.3987137673492114,-0.9085166221651141,-0.5001363863461518,0,0,0,0,-0.696140856761604,1,1,-0.5769676680779705,-0.44329472199346825,-0.23710776120040739,1,0
1.254902336496047,1.0827526866899306,1.526037520892173,1,1,0,1,0.4251647247684741,1,0,0.8450105650162265,0.6040643376485122,0.9305110799197416,1,1
-0.2573006327978248,1.0827526866899306,0.8689000374635272,1,0,1,0,0.8648133160878213,1,0,0.8450105650162265,-0.44329472199346825,1.5348377644611604,0,1
-0.5722144842884711,-0.24476018588009918,-1.1025124128224104,0,0,0,0,1.9430951822594311,1,0,-0.5769676680779705,-0.44329472199346825,-0.6810267455240423,0,0
-0.5485532381682829,-0.9085166221651141,-0.33585201548899024,0,1,1,0,-1.0026848286906902,0,1,-0.9324622263515198,-0.44329472199346825,-0.5280798685722017,1,1
0.9701761043114961,-0.24476018588009918,0.37604692489204267,0,0,0,0,-0.37077400936318805,1,0,0.48951600674267726,-0.44329472199346825,0.19188957659134048,0,0
-0.5825156370677339,-0.24476018588009918,-0.33585201548899024,0,0,0,0,-0.09515333284800097,1,0,-0.5769676680779705,-0.44329472199346825,-0.6250705710294665,0,0
-0.5861697131241297,-0.24476018588009918,-0.8834665850128618,0,0,0,0,-0.3062384363254857,1,0,-0.5769676680779705,-0.44329472199346825,-0.6325313942954099,0,0
-0.613074307987447,-0.24476018588009918,-0.44537492939376466,0,0,0,0,0.9696836222740877,1,0,-0.9324622263515198,-0.44329472199346825,-0.6735659222580987,0,0
0.6771017696332158,0.4189962504049157,1.526037520892173,1,1,0,0,1.4779012599459933,1,0,-0.22147310980442125,-0.44329472199346825,1.4080037689401221,1,1
-0.6179750951130917,-0.9085166221651141,-1.0477509558700233,0,0,0,0,-0.011794884340968781,1,0,-0.9324622263515198,-0.44329472199346825,-1.0279550273904123,0,0
-0.6184735560157228,-0.24476018588009918,-0.7739436711080876,0,0,0,0,0.4251647247684741,1,0,-0.5769676680779705,-0.44329472199346825,-0.9682684412628649,0,0
-0.6254056272008567,-0.24476018588009918,-0.7191822141557004,0,0,0,0,-0.33850622284433685,1,0,-0.9324622263515198,-0.44329472199346825,-1.0503374971882427,0,0
-0.5755740660671912,-0.24476018588009918,-0.6644207572033133,0,0,0,0,0.800277743050119,1,0,-0.9324622263515198,-0.44329472199346825,-0.7407133316515898,0,0
-0.5599083116452614,-0.9085166221651141,0.10223964013010693,0,0,1,1,-0.9852064443263124,0,0,1.555999681563325,1.6514233972904928,1.463959943434698,1,1
-0.5394037983041802,-0.9085166221651141,-0.6644207572033133,0,0,0,0,0.9454827823849492,1,0,-0.5769676680779705,-0.44329472199346825,-0.9869204994277235,0,0
0.30389034504157014,-0.24476018588009918,0.7593771235587528,1,0,0,0,-0.8252120028370087,0,0,-0.5769676680779705,-0.44329472199346825,-0.6810267455240423,0,0
-0.4919399264580127,-0.24476018588009918,-0.8287051280604746,0,0,0,0,-0.8978145225044238,0,1,0.48951600674267726,2.698782456932473,1.740010404274605,1,1
1.2761076009267018,0.4189962504049157,0.4308083818444299,0,0,0,0,0.5488579064240703,1,0,1.555999681563325,-0.44329472199346825,0.4418271560004459,0,0
-0.6264880473447989,-0.9085166221651141,-0.5001363863461518,0,0,0,0,2.0385540507110322,1,0,-0.9324622263515198,-0.44329472199346825,-0.6399922175613534,0,0
-0.4446543158539298,-0.24476018588009918,-0.7739436711080876,0,0,0,0,-0.9569721311223176,1,0,-0.5769676680779705,-0.44329472199346825,-0.05058717955182129,0,0
0.7646565389429101,2.4102655592599604,0.2665240109872685,1,0,1,0,-1.010751775320403,0,1,1.9114942398368742,0.6040643376485122,2.288380914321448,1,1
-0.5465258657974916,-0.9085166221651141,-0.39061347244137745,0,0,0,0,0.10248685957996244,1,0,-0.9324622263515198,-0.44329472199346825,-0.7183308618537596,0,0
-0.6300074495474569,-0.24476018588009918,-0.8287051280604746,0,0,0,0,1.5733601283975949,1,0,-0.5769676680779705,-0.44329472199346825,-1.0615287320871578,0,0
-0.2999246280994986,1.0827526866899306,0.48556983879681703,1,1,0,0,-0.8816806292449982,1,0,0.134021448469128,-0.44329472199346825,-0.39751546141819144,0,0
-0.5481330110396073,-0.24476018588009918,-0.39061347244137745,0,0,0,0,-0.6598395969278964,1,1,-0.22147310980442125,-0.44329472199346825,-0.5616535732689472,0,0
-0.6318163261638436,3.074021995544975,2.676028116892303,1,1,1,0,-0.9986513553758337,0,1,2.2669887981104235,0.6040643376485122,1.6542109367162554,1,1
-0.38090943683493916,2.4102655592599604,3.3879270572733367,0,1,1,1,-0.9999958464807859,1,0,2.2669887981104235,2.698782456932473,1.672862994881114,1,1
-0.19387260056335417,-0.24476018588009918,1.5807989778445601,1,0,1,0,0.5811256929429215,1,0,0.8450105650162265,0.6040643376485122,0.5500090933566258,0,1
-0.1335292142734171,1.0827526866899306,-0.007283273774667328,0,0,0,0,-0.6006819883100026,1,0,0.48951600674267726,-0.44329472199346825,0.546278681723654,0,0
-0.22233292990304485,1.0827526866899306,2.0736520904160445,1,1,1,0,-0.6316052837239017,0,0,0.134021448469128,-0.44329472199346825,-0.6698355106251271,1,0
-0.5006071109869467,-0.9085166221651141,-0.7191822141557004,0,0,0,0,-0.5549692907416302,1,0,-0.5769676680779705,-0.44329472199346825,-0.18488199833880334,0,0
1.787966596160405,1.0827526866899306,0.81413858051114,1,0,0,0,-0.92067087128861,1,0,-0.22147310980442125,-0.44329472199346825,-0.19607323323771852,1,0
-0.01893182337064099,-0.24476018588009918,1.5807989778445601,0,1,0,0,2.2509836452934695,1,0,1.2005051232897757,-0.44329472199346825,1.3222043013817721,0,1
0.005083151170360506,0.4189962504049157,1.19746877917785,1,0,1,0,-0.818489547312248,1,0,-0.5769676680779705,-0.44329472199346825,-0.390054638152248,0,0
-0.5684799392074353,-0.9085166221651141,-0.8834665850128618,0,0,0,0,0.9562387112245663,1,0,-0.9324622263515198,-0.44329472199346825,-0.9309643249331476,0,0
0.04249454187590948,0.4189962504049157,1.5807989778445601,0,0,1,0,-0.7768103230587319,1,0,-0.5769676680779705,-0.44329472199346825,-0.5056973987743714,1,0
-0.5587280992838747,-0.24476018588009918,-0.2810905585366032,0,0,0,0,0.8822917004521991,1,0,-0.5769676680779705,-0.44329472199346825,-1.0242246157574406,0,0
-0.6318163261638436,3.074021995544975,1.142707322225463,1,1,0,1,-1.0040293197956422,0,1,2.977977914657522,0.6040643376485122,2.0235216883804563,1,1
3.938066523406415,-0.24476018588009918,1.8546062626064956,1,0,0,0,-0.9354602734430835,1,0,-0.5769676680779705,-0.44329472199346825,-0.2856031124290398,0,0
-0.5485532381682829,-0.9085166221651141,-0.22632910158421599,1,0,1,1,-0.9999958464807859,0,1,-0.9324622263515198,-0.44329472199346825,-0.07296964934965168,1,1
-0.5935281583773213,-0.24476018588009918,-1.0477509558700233,0,0,0,0,1.9363727267346704,1,0,-0.9324622263515198,-0.44329472199346825,-0.8227823875769676,0,0
3.110526985697301,1.7465091229749454,2.0736520904160445,1,0,0,0,-0.8588242804608119,0,0,0.134021448469128,-0.44329472199346825,-0.10654335404639712,0,0
-0.4395562678553828,-0.24476018588009918,-0.11680618767944173,0,0,0,0,-0.5011896465435448,1,0,-0.5769676680779705,-0.44329472199346825,0.08743805086813237,0,0
0.7646565389429101,1.0827526866899306,3.004596858606626,1,1,0,1,-1.001340337585738,0,1,1.555999681563325,3.746141516574454,2.142894860635551,1,1
-0.6240857116716921,-0.24476018588009918,-0.22632910158421599,0,0,0,0,0.679273543604427,1,0,-0.9324622263515198,-0.44329472199346825,-1.0503374971882427,0,0
-0.6138806746718604,-0.24476018588009918,-0.1715676446318288,0,0,0,0,-0.31296089185024634,1,0,-0.5769676680779705,-0.44329472199346825,-0.9421555598320629,0,0
0.7646565389429101,-0.24476018588009918,0.37604692489204267,1,1,0,0,-0.9838619532213603,0,1,1.9114942398368742,2.698782456932473,1.7176279344767749,1,1
0.9467495595131746,1.0827526866899306,1.0879458652730758,1,1,1,0,0.06753009085120701,1,0,0.8450105650162265,0.6040643376485122,1.2662481268871961,1,1
-0.6138024408979047,-0.9085166221651141,-0.33585201548899024,0,0,0,0,0.6698621058697621,1,0,-0.5769676680779705,-0.44329472199346825,-0.8787385620715434,0,0
-0.6044345052793976,2.4102655592599604,3.1141197725114003,0,1,1,1,-1.0040293197956422,0,1,2.622483356383973,2.698782456932473,1.650480525083284,1,1
-0.49958224854812877,-0.24476018588009918,-0.062044730727054534,0,0,1,0,-0.9368047645480356,0,0,0.8450105650162265,0.6040643376485122,1.754932050806492,0,1
-0.6063629678074021,-0.24476018588009918,-0.8834665850128618,0,0,0,0,-0.33312825842452837,1,0,-0.5769676680779705,-0.44329472199346825,-0.6213401593964948,0,0
-0.6267870121238434,-0.9085166221651141,-0.22632910158421599,1,0,1,0,-0.9986513553758337,0,1,-0.9324622263515198,-0.44329472199346825,-0.44601081264682385,0,1
-0.29905679202126295,-0.24476018588009918,-0.6096593002509261,0,0,0,0,-0.37211850046814016,1,0,0.8450105650162265,-0.44329472199346825,0.2478457510859163,0,0
-0.5988631429484194,-0.24476018588009918,-0.9929894989176362,0,0,0,0,1.9000714669009628,1,0,-0.9324622263515198,-0.44329472199346825,-1.0242246157574406,0,0
0.025423932398806217,0.4189962504049157,2.1284135473684316,1,1,1,0,-0.8332789494667214,1,0,-0.22147310980442125,-0.44329472199346825,-0.6399922175613534,0,0
0.8901915702573445,-0.9085166221651141,1.142707322225463,1,1,1,0,1.7104982211027122,1,0,1.2005051232897757,0.6040643376485122,1.4117341805730936,1,1
-0.6132682159843226,-0.9085166221651141,-0.6096593002509261,0,0,0,0,-0.48908922659897563,1,0,-0.5769676680779705,-0.44329472199346825,-0.9346947365661193,0,0
-0.5321017931307708,-0.9085166221651141,-0.8834665850128618,0,0,0,0,-0.6625285791378007,1,0,-0.9324622263515198,-0.44329472199346825,-0.7854782712472504,0,0
-0.6168239410106027,-0.9085166221651141,-0.8834665850128618,0,0,0,0,1.5599152173480735,1,0,-0.5769676680779705,-0.44329472199346825,-0.9048514435023456,0,0
-0.6221930131546387,-0.9085166221651141,-0.5548978432985389,0,0,0,0,0.9790950600087526,1,0,-0.9324622263515198,-0.44329472199346825,-0.9533467947309779,0,0
-0.6064216431378687,-0.9085166221651141,-0.5001363863461518,0,0,0,0,-0.4353095824008904,1,0,-0.5769676680779705,-0.44329472199346825,-0.8227823875769676,0,0
-0.5774304417606225,-0.9085166221651141,-0.938228041965249,0,0,0,0,-0.3748074826780444,1,0,-0.9324622263515198,-0.44329472199346825,-0.9309643249331476,0,0
-0.37282174104594756,-0.9085166221651141,-0.7191822141557004,0,0,0,0,-0.6531171414031358,1,1,-0.22147310980442125,-0.44329472199346825,-0.12146500057828409,0,0
-0.527693878781046,0.4189962504049157,0.10223964013010693,0,0,1,0,-0.9300823090232749,1,1,0.48951600674267726,2.698782456932473,1.9339918091891346,1,1
-0.627775551739039,-0.9085166221651141,-0.7191822141557004,0,0,0,0,1.432188562377621,1,0,-0.5769676680779705,-0.44329472199346825,-0.9160426784012607,0,0
-0.40994701966388764,-0.24476018588009918,1.96412917651127,1,1,0,1,1.5693266550827383,1,0,0.134021448469128,-0.44329472199346825,0.6358085609149756,1,1
-0.5238045425901126,-0.24476018588009918,-0.9929894989176362,0,0,0,0,-0.41648670693156054,1,0,-0.9324622263515198,-0.44329472199346825,-0.8638169155396567,0,0
-0.3689648159899384,-0.9085166221651141,-0.39061347244137745,0,0,0,0,-0.7714323586389233,1,0,-0.22147310980442125,-0.44329472199346825,-0.41616751958305004,0,0
-0.5485532381682829,-0.9085166221651141,-0.7739436711080876,1,1,1,0,-1.010751775320403,0,1,-0.9324622263515198,-0.44329472199346825,-0.5392711034711168,1,1
0.36924963386740095,-0.24476018588009918,0.15700109708249413,0,0,0,0,-0.17851178135503315,1,0,0.48951600674267726,-0.44329472199346825,-0.09535211914748193,0,0
-0.4449448984429076,-0.24476018588009918,-0.9929894989176362,0,0,0,0,1.004640391002843,1,0,-0.9324622263515198,-0.44329472199346825,-0.6623746873591837,0,0
0.6788659412359136,-0.24476018588009918,0.7046156666063655,0,0,0,0,0.06887458195615914,1,0,1.9114942398368742,-0.44329472199346825,0.5686611515214844,0,0
-0.5887206929677521,-0.9085166221651141,-0.33585201548899024,0,0,0,0,1.780411758560223,1,0,-0.5769676680779705,-0.44329472199346825,-0.7146004502207878,0,0
-0.4836046766557189,-0.24476018588009918,-0.8834665850128618,0,0,0,0,-0.9421827289678442,0,1,0.8450105650162265,2.698782456932473,1.833270695098898,0,1
-0.6318163261638436,-0.9085166221651141,-0.9929894989176362,1,1,1,0,-1.0026848286906902,0,1,-0.9324622263515198,-0.44329472199346825,-0.5355406918381451,1,1
-0.18558205577474923,-0.24476018588009918,-0.2810905585366032,0,0,0,0,-0.9583166222272698,0,1,1.9114942398368742,0.6040643376485122,1.4490382969028108,1,1
-0.604698264860162,-0.9085166221651141,-1.1572738697747977,0,0,0,0,1.2224479500050884,1,0,-0.9324622263515198,-0.44329472199346825,-0.8750081504385718,0,0
-0.6044345052793976,3.73777843182999,2.949835401654239,1,1,1,1,-0.9946178820609773,0,1,0.48951600674267726,0.6040643376485122,1.5982547622216796,1,1
2.6517903994174366,0.4189962504049157,1.5807989778445601,1,0,1,0,-0.8937810491895675,1,0,-0.22147310980442125,-0.44329472199346825,-0.14757788200908611,0,0
1.1606719910172592,1.0827526866899306,1.19746877917785,1,0,0,0,-0.7351310988052159,1,0,0.134021448469128,-0.44329472199346825,-0.3005247589609266,0,0
-0.6044345052793976,2.4102655592599604,0.21176255403488134,0,1,1,1,-1.010751775320403,0,1,2.2669887981104235,3.746141516574454,2.0832082745080034,1,1
-0.5341682823885399,-0.24476018588009918,-0.7739436711080876,0,0,0,0,1.6150393526511109,1,0,-0.5769676680779705,-0.44329472199346825,-0.8265127992099395,0,0
-0.2695028662842078,0.4189962504049157,-0.2810905585366032,0,0,0,1,-0.9139484157638494,0,1,0.134021448469128,2.698782456932473,1.6318284669184253,1,1
0.12143856673645213,0.4189962504049157,1.5807989778445601,1,1,0,0,-0.8426903872013864,1,0,-0.5769676680779705,-0.44329472199346825,0.01656022984166972,0,0
-0.6318163261638436,-0.9085166221651141,-0.44537492939376466,1,1,1,0,-0.9999958464807859,0,1,-0.9324622263515198,-0.44329472199346825,-0.18861240997177497,1,1
-0.5196246238102011,-0.24476018588009918,-0.5548978432985389,0,0,0,0,-0.07633045737867113,1,0,-0.9324622263515198,-0.44329472199346825,-0.7892086828802222,0,0
0.1340671742908929,-0.9085166221651141,-0.1715676446318288,1,1,1,0,1.4281550890627646,1,0,0.134021448469128,0.6040643376485122,0.7999466727657313,1,1
-0.38090943683493916,0.4189962504049157,0.9236614944159144,1,1,1,0,-1.0026848286906902,0,1,2.2669887981104235,3.746141516574454,2.0533649814442296,1,1
-0.6318163261638436,2.4102655592599604,-0.2810905585366032,1,1,1,1,-0.9825174621164081,0,1,2.977977914657522,2.698782456932473,1.687784641413001,1,1
-0.3898303223165575,-0.9085166221651141,-0.5548978432985389,0,0,0,0,-0.6437057036684708,1,0,-0.5769676680779705,-0.44329472199346825,-0.6362618059283816,0,0
-0.48386675979847005,-0.9085166221651141,-0.22632910158421599,0,0,0,0,-0.7499205009596893,1,0,-0.5769676680779705,-0.44329472199346825,-0.8526256806407414,0,0
-0.4585363402296729,-0.24476018588009918,-0.6096593002509261,0,0,0,0,0.16298895930280838,1,0,-0.9324622263515198,-0.44329472199346825,-0.9496163830980062,0,0
-0.563138807696955,-0.24476018588009918,-0.1715676446318288,0,0,0,0,-0.5011896465435448,0,0,-0.22147310980442125,-0.44329472199346825,0.0016385833097827538,1,0
-0.18974129848582943,1.0827526866899306,0.81413858051114,0,0,0,0,-0.04137368864991569,1,0,0.8450105650162265,-0.44329472199346825,0.5127049770269086,0,0
-0.5125176442590096,-0.24476018588009918,-0.1715676446318288,0,0,0,0,1.7427660076215634,1,0,-0.5769676680779705,-0.44329472199346825,-0.9496163830980062,0,0
1.168309283793335,-0.24476018588009918,0.81413858051114,0,0,0,0,0.2476918989147927,1,0,0.48951600674267726,-0.44329472199346825,0.5201658002928522,0,0
1.4984278692522446,-0.24476018588009918,-0.22632910158421599,0,1,1,1,0.34180627626144194,1,0,0.8450105650162265,-0.44329472199346825,1.0610754870737518,0,1
-0.38090943683493916,-0.24476018588009918,2.8950739447018514,1,0,0,1,-1.010751775320403,1,0,0.48951600674267726,2.698782456932473,1.5422985877271038,1,1
-0.6295810754793991,1.0827526866899306,1.5807989778445601,1,1,1,1,-1.0026848286906902,0,1,1.9114942398368742,1.6514233972904928,2.1540860955344665,1,1
1.0580024565793507,-0.24476018588009918,-0.062044730727054534,0,0,0,0,-0.14086603041637347,1,0,0.48951600674267726,-0.44329472199346825,-0.03193512138696269,0,0
-0.5041728946413068,-0.9085166221651141,-0.39061347244137745,0,0,1,0,-0.9771394976965996,0,1,0.8450105650162265,2.698782456932473,1.419195003839037,0,1
0.06693477285962648,-0.24476018588009918,0.37604692489204267,1,1,0,0,0.3740740627802931,1,0,-0.22147310980442125,0.6040643376485122,1.5609506458919624,0,1
-0.45210720044853914,-0.24476018588009918,-1.1572738697747977,0,0,0,0,1.3945428114389613,1,0,-0.9324622263515198,-0.44329472199346825,-0.684757157157014,0,0
-0.4052999334909273,-0.24476018588009918,-0.33585201548899024,0,0,0,0,0.9481717645948535,1,0,-0.5769676680779705,-0.44329472199346825,-0.8414344457418262,0,0
0.7493433953164513,-0.24476018588009918,0.9784229513683013,0,1,1,0,-0.7458870276448328,0,0,-0.22147310980442125,-0.44329472199346825,-0.04312635628587788,1,0
-0.548433093443994,-0.24476018588009918,-0.33585201548899024,0,0,0,0,-0.9731060243817432,1,0,-0.22147310980442125,-0.44329472199346825,0.1433942253627082,1,0
-0.48794944517360805,-0.24476018588009918,-1.1572738697747977,0,0,0,0,1.382442391494392,1,0,-0.9324622263515198,-0.44329472199346825,-0.6623746873591837,0,0
-0.6192475115652117,-0.24476018588009918,-0.5001363863461518,0,0,0,0,0.3807965183050538,1,0,-0.9324622263515198,-0.44329472199346825,-0.9235035016672043,0,0
0.23303289834467686,1.0827526866899306,1.8546062626064956,1,0,1,0,-0.7015188211814125,0,0,0.134021448469128,-0.44329472199346825,-0.7668262130823918,0,0
3.8980784474743726,0.4189962504049157,0.9784229513683013,1,0,0,0,-0.787566251898349,1,0,-0.5769676680779705,-0.44329472199346825,-0.5840360430667775,0,0
-0.6318163261638436,-0.9085166221651141,-0.8287051280604746,1,1,1,1,-1.0161297397402114,0,1,-0.9324622263515198,-0.44329472199346825,-0.710870038587816,1,1
-0.6044345052793976,3.074021995544975,2.1831750043208187,1,0,1,1,-1.0134407575303073,0,1,0.8450105650162265,3.746141516574454,1.900418104492389,1,1
3.766410447094493,-0.24476018588009918,1.3069916930826242,1,0,1,0,-0.9260488357084186,1,0,0.134021448469128,-0.44329472199346825,-0.14384747037611434,0,0
-0.467818218696829,-0.24476018588009918,-1.1572738697747977,0,0,0,0,2.0681328550199796,1,0,-0.5769676680779705,-0.44329472199346825,-0.9682684412628649,0,0
-0.38090943683493916,2.4102655592599604,1.96412917651127,0,0,1,0,-0.9932733909560252,0,1,0.48951600674267726,0.6040643376485122,2.3368762655500803,0,1
-0.6318163261638436,-0.24476018588009918,3.3879270572733367,1,1,1,0,-0.9865509354312645,0,1,2.622483356383973,3.746141516574454,1.5870635273227647,1,1
-0.6301343000237991,-0.9085166221651141,-0.39061347244137745,0,0,0,0,0.5085231732755063,1,0,-0.5769676680779705,-0.44329472199346825,-0.751904566550505,0,0
-0.5264371090837171,-0.24476018588009918,-0.8287051280604746,0,0,0,0,-0.01851733986572944,1,0,-0.5769676680779705,-0.44329472199346825,-1.0130333808585255,0,0
-0.5860311275816942,-0.24476018588009918,-0.2810905585366032,0,0,0,0,0.18718979919194675,1,0,-0.9324622263515198,-0.44329472199346825,-0.7705566247153636,0,0
0.3107598292075395,-0.24476018588009918,-0.5548978432985389,0,0,0,0,-0.6396722303536144,1,0,0.8450105650162265,-0.44329472199346825,0.3896013931388419,0,0
-0.6096297866827178,-0.9085166221651141,-0.44537492939376466,0,0,0,0,0.047362724276925026,1,0,-0.9324622263515198,-0.44329472199346825,-0.7481741549175333,0,0
-0.43008215782936443,-0.24476018588009918,-0.33585201548899024,0,0,0,0,1.4967241354153233,1,0,-0.9324622263515198,-0.44329472199346825,-0.7481741549175333,0,0
-0.14105083282657305,-0.24476018588009918,-0.6096593002509261,0,0,0,0,1.9699850043584737,1,0,-0.9324622263515198,-0.44329472199346825,-0.8003999177791374,0,0
-0.5405353939631803,-0.24476018588009918,-0.2810905585366032,0,0,0,0,0.2678592654890747,1,0,-0.9324622263515198,-0.44329472199346825,-0.8302432108429112,0,0
2.3455867610313996,0.4189962504049157,1.3617531500350115,1,1,0,0,-0.6221938459892368,0,0,-0.5769676680779705,-0.44329472199346825,-0.2856031124290398,0,0
0.645795966172227,-0.24476018588009918,0.8689000374635272,0,0,0,0,0.58650365736273,1,0,1.2005051232897757,-0.44329472199346825,0.5238962119258239,0,0
-0.6318163261638436,-0.9085166221651141,-0.938228041965249,0,1,1,1,-1.0134407575303073,0,1,-0.9324622263515198,-0.44329472199346825,-0.281872700796068,1,1
-0.567296932782693,-0.9085166221651141,-0.7191822141557004,0,0,0,0,-0.6141268993595239,1,0,-0.5769676680779705,-0.44329472199346825,-0.6959483920559292,0,0
-0.5109289398350406,-0.24476018588009918,0.6498542096539783,0,0,0,0,-1.0040293197956422,0,0,0.8450105650162265,0.6040643376485122,1.8631139881626717,1,1
-0.5485532381682829,-0.9085166221651141,-0.5001363863461518,1,1,1,0,-1.010751775320403,0,1,-0.9324622263515198,-0.44329472199346825,-0.08043047261559509,1,1
-0.5993493099722861,-0.9085166221651141,-0.6096593002509261,0,0,0,0,1.422777124642956,1,0,-0.9324622263515198,-0.44329472199346825,-1.0428766739222992,0,0
-0.5093480587884671,-0.9085166221651141,-0.6644207572033133,0,0,0,0,0.7787658853708849,1,0,-0.5769676680779705,-0.44329472199346825,-0.9719988528958365,0,0
-0.5267114861052327,-0.9085166221651141,-1.2120353267271848,0,0,0,0,0.7101968390183261,1,0,-0.5769676680779705,-0.44329472199346825,-0.819051975943996,0,0
2.99030458644712,0.4189962504049157,1.526037520892173,1,1,0,0,-0.8305899672568172,1,0,-0.22147310980442125,-0.44329472199346825,-0.7332525083856464,0,0
-0.3963119904887757,-0.24476018588009918,-1.0477509558700233,0,0,0,0,0.47625538675665513,1,0,-0.5769676680779705,-0.44329472199346825,-0.8414344457418262,0,0
-0.47544545284482503,-0.24476018588009918,-0.2810905585366032,0,0,0,0,0.46281047570713385,1,0,-0.9324622263515198,-0.44329472199346825,-0.5877664546997492,0,0
-0.49846350558056424,-0.9085166221651141,-0.8287051280604746,0,0,0,0,1.8274689472335477,1,0,-0.9324622263515198,-0.44329472199346825,-0.7332525083856464,0,0
-0.45828487452767286,-0.9085166221651141,-0.5548978432985389,0,0,0,0,1.3259737650864025,1,0,-0.5769676680779705,-0.44329472199346825,-0.751904566550505,0,0
0.05548190716520362,1.7465091229749454,1.8546062626064956,1,0,1,0,-0.8225230206271044,1,0,-0.22147310980442125,-0.44329472199346825,-0.5318102802051735,0,0
-0.6100544843127623,-0.9085166221651141,-0.33585201548899024,0,0,0,0,2.053343452865506,1,0,-0.9324622263515198,-0.44329472199346825,-0.6623746873591837,0,0
-0.38090943683493916,-0.24476018588009918,-0.6644207572033133,1,1,1,1,-1.0053738109005943,0,0,2.2669887981104235,2.698782456932473,1.657941348349227,1,1
3.8323827534205326,0.4189962504049157,1.4712760639397857,1,0,0,0,-0.7848772696884447,1,0,-0.22147310980442125,-0.44329472199346825,-0.6064185128646079,0,0
-0.5908542397460544,-0.9085166221651141,-0.8287051280604746,0,0,0,0,1.348830113870589,1,0,-0.5769676680779705,-0.44329472199346825,-0.9272339133001759,0,0
-0.4260592654100353,-0.24476018588009918,-0.7191822141557004,0,0,0,0,-0.7028633122863647,1,0,-0.22147310980442125,-0.44329472199346825,-0.1587691169080013,1,0
-0.6044345052793976,0.4189962504049157,-0.33585201548899024,1,1,1,1,-0.9892399176411688,0,0,0.8450105650162265,3.746141516574454,1.564681057524934,1,1
-0.6197130025202474,-0.9085166221651141,-0.8834665850128618,0,0,0,0,0.6644841414499536,1,0,-0.9324622263515198,-0.44329472199346825,-0.6810267455240423,0,0
-0.5183304136639078,-0.24476018588009918,-0.938228041965249,0,0,0,0,0.19929021913651596,1,0,-0.9324622263515198,-0.44329472199346825,-0.9458859714650345,0,0
-0.6012531847427618,-0.24476018588009918,-1.0477509558700233,0,0,0,0,1.8503252960177339,1,0,-0.9324622263515198,-0.44329472199346825,-0.7369829200186182,0,0
0.11011031626768701,-0.9085166221651141,0.5950927527015915,0,0,0,0,-0.9368047645480356,1,0,0.134021448469128,1.6514233972904928,1.9116093393913045,1,1
3.503323117973378,1.7465091229749454,0.32128546793965546,1,0,0,0,-0.8843696114549024,1,0,0.134021448469128,-0.44329472199346825,-0.4049762846841349,1,0
-0.630978107157177,-0.9085166221651141,-0.8834665850128618,1,1,0,1,-1.001340337585738,0,1,-0.9324622263515198,-0.44329472199346825,-0.6772963338910706,0,1
-0.6318163261638436,1.7465091229749454,0.7046156666063655,1,0,1,0,-0.9825174621164081,0,1,1.9114942398368742,2.698782456932473,2.236155151459844,1,1
-0.6245417028113188,-0.9085166221651141,-0.8834665850128618,0,0,0,0,0.09441991295024965,1,0,-0.5769676680779705,-0.44329472199346825,-1.0615287320871578,0,0
0.39976248214808274,1.0827526866899306,0.7593771235587528,1,0,0,0,-0.8937810491895675,1,0,-0.22147310980442125,-0.44329472199346825,-0.017013474855075855,0,0
-0.574712935741009,-0.9085166221651141,-0.2810905585366032,0,0,0,0,2.086955730489309,1,0,-0.9324622263515198,-0.44329472199346825,-0.804130329412109,0,0
2.463362119594785,1.7465091229749454,1.909367719558883,1,0,0,0,-0.7431980454349286,1,0,-0.5769676680779705,-0.44329472199346825,-0.06550882608370827,0,0
0.17063196379970852,0.4189962504049157,0.04747818317771972,0,0,0,0,-0.9166373979737537,1,0,0.48951600674267726,1.6514233972904928,1.848192341630785,1,1
-0.5606224742389414,-0.24476018588009918,-0.7739436711080876,0,0,0,0,-0.19195669240455449,1,0,-0.9324622263515198,-0.44329472199346825,-0.6623746873591837,0,0
-0.6200516429989407,-0.24476018588009918,-0.44537492939376466,0,0,0,0,1.2506822632090833,1,0,-0.5769676680779705,-0.44329472199346825,-1.0130333808585255,0,0
-0.0028396948806533578,-0.24476018588009918,0.10223964013010693,0,0,0,0,-0.18254525466988955,1,0,1.9114942398368742,-0.44329472199346825,-0.21099487976960535,0,0
-0.6013068307591884,-0.24476018588009918,-0.8287051280604746,0,0,0,0,1.6943643278432867,1,0,-0.9324622263515198,-0.44329472199346825,-0.9943813226936669,0,0
-0.47360360628084275,-0.24476018588009918,-0.8834665850128618,0,0,0,0,0.2745817210138353,1,0,-0.9324622263515198,-0.44329472199346825,-0.9869204994277235,0,0
0.9386590696608275,-0.24476018588009918,0.04747818317771972,1,1,0,0,-0.06557452853905406,1,0,1.2005051232897757,0.6040643376485122,0.8969373752229961,1,1
-0.4782724861479763,-0.9085166221651141,-0.9929894989176362,0,0,0,0,0.8217896007293531,1,0,-0.9324622263515198,-0.44329472199346825,-0.9496163830980062,0,0
-0.630978107157177,-0.9085166221651141,-0.6644207572033133,1,1,1,1,-1.012096266425355,0,1,-0.9324622263515198,-0.44329472199346825,-0.658644275726212,1,1
1.7490564698709357,-0.9085166221651141,0.6498542096539783,1,1,0,0,1.3380741850309719,1,0,-0.22147310980442125,-0.44329472199346825,1.1431445429991296,1,1
-0.6285584482912657,-0.24476018588009918,-0.22632910158421599,0,0,0,0,-0.2780041231214909,1,0,-0.5769676680779705,-0.44329472199346825,-0.9682684412628649,0,0
-0.35346949943269745,-0.24476018588009918,-0.2810905585366032,1,1,0,1,0.9723726044839919,1,0,0.8450105650162265,0.6040643376485122,0.6358085609149756,1,1
0.3525003416761866,1.7465091229749454,2.1831750043208187,1,0,1,0,-0.8910920669796631,1,0,-0.22147310980442125,-0.44329472199346825,-0.07670006098262332,0,0
-0.5469818569371183,-0.9085166221651141,-0.9929894989176362,0,0,0,0,0.9495162556998057,1,0,-0.9324622263515198,-0.44329472199346825,-0.8339736224758828,0,0
-0.40365870067587395,-0.24476018588009918,-0.6644207572033133,0,0,0,0,2.086955730489309,1,0,-0.5769676680779705,-0.44329472199346825,-0.5877664546997492,0,0
-0.6199834678530651,-0.9085166221651141,-0.39061347244137745,0,0,0,0,2.0398985418159845,1,0,-0.5769676680779705,-0.44329472199346825,-0.5989576895986644,0,0
-0.36224006430578687,-0.24476018588009918,-0.22632910158421599,0,0,0,0,-0.44203203792565104,1,1,-0.22147310980442125,-0.44329472199346825,-0.49823657550842787,0,0
-0.5153821180111253,-0.24476018588009918,-0.5548978432985389,0,0,0,0,1.8449473315979255,1,0,-0.5769676680779705,-0.44329472199346825,-1.0652591437201295,0,0
0.7669068775694746,1.7465091229749454,1.4165146069873986,1,1,0,0,-0.8023556540528224,0,0,0.134021448469128,-0.44329472199346825,-0.4012458730511632,0,0
0.29714882897728534,-0.24476018588009918,0.10223964013010693,0,0,1,0,-0.9448717111777484,0,1,0.8450105650162265,0.6040643376485122,1.650480525083284,0,1
-0.4492410502584101,-0.24476018588009918,-0.062044730727054534,0,0,0,0,-0.7593319386943542,1,1,-0.5769676680779705,-0.44329472199346825,-0.3191768171257852,0,0
0.6103024205539315,0.4189962504049157,-0.44537492939376466,0,0,0,0,-0.6383277392486624,1,0,1.2005051232897757,-0.44329472199346825,-0.18115158670583156,0,0
-0.5656232888327151,-0.24476018588009918,-0.39061347244137745,0,0,0,0,0.8137226540996403,1,0,-0.5769676680779705,-0.44329472199346825,-1.0652591437201295,0,0
-0.6252994527933454,-0.24476018588009918,-0.44537492939376466,0,0,0,0,-0.533457433062396,1,0,-0.5769676680779705,-0.44329472199346825,-1.0428766739222992,0,0
-0.6044345052793976,3.73777843182999,-0.6096593002509261,1,0,1,1,-0.9959623731659294,0,1,1.2005051232897757,0.6040643376485122,1.7288191693756898,1,1
1.1943046904407546,1.0827526866899306,0.32128546793965546,1,1,1,0,1.5881495305520683,1,0,0.134021448469128,0.6040643376485122,1.3520475944455463,1,1
-0.3981946303777491,-0.9085166221651141,-0.7739436711080876,0,0,0,0,-0.868235718195477,1,0,-0.22147310980442125,-0.44329472199346825,0.2217328696551144,0,0
-0.5576607670820524,-0.24476018588009918,-0.6096593002509261,0,0,0,0,0.4937337711210329,1,0,-0.5769676680779705,-0.44329472199346825,-0.7369829200186182,0,0
3.030111607073722,-0.24476018588009918,1.8546062626064956,1,0,1,0,-0.6262273193040931,1,0,0.134021448469128,-0.44329472199346825,-0.19980364487069016,0,0
3.244251416706869,0.4189962504049157,0.21176255403488134,1,0,0,0,-0.7136192411259817,1,0,0.134021448469128,-0.44329472199346825,0.03148187637355655,0,0
-0.5365979998825311,-0.24476018588009918,-1.0477509558700233,0,0,0,0,-0.5011896465435448,1,0,-0.5769676680779705,-0.44329472199346825,-0.7295220967526747,0,0
-0.24507939968062403,0.4189962504049157,1.4165146069873986,1,1,0,0,-0.9314268001282271,1,0,-0.22147310980442125,-0.44329472199346825,-0.020743886488047498,0,0
0.31373047736716636,-0.24476018588009918,-0.39061347244137745,0,0,0,0,-0.5240459953277311,1,0,1.555999681563325,-0.44329472199346825,0.15831587189459503,0,0
-0.3381088567291943,-0.9085166221651141,-1.1572738697747977,0,0,0,0,-0.06423003743410192,1,0,-0.9324622263515198,-0.44329472199346825,-0.7369829200186182,0,0
1.370387680733219,-0.24476018588009918,1.799844805654109,1,1,1,0,1.6311732459105364,1,0,0.8450105650162265,0.6040643376485122,0.6880343237765796,1,1
-0.5115603981533962,-0.9085166221651141,-1.0477509558700233,0,0,0,0,1.8745261359068723,1,0,-0.9324622263515198,-0.44329472199346825,-1.0689895553531013,0,0
-0.4346001582752981,-0.9085166221651141,-0.2810905585366032,0,0,0,0,-0.6383277392486624,1,0,-0.5769676680779705,-0.44329472199346825,0.17696793005945363,0,0
-0.5995471296578594,-0.9085166221651141,-0.8287051280604746,0,0,0,0,2.1998929833052885,1,0,-0.9324622263515198,-0.44329472199346825,-0.7444437432845615,0,0
0.7646565389429101,-0.24476018588009918,0.5950927527015915,1,1,1,1,-0.9825174621164081,0,0,0.48951600674267726,3.746141516574454,1.5907939389557362,1,1
-0.38090943683493916,3.73777843182999,2.2379364612732062,1,0,1,0,-0.9892399176411688,0,0,2.977977914657522,1.6514233972904928,2.321954619018194,1,1
2.5607011399629642,-0.24476018588009918,2.1831750043208187,1,1,1,0,-0.8722691915103333,1,0,-0.5769676680779705,-0.44329472199346825,-0.30798558222687017,0,0
0.7646565389429101,-0.24476018588009918,0.9784229513683013,1,1,1,1,-0.9798284799065039,0,0,0.48951600674267726,2.698782456932473,2.0570953930772014,1,1
-0.44041572174355176,0.4189962504049157,-0.33585201548899024,0,0,0,0,-0.15699992367579904,1,0,0.8450105650162265,-0.44329472199346825,-0.01328306322210408,0,0
-0.5458569670301716,-0.9085166221651141,-0.44537492939376466,0,0,0,0,-0.9825174621164081,0,0,1.9114942398368742,1.6514233972904928,1.8108882253010679,0,1
-0.6318163261638436,-0.24476018588009918,1.142707322225463,1,1,0,1,-0.981172971011456,0,1,1.555999681563325,0.6040643376485122,1.8407315183648416,1,1
0.9091722014443057,0.4189962504049157,2.2379364612732062,1,1,0,0,-0.7243751699655988,1,0,-0.22147310980442125,-0.44329472199346825,0.0016385833097827538,0,0
-0.5758104438270714,-0.9085166221651141,-1.1572738697747977,0,0,0,0,1.5478147974035044,1,0,-0.9324622263515198,-0.44329472199346825,-0.9272339133001759,0,0
-0.6318163261638436,-0.9085166221651141,-0.1715676446318288,1,1,1,1,-1.012096266425355,0,1,-0.9324622263515198,-0.44329472199346825,-0.24083817283337916,1,1
-0.2632179001722207,-0.24476018588009918,-0.1715676446318288,0,0,0,0,-0.197334656824363,1,0,-0.5769676680779705,-0.44329472199346825,-0.9272339133001759,0,0
-0.6174732813344339,-0.24476018588009918,-1.2120353267271848,0,0,0,0,-0.4810222799692629,1,0,-0.9324622263515198,-0.44329472199346825,-0.7481741549175333,0,0
-0.38090943683493916,1.0827526866899306,3.1141197725114003,1,1,1,1,-0.990584408746121,0,1,1.2005051232897757,3.746141516574454,1.982487160417767,1,1
-0.5789934408017203,-0.9085166221651141,-0.938228041965249,0,0,0,0,0.9468272734899014,1,0,-0.9324622263515198,-0.44329472199346825,-0.6138793361305513,0,0
-0.32229166407339327,-0.9085166221651141,0.5403312957492042,0,0,0,0,-0.9112594335539451,0,1,0.134021448469128,2.698782456932473,1.8108882253010679,1,1
1.1061816086445402,-0.9085166221651141,0.9784229513683013,0,1,1,0,1.0584200352009283,1,0,0.134021448469128,0.6040643376485122,1.4005429456741785,0,1
-0.5602514226253237,-0.9085166221651141,-0.8834665850128618,0,0,0,0,0.2571033366494576,1,0,-0.5769676680779705,-0.44329472199346825,-1.0652591437201295,0,0
3.326077238512332,0.4189962504049157,2.0736520904160445,1,1,0,0,-0.818489547312248,1,0,-0.22147310980442125,-0.44329472199346825,-0.49823657550842787,0,0
0.46358391850301567,1.0827526866899306,-0.1715676446318288,0,0,0,0,0.2772707032237396,1,0,1.9114942398368742,-0.44329472199346825,-0.25949023099823776,0,0
-0.6267870121238434,-0.9085166221651141,-0.9929894989176362,1,1,1,1,-1.012096266425355,0,1,-0.9324622263515198,-0.44329472199346825,-0.4049762846841349,1,1
-0.5932543401684769,-0.9085166221651141,-0.7739436711080876,0,0,0,0,1.8624257159623032,1,0,-0.5769676680779705,-0.44329472199346825,-1.031685439023384,0,0
-0.0732998257683866,1.0827526866899306,0.7593771235587528,0,0,0,0,0.14416608383347854,1,0,1.2005051232897757,-0.44329472199346825,0.31499316047940745,0,0
-0.6295810754793991,1.7465091229749454,1.19746877917785,1,1,1,1,-0.9838619532213603,0,1,2.2669887981104235,3.746141516574454,1.807157813668096,1,1
-0.040776928309717915,1.0827526866899306,0.8689000374635272,0,0,0,0,0.4520545468675168,1,0,1.2005051232897757,-0.44329472199346825,0.11355093229893454,0,0
0.5236931622837572,0.4189962504049157,0.6498542096539783,1,0,0,0,-0.8978145225044238,1,0,-0.22147310980442125,-0.44329472199346825,-0.4236283428489935,0,0
-0.38090943683493916,2.4102655592599604,0.9784229513683013,0,1,1,1,-1.0053738109005943,0,1,2.2669887981104235,2.698782456932473,1.5907939389557362,1,1
-0.6260488205853056,-0.24476018588009918,-0.8287051280604746,0,0,0,0,1.4550449111618071,1,0,-0.5769676680779705,-0.44329472199346825,-0.8488952690077698,0,0
0.23472721836348592,1.0827526866899306,0.9784229513683013,1,0,1,0,-0.675973490187322,1,0,-0.5769676680779705,-0.44329472199346825,-0.21845570303554876,0,0
-0.45434859807236594,-0.24476018588009918,-0.1715676446318288,0,0,0,0,-0.9704170421718389,1,0,-0.5769676680779705,-0.44329472199346825,-0.6922179804229573,0,0
-0.37799690519310786,-0.24476018588009918,-0.7191822141557004,0,0,0,0,0.45608802018237316,1,0,-0.5769676680779705,-0.44329472199346825,-0.6362618059283816,0,0
-0.5375859806850556,-0.9085166221651141,-0.8834665850128618,0,0,0,0,1.7884787051899358,1,0,-0.5769676680779705,-0.44329472199346825,-1.0391462622893275,0,0
-0.47750300109985633,-0.24476018588009918,0.32128546793965546,0,0,0,1,-0.9999958464807859,1,0,0.134021448469128,1.6514233972904928,1.6691325832481425,0,1
-0.5872247514471877,-0.24476018588009918,-0.5548978432985389,0,0,0,0,1.8328469116533563,1,0,-0.9324622263515198,-0.44329472199346825,-0.6810267455240423,0,0
-0.5608152646104748,-0.9085166221651141,-0.6096593002509261,0,0,0,0,0.9038035581314332,1,0,-0.9324622263515198,-0.44329472199346825,-0.7146004502207878,0,0
-0.5911772334699568,-0.9085166221651141,-0.6096593002509261,0,0,0,0,1.9807409331980907,1,0,-0.5769676680779705,-0.44329472199346825,-0.7630958014494202,0,0
-0.630978107157177,-0.9085166221651141,-0.8834665850128618,1,1,1,0,-1.0094072842154507,0,1,-0.9324622263515198,-0.44329472199346825,-0.36767216835441763,1,1
-0.6065680520576999,-0.9085166221651141,-0.5548978432985389,0,0,0,0,-0.5348019241673482,1,0,-0.5769676680779705,-0.44329472199346825,-0.5206190453062582,0,0
0.37715906841430813,-0.9085166221651141,0.21176255403488134,1,0,1,0,2.1420798657923465,1,0,0.8450105650162265,-0.44329472199346825,0.9006677868559676,1,1
-0.34627199222878585,-0.24476018588009918,-0.6096593002509261,0,0,0,0,0.7061633657034697,1,0,-0.5769676680779705,-0.44329472199346825,-0.7183308618537596,0,0
-0.5633310392558173,-0.9085166221651141,-0.5001363863461518,0,0,0,0,0.535412995374549,1,0,-0.9324622263515198,-0.44329472199346825,-0.8227823875769676,0,0
-0.630978107157177,-0.9085166221651141,-1.0477509558700233,0,1,0,0,-1.0080627931104986,0,1,-0.9324622263515198,-0.44329472199346825,0.10609010903299099,1,1
-0.5066255234548136,-0.24476018588009918,-0.44537492939376466,0,0,0,0,0.9669946400641833,1,0,-0.5769676680779705,-0.44329472199346825,-0.9869204994277235,0,0
-0.6211307102668564,-0.9085166221651141,-0.5001363863461518,0,0,0,0,1.9914968620377078,1,0,-0.5769676680779705,-0.44329472199346825,-0.7407133316515898,0,0
0.22499717213409862,0.4189962504049157,0.10223964013010693,0,0,0,0,0.09979787737005819,1,0,0.8450105650162265,-0.44329472199346825,-0.3042551705938984,0,0
-0.616875910589016,-0.9085166221651141,-0.22632910158421599,0,0,0,0,1.5908385127619724,1,0,-0.5769676680779705,-0.44329472199346825,-0.5840360430667775,0,0
-0.5862524173994541,-0.24476018588009918,-1.2120353267271848,0,0,0,0,0.31626094526735143,1,0,-0.5769676680779705,-0.44329472199346825,-1.0540679088212146,0,0
0.3553156399132446,-0.24476018588009918,0.37604692489204267,1,0,0,0,-0.6302607926189495,1,0,-0.5769676680779705,-0.44329472199346825,-0.3340984636576722,0,0
-0.5932431639150546,-0.9085166221651141,-0.44537492939376466,0,0,0,0,0.7343976789074645,1,0,-0.5769676680779705,-0.44329472199346825,-0.9645380296298931,0,0
-0.5813862766594183,-0.9085166221651141,-0.33585201548899024,0,0,0,0,0.8970811026066725,1,0,-0.9324622263515198,-0.44329472199346825,-0.7593653898164484,0,0
-0.36998520792738737,1.0827526866899306,-0.22632910158421599,0,0,0,0,-0.5764811484208643,1,0,1.555999681563325,-0.44329472199346825,0.12847257883082136,0,0
-0.23502133041329448,-0.24476018588009918,0.7593771235587528,0,0,0,0,-0.19195669240455449,1,0,0.48951600674267726,-0.44329472199346825,0.07251640433624555,0,0
0.059305862273617206,0.4189962504049157,-0.33585201548899024,0,0,0,0,-0.3223723295849113,1,0,0.48951600674267726,-0.44329472199346825,-0.10281294241342548,0,0
1.3110546277526505,-0.24476018588009918,1.5807989778445601,0,1,0,0,-0.7499205009596893,1,0,-0.22147310980442125,-0.44329472199346825,-0.751904566550505,1,0
-0.6313698348396259,-0.24476018588009918,-0.39061347244137745,0,0,0,0,-0.30892741853538996,1,0,-0.9324622263515198,-0.44329472199346825,-0.8451648573747981,0,0
-0.6318163261638436,-0.9085166221651141,-1.1025124128224104,1,1,1,1,-1.010751775320403,0,1,-0.9324622263515198,-0.44329472199346825,0.10609010903299099,1,1
-0.5766291043902492,-0.24476018588009918,-1.1025124128224104,0,0,0,0,0.8648133160878213,1,0,-0.5769676680779705,-0.44329472199346825,-0.6026881012316361,0,0
-0.38090943683493916,1.0827526866899306,1.19746877917785,1,1,1,1,-0.991928899851073,0,1,2.622483356383973,2.698782456932473,1.5758722924238495,1,1
-0.500066180321311,-0.9085166221651141,-1.1572738697747977,0,0,0,0,-0.4527879667652681,1,0,-0.22147310980442125,-0.44329472199346825,-0.18488199833880334,0,0
-0.5746632014132801,-0.9085166221651141,-0.6644207572033133,0,0,0,0,-0.4608549133949809,1,0,-0.9324622263515198,-0.44329472199346825,-0.9608076179969215,0,0
0.6628168413216015,-0.9085166221651141,0.5950927527015915,1,1,1,0,2.0896447126992133,1,0,0.134021448469128,0.6040643376485122,1.0349626056429497,0,1
-0.630978107157177,-0.9085166221651141,-0.7191822141557004,1,1,1,1,-1.012096266425355,0,1,-0.9324622263515198,-0.44329472199346825,-0.2669510542641812,1,1
-0.6271865631836878,-0.9085166221651141,-0.5001363863461518,0,0,0,0,1.9135163779504842,1,0,-0.5769676680779705,-0.44329472199346825,-1.0130333808585255,0,0
2.2789422030620132,1.7465091229749454,2.1284135473684316,1,0,0,0,-0.8198340384172002,1,0,0.134021448469128,-0.44329472199346825,0.050133934538415165,1,0
1.1201038675326034,1.0827526866899306,-0.062044730727054534,0,0,0,0,-0.6867294190269391,1,0,0.8450105650162265,-0.44329472199346825,0.2553065743518598,0,0
-0.5520067004757497,-0.24476018588009918,-0.33585201548899024,0,0,0,0,1.3716864626547751,1,0,-0.5769676680779705,-0.44329472199346825,-0.897390620236402,0,0
-0.5914957566924901,-0.9085166221651141,-1.0477509558700233,0,0,0,0,-0.17044483472532038,1,0,-0.5769676680779705,-0.44329472199346825,-0.886199385337487,0,0
0.963402735924958,-0.9085166221651141,1.4712760639397857,1,1,0,0,2.113845552588352,1,0,0.8450105650162265,0.6040643376485122,0.9342414915527133,1,1
1.0730110473000536,0.4189962504049157,0.7593771235587528,0,0,0,0,0.3471842406812505,1,0,1.9114942398368742,-0.44329472199346825,0.5574699166225694,0,0
-0.6124942604348336,-0.24476018588009918,-0.5001363863461518,0,0,0,0,0.18718979919194675,1,0,-0.9324622263515198,-0.44329472199346825,-1.031685439023384,0,0
1.85358461525296,0.4189962504049157,2.2379364612732062,1,1,0,0,-0.9112594335539451,0,0,0.134021448469128,-0.44329472199346825,-0.4870453406095127,0,0
-0.5088518331365204,-0.9085166221651141,-0.5548978432985389,0,0,0,1,-0.9475606933876527,1,1,0.134021448469128,0.6040643376485122,1.7288191693756898,0,1
-0.6295810754793991,3.074021995544975,2.621266659939916,1,1,1,1,-0.9959623731659294,0,1,2.622483356383973,3.746141516574454,2.042173746545315,1,1
0.09796005235971736,1.0827526866899306,1.19746877917785,1,0,1,0,-0.9112594335539451,1,0,-0.22147310980442125,-0.44329472199346825,-0.33036805202470043,0,0
-0.5818350032343206,-0.9085166221651141,-0.44537492939376466,0,0,0,0,1.1135441705039657,1,0,-0.9324622263515198,-0.44329472199346825,-0.751904566550505,0,0
-0.5555568373753189,-0.9085166221651141,-0.33585201548899024,0,0,0,0,-0.5724476751060078,1,0,-0.5769676680779705,-0.44329472199346825,-1.0167637924914972,0,0
-0.575195749888849,-0.9085166221651141,-1.1025124128224104,0,0,0,0,1.6916753456333824,1,0,-0.9324622263515198,-0.44329472199346825,-0.7295220967526747,0,0
-0.6172447269519494,-0.24476018588009918,-1.1572738697747977,0,0,0,0,0.24500291670488844,1,0,-0.9324622263515198,-0.44329472199346825,-0.7630958014494202,0,0
2.0612930498542883,1.7465091229749454,1.96412917651127,1,0,1,0,-0.6746289990823698,0,0,0.134021448469128,-0.44329472199346825,-0.7146004502207878,0,0
-0.623643132036172,-0.24476018588009918,-0.7739436711080876,0,0,0,0,-0.5751366573159121,1,0,-0.9324622263515198,-0.44329472199346825,-0.6511834524602685,0,0
3.0834849229168904,-0.24476018588009918,1.96412917651127,1,1,0,0,-0.9448717111777484,1,0,-0.22147310980442125,-0.44329472199346825,-0.0020918283231888884,0,0
-0.19031296384837618,-0.24476018588009918,-0.938228041965249,0,0,0,0,-0.9126039246588973,0,1,0.134021448469128,2.698782456932473,1.8705748114286151,1,1
-0.2627222333329451,-0.9085166221651141,-0.8287051280604746,0,0,0,0,1.3273182561913548,1,0,-0.9324622263515198,-0.44329472199346825,-1.057798320454186,0,0
-0.5250177248990948,-0.9085166221651141,-0.7739436711080876,0,0,0,0,1.5599152173480735,1,0,-0.9324622263515198,-0.44329472199346825,-0.9160426784012607,0,0
-0.6135794746421315,-0.9085166221651141,-0.7191822141557004,0,0,0,0,1.5720156372926426,1,0,-0.5769676680779705,-0.44329472199346825,-0.9160426784012607,0,0
-0.6183070298397317,-0.24476018588009918,-0.062044730727054534,0,0,0,0,-0.4474100023454596,1,0,-0.22147310980442125,-0.44329472199346825,0.12101175556487782,1,0
2.1068742818114825,1.0827526866899306,0.8689000374635272,1,0,1,0,-0.9354602734430835,0,0,0.134021448469128,-0.44329472199346825,-0.7556349781834768,1,0
-0.5485532381682829,-0.9085166221651141,-0.6096593002509261,1,1,1,1,-0.9999958464807859,0,1,-0.9324622263515198,-0.44329472199346825,-0.04312635628587788,1,1
-0.5749280786193868,-0.9085166221651141,-1.1025124128224104,0,0,0,0,-0.6060599527298112,1,0,-0.5769676680779705,-0.44329472199346825,-0.9794596761617801,0,0
-0.6141477871286515,-0.9085166221651141,-0.2810905585366032,0,0,0,0,0.48970029780617647,1,0,-0.5769676680779705,-0.44329472199346825,-0.9682684412628649,0,0
-0.5868576115222676,-0.9085166221651141,-1.1025124128224104,0,0,0,0,2.0103197375070376,1,0,-0.5769676680779705,-0.44329472199346825,-1.0018421459596103,0,0
0.15979714491953453,-0.24476018588009918,0.7593771235587528,0,0,0,0,-0.17447830804017675,1,0,0.8450105650162265,-0.44329472199346825,-0.2520294077322943,0,0
-0.11967792459458508,-0.9085166221651141,0.15700109708249413,0,0,0,0,-0.9462162022827005,0,1,0.48951600674267726,2.698782456932473,1.8705748114286151,1,1
-0.38090943683493916,1.7465091229749454,0.15700109708249413,0,1,0,1,-0.9838619532213603,0,1,0.8450105650162265,2.698782456932473,2.2510767979917308,1,1
-0.5769263927312802,0.4189962504049157,-0.33585201548899024,0,0,1,0,-0.9058814691341366,1,1,1.9114942398368742,1.6514233972904928,1.672862994881114,1,1
-0.3338194106657451,-0.9085166221651141,0.6498542096539783,0,0,0,1,-0.9502496755975569,1,0,0.48951600674267726,0.6040643376485122,1.9190701626572475,1,1
-0.6163439209261183,-0.24476018588009918,-0.44537492939376466,0,0,0,0,1.62713977259568,1,0,-0.5769676680779705,-0.44329472199346825,-0.9981117343266387,0,0
-0.569574653230142,-0.24476018588009918,-0.22632910158421599,0,0,0,0,1.8355358938632604,1,0,-0.5769676680779705,-0.44329472199346825,-1.0242246157574406,0,0
-0.6265204584797234,-0.9085166221651141,-0.6644207572033133,0,0,0,0,-0.7351310988052159,1,0,-0.5769676680779705,-0.44329472199346825,-0.8451648573747981,0,0
-0.5499703871022208,-0.9085166221651141,-0.1715676446318288,0,0,0,0,0.12668769946910083,1,0,-0.9324622263515198,-0.44329472199346825,-0.8675473271726284,0,0
-0.5485532381682829,-0.9085166221651141,-0.33585201548899024,1,1,1,0,-0.9986513553758337,0,1,-0.9324622263515198,-0.44329472199346825,-0.39751546141819144,1,1
-0.6112078736659357,-0.24476018588009918,-0.5548978432985389,0,0,0,0,1.4483224556370464,1,0,-0.5769676680779705,-0.44329472199346825,-0.7705566247153636,0,0
-0.5996678331948195,-0.24476018588009918,-0.33585201548899024,0,0,0,0,-0.8655467359855726,1,1,-0.5769676680779705,-0.44329472199346825,-0.5019669871413996,0,0
2.5300899406521666,1.0827526866899306,1.3617531500350115,1,1,0,0,-0.9300823090232749,1,0,0.134021448469128,-0.44329472199346825,-0.04312635628587788,0,0
1.3052301232816592,-0.9085166221651141,1.909367719558883,0,0,1,0,1.6567185769046269,1,0,1.2005051232897757,-0.44329472199346825,1.139414131366158,1,1
-0.6094168790550245,-0.9085166221651141,-0.22632910158421599,0,0,0,0,-0.2874155608561558,1,0,-0.5769676680779705,-0.44329472199346825,-0.8600865039066848,0,0
-0.6318163261638436,-0.9085166221651141,-1.1025124128224104,1,1,1,1,-1.0026848286906902,0,1,-0.9324622263515198,-0.44329472199346825,-0.255759819365266,1,1
-0.5492478423184741,-0.9085166221651141,-0.7191822141557004,0,0,0,0,0.9616166756443748,1,0,-0.9324622263515198,-0.44329472199346825,-1.0018421459596103,0,0
-0.5485532381682829,-0.9085166221651141,-0.5001363863461518,1,1,1,1,-1.0080627931104986,0,1,-0.9324622263515198,-0.44329472199346825,-0.35648093345550247,1,1
-0.5840166079023386,-0.9085166221651141,-0.22632910158421599,0,0,0,0,1.4469779645320944,1,0,-0.5769676680779705,-0.44329472199346825,-0.9197730900342325,0,0
0.9999412612382313,0.4189962504049157,0.8689000374635272,0,0,0,0,-0.49312269991383206,1,0,0.48951600674267726,-0.44329472199346825,0.35229727680912465,0,0
-0.6179231255346783,-0.9085166221651141,-1.1572738697747977,0,0,0,0,0.7222972589628953,1,0,-0.5769676680779705,-0.44329472199346825,-0.7854782712472504,0,0
-0.440145256410734,-0.24476018588009918,-1.1025124128224104,0,0,0,0,0.9589276934344706,1,0,-0.5769676680779705,-0.44329472199346825,-0.8414344457418262,0,0
-0.6117488043315713,-0.24476018588009918,-0.22632910158421599,0,0,0,0,0.9602721845394226,1,0,-0.9324622263515198,-0.44329472199346825,-1.057798320454186,0,0
-0.6240180953384877,-0.24476018588009918,-0.8287051280604746,0,0,0,0,1.3071508896170727,1,0,-0.5769676680779705,-0.44329472199346825,-0.8265127992099395,0,0
4.083480756682957,0.4189962504049157,2.2379364612732062,1,0,1,0,-0.7015188211814125,1,0,-0.5769676680779705,-0.44329472199346825,-0.3378288752906438,0,0
-0.6318163261638436,0.4189962504049157,1.4165146069873986,0,1,0,0,-1.0080627931104986,0,1,0.48951600674267726,0.6040643376485122,1.6206372320195097,1,1
2.137200486660013,0.4189962504049157,1.96412917651127,1,0,1,0,-0.9247043446034664,0,0,-0.22147310980442125,-0.44329472199346825,-0.11400417731234054,0,0
-0.6044345052793976,3.074021995544975,1.8546062626064956,1,1,1,0,-1.0067183020055466,0,1,1.555999681563325,1.6514233972904928,1.5460289993600753,1,1
3.253843436206492,0.4189962504049157,1.799844805654109,1,1,1,0,-0.6195048637793324,1,0,-0.22147310980442125,-0.44329472199346825,-0.10654335404639712,0,0
-0.09742879809429483,-0.24476018588009918,0.2665240109872685,0,0,0,0,-0.7660543942191149,1,0,1.555999681563325,-0.44329472199346825,0.22546328128808618,0,0
3.612810166998843,-0.24476018588009918,1.526037520892173,1,0,0,0,-0.8763026648251897,1,0,-0.5769676680779705,-0.44329472199346825,-0.28933352406201157,0,0
-0.29744405865243617,-0.24476018588009918,-0.6644207572033133,0,0,0,0,1.0180853020523644,1,0,-0.5769676680779705,-0.44329472199346825,-0.7071396269548443,0,0
-0.6318163261638436,-0.9085166221651141,-0.7739436711080876,1,1,0,1,-0.9999958464807859,0,1,-0.9324622263515198,-0.44329472199346825,-0.5952272779656927,1,1
-0.38090943683493916,3.73777843182999,1.526037520892173,1,1,1,1,-1.0094072842154507,0,0,1.9114942398368742,1.6514233972904928,2.1167819792047493,1,1
-0.6210547117435853,-0.24476018588009918,-0.39061347244137745,0,0,0,0,-0.26590370317692175,1,0,-0.9324622263515198,-0.44329472199346825,-1.020494204124469,0,0
-0.6044345052793976,2.4102655592599604,1.0879458652730758,1,1,1,1,-0.9825174621164081,0,1,2.2669887981104235,3.746141516574454,2.135434037369608,1,1
-0.5271490364267127,-0.24476018588009918,-0.938228041965249,0,0,0,0,-0.8830251203499504,1,0,-0.5769676680779705,-0.44329472199346825,-0.14384747037611434,0,0
-0.5170769968426054,-0.24476018588009918,-0.6644207572033133,0,0,0,0,0.698096419073757,1,0,-0.5769676680779705,-0.44329472199346825,-0.912312266768289,0,0
-0.617253109142016,-0.9085166221651141,-0.44537492939376466,0,0,0,1,-0.9650390777520305,1,0,1.2005051232897757,2.698782456932473,1.4154645922060651,0,1
-0.6106580019975624,-0.9085166221651141,-0.7739436711080876,0,0,0,0,1.921583324580197,1,0,-0.5769676680779705,-0.44329472199346825,-0.8302432108429112,0,0
-0.5752851599162269,-0.9085166221651141,-0.8834665850128618,0,0,0,0,1.2399263343694662,1,0,-0.5769676680779705,-0.44329472199346825,-0.9533467947309779,0,0
-0.6290887615161502,-0.24476018588009918,-0.2810905585366032,0,0,0,0,-0.013139375445920913,1,0,-0.5769676680779705,-0.44329472199346825,-0.5877664546997492,0,0
2.010448361347899,-0.24476018588009918,0.32128546793965546,1,0,0,0,-0.7526094831695935,1,0,-0.22147310980442125,-0.44329472199346825,-0.7257916851197029,1,0
4.023588891031277,1.7465091229749454,0.9236614944159144,1,1,1,0,-0.8090781095775831,1,0,0.134021448469128,-0.44329472199346825,-0.4721236940776259,0,0
2.731085358635437,1.0827526866899306,0.9784229513683013,1,0,0,0,-0.6477391769833273,1,0,-0.5769676680779705,-0.44329472199346825,-0.7183308618537596,1,0
-0.5485532381682829,-0.9085166221651141,-0.6644207572033133,1,0,0,0,-1.0080627931104986,0,1,-0.9324622263515198,-0.44329472199346825,-0.14757788200908611,1,1
-0.586065215154632,-0.9085166221651141,-0.44537492939376466,0,0,0,0,1.2708496297833651,1,0,-0.9324622263515198,-0.44329472199346825,-0.6772963338910706,0,0
-0.6044345052793976,2.4102655592599604,2.621266659939916,1,1,0,1,-1.0094072842154507,0,1,2.2669887981104235,2.698782456932473,1.7586624624394636,1,1
0.7646565389429101,-0.24476018588009918,2.949835401654239,1,1,0,1,-0.9852064443263124,0,1,2.622483356383973,1.6514233972904928,1.6355588785513968,1,1
-0.5617462465205459,-0.24476018588009918,-0.8834665850128618,0,0,0,0,1.3138733451418334,1,0,-0.9324622263515198,-0.44329472199346825,-1.057798320454186,0,0
-0.6044345052793976,0.4189962504049157,3.333165600320949,1,1,1,1,-0.9946178820609773,0,1,2.2669887981104235,0.6040643376485122,2.1988510351301267,1,1
0.24378780701288202,-0.24476018588009918,0.5950927527015915,0,0,0,0,0.14147710162357427,1,0,1.9114942398368742,-0.44329472199346825,0.07997722760218882,0,0
-0.5312322806145218,-0.9085166221651141,-0.22632910158421599,0,0,0,1,-0.9179818890787058,0,1,1.9114942398368742,1.6514233972904928,1.3072826548498855,0,1
1.4401224727738497,0.4189962504049157,1.8546062626064956,1,0,1,0,-0.6410167214585666,1,0,-0.5769676680779705,-0.44329472199346825,-0.7407133316515898,1,0
-0.4941852357705373,-0.9085166221651141,-0.33585201548899024,0,0,0,1,-0.9583166222272698,0,1,0.134021448469128,1.6514233972904928,1.419195003839037,1,1
-0.6237800411405944,-0.24476018588009918,-0.39061347244137745,0,0,0,0,-0.6611840880328486,1,0,-0.5769676680779705,-0.44329472199346825,-0.8227823875769676,0,0
-0.5173541679274766,-0.24476018588009918,-0.5548978432985389,0,0,0,0,1.4779012599459933,1,0,-0.9324622263515198,-0.44329472199346825,-0.5989576895986644,0,0
-0.5485532381682829,-0.9085166221651141,-0.22632910158421599,1,1,1,0,-1.010751775320403,0,1,-0.9324622263515198,-0.44329472199346825,-0.6138793361305513,1,1
-0.5226651235537169,-0.24476018588009918,-0.1715676446318288,0,0,0,0,-0.4783332977593586,1,0,-0.5769676680779705,-0.44329472199346825,-0.1662299401739447,0,0
-0.630978107157177,-0.9085166221651141,-0.9929894989176362,1,0,1,0,-1.0094072842154507,0,1,-0.9324622263515198,-0.44329472199346825,-0.23337734956743575,1,1
-0.5093642643559294,-0.9085166221651141,-1.0477509558700233,0,0,0,0,0.2140796212909894,1,0,-0.9324622263515198,-0.44329472199346825,-0.5989576895986644,0,0
1.1772843741040513,-0.24476018588009918,0.7046156666063655,0,0,0,0,-0.32909478510967194,1,0,1.9114942398368742,-0.44329472199346825,0.35229727680912465,0,0
-0.594743575936988,-0.9085166221651141,-1.0477509558700233,0,0,0,0,0.3781075360951495,1,0,-0.9324622263515198,-0.44329472199346825,-1.0130333808585255,0,0
-0.6231776410811365,-0.24476018588009918,-0.5001363863461518,0,0,0,0,-0.12338764605199574,1,0,-0.5769676680779705,-0.44329472199346825,-0.6399922175613534,0,0
0.9457537553332546,1.0827526866899306,0.48556983879681703,1,0,0,0,-0.7539539742745457,1,0,0.134021448469128,-0.44329472199346825,-0.2669510542641812,0,0
-0.5517049416333498,-0.24476018588009918,-0.7739436711080876,0,0,0,0,1.1337115370782478,1,0,-0.9324622263515198,-0.44329472199346825,-0.8638169155396567,0,0
-0.5576428850765768,-0.24476018588009918,-0.5001363863461518,0,0,0,0,-0.24170286328778337,1,0,-0.5769676680779705,-0.44329472199346825,-0.9719988528958365,0,0
-0.6044345052793976,1.7465091229749454,-0.11680618767944173,1,1,1,0,-1.010751775320403,0,1,1.555999681563325,1.6514233972904928,1.8295402834659265,1,1
-0.6085468077261045,-0.9085166221651141,-1.2120353267271848,0,0,0,0,-0.2766596320165388,1,0,-0.9324622263515198,-0.44329472199346825,-0.8488952690077698,0,0
-0.5359676591895177,-0.9085166221651141,-0.2810905585366032,0,0,0,0,0.608015515041964,1,0,-0.5769676680779705,-0.44329472199346825,-0.6623746873591837,0,0
-0.6236051327745364,-0.9085166221651141,-0.7191822141557004,0,0,0,0,-0.33581724063443263,1,0,-0.9324622263515198,-0.44329472199346825,-0.7034092153218726,0,0
0.20731578040747087,0.4189962504049157,0.8689000374635272,0,0,0,0,-0.7391645721200722,1,0,-0.5769676680779705,-0.44329472199346825,-0.12519541221125574,0,0
-0.628162250107448,-0.9085166221651141,-0.938228041965249,0,0,0,0,0.9602721845394226,1,0,-0.5769676680779705,-0.44329472199346825,-0.7668262130823918,0,0
-0.6133939488353225,-0.9085166221651141,-0.39061347244137745,0,0,0,0,1.7131872033126165,1,0,-0.9324622263515198,-0.44329472199346825,-0.9011210318693739,0,0
-0.6100064264230467,-0.24476018588009918,-1.2120353267271848,0,0,0,0,1.524958448619318,1,0,-0.9324622263515198,-0.44329472199346825,-0.5989576895986644,0,0
-0.5063070002322803,-0.24476018588009918,-0.6644207572033133,0,0,0,0,1.4563894022667592,1,0,-0.5769676680779705,-0.44329472199346825,-0.9533467947309779,0,0
-0.6065680520576999,-0.9085166221651141,-0.5001363863461518,0,0,0,0,1.339418676135924,1,0,-0.9324622263515198,-0.44329472199346825,-0.9346947365661193,0,0
-0.6295810754793991,3.074021995544975,0.10223964013010693,1,1,0,1,-0.981172971011456,0,1,0.48951600674267726,3.746141516574454,1.6057155854876233,1,1
-0.38931565584646416,-0.9085166221651141,-1.0477509558700233,0,0,0,0,-0.533457433062396,1,1,-0.22147310980442125,-0.44329472199346825,-0.03193512138696269,0,0
-0.478532334040043,-0.9085166221651141,-0.6644207572033133,0,0,0,0,-0.6087489349397154,1,0,-0.9324622263515198,-0.44329472199346825,-0.658644275726212,0,0
-0.5005165833342266,-0.9085166221651141,-0.44537492939376466,0,0,0,0,1.9592290755188566,1,0,-0.5769676680779705,-0.44329472199346825,-0.6213401593964948,0,0
-0.3796375791954902,-0.24476018588009918,-0.007283273774667328,0,0,0,0,-0.5173235398029704,1,1,-0.5769676680779705,-0.44329472199346825,-0.4683932824446541,0,0
-0.5875293043529431,-0.9085166221651141,-0.8834665850128618,0,0,0,0,1.4066432313835304,1,0,-0.9324622263515198,-0.44329472199346825,-0.9085818551353173,0,0
-0.6117035405052114,-0.24476018588009918,-1.2120353267271848,0,0,0,0,1.014051828737508,1,0,-0.5769676680779705,-0.44329472199346825,-0.6959483920559292,0,0
-0.38090943683493916,3.73777843182999,1.909367719558883,1,1,1,1,-1.010751775320403,0,1,1.2005051232897757,3.746141516574454,2.1913902118641837,1,1
-0.38090943683493916,3.73777843182999,1.526037520892173,1,1,1,1,-0.9946178820609773,0,0,1.9114942398368742,3.746141516574454,1.7064366995778597,1,1
-0.6318163261638436,-0.9085166221651141,-0.6096593002509261,1,1,1,1,-1.0161297397402114,0,1,-0.9324622263515198,-0.44329472199346825,-0.3825938148863046,1,1
-0.6066971377847266,-0.9085166221651141,-1.0477509558700233,0,0,0,0,0.31222747195249506,1,0,-0.5769676680779705,-0.44329472199346825,-0.6138793361305513,0,0
0.9767097420621276,-0.24476018588009918,1.6355604347969475,1,0,0,0,-0.7243751699655988,1,0,-0.22147310980442125,-0.44329472199346825,-0.06177841445073649,0,0
-0.5617585403993104,-0.9085166221651141,-0.5001363863461518,0,0,0,0,0.5986040773072991,1,0,-0.9324622263515198,-0.44329472199346825,-0.7332525083856464,0,0
1.1294231864487236,-0.24476018588009918,0.15700109708249413,0,0,0,0,-0.30354945411558143,1,0,0.48951600674267726,-0.44329472199346825,-0.06177841445073649,0,0
-0.5602519814379948,-0.9085166221651141,-0.938228041965249,0,0,0,0,-0.42455365356127334,1,0,-0.9324622263515198,-0.44329472199346825,-0.9421555598320629,0,0
-0.630978107157177,-0.9085166221651141,-0.44537492939376466,1,1,1,1,-0.9986513553758337,0,1,-0.9324622263515198,-0.44329472199346825,-0.1401170587431427,1,1
0.1745978573265844,1.0827526866899306,1.8546062626064956,1,1,0,1,2.1030896237487346,1,0,0.48951600674267726,-0.44329472199346825,1.2737089501531398,0,1
1.5270441073271752,1.0827526866899306,-0.1715676446318288,0,1,0,0,1.0503530885712156,1,0,0.48951600674267726,0.6040643376485122,0.71041679357441,1,1
-0.38090943683493916,3.73777843182999,-0.5548978432985389,1,1,1,1,-0.991928899851073,0,1,1.555999681563325,1.6514233972904928,1.848192341630785,1,1
-0.36470610462340036,-0.9085166221651141,-0.22632910158421599,0,0,0,0,-0.6289163015139974,1,0,-0.5769676680779705,-0.44329472199346825,-0.08789129588153852,0,0
-0.5116900426930939,0.4189962504049157,-0.1715676446318288,0,0,0,0,-0.9542831489124134,0,1,0.8450105650162265,0.6040643376485122,1.4938032364984715,0,1
-0.5737389252552624,-0.24476018588009918,-0.6644207572033133,0,0,0,0,1.8946935024811544,1,0,-0.9324622263515198,-0.44329472199346825,-0.9682684412628649,0,0
-0.4552153165252594,-0.9085166221651141,-1.1572738697747977,0,0,0,0,1.3636195160250624,1,0,-0.5769676680779705,-0.44329472199346825,-1.0615287320871578,0,0
-0.38090943683493916,3.73777843182999,3.278404143368562,1,1,1,0,-0.9946178820609773,0,0,2.622483356383973,3.746141516574454,1.5497594109930475,1,1
-0.583521499875734,-0.9085166221651141,-0.5001363863461518,0,0,0,0,0.8433014584085872,1,0,-0.9324622263515198,-0.44329472199346825,-0.8675473271726284,0,0
1.296859109468414,0.4189962504049157,0.7593771235587528,0,0,1,0,-0.900503504714328,1,0,-0.22147310980442125,-0.44329472199346825,-0.43481957774790864,0,0
-0.6284992141481279,-0.24476018588009918,-0.7191822141557004,0,0,0,0,0.9038035581314332,1,0,-0.9324622263515198,-0.44329472199346825,-0.6288009826624381,0,0
-0.21018098955706185,-0.24476018588009918,-0.11680618767944173,0,0,0,0,0.056774162011589954,1,0,1.9114942398368742,-0.44329472199346825,0.22546328128808618,0,0
-0.33569869767869187,-0.24476018588009918,-0.938228041965249,0,0,0,0,1.8664591892771596,1,0,-0.9324622263515198,-0.44329472199346825,-0.6996788036889009,0,0
1.0054545070514138,1.0827526866899306,0.7046156666063655,1,0,0,0,-0.9139484157638494,1,0,0.134021448469128,-0.44329472199346825,-0.14757788200908611,0,0
-0.38090943683493916,-0.24476018588009918,0.37604692489204267,1,1,1,1,-0.9784839888015517,0,1,0.48951600674267726,3.746141516574454,1.8631139881626717,1,1
-0.6255660064374655,-0.24476018588009918,-0.2810905585366032,0,0,0,0,0.8123781629946881,1,0,-0.5769676680779705,-0.44329472199346825,-0.5877664546997492,0,0
-0.6267870121238434,-0.9085166221651141,-1.1572738697747977,1,1,1,1,-1.0147852486352593,0,1,-0.9324622263515198,-0.44329472199346825,-0.05058717955182129,1,1
-0.6044345052793976,2.4102655592599604,3.168881229463788,1,0,1,1,-0.990584408746121,0,1,1.2005051232897757,0.6040643376485122,2.0309825116463993,0,1
-0.5667705312465063,-0.9085166221651141,-0.5548978432985389,0,0,0,0,-0.0050724288162081205,1,0,-0.9324622263515198,-0.44329472199346825,-0.6996788036889009,0,0
-0.5938349465337613,-0.9085166221651141,-0.6096593002509261,0,0,0,0,-0.10322027947771376,1,0,-0.9324622263515198,-0.44329472199346825,-0.8936602086034304,0,0
-0.5833840319586406,-0.9085166221651141,-1.0477509558700233,0,0,0,0,0.8742247538224862,1,0,-0.5769676680779705,-0.44329472199346825,-0.7369829200186182,0,0
-0.2895234478521068,0.4189962504049157,0.4308083818444299,0,0,0,0,-0.4729553333395501,1,0,0.48951600674267726,-0.44329472199346825,0.042673111272471746,0,0
-0.5618412446746348,-0.24476018588009918,-0.2810905585366032,0,0,0,0,1.1485009392327212,1,0,-0.9324622263515198,-0.44329472199346825,-0.7444437432845615,0,0
2.306090440249935,0.4189962504049157,0.6498542096539783,1,1,0,0,-0.7647099031141628,0,0,-0.5769676680779705,-0.44329472199346825,-0.684757157157014,0,0
-0.28211582708385746,1.0827526866899306,0.4308083818444299,0,0,0,0,-0.5697586928961036,1,0,0.48951600674267726,-0.44329472199346825,0.6096956794841734,0,0
0.10776553829970459,-0.24476018588009918,0.5950927527015915,0,0,0,0,0.22080207681575006,1,0,0.48951600674267726,-0.44329472199346825,-0.281872700796068,0,0
-0.5467337441111451,-0.24476018588009918,-0.8834665850128618,0,0,0,0,-0.1637223792005597,1,0,-0.9324622263515198,-0.44329472199346825,-0.6138793361305513,0,0
-0.5260319698971615,-0.24476018588009918,-0.2810905585366032,0,0,0,0,1.5935274949718767,1,0,-0.9324622263515198,-0.44329472199346825,-0.8488952690077698,0,0
-0.6201645231585051,-0.9085166221651141,-0.6644207572033133,0,0,0,0,-0.7364755899101679,1,0,-0.5769676680779705,-0.44329472199346825,-0.9906509110606951,0,0
-0.6051866671347131,-0.9085166221651141,-0.5001363863461518,0,0,0,0,0.8594353516680128,1,0,-0.5769676680779705,-0.44329472199346825,-0.5877664546997492,0,0
-0.5729090884386623,-0.24476018588009918,-0.2810905585366032,0,0,0,0,1.7723448119305103,1,0,-0.9324622263515198,-0.44329472199346825,-0.778017447981307,0,0
-0.5905418634629033,-0.24476018588009918,-0.39061347244137745,0,0,0,0,0.5286905398497883,1,0,-0.5769676680779705,-0.44329472199346825,-0.9458859714650345,0,0
-0.6248222267722165,-0.9085166221651141,-1.0477509558700233,0,0,0,0,0.922626433600763,1,0,-0.9324622263515198,-0.44329472199346825,-0.5877664546997492,0,0
-0.6083238414703311,-0.9085166221651141,-0.33585201548899024,0,0,0,0,0.7827993586857412,1,0,-0.5769676680779705,-0.44329472199346825,-0.5877664546997492,0,0
-0.5223382181411168,-0.9085166221651141,-0.8834665850128618,0,0,0,0,1.676885943478909,1,0,-0.9324622263515198,-0.44329472199346825,-0.7892086828802222,0,0
-0.4502625598212013,1.0827526866899306,0.37604692489204267,1,1,1,1,0.14013261051862214,1,0,-0.22147310980442125,-0.44329472199346825,0.9267806682867697,0,1
-0.5594769082631637,-0.9085166221651141,-0.7739436711080876,0,0,0,0,2.014353210821894,1,0,-0.9324622263515198,-0.44329472199346825,-0.8824689737045153,0,0
-0.49799354412415975,0.4189962504049157,0.5403312957492042,0,0,1,0,-0.9946178820609773,0,0,1.2005051232897757,2.698782456932473,1.5385681760941323,1,1
-0.6318163261638436,-0.9085166221651141,-1.0477509558700233,1,1,1,1,-1.0147852486352593,0,1,-0.9324622263515198,-0.44329472199346825,-0.03566553301993446,1,1
1.4659480003692513,-0.24476018588009918,2.2379364612732062,1,0,0,0,-0.889747575874711,1,0,-0.5769676680779705,-0.44329472199346825,0.027751464740584778,0,0
-0.5573394497961635,-0.9085166221651141,-0.1715676446318288,0,0,0,0,-0.7633654120092106,1,0,-0.22147310980442125,-0.44329472199346825,0.08743805086813237,0,0
0.5674297536136134,1.0827526866899306,-0.22632910158421599,1,1,0,0,-0.029273268705346498,1,0,-0.22147310980442125,0.6040643376485122,0.576121974787428,1,1
0.28998820340966713,0.4189962504049157,0.04747818317771972,0,0,0,0,0.44667658244770825,1,0,0.8450105650162265,-0.44329472199346825,0.28141945578266203,0,0
-0.35468379936702193,-0.24476018588009918,-0.7739436711080876,0,0,0,0,-0.4810222799692629,1,0,-0.5769676680779705,-0.44329472199346825,-0.9421555598320629,0,0
0.6232802860278168,-0.24476018588009918,1.4165146069873986,0,1,0,1,-0.07364147516876686,1,0,1.2005051232897757,0.6040643376485122,0.814868319297618,1,1
2.1979484533238347,1.7465091229749454,1.5807989778445601,1,1,0,0,-0.8225230206271044,1,0,-0.22147310980442125,-0.44329472199346825,0.042673111272471746,0,0
-0.32264818655756217,-0.24476018588009918,-1.1572738697747977,0,0,0,0,0.40365286708924003,1,0,-0.9324622263515198,-0.44329472199346825,-0.8414344457418262,0,0
-0.6219191949457942,-0.24476018588009918,-1.0477509558700233,0,0,0,0,1.136400519288152,1,0,-0.5769676680779705,-0.44329472199346825,-0.8227823875769676,0,0
-0.5836785262363162,-0.9085166221651141,-0.6096593002509261,0,0,0,0,-0.04809614417467634,1,0,-0.5769676680779705,-0.44329472199346825,-0.9831900877947517,0,0
0.705173165353813,-0.24476018588009918,0.5403312957492042,0,0,0,0,-0.03465123312515503,1,0,1.555999681563325,-0.44329472199346825,0.5798523864203997,0,0
-0.5410344136784825,-0.9085166221651141,-0.22632910158421599,0,0,0,0,0.9522052379097099,1,0,-0.9324622263515198,-0.44329472199346825,-0.6810267455240423,0,0
-0.35886371814693335,-0.9085166221651141,-0.6644207572033133,0,0,0,0,-0.6074044438347633,0,0,-0.5769676680779705,-0.44329472199346825,0.19561998822431226,0,0
0.6233551669257458,1.0827526866899306,-0.062044730727054534,0,0,0,0,0.22483555013060647,1,0,0.48951600674267726,-0.44329472199346825,-0.24083817283337916,0,0
0.7646565389429101,2.4102655592599604,2.785551030797077,0,1,1,0,-1.0147852486352593,1,1,1.555999681563325,3.746141516574454,1.8183490485670115,1,1
-0.47447591286044716,-0.24476018588009918,-0.6644207572033133,0,0,0,0,0.4654994579170381,1,0,-0.9324622263515198,-0.44329472199346825,-1.0428766739222992,0,0
0.4371364324046674,1.0827526866899306,-0.33585201548899024,0,0,0,0,-0.22019100560854926,1,0,1.2005051232897757,-0.44329472199346825,0.3970622164047852,0,0
-0.5800227737419071,-0.9085166221651141,-0.5001363863461518,0,0,0,0,1.348830113870589,1,0,-0.9324622263515198,-0.44329472199346825,-0.6549138640932402,0,0
-0.6308115809811858,-0.24476018588009918,-0.8834665850128618,0,0,0,0,1.840913858283069,1,0,-0.9324622263515198,-0.44329472199346825,-0.658644275726212,0,0
-0.6202824326321097,-0.9085166221651141,-1.1572738697747977,0,0,0,0,1.6540295946947228,1,0,-0.5769676680779705,-0.44329472199346825,-0.7593653898164484,0,0
-0.49562026670995074,-0.9085166221651141,-0.938228041965249,0,0,0,0,0.48835580670122436,1,0,-0.5769676680779705,-0.44329472199346825,-0.5952272779656927,0,0
-0.5884345808801432,-0.24476018588009918,-0.8834665850128618,0,0,0,0,-0.4474100023454596,1,0,-0.5769676680779705,-0.44329472199346825,-0.9197730900342325,0,0
-0.40314515183112276,-0.24476018588009918,-1.0477509558700233,0,0,0,0,0.14551057493843067,1,0,-0.5769676680779705,-0.44329472199346825,-0.8824689737045153,0,0
-0.5617719519034171,-0.9085166221651141,-0.39061347244137745,0,0,0,0,0.281304176538596,1,0,-0.5769676680779705,-0.44329472199346825,-0.8563560922737132,0,0
-0.5411132062651092,-0.9085166221651141,-0.7739436711080876,0,0,0,0,1.3017729251972643,1,0,-0.9324622263515198,-0.44329472199346825,-0.8003999177791374,0,0
0.5972608504355396,-0.24476018588009918,0.32128546793965546,0,0,0,0,-0.7082412767061732,1,0,1.9114942398368742,-0.44329472199346825,0.3746797466069551,0,0
-0.6201578174064519,-0.24476018588009918,-0.5001363863461518,0,0,0,0,1.2614381920487003,1,0,-0.5769676680779705,-0.44329472199346825,-0.9682684412628649,0,0
3.8982064155760567,-0.24476018588009918,1.4712760639397857,1,1,1,0,-0.6988298389715083,1,0,-0.5769676680779705,-0.44329472199346825,-0.37886340325333284,0,0
-0.6011660099660685,-0.9085166221651141,-0.7739436711080876,0,0,0,0,1.1821132168565245,1,0,-0.5769676680779705,-0.44329472199346825,-0.5877664546997492,0,0
-0.05698976033666565,0.4189962504049157,0.32128546793965546,0,0,0,0,0.2732372299088832,1,0,0.8450105650162265,-0.44329472199346825,0.5910436213193148,0,0
-0.6229217048777675,-0.24476018588009918,-1.0477509558700233,0,0,0,0,1.6822639078987174,1,0,-0.5769676680779705,-0.44329472199346825,-0.7966695061461656,0,0
-0.34691239154987924,-0.9085166221651141,0.15700109708249413,0,0,1,1,-0.9126039246588973,0,1,1.2005051232897757,2.698782456932473,1.4117341805730936,1,1
0.6147371579118696,0.4189962504049157,-0.6096593002509261,0,0,0,0,-0.7727768497438755,1,0,1.2005051232897757,-0.44329472199346825,-0.3825938148863046,0,0
-0.38732125342326845,-0.24476018588009918,-1.1572738697747977,0,0,0,0,0.6160824616716769,1,0,-0.9324622263515198,-0.44329472199346825,-0.8675473271726284,0,0
0.7646565389429101,-0.24476018588009918,0.7593771235587528,1,1,1,1,-0.990584408746121,0,1,2.977977914657522,2.698782456932473,1.6131764087535667,1,1
4.098323938853011,1.0827526866899306,1.6903218917493346,1,0,1,0,-0.7203416966507423,1,0,-0.22147310980442125,-0.44329472199346825,-0.3714025799873894,0,0
-0.6044345052793976,3.73777843182999,2.785551030797077,1,1,1,1,-0.9784839888015517,0,0,2.2669887981104235,1.6514233972904928,2.273459267789561,1,1
-0.6074593582681221,-0.9085166221651141,-0.062044730727054534,0,0,0,0,-0.9999958464807859,0,1,0.134021448469128,1.6514233972904928,1.5273769411952167,1,1
-0.527155742178766,-0.9085166221651141,-0.44537492939376466,0,0,0,0,-0.6894184012368434,1,0,-0.5769676680779705,-0.44329472199346825,-0.792939094513194,0,0
0.7646565389429101,3.73777843182999,3.333165600320949,0,1,0,0,-1.012096266425355,0,1,2.622483356383973,2.698782456932473,2.2175030932949853,1,1
1.1566669806034058,0.4189962504049157,-0.33585201548899024,0,0,0,0,0.3686960983604846,1,0,1.9114942398368742,-0.44329472199346825,0.27768904414969026,0,0
-0.5080130553171827,-0.9085166221651141,-0.2810905585366032,0,0,0,0,1.2372373521595619,1,0,-0.5769676680779705,-0.44329472199346825,-0.9981117343266387,0,0
-0.6239963016443143,-0.24476018588009918,-0.8834665850128618,0,0,0,0,1.4160546691181952,1,0,-0.5769676680779705,-0.44329472199346825,-0.6437226291943251,0,0
-0.5954661207207348,-0.24476018588009918,-0.44537492939376466,0,0,0,0,1.8570477515424946,1,0,-0.9324622263515198,-0.44329472199346825,-0.9458859714650345,0,0
0.4806964389304522,1.0827526866899306,0.10223964013010693,0,0,0,0,-0.5670697106861993,1,0,0.8450105650162265,-0.44329472199346825,0.5089745653939368,0,0
-0.3913374400905442,-0.24476018588009918,-0.9929894989176362,0,0,0,0,-0.5065676109633533,1,0,-0.5769676680779705,-0.44329472199346825,0.25157616271888805,0,0
-0.6044345052793976,1.7465091229749454,2.8950739447018514,1,1,1,0,-1.0040293197956422,0,1,2.622483356383973,0.6040643376485122,1.848192341630785,1,1
-0.5784720685795737,-0.9085166221651141,-0.44537492939376466,0,0,0,0,1.5545372529282648,1,0,-0.5769676680779705,-0.44329472199346825,-0.6026881012316361,0,0
-0.3792229401935257,-0.9085166221651141,-0.44537492939376466,0,0,0,0,0.5986040773072991,1,0,-0.9324622263515198,-0.44329472199346825,-1.0018421459596103,0,0
1.3730465114223658,0.4189962504049157,0.37604692489204267,0,0,1,0,0.4520545468675168,1,0,1.2005051232897757,0.6040643376485122,1.463959943434698,0,1
-0.5439055931826515,-0.9085166221651141,-1.1025124128224104,0,0,0,0,0.41978676034866563,1,0,-0.5769676680779705,-0.44329472199346825,-0.6511834524602685,0,0
0.4485350932699925,1.0827526866899306,1.0879458652730758,0,1,0,0,2.279217958497464,1,0,1.2005051232897757,0.6040643376485122,0.6059652678512016,1,1
1.26352872769999,0.4189962504049157,-0.33585201548899024,1,0,1,0,1.5612597084530255,1,0,0.8450105650162265,-0.44329472199346825,0.9006677868559676,1,1
-0.5485532381682829,-0.9085166221651141,-0.2810905585366032,1,0,1,1,-1.0067183020055466,0,1,-0.9324622263515198,-0.44329472199346825,-0.2930639356949832,1,1
-0.6029245934420552,-0.24476018588009918,-0.33585201548899024,0,0,0,0,1.6284842637006323,1,0,-0.5769676680779705,-0.44329472199346825,-0.9981117343266387,0,0
-0.36375724070785365,-0.24476018588009918,0.10223964013010693,0,0,0,0,-0.5106010842782098,1,0,0.8450105650162265,-0.44329472199346825,0.0837076392351606,0,0
-0.42506960816949746,-0.24476018588009918,-0.938228041965249,0,0,0,0,-0.45951042229002875,1,0,-0.9324622263515198,-0.44329472199346825,-1.0391462622893275,0,0
-0.6295810754793991,3.074021995544975,0.04747818317771972,1,1,0,1,-0.9892399176411688,0,1,1.2005051232897757,2.698782456932473,1.7847753438702658,1,1
-0.6272089156905323,-0.24476018588009918,-0.8834665850128618,0,0,0,0,0.9441382912799972,1,0,-0.9324622263515198,-0.44329472199346825,-0.9085818551353173,0,0
-0.2648004576568075,-0.9085166221651141,1.142707322225463,0,1,1,0,1.348830113870589,1,0,0.134021448469128,-0.44329472199346825,0.7216080284733251,1,1
0.036688478223064695,1.7465091229749454,2.0736520904160445,1,0,0,0,-0.9126039246588973,1,0,-0.5769676680779705,-0.44329472199346825,-0.005822239956160663,0,0
-0.6295810754793991,1.0827526866899306,-0.39061347244137745,1,1,1,1,-1.0040293197956422,1,0,2.2669887981104235,0.6040643376485122,1.8295402834659265,0,1
0.3356057581904832,-0.24476018588009918,0.15700109708249413,0,0,0,0,-0.2309469344481663,1,0,1.9114942398368742,-0.44329472199346825,0.3709493349739833,0,0
-0.6076141493780199,-0.9085166221651141,-0.7739436711080876,0,0,0,0,0.8769137360323905,1,0,-0.9324622263515198,-0.44329472199346825,-0.5840360430667775,0,0
1.96160086932806,-0.24476018588009918,2.1284135473684316,1,0,0,0,-0.7189972055457903,1,0,-0.22147310980442125,-0.44329472199346825,-0.5840360430667775,0,0
-0.6161723654360871,-0.24476018588009918,-0.1715676446318288,0,0,0,0,-0.18926771019465022,1,0,-0.9324622263515198,-0.44329472199346825,-0.9458859714650345,0,0
0.15202517828972073,1.7465091229749454,1.142707322225463,1,0,0,0,-0.8588242804608119,1,0,0.134021448469128,-0.44329472199346825,-0.4683932824446541,0,0
-0.5844440995957385,-0.9085166221651141,-0.33585201548899024,0,0,0,0,1.114888661608918,1,0,-0.9324622263515198,-0.44329472199346825,-1.0615287320871578,0,0
-0.5716685243087954,-0.9085166221651141,-0.33585201548899024,0,0,0,0,-0.03734021533505929,1,0,-0.5769676680779705,-0.44329472199346825,-0.819051975943996,0,0
0.015354128065383327,0.4189962504049157,0.5403312957492042,0,0,0,0,-0.3425396961591933,1,0,1.2005051232897757,-0.44329472199346825,0.25157616271888805,0,0
-0.6295810754793991,-0.24476018588009918,1.526037520892173,0,1,1,1,-0.9892399176411688,0,1,1.555999681563325,0.6040643376485122,2.086938686140975,1,1
-0.6282086315591502,-0.9085166221651141,-0.6644207572033133,0,0,0,0,1.9646070399386653,1,0,-0.9324622263515198,-0.44329472199346825,-0.710870038587816,0,0
-0.39298649628299326,-0.24476018588009918,-0.11680618767944173,0,0,0,0,-0.7741213408488277,1,1,-0.22147310980442125,-0.44329472199346825,-0.6922179804229573,1,0
-0.6039310150627264,-0.24476018588009918,-1.1025124128224104,0,0,0,0,2.021075666346655,1,0,-0.5769676680779705,-0.44329472199346825,-0.8153215643110242,0,0
-0.43947244595471613,0.4189962504049157,-0.1715676446318288,1,1,0,1,1.718565167732425,1,0,0.134021448469128,-0.44329472199346825,0.8223291425635616,0,1
-0.5033536752654579,-0.9085166221651141,-1.2120353267271848,0,0,0,0,0.26113680996431404,1,0,-0.5769676680779705,-0.44329472199346825,-0.9384251481990911,0,0
-0.5997589196602106,-0.24476018588009918,-0.33585201548899024,0,0,0,0,2.0493099795506495,1,0,-0.9324622263515198,-0.44329472199346825,-0.6511834524602685,0,0
-0.630978107157177,-0.9085166221651141,-0.6644207572033133,1,1,1,0,-1.0161297397402114,0,1,-0.9324622263515198,-0.44329472199346825,-0.35648093345550247,0,1
1.304751220822517,-0.24476018588009918,0.2665240109872685,0,0,0,0,0.01509493775807386,1,0,1.2005051232897757,-0.44329472199346825,-0.28933352406201157,0,0
-0.41307078249539897,-0.9085166221651141,-1.2120353267271848,0,0,0,0,-0.5751366573159121,1,0,-0.9324622263515198,-0.44329472199346825,-0.7556349781834768,0,0
-0.5700820551355109,-0.24476018588009918,-0.44537492939376466,0,0,0,0,1.879904100326681,1,0,-0.5769676680779705,-0.44329472199346825,-0.9533467947309779,0,0
-0.4302151552450889,-0.24476018588009918,-1.1572738697747977,0,0,0,0,-0.03196225091525076,1,0,-0.5769676680779705,-0.44329472199346825,-0.9384251481990911,0,0
-0.6295810754793991,1.0827526866899306,1.2522302361302373,1,1,1,1,-0.990584408746121,0,0,0.48951600674267726,3.746141516574454,1.8183490485670115,1,1
0.7646565389429101,3.73777843182999,1.4712760639397857,0,1,1,1,-1.0053738109005943,0,1,1.2005051232897757,2.698782456932473,1.8146186369340394,0,1
-0.5939265918118236,-0.9085166221651141,-0.39061347244137745,0,0,0,0,0.21676860350089366,1,0,-0.9324622263515198,-0.44329472199346825,-1.0018421459596103,0,0
-0.6017030289430063,-0.9085166221651141,-0.9929894989176362,0,0,0,1,-0.940838237862892,0,1,1.555999681563325,1.6514233972904928,1.7586624624394636,1,1
-0.5497373622183674,-0.24476018588009918,-1.0477509558700233,0,0,0,0,1.0785874017752104,1,0,-0.9324622263515198,-0.44329472199346825,-1.0279550273904123,0,0
-0.4458764391656499,-0.24476018588009918,-0.938228041965249,0,0,0,0,-0.5361464152723003,1,1,-0.5769676680779705,-0.44329472199346825,-0.281872700796068,0,0
-0.6296319274324702,-0.9085166221651141,-0.7191822141557004,0,0,0,0,0.18987878140185102,1,0,-0.9324622263515198,-0.44329472199346825,-0.6735659222580987,0,0
-0.35876592592948886,-0.24476018588009918,0.21176255403488134,0,0,0,0,-0.5818591128406728,1,0,1.2005051232897757,-0.44329472199346825,0.06132516943733022,0,0
-0.6039483382555308,-0.9085166221651141,-0.8287051280604746,0,0,0,0,0.7263307322777517,1,0,-0.9324622263515198,-0.44329472199346825,-0.8003999177791374,0,0
0.15112548988923175,0.4189962504049157,-0.44537492939376466,0,0,1,1,-0.9475606933876527,1,1,0.134021448469128,1.6514233972904928,1.5012640597644151,1,1
1.2212400200009828,-0.24476018588009918,1.7450833487017219,1,1,0,0,1.4590783844766635,1,0,-0.22147310980442125,0.6040643376485122,1.5385681760941323,1,1
-0.43518188226592475,-0.9085166221651141,-0.2810905585366032,0,0,0,0,-0.8171450562072959,1,0,-0.5769676680779705,-0.44329472199346825,-0.34528969855658737,0,0
-0.6137415303167536,-0.9085166221651141,-0.9929894989176362,0,0,0,0,1.676885943478909,1,0,-0.5769676680779705,-0.44329472199346825,-0.751904566550505,0,0
-0.5616825418760394,-0.9085166221651141,-0.22632910158421599,0,0,0,0,0.8459904406184915,1,0,-0.9324622263515198,-0.44329472199346825,-0.9160426784012607,0,0
-0.5730046454054222,-0.9085166221651141,-1.1025124128224104,0,0,0,0,0.4144087959288571,1,0,-0.5769676680779705,-0.44329472199346825,-0.8227823875769676,0,0
-0.5371556949283,-0.9085166221651141,-0.6096593002509261,0,0,0,0,0.05811865311654209,1,0,-0.5769676680779705,-0.44329472199346825,-0.6772963338910706,0,0
0.6312942185442217,-0.24476018588009918,0.2665240109872685,0,0,0,0,-0.08439740400838391,1,0,0.48951600674267726,-0.44329472199346825,0.2291936929210577,0,0
-0.630515969078168,-0.24476018588009918,-0.5548978432985389,0,0,0,0,0.8392679850937308,1,0,-0.9324622263515198,-0.44329472199346825,-0.9048514435023456,0,0
0.34778172748132413,-0.24476018588009918,-0.11680618767944173,0,0,0,0,-0.6880739101318912,1,0,1.2005051232897757,-0.44329472199346825,0.11728134393190605,0,0
-0.34853909523548376,-0.9085166221651141,-0.39061347244137745,0,0,0,0,1.494035153205419,1,0,-0.9324622263515198,-0.44329472199346825,-0.7742870363483354,0,0
1.5584192035593816,-0.24476018588009918,1.4165146069873986,1,0,0,0,-0.9327712912331793,1,0,-0.22147310980442125,-0.44329472199346825,-0.39378504978521967,0,0
-0.6318163261638436,-0.9085166221651141,-0.9929894989176362,1,1,1,0,-1.010751775320403,0,1,-0.9324622263515198,-0.44329472199346825,-0.7630958014494202,1,1
-0.6137638828235982,-0.24476018588009918,-0.5548978432985389,0,0,0,0,-0.4608549133949809,1,0,-0.5769676680779705,-0.44329472199346825,-0.710870038587816,0,0
-0.440255901319614,-0.9085166221651141,-1.1572738697747977,0,0,0,0,2.198548492200336,1,0,-0.9324622263515198,-0.44329472199346825,-0.5989576895986644,0,0
-0.6318163261638436,0.4189962504049157,2.2379364612732062,1,1,1,0,-1.010751775320403,0,1,1.555999681563325,2.698782456932473,1.941452632455078,1,1
-0.38090943683493916,1.7465091229749454,0.10223964013010693,1,1,1,1,-0.9946178820609773,0,1,1.9114942398368742,2.698782456932473,1.9899479836837104,0,1
0.2597989076655586,1.0827526866899306,-0.5548978432985389,0,0,0,0,-0.18254525466988955,1,0,0.8450105650162265,-0.44329472199346825,-0.15503870527502953,0,0
-0.5690801040162087,-0.24476018588009918,-0.8834665850128618,0,0,0,0,-0.11532069942228294,1,0,-0.9324622263515198,-0.44329472199346825,-0.8451648573747981,0,0
-0.36972536003532064,-0.24476018588009918,-0.39061347244137745,0,0,0,0,-0.9636945866470783,0,0,-0.22147310980442125,-0.44329472199346825,-0.07670006098262332,0,0
-0.5954778557868281,-0.9085166221651141,-0.7739436711080876,0,0,0,0,2.158213759051772,1,0,-0.5769676680779705,-0.44329472199346825,-0.9794596761617801,0,0
-0.630978107157177,-0.9085166221651141,-0.9929894989176362,1,1,1,1,-1.012096266425355,0,1,-0.9324622263515198,-0.44329472199346825,-0.617609747763523,1,1
-0.38090943683493916,2.4102655592599604,3.333165600320949,1,1,0,1,-0.991928899851073,0,1,2.977977914657522,0.6040643376485122,2.2436159747257873,1,1
-0.6295810754793991,3.73777843182999,1.6903218917493346,0,0,1,0,-0.991928899851073,0,0,2.977977914657522,2.698782456932473,2.086938686140975,1,1
-0.48966164719789257,-0.9085166221651141,-0.938228041965249,0,0,0,0,-0.6800069635021784,1,0,-0.9324622263515198,-0.44329472199346825,-0.8675473271726284,0,0
-0.062345979789266,-0.24476018588009918,0.7046156666063655,0,0,0,0,-0.7647099031141628,1,0,0.48951600674267726,-0.44329472199346825,0.3709493349739833,0,0
-0.498477475897342,-0.24476018588009918,-0.9929894989176362,0,0,0,0,1.4913461709955147,1,0,-0.9324622263515198,-0.44329472199346825,-0.9719988528958365,0,0
-0.612908899436798,-0.9085166221651141,-0.8834665850128618,0,0,0,0,2.1192235170081606,1,0,-0.9324622263515198,-0.44329472199346825,-0.886199385337487,0,0
-0.5434138380320738,-0.9085166221651141,-0.6644207572033133,0,0,0,0,-0.5616917462663908,1,0,-0.5769676680779705,-0.44329472199346825,-0.5877664546997492,0,0
-0.630696465570937,-0.9085166221651141,-1.0477509558700233,0,0,0,0,-0.37884095599290085,1,0,-0.9324622263515198,-0.44329472199346825,-0.6101489244975795,0,0
-0.4797712217318964,-0.24476018588009918,-1.1025124128224104,0,0,0,0,1.585460548342164,1,0,-0.9324622263515198,-0.44329472199346825,-0.6362618059283816,0,0
-0.5485532381682829,-0.9085166221651141,-0.6644207572033133,1,1,1,0,-1.012096266425355,0,1,-0.9324622263515198,-0.44329472199346825,-0.039395944652906106,1,1
-0.5437010677450249,-0.24476018588009918,-0.7739436711080876,0,0,0,0,1.8140240361840263,1,0,-0.5769676680779705,-0.44329472199346825,-0.7183308618537596,0,0
1.3743871030203614,1.0827526866899306,0.7593771235587528,1,1,1,0,2.3034187983866024,1,0,1.2005051232897757,0.6040643376485122,1.3035522432169133,0,1
-0.44536344913356984,0.4189962504049157,-0.6644207572033133,0,0,1,1,-0.9139484157638494,1,0,1.2005051232897757,2.698782456932473,1.7027062879448878,0,1
-0.6276643480174879,-0.24476018588009918,-0.33585201548899024,0,0,0,0,-0.20809058566398006,1,0,-0.5769676680779705,-0.44329472199346825,-0.9794596761617801,0,0
-0.3459014994278392,-0.24476018588009918,1.142707322225463,1,0,1,0,-0.6732845079774178,1,0,-0.22147310980442125,-0.44329472199346825,-0.48331492897654105,0,0
1.9608794421696558,-0.24476018588009918,1.0879458652730758,1,0,0,0,-0.6732845079774178,1,0,0.134021448469128,-0.44329472199346825,-0.05804800281776471,0,0
-0.48880163449705255,-0.9085166221651141,-0.8834665850128618,0,0,0,0,2.0224201574516067,1,0,-0.9324622263515198,-0.44329472199346825,-0.8265127992099395,0,0
-0.39293620314259325,-0.24476018588009918,-0.44537492939376466,0,0,0,0,-0.6316052837239017,1,0,-0.22147310980442125,-0.44329472199346825,-0.1774211750728599,0,0
-0.14857412781774246,1.0827526866899306,-0.007283273774667328,0,0,0,0,-0.4232091624563212,1,0,1.9114942398368742,-0.44329472199346825,0.3373756302772378,0,0
-0.5565403476764745,-0.9085166221651141,-0.7191822141557004,0,0,0,0,1.9955303353525642,1,0,-0.9324622263515198,-0.44329472199346825,-0.7742870363483354,0,0
-0.3192891635915131,-0.9085166221651141,-0.1715676446318288,1,1,1,0,0.6496947392954802,1,0,0.134021448469128,0.6040643376485122,1.1617966011639882,0,1
-0.16569223637189018,1.0827526866899306,0.10223964013010693,1,0,1,0,-0.8547908071459556,1,0,0.134021448469128,-0.44329472199346825,-0.5616535732689472,0,0
0.6835242036622962,0.4189962504049157,0.6498542096539783,0,0,0,0,-0.6786624723972263,1,0,0.48951600674267726,-0.44329472199346825,-0.2259165263014922,0,0
-0.6306338785517726,-0.24476018588009918,-0.7739436711080876,0,0,0,0,-0.3102719096403421,1,0,-0.9324622263515198,-0.44329472199346825,-0.8712777388056001,0,0
-0.6299180395200792,-0.24476018588009918,-1.1025124128224104,0,0,0,0,0.2759262121187875,1,0,-0.9324622263515198,-0.44329472199346825,-0.6511834524602685,0,0
0.12609347628680803,1.0827526866899306,0.5950927527015915,0,0,0,0,0.30550501642773437,1,0,1.2005051232897757,-0.44329472199346825,-0.1401170587431427,0,0
-0.6168418230160784,-0.9085166221651141,-0.22632910158421599,0,0,0,0,1.7306655876769943,1,0,-0.9324622263515198,-0.44329472199346825,-0.6772963338910706,0,0
0.7491042234932157,-0.24476018588009918,-0.5001363863461518,0,0,0,0,-0.34522867836909754,1,0,0.8450105650162265,-0.44329472199346825,0.2291936929210577,0,0
-0.5146232504037563,-0.9085166221651141,-1.1572738697747977,0,0,0,0,-0.6571506147179922,1,0,-0.9324622263515198,-0.44329472199346825,-0.8899297969704587,0,0
-0.6073688306154021,-0.9085166221651141,-1.0477509558700233,0,0,0,0,-0.431276109086034,1,0,-0.5769676680779705,-0.44329472199346825,-0.8339736224758828,0,0
1.2843668522057248,0.4189962504049157,0.9236614944159144,0,0,0,0,0.39558592045952723,1,0,1.2005051232897757,-0.44329472199346825,0.0016385833097827538,0,0
1.1173003043616387,0.4189962504049157,-0.6644207572033133,0,0,0,0,-0.19867914792931513,1,0,1.2005051232897757,-0.44329472199346825,0.49778333049502177,0,0
1.1595878944353035,-0.24476018588009918,1.142707322225463,1,1,0,1,0.6591061770301451,1,0,-0.22147310980442125,-0.44329472199346825,1.650480525083284,0,1
-0.5844250999649208,-0.24476018588009918,-0.938228041965249,0,0,0,0,-0.32506131179481557,1,0,-0.5769676680779705,-0.44329472199346825,-0.6474530408272967,0,0
-0.5699194406482176,-0.9085166221651141,-0.33585201548899024,0,0,0,0,1.7441104987265155,1,0,-0.5769676680779705,-0.44329472199346825,-0.7556349781834768,0,0
-0.6081522859803,-0.9085166221651141,-0.9929894989176362,0,0,0,0,1.0059848821077952,1,0,-0.9324622263515198,-0.44329472199346825,-0.819051975943996,0,0
-0.6318163261638436,3.73777843182999,0.81413858051114,1,1,1,0,-0.9852064443263124,0,0,1.2005051232897757,2.698782456932473,2.1988510351301267,1,1
1.2649397296945455,-0.24476018588009918,0.4308083818444299,0,0,0,0,-0.6477391769833273,1,0,0.8450105650162265,-0.44329472199346825,0.12847257883082136,0,0
-0.15647518017458292,0.4189962504049157,0.04747818317771972,1,0,1,0,0.820445109624401,1,0,0.134021448469128,0.6040643376485122,1.5273769411952167,0,1
-0.6275145862216301,-0.24476018588009918,-0.9929894989176362,0,0,0,0,-0.05347410859448488,1,0,-0.5769676680779705,-0.44329472199346825,-0.8115911526780526,0,0
0.2599559340261408,1.0827526866899306,1.0331844083206885,0,1,0,0,1.19824711011595,1,0,1.2005051232897757,0.6040643376485122,1.568411469157906,0,1
0.09483740715354831,1.0827526866899306,0.4308083818444299,1,0,1,0,2.0883002215942614,1,0,0.8450105650162265,0.6040643376485122,1.3595084177114893,1,1
1.4220934995657908,-0.9085166221651141,0.37604692489204267,1,1,0,0,-0.042718179754867816,1,0,0.134021448469128,-0.44329472199346825,0.9081286101219112,1,1
-0.35760527201159104,-0.24476018588009918,-0.6644207572033133,0,0,0,1,-0.9986513553758337,0,1,0.48951600674267726,0.6040643376485122,1.3968125340412065,1,1
-0.6094023499255756,-0.24476018588009918,-0.7191822141557004,0,0,0,0,-0.2470808277075919,1,0,-0.9324622263515198,-0.44329472199346825,-1.0167637924914972,0,0
-0.5287517111674594,-0.24476018588009918,-0.7191822141557004,0,0,0,0,1.2654716653635567,1,0,-0.9324622263515198,-0.44329472199346825,-0.8936602086034304,0,0
-0.5896874388887744,-0.9085166221651141,0.4308083818444299,0,0,0,1,-0.9650390777520305,0,0,0.8450105650162265,0.6040643376485122,1.378160475876348,1,1
0.5297484563879176,1.0827526866899306,0.8689000374635272,1,0,1,0,1.8328469116533563,1,0,0.48951600674267726,0.6040643376485122,0.9939280776802606,1,1
-0.4842255175333234,-0.24476018588009918,-0.6644207572033133,0,0,0,0,-0.7351310988052159,1,0,-0.22147310980442125,-0.44329472199346825,-0.617609747763523,0,0
-0.5969503271752059,-0.9085166221651141,-0.22632910158421599,0,0,0,0,1.11623315271387,1,0,-0.5769676680779705,-0.44329472199346825,-1.020494204124469,0,0
-0.34850389003720383,-0.24476018588009918,-1.0477509558700233,0,0,0,0,1.5128580286747488,1,0,-0.9324622263515198,-0.44329472199346825,-0.9831900877947517,0,0
0.930148352679805,0.4189962504049157,-0.062044730727054534,1,0,0,0,1.8382248760731648,1,0,1.2005051232897757,0.6040643376485122,1.4938032364984715,1,1
-0.49412488400205734,-0.9085166221651141,-0.6644207572033133,0,0,0,0,0.21945758571079793,1,0,-0.9324622263515198,-0.44329472199346825,-0.8078607410450808,0,0
-0.47928226064467416,1.0827526866899306,-0.33585201548899024,0,0,1,1,1.5693266550827383,1,0,1.2005051232897757,0.6040643376485122,0.6469997958138907,1,1
-0.46491965737177554,-0.9085166221651141,-0.7739436711080876,0,0,0,0,-0.23363591665807057,1,0,-0.5769676680779705,-0.44329472199346825,-0.8638169155396567,0,0
-0.477999226751803,-0.9085166221651141,-0.44537492939376466,0,0,0,0,0.4265092158734263,1,0,-0.5769676680779705,-0.44329472199346825,-0.792939094513194,0,0
-0.6122718529917314,-0.9085166221651141,-1.2120353267271848,0,0,0,0,0.2355914789702235,1,0,-0.5769676680779705,-0.44329472199346825,-0.8078607410450808,0,0
0.6722641283394065,-0.24476018588009918,-0.39061347244137745,0,1,0,1,0.8150671452045924,1,0,0.48951600674267726,0.6040643376485122,0.9081286101219112,0,1
0.45554092772771293,-0.9085166221651141,2.0188906334636574,1,0,0,1,0.27054824769897895,1,0,0.8450105650162265,0.6040643376485122,0.5835827980533712,1,1
-0.4129115208841323,-0.9085166221651141,-0.7191822141557004,0,0,0,0,-0.6894184012368434,0,0,-0.5769676680779705,-0.44329472199346825,-0.03566553301993446,0,0
0.6690246912849752,1.0827526866899306,0.2665240109872685,0,0,0,0,-0.13683255710151707,1,0,0.48951600674267726,-0.44329472199346825,-0.2520294077322943,0,0
-0.497462113273933,-0.24476018588009918,-0.9929894989176362,0,0,0,0,-0.9583166222272698,1,0,-0.22147310980442125,-0.44329472199346825,-0.0020918283231888884,1,0
-0.460980586853113,0.4189962504049157,-0.33585201548899024,0,0,0,1,-0.9704170421718389,0,0,0.8450105650162265,0.6040643376485122,1.6355588785513968,1,1
-0.1280707321020034,1.0827526866899306,-0.2810905585366032,0,0,0,0,-0.31699436516510276,1,0,0.8450105650162265,-0.44329472199346825,-0.32663764039172877,0,0
-0.5081974634986494,-0.24476018588009918,-0.5001363863461518,0,0,0,0,1.1928691456961416,1,0,-0.5769676680779705,-0.44329472199346825,-0.6661050989921554,0,0
-0.5333647097674821,-0.9085166221651141,-0.7191822141557004,0,0,0,0,1.5894940216570204,1,0,-0.9324622263515198,-0.44329472199346825,-1.0540679088212146,0,0
-0.38090943683493916,0.4189962504049157,0.48556983879681703,1,1,0,0,-0.9838619532213603,0,1,0.8450105650162265,2.698782456932473,2.045904158178286,1,1
-0.6318163261638436,0.4189962504049157,3.333165600320949,0,1,1,1,-0.9865509354312645,0,1,1.9114942398368742,3.746141516574454,2.1540860955344665,1,1
-0.6303226198939637,-0.24476018588009918,-0.39061347244137745,0,0,0,0,0.7827993586857412,1,0,-0.9324622263515198,-0.44329472199346825,-0.5989576895986644,0,0
-0.6318163261638436,1.0827526866899306,2.456982289082755,1,1,0,1,-0.991928899851073,0,1,0.48951600674267726,2.698782456932473,2.2846505026884767,1,1
-0.6044345052793976,3.73777843182999,1.19746877917785,1,1,1,1,-1.0067183020055466,0,1,0.48951600674267726,1.6514233972904928,1.9041485161253608,1,1
-0.14177058354696426,-0.24476018588009918,0.37604692489204267,0,0,0,0,-0.9287378179183229,0,1,1.9114942398368742,0.6040643376485122,1.930261397556163,0,1
0.04138809278710935,-0.24476018588009918,-0.44537492939376466,0,0,0,0,-0.716308223335886,1,0,1.2005051232897757,-0.44329472199346825,0.5723915631544562,0,0
-0.6144696632272115,-0.24476018588009918,-0.5548978432985389,0,0,0,0,-0.03734021533505929,1,0,-0.5769676680779705,-0.44329472199346825,-0.9048514435023456,0,0
-0.5485532381682829,-0.9085166221651141,-0.7191822141557004,1,1,1,0,-1.0040293197956422,0,1,-0.9324622263515198,-0.44329472199346825,0.15458546026162326,0,1
-0.5925306777593878,-0.9085166221651141,-1.1572738697747977,0,0,0,0,0.7101968390183261,1,0,-0.9324622263515198,-0.44329472199346825,-0.7444437432845615,0,0
0.9426249631877034,0.4189962504049157,1.526037520892173,1,0,0,1,1.278916576413078,1,0,1.2005051232897757,0.6040643376485122,0.7551817331700705,0,1
-0.6076761775845133,-0.9085166221651141,-0.5548978432985389,0,0,0,0,1.6015944416015895,1,0,-0.5769676680779705,-0.44329472199346825,-1.046607085555271,0,0
-0.5419894245334114,-0.24476018588009918,-0.6644207572033133,0,0,0,0,0.3350838207366813,1,0,-0.9324622263515198,-0.44329472199346825,-0.7668262130823918,0,0
0.3847516561766952,1.0827526866899306,0.5403312957492042,1,0,1,1,1.4779012599459933,1,0,-0.22147310980442125,-0.44329472199346825,0.7812946146008727,1,1
-0.6003887015405529,-0.24476018588009918,-0.33585201548899024,0,0,0,0,-0.32775029400471983,1,0,-0.9324622263515198,-0.44329472199346825,-0.6250705710294665,0,0
-0.6268188644460967,-0.24476018588009918,-0.2810905585366032,0,0,0,0,0.48432233338636793,1,0,-0.5769676680779705,-0.44329472199346825,-0.6138793361305513,0,0
-0.4150551262905146,-0.9085166221651141,-0.6644207572033133,0,0,0,0,-0.8507573338310992,1,1,-0.22147310980442125,-0.44329472199346825,0.13966381372973644,0,0
-0.48617745019351466,-0.24476018588009918,0.04747818317771972,0,0,0,0,-0.7606764297993064,1,0,-0.22147310980442125,-0.44329472199346825,-0.3005247589609266,1,0
-0.3620115099233024,-0.9085166221651141,-1.2120353267271848,0,0,0,0,0.16567794151271265,1,0,-0.5769676680779705,-0.44329472199346825,-0.8153215643110242,0,0
-0.6318163261638436,-0.24476018588009918,2.0736520904160445,1,1,1,0,-0.9986513553758337,0,0,2.2669887981104235,3.746141516574454,1.7138975228438027,1,1
0.7646565389429101,1.7465091229749454,1.3617531500350115,1,1,1,1,-1.0094072842154507,0,1,2.2669887981104235,2.698782456932473,1.844461929997813,1,1
0.01958936929973465,1.0827526866899306,1.3617531500350115,1,0,1,1,2.042587524025889,1,0,0.8450105650162265,0.6040643376485122,1.0386930172759214,1,1
-0.3690396968878673,-0.9085166221651141,-0.6096593002509261,0,0,0,0,-0.4460655112405074,1,0,-0.22147310980442125,-0.44329472199346825,-0.0692392377166799,0,0
-0.4456976191108943,-0.24476018588009918,0.8689000374635272,0,0,0,0,0.3740740627802931,1,0,1.9114942398368742,-0.44329472199346825,0.21427204638917086,0,0
-0.34974277772905726,1.7465091229749454,1.142707322225463,0,1,0,0,-0.706896785601221,0,0,0.134021448469128,-0.44329472199346825,-0.18115158670583156,0,0
-0.22228822488935593,0.4189962504049157,1.6355604347969475,1,0,0,0,-0.8615132626707163,0,0,-0.22147310980442125,-0.44329472199346825,-0.039395944652906106,0,0
0.7646565389429101,1.7465091229749454,-0.2810905585366032,1,1,1,1,-1.012096266425355,0,1,0.8450105650162265,3.746141516574454,2.3368762655500803,0,1
-0.16836783144117032,0.4189962504049157,-0.6644207572033133,0,0,0,0,0.04332925096206863,1,0,1.555999681563325,-0.44329472199346825,-0.03566553301993446,0,0
-0.34647204716504365,-0.9085166221651141,-0.22632910158421599,0,0,0,0,0.03526230433235584,1,0,-0.5769676680779705,-0.44329472199346825,-1.0503374971882427,0,0
-0.5647141006168174,-0.24476018588009918,-1.0477509558700233,0,0,0,0,-0.6329497748288538,1,0,-0.5769676680779705,-0.44329472199346825,-0.7183308618537596,0,0
3.0691547307789158,-0.24476018588009918,1.8546062626064956,1,0,0,0,-0.9475606933876527,1,0,-0.5769676680779705,-0.44329472199346825,-0.6884875687899857,1,0
-0.2915742903550847,-0.24476018588009918,0.7593771235587528,1,0,0,0,-0.8131115828924395,1,0,0.134021448469128,-0.44329472199346825,-0.15503870527502953,0,0
1.2818829298826353,1.0827526866899306,0.7046156666063655,0,0,0,0,0.4318871802932348,1,0,0.48951600674267726,-0.44329472199346825,-0.2744118775301246,0,0
-0.5953605051258948,-0.24476018588009918,-0.33585201548899024,0,0,0,0,0.922626433600763,1,0,-0.5769676680779705,-0.44329472199346825,-0.5952272779656927,0,0
2.6602966458970903,0.4189962504049157,0.32128546793965546,1,1,1,0,-0.7848772696884447,1,0,-0.22147310980442125,-0.44329472199346825,-0.11773458894531232,1,0
-0.44326287230286304,-0.24476018588009918,-0.938228041965249,0,0,0,0,-0.7042078033913168,1,0,-0.5769676680779705,-0.44329472199346825,-0.617609747763523,0,0
1.5333871899569578,0.4189962504049157,0.5950927527015915,0,1,1,0,-0.9515941667025091,1,0,-0.22147310980442125,-0.44329472199346825,-0.6026881012316361,1,0
-0.5923742102114768,-0.9085166221651141,-0.39061347244137745,0,0,0,0,0.03526230433235584,1,0,-0.5769676680779705,-0.44329472199346825,-0.804130329412109,0,0
-0.6318163261638436,1.7465091229749454,1.0879458652730758,1,1,1,1,-1.0026848286906902,0,1,2.2669887981104235,2.698782456932473,1.6057155854876233,1,1
0.2941178290491784,0.4189962504049157,0.2665240109872685,0,0,0,0,0.31357196305744717,1,0,0.8450105650162265,-0.44329472199346825,-0.14384747037611434,0,0
3.5416336382667457,0.4189962504049157,0.6498542096539783,1,0,0,0,-0.6786624723972263,1,0,-0.5769676680779705,-0.44329472199346825,-0.21845570303554876,1,0
-0.6303382666487547,-0.9085166221651141,-0.39061347244137745,0,0,0,0,1.0409416508365505,1,0,-0.9324622263515198,-0.44329472199346825,-0.7481741549175333,0,0
-0.38559116939350835,-0.9085166221651141,-0.1715676446318288,0,0,0,0,-0.5966485149951463,1,0,-0.22147310980442125,-0.44329472199346825,-0.44601081264682385,0,0
-0.5762435236471825,-0.24476018588009918,-0.44537492939376466,0,0,0,0,0.22886902344546287,1,0,-0.5769676680779705,-0.44329472199346825,-0.7705566247153636,0,0
-0.6155850533187494,-0.9085166221651141,-0.22632910158421599,0,0,0,0,-0.37077400936318805,1,0,-0.5769676680779705,-0.44329472199346825,-1.0540679088212146,0,0
-0.35761812470302656,-0.9085166221651141,-0.7739436711080876,0,0,0,0,-0.7216861877556945,1,1,-0.22147310980442125,-0.44329472199346825,-0.07296964934965168,0,0
-0.6078890852122066,-0.24476018588009918,-0.938228041965249,0,0,0,0,1.268160647573461,1,0,-0.9324622263515198,-0.44329472199346825,-0.710870038587816,0,0
-0.6242282089028254,-0.24476018588009918,-1.1572738697747977,0,0,0,0,0.1683669237226169,1,0,-0.5769676680779705,-0.44329472199346825,-0.9943813226936669,0,0
0.7156838728847426,-0.24476018588009918,-0.44537492939376466,0,1,1,0,0.03526230433235584,1,0,0.48951600674267726,0.6040643376485122,1.2811697734190832,1,1
0.544109383222803,1.7465091229749454,0.81413858051114,1,0,1,0,-0.849412842726147,0,0,0.134021448469128,-0.44329472199346825,-0.25949023099823776,0,0
-0.38090943683493916,0.4189962504049157,2.5117437460351413,1,1,1,0,-1.001340337585738,0,1,2.977977914657522,2.698782456932473,1.822079460199983,0,1
0.130764032591955,1.0827526866899306,0.48556983879681703,0,0,0,0,-0.4904337177039278,1,0,1.2005051232897757,-0.44329472199346825,0.41571427456964377,0,0
-0.5889738351077655,-0.24476018588009918,-0.33585201548899024,0,0,0,0,-0.3936303581473743,1,0,-0.5769676680779705,-0.44329472199346825,-0.8414344457418262,0,0
-0.4897572041646526,-0.9085166221651141,-0.2810905585366032,0,0,0,0,1.1901801634862372,1,0,-0.9324622263515198,-0.44329472199346825,-1.0242246157574406,0,0
-0.6318163261638436,1.7465091229749454,1.4165146069873986,1,1,1,1,-1.0134407575303073,0,1,1.555999681563325,0.6040643376485122,1.8556531648967287,1,1
-0.24957001830567319,-0.24476018588009918,-1.1025124128224104,0,0,0,0,0.1347546460988136,1,0,-0.5769676680779705,-0.44329472199346825,-1.0167637924914972,0,0
-0.6117443338302024,-0.24476018588009918,-0.9929894989176362,0,0,0,0,1.2923614874625993,1,0,-0.9324622263515198,-0.44329472199346825,-0.6138793361305513,0,0
2.255262516123678,0.4189962504049157,1.799844805654109,1,1,1,0,-0.6517726502981837,1,0,-0.5769676680779705,-0.44329472199346825,0.03148187637355655,0,0
-0.5998930347012772,-0.9085166221651141,-0.8287051280604746,0,0,0,0,0.5824701840478735,1,0,-0.5769676680779705,-0.44329472199346825,-0.7817478596142788,0,0
-0.08081473856948937,1.0827526866899306,0.8689000374635272,1,1,1,1,1.4254661068528602,1,0,0.8450105650162265,0.6040643376485122,1.2662481268871961,1,1
-0.6295810754793991,1.0827526866899306,3.333165600320949,1,0,1,1,-0.9892399176411688,0,1,2.622483356383973,2.698782456932473,1.6691325832481425,0,1
-0.5897131442716455,-0.24476018588009918,-0.5548978432985389,0,0,0,0,1.6459626480650098,1,0,-0.5769676680779705,-0.44329472199346825,-0.886199385337487,0,0
-0.30691369817708564,1.0827526866899306,0.4308083818444299,1,1,0,0,0.009716973338265333,1,0,0.134021448469128,0.6040643376485122,0.9155894333878547,0,1
-0.6267870121238434,-0.9085166221651141,-0.39061347244137745,1,1,1,0,-1.010751775320403,0,1,-0.9324622263515198,-0.44329472199346825,-0.07670006098262332,1,1
-0.560403978484537,-0.9085166221651141,-0.5548978432985389,0,0,0,0,1.8866265558514415,1,0,-0.9324622263515198,-0.44329472199346825,-0.710870038587816,0,0
-0.6168624990849094,-0.9085166221651141,-0.9929894989176362,0,0,0,0,-0.9529386578074612,0,0,-0.5769676680779705,-0.44329472199346825,-0.05431759118479307,0,0
-0.5862255943912408,-0.24476018588009918,-0.44537492939376466,0,0,0,0,0.2920601053782131,1,0,-0.5769676680779705,-0.44329472199346825,-0.9831900877947517,0,0
-0.5453568296895271,-0.9085166221651141,-0.7739436711080876,0,0,0,0,0.9051480492363853,1,0,-0.9324622263515198,-0.44329472199346825,-0.5840360430667775,0,0
3.8873894787013588,-0.24476018588009918,1.526037520892173,1,1,0,0,-0.8507573338310992,1,0,-0.22147310980442125,-0.44329472199346825,-0.6959483920559292,0,0
-0.630978107157177,-0.9085166221651141,-0.9929894989176362,1,1,1,0,-1.001340337585738,0,1,-0.9324622263515198,-0.44329472199346825,-0.7369829200186182,0,1
-0.48005286331813646,-0.9085166221651141,-0.6644207572033133,0,0,0,0,-0.6773179812922742,1,0,-0.5769676680779705,-0.44329472199346825,0.13966381372973644,1,0
-0.6196990322034696,-0.24476018588009918,-0.8834665850128618,0,0,0,0,1.6567185769046269,1,0,-0.9324622263515198,-0.44329472199346825,-0.8003999177791374,0,0
-0.5870476078304454,-0.24476018588009918,-0.33585201548899024,0,0,0,0,-0.3573290983136667,1,0,-0.9324622263515198,-0.44329472199346825,-0.9906509110606951,0,0
1.6114667316152915,0.4189962504049157,0.9236614944159144,0,0,0,0,-0.9233598534985143,1,0,0.134021448469128,-0.44329472199346825,-0.49450616387545626,0,0
-0.6295810754793991,1.0827526866899306,-0.22632910158421599,1,1,1,0,-1.0026848286906902,0,1,0.48951600674267726,2.698782456932473,2.20631185839607,1,1
-0.62541233295291,-0.24476018588009918,-0.7739436711080876,0,0,0,0,1.0167408109474123,1,0,-0.5769676680779705,-0.44329472199346825,-0.7966695061461656,0,0
0.7646565389429101,-0.24476018588009918,2.0736520904160445,1,1,1,1,-1.0040293197956422,0,1,2.2669887981104235,3.746141516574454,1.6318284669184253,1,1
-0.38090943683493916,3.73777843182999,3.333165600320949,1,0,1,0,-1.001340337585738,0,1,1.9114942398368742,2.698782456932473,2.359258735347911,1,1
-0.4895644137931192,-0.9085166221651141,-0.2810905585366032,0,0,0,0,-0.7606764297993064,1,1,-0.5769676680779705,-0.44329472199346825,-0.22964693793446397,0,0
-0.38090943683493916,3.074021995544975,1.526037520892173,0,1,1,1,-0.9973068642708816,0,1,1.2005051232897757,1.6514233972904928,2.101860332672862,1,1
-0.5918969841903479,-0.24476018588009918,-1.1025124128224104,0,0,0,0,1.3743754448646794,1,0,-0.9324622263515198,-0.44329472199346825,-0.9608076179969215,0,0
-0.5387902219913001,0.4189962504049157,0.4308083818444299,0,0,1,1,-0.9704170421718389,0,1,1.9114942398368742,0.6040643376485122,1.661671759982199,1,1
-0.3911681198511976,-0.24476018588009918,-1.1572738697747977,0,0,0,0,-0.8305899672568172,1,0,-0.5769676680779705,-0.44329472199346825,-0.3042551705938984,1,0
-0.5700021449235421,-0.9085166221651141,-0.9929894989176362,0,0,0,0,1.7844452318750794,1,0,-0.5769676680779705,-0.44329472199346825,-0.9197730900342325,0,0
0.19818310492350139,0.4189962504049157,1.6355604347969475,1,0,1,0,-0.8279009850469129,1,0,-0.5769676680779705,-0.44329472199346825,-0.363941756721446,0,0
-0.6295810754793991,3.73777843182999,2.2379364612732062,1,1,1,0,-1.0040293197956422,0,1,2.2669887981104235,1.6514233972904928,1.579602704056821,1,1
-0.48832440847592357,-0.9085166221651141,-0.33585201548899024,0,0,0,0,1.3152178362467855,1,0,-0.9324622263515198,-0.44329472199346825,-1.0242246157574406,0,0
-0.5612718145627726,-0.24476018588009918,-0.6096593002509261,0,0,0,0,0.2934045964831652,1,0,-0.9324622263515198,-0.44329472199346825,-0.617609747763523,0,0
-0.6109368495204469,-0.9085166221651141,-0.8834665850128618,0,0,0,0,0.6362498282459589,1,0,-0.9324622263515198,-0.44329472199346825,-0.8451648573747981,0,0
0.48937312327479504,0.4189962504049157,0.21176255403488134,0,1,1,1,0.087697457425489,1,0,0.48951600674267726,-0.44329472199346825,0.8297899658295049,1,1
2.9502019539174995,-0.24476018588009918,1.799844805654109,1,0,1,0,-0.92067087128861,1,0,-0.22147310980442125,-0.44329472199346825,-0.47585410571059766,0,0
3.633722613589835,1.7465091229749454,0.5950927527015915,1,0,1,0,-0.6584951058229443,0,0,-0.22147310980442125,-0.44329472199346825,-0.7369829200186182,1,0
-0.5474227601346251,-0.24476018588009918,-0.2810905585366032,0,0,0,0,0.3888634649347666,1,0,-0.5769676680779705,-0.44329472199346825,-0.6064185128646079,0,0
0.12359502483427005,1.0827526866899306,0.4308083818444299,0,1,0,0,1.5531927618233128,1,0,0.134021448469128,0.6040643376485122,1.0797275452386104,0,1
-0.6044345052793976,-0.24476018588009918,2.73078957384469,1,1,1,0,-1.0147852486352593,0,1,1.9114942398368742,1.6514233972904928,1.7735841089713507,1,1
0.7646565389429101,1.7465091229749454,-0.39061347244137745,1,1,1,0,-0.9878954265362166,0,1,1.2005051232897757,1.6514233972904928,2.232424739826872,1,1
-0.6010011602280906,-0.24476018588009918,-1.2120353267271848,0,0,0,0,0.902459067026481,1,0,-0.5769676680779705,-0.44329472199346825,-0.8824689737045153,0,0
-0.4789486494800208,1.0827526866899306,-0.39061347244137745,0,0,0,0,-0.5482468352168695,1,0,1.2005051232897757,-0.44329472199346825,0.6432693841809188,0,0
-0.6008245754240195,-0.9085166221651141,-0.938228041965249,0,0,0,0,0.6429722837707196,1,0,-0.9324622263515198,-0.44329472199346825,-0.684757157157014,0,0
3.116139700165941,0.4189962504049157,1.909367719558883,1,0,1,0,-0.7418535543299765,1,0,-0.22147310980442125,-0.44329472199346825,-0.44601081264682385,0,0
1.0615168294679687,1.7465091229749454,1.5807989778445601,1,0,0,0,-0.9273933268133707,1,0,-0.5769676680779705,-0.44329472199346825,-0.47585410571059766,0,0
-0.6318163261638436,-0.9085166221651141,-0.1715676446318288,1,1,0,0,-1.0080627931104986,0,1,-0.9324622263515198,-0.44329472199346825,-0.16249952854097294,0,1
-0.38090943683493916,3.73777843182999,2.2379364612732062,1,1,0,1,-0.990584408746121,0,1,0.48951600674267726,1.6514233972904928,2.0570953930772014,1,1
-0.5724313036048622,-0.24476018588009918,-0.938228041965249,0,0,0,0,0.08231949300568046,1,0,-0.9324622263515198,-0.44329472199346825,-0.7407133316515898,0,0
-0.6318163261638436,1.0827526866899306,0.6498542096539783,1,1,0,1,-0.9838619532213603,0,1,0.8450105650162265,3.746141516574454,1.7773145206043222,1,1
1.1182592269052654,1.0827526866899306,1.5807989778445601,1,1,0,0,-0.8171450562072959,1,0,-0.5769676680779705,-0.44329472199346825,-0.5206190453062582,0,0
-0.5485532381682829,-0.9085166221651141,-0.6644207572033133,1,1,1,1,-1.0161297397402114,0,1,-0.9324622263515198,-0.44329472199346825,-0.22964693793446397,1,1
0.6911771431931634,-0.24476018588009918,0.32128546793965546,1,1,1,0,0.698096419073757,1,0,0.134021448469128,0.6040643376485122,1.4005429456741785,1,1
-0.6305148514528258,-0.24476018588009918,-0.6096593002509261,0,0,0,0,0.9602721845394226,1,0,-0.5769676680779705,-0.44329472199346825,-0.9981117343266387,0,0
-0.3911234148375087,-0.9085166221651141,-0.5001363863461518,0,0,0,0,1.3797534092844876,1,0,-0.5769676680779705,-0.44329472199346825,-0.9384251481990911,0,0
-0.6092129124300689,-0.24476018588009918,-0.938228041965249,0,0,0,0,1.6204173170709193,1,0,-0.5769676680779705,-0.44329472199346825,-0.6474530408272967,0,0
-0.5485532381682829,-0.9085166221651141,-0.938228041965249,1,1,1,0,-1.0134407575303073,0,1,-0.9324622263515198,-0.44329472199346825,0.1433942253627082,1,1
-0.5256743297876504,-0.9085166221651141,-0.5548978432985389,0,0,0,0,1.8745261359068723,1,0,-0.9324622263515198,-0.44329472199346825,-0.658644275726212,0,0
-0.29818001494028956,-0.9085166221651141,-0.938228041965249,0,0,0,0,0.45608802018237316,1,0,-0.5769676680779705,-0.44329472199346825,-1.020494204124469,0,0
-0.6267870121238434,-0.9085166221651141,-0.5001363863461518,1,1,1,1,-1.0094072842154507,0,1,-0.9324622263515198,-0.44329472199346825,0.12847257883082136,1,1
-0.3466329852143237,-0.24476018588009918,-0.7191822141557004,0,0,0,0,0.48163335117646366,1,0,-0.5769676680779705,-0.44329472199346825,-0.9272339133001759,0,0
-0.462951519144122,-0.9085166221651141,-0.7191822141557004,0,0,0,0,0.7357421700124166,1,0,-0.9324622263515198,-0.44329472199346825,-0.7369829200186182,0,0
0.48494341523089696,-0.24476018588009918,0.9784229513683013,0,0,1,0,-0.8198340384172002,1,0,-0.5769676680779705,-0.44329472199346825,-0.20726446813663357,0,0
-0.630978107157177,-0.9085166221651141,-1.1572738697747977,1,0,1,0,-1.0161297397402114,0,1,-0.9324622263515198,-0.44329472199346825,-0.5728448081678623,1,1
-0.5557568923115768,-0.9085166221651141,-1.0477509558700233,0,0,0,0,-0.10725375279257016,1,0,-0.5769676680779705,-0.44329472199346825,-1.057798320454186,0,0
-0.4493874591782412,-0.9085166221651141,-0.8287051280604746,0,0,0,0,-0.7660543942191149,1,0,-0.5769676680779705,-0.44329472199346825,-0.1774211750728599,0,0
-0.3750938733666855,-0.9085166221651141,0.10223964013010693,0,0,0,0,-0.7835327785834926,1,0,-0.22147310980442125,-0.44329472199346825,-0.41616751958305004,0,0
-0.5700535556892843,-0.24476018588009918,-0.6644207572033133,0,0,0,0,-0.2054016034540758,1,0,-0.9324622263515198,-0.44329472199346825,-0.9869204994277235,0,0
-0.5114531061205428,-0.9085166221651141,-0.938228041965249,0,0,1,0,-0.9300823090232749,0,0,0.48951600674267726,1.6514233972904928,1.646750113450312,1,1
-0.6120969446256737,-0.9085166221651141,-1.1025124128224104,0,0,0,0,1.7212541499423293,1,0,-0.9324622263515198,-0.44329472199346825,-0.9981117343266387,0,0
-0.47707606821912735,-0.24476018588009918,-1.2120353267271848,0,0,0,0,-0.30892741853538996,1,0,-0.5769676680779705,-0.44329472199346825,-0.6884875687899857,0,0
-0.35945103026427117,-0.9085166221651141,-0.8834665850128618,0,0,0,0,0.3095384897425908,1,0,-0.5769676680779705,-0.44329472199346825,-0.9346947365661193,0,0
0.4915815509510263,-0.24476018588009918,-0.007283273774667328,1,1,0,0,0.1428215927285264,1,0,0.134021448469128,0.6040643376485122,0.6395389725479471,1,1
-0.5485532381682829,-0.9085166221651141,-1.0477509558700233,1,1,1,0,-1.012096266425355,0,1,-0.9324622263515198,-0.44329472199346825,-0.6922179804229573,1,1
-0.4947256076235018,-0.9085166221651141,-1.1025124128224104,0,0,0,0,0.7330531878025124,1,0,-0.5769676680779705,-0.44329472199346825,-1.0242246157574406,0,0
-0.5236195755959747,-0.9085166221651141,-0.8834665850128618,0,0,0,0,1.4886571887856104,1,0,-0.9324622263515198,-0.44329472199346825,-1.0279550273904123,0,0
-0.6318163261638436,1.0827526866899306,2.4022208321303675,0,1,1,1,-0.991928899851073,0,1,2.622483356383973,1.6514233972904928,1.5758722924238495,1,1
0.36303004883793394,1.0827526866899306,-0.007283273774667328,0,0,0,0,-0.2780041231214909,1,0,1.9114942398368742,-0.44329472199346825,-0.017013474855075855,0,0
1.0679850861360802,-0.24476018588009918,1.526037520892173,0,0,0,0,-0.6732845079774178,1,0,0.134021448469128,-0.44329472199346825,-0.13638664711017093,1,0
-0.5141778767048808,-0.24476018588009918,-0.6644207572033133,0,0,0,0,0.7881773231055498,1,0,-0.5769676680779705,-0.44329472199346825,-0.6511834524602685,0,0
0.5108443825368986,0.4189962504049157,1.526037520892173,1,0,1,0,0.47087742233684665,1,0,0.48951600674267726,0.6040643376485122,0.8670940821592221,0,1
-0.5613159607637904,-0.9085166221651141,-0.9929894989176362,0,0,0,0,1.5612597084530255,1,0,-0.5769676680779705,-0.44329472199346825,-0.6362618059283816,0,0
-0.6190088985546474,-0.9085166221651141,-1.2120353267271848,0,0,0,0,1.2049695656407107,1,0,-0.5769676680779705,-0.44329472199346825,-0.804130329412109,0,0
0.05869787408744822,-0.24476018588009918,0.10223964013010693,0,1,1,0,2.2711510118677514,1,0,-0.22147310980442125,0.6040643376485122,0.6246173260160602,1,1
-0.4649425686912911,-0.24476018588009918,-0.938228041965249,0,0,0,0,0.13744362830871787,1,0,-0.5769676680779705,-0.44329472199346825,-0.9794596761617801,0,0
-0.3196753031472509,-0.9085166221651141,-0.33585201548899024,0,0,0,0,0.7142303123331826,1,0,-0.5769676680779705,-0.44329472199346825,-0.6735659222580987,0,0
-0.6015141502601706,-0.24476018588009918,-1.1025124128224104,0,0,0,0,1.8019236162394572,1,0,-0.5769676680779705,-0.44329472199346825,-0.5840360430667775,0,0
-0.6073956536236155,-0.9085166221651141,-0.39061347244137745,0,0,0,0,1.5639486906629299,1,0,-0.5769676680779705,-0.44329472199346825,-0.5877664546997492,0,0
-0.440683393013014,-0.24476018588009918,-0.6096593002509261,0,0,0,0,0.6900294724440441,1,0,-0.5769676680779705,-0.44329472199346825,-1.005572557592582,0,0
1.223280803875881,1.0827526866899306,1.3069916930826242,1,1,1,0,0.5448244331092139,1,0,1.2005051232897757,0.6040643376485122,1.1170316615683276,1,1
-0.6185741422965229,-0.9085166221651141,-0.6644207572033133,0,0,0,0,1.0019514087929389,1,0,-0.9324622263515198,-0.44329472199346825,-0.7071396269548443,0,0
3.182095800924518,1.0827526866899306,0.32128546793965546,1,0,0,0,-0.6544616325080879,1,0,0.134021448469128,-0.44329472199346825,-0.6623746873591837,0,0
2.7801681107898135,1.0827526866899306,1.0879458652730758,1,0,0,0,-0.6880739101318912,1,0,0.134021448469128,-0.44329472199346825,-0.7183308618537596,0,0
-0.585994804758072,-0.24476018588009918,-0.6644207572033133,0,0,0,0,0.5407909597943575,1,0,-0.9324622263515198,-0.44329472199346825,-0.9309643249331476,0,0
3.012585565269663,1.7465091229749454,0.5403312957492042,1,0,0,0,-0.9569721311223176,1,0,-0.22147310980442125,-0.44329472199346825,-0.7481741549175333,0,0
1.085204339783699,1.0827526866899306,1.0879458652730758,0,0,0,0,-0.7915997252132054,0,0,-0.22147310980442125,-0.44329472199346825,-0.024474298121019273,0,0
-0.6086434823182066,-0.24476018588009918,-0.8287051280604746,0,0,0,0,1.8234354739186913,1,0,-0.9324622263515198,-0.44329472199346825,-0.5914968663327209,0,0
-0.5167534443060321,-0.24476018588009918,-0.6644207572033133,0,0,0,0,1.6620965413244355,1,0,-0.5769676680779705,-0.44329472199346825,-1.0167637924914972,0,0
0.8966100925977272,-0.24476018588009918,1.6355604347969475,0,1,1,0,1.2923614874625993,1,0,1.2005051232897757,0.6040643376485122,1.2252135989245074,1,1
-0.6181935908674961,-0.24476018588009918,-1.0477509558700233,0,0,0,0,-0.13279908378666067,1,0,-0.9324622263515198,-0.44329472199346825,-0.6698355106251271,0,0
1.2885557119883737,0.4189962504049157,1.909367719558883,1,1,1,0,-0.9018479958192802,0,0,-0.22147310980442125,-0.44329472199346825,-0.46466287081168245,1,0
0.43212276511945813,-0.24476018588009918,1.3069916930826242,0,1,1,1,0.9454827823849492,1,0,0.48951600674267726,0.6040643376485122,1.5236465295622452,1,1
0.45043617397711266,1.0827526866899306,-0.2810905585366032,0,0,1,0,0.17105590593252118,1,0,-0.22147310980442125,0.6040643376485122,1.6392892901843683,1,1
2.2247938140440144,-0.24476018588009918,2.2379364612732062,1,0,1,0,-0.787566251898349,1,0,0.134021448469128,-0.44329472199346825,-0.710870038587816,0,0
-0.5801468301548939,-0.24476018588009918,-0.7739436711080876,0,0,0,0,-0.32102783847995914,1,0,-0.9324622263515198,-0.44329472199346825,-1.0018421459596103,0,0
-0.39566320897761564,-0.9085166221651141,0.32128546793965546,0,0,1,1,-0.92067087128861,0,0,1.2005051232897757,1.6514233972904928,1.5945243505887081,0,1
-0.5860322452070365,-0.24476018588009918,-0.5001363863461518,0,0,0,0,0.9817840422186568,1,0,-0.9324622263515198,-0.44329472199346825,-0.9384251481990911,0,0
2.098616706970473,1.7465091229749454,1.142707322225463,1,0,0,0,-0.6168158815694282,1,0,0.134021448469128,-0.44329472199346825,-0.5280798685722017,1,0
0.03657727450151348,1.0827526866899306,0.48556983879681703,1,0,0,0,-0.6329497748288538,1,0,0.134021448469128,-0.44329472199346825,-0.16996035180691638,1,0
-0.36287040499880024,-0.9085166221651141,-0.5001363863461518,0,0,0,0,-0.9744505154866954,1,0,-0.22147310980442125,-0.44329472199346825,0.042673111272471746,0,0
-0.630978107157177,-0.9085166221651141,-1.2120353267271848,1,1,0,0,-1.0134407575303073,0,1,-0.9324622263515198,-0.44329472199346825,-0.322907228758757,1,1
-0.5816332718600494,-0.24476018588009918,-0.5001363863461518,0,0,0,0,-0.5106010842782098,1,0,-0.5769676680779705,-0.44329472199346825,-0.8675473271726284,0,0
-0.6181153570935406,-0.9085166221651141,-0.9929894989176362,0,0,0,0,1.9471286555742875,1,0,-0.9324622263515198,-0.44329472199346825,-0.6922179804229573,0,0
0.7202829011679873,0.4189962504049157,1.8546062626064956,1,1,1,1,1.3743754448646794,1,0,-0.22147310980442125,-0.44329472199346825,1.579602704056821,1,1
-0.5856807520369075,-0.9085166221651141,-0.8834665850128618,0,0,0,0,0.13206566388890936,1,0,-0.5769676680779705,-0.44329472199346825,-0.7630958014494202,0,0
0.353161417066111,1.0827526866899306,0.04747818317771972,0,0,0,0,-0.7431980454349286,1,0,1.2005051232897757,-0.44329472199346825,0.5127049770269086,0,0
-0.6207674820306341,-0.9085166221651141,-0.33585201548899024,0,0,0,0,1.1700127969119554,1,0,-0.9324622263515198,-0.44329472199346825,-0.6996788036889009,0,0
-0.5860070986368364,-0.9085166221651141,-1.2120353267271848,0,0,0,0,0.7169192945430868,1,0,-0.5769676680779705,-0.44329472199346825,-0.6064185128646079,0,0
-0.5313351021460063,-0.24476018588009918,-0.7191822141557004,0,0,0,0,1.4765567688410413,1,0,-0.5769676680779705,-0.44329472199346825,-0.8227823875769676,0,0
-0.5498228605570474,-0.9085166221651141,-1.2120353267271848,0,0,0,0,-0.0010389555013517245,1,0,-0.5769676680779705,-0.44329472199346825,-0.6884875687899857,0,0
-0.5879573548590142,-0.9085166221651141,-0.22632910158421599,0,0,0,0,-0.0252397953904901,1,0,-0.5769676680779705,-0.44329472199346825,-0.792939094513194,0,0
-0.5948100746448503,-0.24476018588009918,-0.8287051280604746,0,0,0,0,1.4765567688410413,1,0,-0.5769676680779705,-0.44329472199346825,-0.6288009826624381,0,0
0.9489607812527614,1.0827526866899306,1.799844805654109,1,1,1,0,1.6741969612690046,1,0,0.8450105650162265,0.6040643376485122,1.5422985877271038,1,1
-0.5721250742610933,-0.24476018588009918,-0.9929894989176362,0,0,0,0,-0.05750758190934127,1,0,-0.5769676680779705,-0.44329472199346825,-0.9608076179969215,0,0
0.945096032819357,1.0827526866899306,1.96412917651127,1,0,0,0,-0.7095857678111254,1,0,-0.5769676680779705,-0.44329472199346825,0.03894269963949997,0,0
-0.5817338581408494,-0.9085166221651141,-1.1025124128224104,0,0,0,0,-0.4729553333395501,1,0,-0.9324622263515198,-0.44329472199346825,-0.8824689737045153,0,0
-0.630978107157177,-0.9085166221651141,-0.5548978432985389,1,1,1,0,-1.010751775320403,0,1,-0.9324622263515198,-0.44329472199346825,-0.19234282160474675,1,1
-0.6207238946422874,-0.24476018588009918,-1.1025124128224104,0,0,0,0,1.0853098572999709,1,0,-0.5769676680779705,-0.44329472199346825,-0.710870038587816,0,0
0.08045133374846294,-0.9085166221651141,0.81413858051114,0,1,1,0,0.9468272734899014,1,0,0.134021448469128,-0.44329472199346825,0.6283477376490321,1,1
-0.4350662080430047,-0.9085166221651141,-0.062044730727054534,0,0,0,1,-0.9825174621164081,0,0,1.555999681563325,0.6040643376485122,1.650480525083284,0,1
-0.5927229093182501,-0.9085166221651141,-0.8834665850128618,0,0,0,0,1.6580630680095791,1,0,-0.9324622263515198,-0.44329472199346825,-1.0391462622893275,0,0
-0.5320162947920908,-0.9085166221651141,-1.0477509558700233,0,0,0,0,0.5730587463132086,1,0,-0.5769676680779705,-0.44329472199346825,-0.7854782712472504,0,0
-0.6186138179961718,-0.9085166221651141,-0.5001363863461518,0,0,0,0,1.269505138678413,1,0,-0.5769676680779705,-0.44329472199346825,-0.7183308618537596,0,0
-0.5587957156170791,-0.9085166221651141,-0.6644207572033133,0,0,0,0,-0.5643807284762951,1,0,-0.22147310980442125,-0.44329472199346825,-0.0020918283231888884,0,0
-0.38090943683493916,-0.24476018588009918,1.0879458652730758,1,1,0,0,-1.012096266425355,0,0,0.8450105650162265,0.6040643376485122,1.915339751024276,1,1
-0.4182208000723593,-0.24476018588009918,-0.7191822141557004,0,0,0,0,-0.7889107430033011,1,1,-0.5769676680779705,-0.44329472199346825,-0.5019669871413996,0,0
-0.570349167592302,-0.24476018588009918,-0.5001363863461518,0,0,0,0,-0.6087489349397154,1,0,-0.9324622263515198,-0.44329472199346825,-0.792939094513194,0,0
-0.4700299992490869,-0.24476018588009918,-0.938228041965249,0,0,0,0,-0.0964978239529531,1,0,-0.9324622263515198,-0.44329472199346825,-0.8750081504385718,0,0
-0.630978107157177,-0.9085166221651141,-0.5001363863461518,1,1,1,0,-1.0161297397402114,0,1,-0.9324622263515198,-0.44329472199346825,-0.14384747037611434,1,1
-0.6318163261638436,-0.9085166221651141,-0.5001363863461518,1,0,1,1,-1.012096266425355,0,1,-0.9324622263515198,-0.44329472199346825,-0.21099487976960535,1,1
-0.6054772497236909,-0.9085166221651141,-1.1025124128224104,0,0,0,0,1.0933768039296838,1,0,-0.9324622263515198,-0.44329472199346825,-1.0130333808585255,0,0
-0.6044345052793976,0.4189962504049157,1.2522302361302373,1,1,0,0,-1.0040293197956422,0,1,2.977977914657522,0.6040643376485122,1.9750263371518233,1,1
0.3931550811248647,-0.24476018588009918,0.2665240109872685,1,0,0,0,1.5182359930945573,1,0,-0.22147310980442125,0.6040643376485122,0.8223291425635616,1,1
-0.5662960992887329,-0.24476018588009918,-0.7191822141557004,0,0,0,0,0.9064925403413374,1,0,-0.9324622263515198,-0.44329472199346825,-0.6996788036889009,0,0
-0.2622902711381762,-0.24476018588009918,-0.9929894989176362,0,0,0,0,1.4779012599459933,1,0,-0.5769676680779705,-0.44329472199346825,-0.8787385620715434,0,0
-0.630978107157177,-0.9085166221651141,-0.7191822141557004,1,0,1,0,-0.9986513553758337,0,1,-0.9324622263515198,-0.44329472199346825,-0.33036805202470043,1,1
3.860955404107117,-0.24476018588009918,1.8546062626064956,1,1,0,0,-0.8978145225044238,1,0,0.134021448469128,-0.44329472199346825,0.012829818208697946,0,0
0.01022478655725407,-0.24476018588009918,-0.11680618767944173,0,0,0,0,0.40096388487933576,1,0,1.9114942398368742,-0.44329472199346825,-0.1774211750728599,0,0
-0.6318163261638436,2.4102655592599604,1.6355604347969475,1,1,1,1,-0.9878954265362166,0,1,2.977977914657522,3.746141516574454,2.0272521000134276,1,1
-0.6078734384574156,-0.24476018588009918,-0.6096593002509261,0,0,0,0,-0.37211850046814016,1,0,-0.9324622263515198,-0.44329472199346825,-0.886199385337487,0,0
-0.6318163261638436,-0.24476018588009918,2.456982289082755,1,1,1,1,-1.001340337585738,0,1,1.555999681563325,0.6040643376485122,2.1652773304333817,1,1
-0.5230249989139125,-0.9085166221651141,-0.6096593002509261,0,0,0,0,2.0089752464020854,1,0,-0.5769676680779705,-0.44329472199346825,-0.8153215643110242,0,0
-0.5701340247139243,-0.24476018588009918,-0.9929894989176362,0,0,0,0,0.6671731236598579,1,0,-0.9324622263515198,-0.44329472199346825,-0.9160426784012607,0,0
-0.6290999377695724,-0.9085166221651141,-0.6096593002509261,0,0,0,0,1.0342191953117899,1,0,-0.9324622263515198,-0.44329472199346825,-1.031685439023384,0,0
2.5985830509375885,-0.24476018588009918,2.2379364612732062,0,0,1,0,-0.7109302589160774,0,0,0.134021448469128,-0.44329472199346825,-0.5019669871413996,0,0
-0.4666497414015356,-0.24476018588009918,-0.8287051280604746,0,0,0,0,0.8567463694581086,1,0,-0.9324622263515198,-0.44329472199346825,-0.9608076179969215,0,0
2.9001440736520343,1.7465091229749454,0.9784229513683013,1,0,0,0,-0.9556276400173654,0,0,-0.22147310980442125,-0.44329472199346825,-0.5803056314338058,0,0
-0.38090943683493916,-0.24476018588009918,-0.5001363863461518,1,1,1,1,-0.9932733909560252,1,1,0.48951600674267726,2.698782456932473,2.299572149220363,0,1
0.4822745259136702,0.4189962504049157,-0.44537492939376466,0,0,0,0,0.1549220126730956,1,0,1.555999681563325,-0.44329472199346825,0.2590369859848316,0,0
-0.6180611522644428,-0.24476018588009918,-0.9929894989176362,0,0,0,0,1.5330253952490307,1,0,-0.9324622263515198,-0.44329472199346825,-0.778017447981307,0,0
-0.6044345052793976,3.73777843182999,1.3069916930826242,1,1,1,0,-0.9932733909560252,0,1,2.622483356383973,3.746141516574454,1.8519227532637565,1,1
1.6231956507692433,0.4189962504049157,2.1831750043208187,0,0,0,0,-0.7620209209042584,1,0,0.134021448469128,-0.44329472199346825,-0.017013474855075855,1,0
-0.5899780214777521,-0.9085166221651141,-0.1715676446318288,0,0,0,0,0.017783919967978123,1,0,-0.9324622263515198,-0.44329472199346825,-0.6661050989921554,0,0
-0.5545308573111588,-0.9085166221651141,-1.1572738697747977,0,0,0,0,0.2987825609029737,1,0,-0.9324622263515198,-0.44329472199346825,-0.8488952690077698,0,0
-0.6068994279716688,-0.9085166221651141,-0.22632910158421599,0,0,0,0,0.7787658853708849,1,0,-0.9324622263515198,-0.44329472199346825,-0.6623746873591837,0,0
-0.5513428310224698,-0.24476018588009918,-1.1572738697747977,0,0,0,0,0.4681884401269424,1,0,-0.9324622263515198,-0.44329472199346825,-1.0615287320871578,0,0
-0.42982175112462667,-0.9085166221651141,-1.0477509558700233,0,0,0,0,-0.4474100023454596,1,1,-0.22147310980442125,-0.44329472199346825,-0.01328306322210408,1,0
0.7646565389429101,0.4189962504049157,3.333165600320949,1,1,1,0,-0.9825174621164081,0,1,1.555999681563325,0.6040643376485122,1.8966876928594174,1,1
4.067556271994303,0.4189962504049157,0.2665240109872685,1,1,1,0,-0.798322180737966,1,0,-0.5769676680779705,-0.44329472199346825,-0.12146500057828409,0,0
-0.6133715963284782,-0.24476018588009918,-1.2120353267271848,0,0,0,0,1.2399263343694662,1,0,-0.9324622263515198,-0.44329472199346825,-0.9682684412628649,0,0
-0.6206205142981318,-0.9085166221651141,-1.1025124128224104,0,0,0,0,0.8177561274144967,1,0,-0.9324622263515198,-0.44329472199346825,-1.005572557592582,0,0
-0.6219672528355097,-0.24476018588009918,-0.7191822141557004,0,0,0,0,2.1730031612062457,1,0,-0.5769676680779705,-0.44329472199346825,-0.8638169155396567,0,0
-0.5381738516150645,-0.9085166221651141,-1.0477509558700233,0,0,0,0,0.5730587463132086,1,0,-0.9324622263515198,-0.44329472199346825,-0.6772963338910706,0,0
-0.5367075271660688,-0.24476018588009918,-1.0477509558700233,0,0,0,0,1.8476363138078298,1,0,-0.9324622263515198,-0.44329472199346825,-0.897390620236402,0,0
-0.5333535335140598,-0.9085166221651141,-0.1715676446318288,0,0,0,0,0.7559095365866986,1,0,-0.9324622263515198,-0.44329472199346825,-0.6735659222580987,0,0
0.9508132452574949,-0.24476018588009918,1.19746877917785,1,0,0,0,-0.6463946858783751,1,0,-0.5769676680779705,-0.44329472199346825,-0.37886340325333284,0,0
-0.4990279063783865,-0.9085166221651141,-0.8287051280604746,0,0,0,0,1.7104982211027122,1,0,-0.5769676680779705,-0.44329472199346825,-0.8750081504385718,0,0
-0.625724709236061,-0.9085166221651141,-0.9929894989176362,0,0,0,0,-0.46757736891974155,1,0,-0.9324622263515198,-0.44329472199346825,-0.9831900877947517,0,0
0.9829248565902258,-0.24476018588009918,1.142707322225463,1,0,0,0,-0.6208493548842846,1,0,0.134021448469128,-0.44329472199346825,0.027751464740584778,1,0
-0.35538957977063534,-0.24476018588009918,-0.1715676446318288,0,0,0,0,-0.868235718195477,1,0,-0.22147310980442125,-0.44329472199346825,0.024021053107613138,0,0
-0.3258300659068691,0.4189962504049157,0.4308083818444299,0,0,0,0,-0.42589814466622544,1,0,1.2005051232897757,-0.44329472199346825,-0.21099487976960535,0,0
-0.5972934381552683,-0.9085166221651141,-0.8834665850128618,0,0,0,0,1.5222694664094139,1,0,-0.5769676680779705,-0.44329472199346825,-0.8600865039066848,0,0
-0.5099532529112806,-0.24476018588009918,-0.33585201548899024,0,0,0,0,0.423820233663522,1,0,-0.9324622263515198,-0.44329472199346825,-0.9981117343266387,0,0
0.7208366845250584,-0.24476018588009918,0.21176255403488134,1,0,1,0,-0.8601687715657641,1,0,-0.22147310980442125,-0.44329472199346825,-0.322907228758757,0,0
2.903914941556692,1.0827526866899306,0.32128546793965546,1,0,1,0,-0.6410167214585666,1,0,-0.22147310980442125,-0.44329472199346825,-0.6213401593964948,0,0
0.8970739071147493,-0.24476018588009918,0.37604692489204267,0,0,0,0,-0.34657316947404965,1,0,1.9114942398368742,-0.44329472199346825,0.5500090933566258,0,0
-0.6075577092982377,-0.24476018588009918,-0.2810905585366032,0,0,0,0,1.0570755440959763,1,0,-0.9324622263515198,-0.44329472199346825,-1.046607085555271,0,0
-0.6294659600691502,-0.24476018588009918,-0.8834665850128618,0,0,0,0,-0.39631934035727856,1,0,-0.9324622263515198,-0.44329472199346825,-0.658644275726212,0,0
1.2442988660617131,0.4189962504049157,0.32128546793965546,1,1,0,1,0.606671023937012,1,0,-0.22147310980442125,0.6040643376485122,1.0871883685045536,1,1
-0.5856120180783608,-0.9085166221651141,-0.1715676446318288,0,0,0,0,0.1428215927285264,1,0,-0.9324622263515198,-0.44329472199346825,-0.9048514435023456,0,0
-0.40856954642959864,-0.9085166221651141,-0.938228041965249,0,0,0,0,-0.6342942659338059,1,0,-0.5769676680779705,-0.44329472199346825,-0.039395944652906106,0,0
-0.5224231576671258,-0.24476018588009918,-0.5548978432985389,0,0,0,0,-0.2981714896957729,1,0,-0.5769676680779705,-0.44329472199346825,-0.5840360430667775,0,0
-0.630978107157177,-0.9085166221651141,-0.8287051280604746,1,1,0,1,-1.012096266425355,0,1,-0.9324622263515198,-0.44329472199346825,-0.4198979312160218,0,1
-0.5318749151862996,-0.24476018588009918,-0.8834665850128618,0,0,0,0,1.6217618081758716,1,0,-0.9324622263515198,-0.44329472199346825,-0.6362618059283816,0,0
-0.5370182270112067,-0.24476018588009918,-1.1025124128224104,0,0,0,0,-0.604715461624859,1,0,-0.5769676680779705,-0.44329472199346825,-0.6772963338910706,0,0
-0.4679009229721534,0.4189962504049157,-0.33585201548899024,1,0,0,0,2.2926628695469855,1,0,1.2005051232897757,-0.44329472199346825,0.7626425564360141,1,1
-0.4691386930386647,-0.9085166221651141,-0.44537492939376466,0,0,0,0,-0.019861830970681574,1,0,-0.5769676680779705,-0.44329472199346825,-0.6474530408272967,0,0
0.783881930079818,-0.24476018588009918,1.2522302361302373,1,1,1,1,0.2261800412355586,1,0,1.2005051232897757,-0.44329472199346825,0.7029559703084665,1,1
-0.5376753907124334,-0.9085166221651141,-1.1025124128224104,0,0,0,0,1.6325177370154886,1,0,-0.5769676680779705,-0.44329472199346825,-0.7742870363483354,0,0
-0.5893784154816499,-0.24476018588009918,-0.33585201548899024,0,0,0,0,1.7118427122076643,1,0,-0.5769676680779705,-0.44329472199346825,-1.0242246157574406,0,0
-0.42481814246749744,-0.24476018588009918,-1.2120353267271848,0,0,0,0,-0.2645592120719696,1,0,-0.5769676680779705,-0.44329472199346825,-0.7854782712472504,0,0
1.1886031247574078,-0.24476018588009918,0.5403312957492042,0,0,0,0,0.48835580670122436,1,0,0.8450105650162265,-0.44329472199346825,0.6917647354095514,1,1
-0.4305716777292578,-0.9085166221651141,0.10223964013010693,0,0,0,0,-0.8924365580846153,1,0,-0.22147310980442125,-0.44329472199346825,-0.28933352406201157,0,0
-0.44519748177024987,-0.9085166221651141,0.04747818317771972,0,0,0,0,-0.7203416966507423,0,0,-0.5769676680779705,-0.44329472199346825,0.09862928576704744,1,0
1.092625930868726,1.0827526866899306,0.32128546793965546,1,0,0,0,-0.6853849279219869,1,0,0.134021448469128,-0.44329472199346825,-0.19980364487069016,0,0
1.3183359568572288,-0.24476018588009918,-0.39061347244137745,1,1,0,1,0.15223303046319134,1,0,0.134021448469128,0.6040643376485122,0.8596332588932789,0,1
-0.5521704325883854,0.4189962504049157,0.21176255403488134,0,0,0,1,-0.9058814691341366,0,0,1.2005051232897757,2.698782456932473,2.139164449002579,0,1
-0.5606269447403104,-0.24476018588009918,-0.44537492939376466,0,0,0,0,1.7494884631463241,1,0,-0.5769676680779705,-0.44329472199346825,-0.8638169155396567,0,0
0.7646565389429101,1.7465091229749454,2.0188906334636574,1,1,1,0,-0.990584408746121,0,1,0.8450105650162265,2.698782456932473,2.0123304534815407,1,1
1.685326119981394,0.4189962504049157,1.6355604347969475,1,1,1,0,-0.9475606933876527,1,0,-0.22147310980442125,-0.44329472199346825,-0.3154464054928136,0,0
-0.43657444344233376,-0.24476018588009918,-0.1715676446318288,0,0,0,1,-0.9865509354312645,0,0,1.555999681563325,1.6514233972904928,1.311013066482857,0,1
-0.6042892139849086,-0.9085166221651141,-0.22632910158421599,0,0,0,0,2.0883002215942614,1,0,-0.5769676680779705,-0.44329472199346825,-0.710870038587816,0,0
-0.15877190025284976,1.0827526866899306,1.5807989778445601,1,0,1,0,1.4967241354153233,1,0,1.2005051232897757,0.6040643376485122,0.7887554378668159,0,1
-0.28058523917768396,1.0827526866899306,0.4308083818444299,0,0,0,0,-0.29279352527596436,1,0,1.9114942398368742,-0.44329472199346825,0.03894269963949997,0,0
1.1473655436927606,-0.24476018588009918,1.19746877917785,1,1,0,1,2.2913183784420332,1,0,0.8450105650162265,0.6040643376485122,1.314743478115829,1,1
-0.5518731442473542,-0.24476018588009918,-1.1572738697747977,0,0,0,0,-0.4272426357711776,1,0,-0.9324622263515198,-0.44329472199346825,-0.9085818551353173,0,0
-0.6206417491796341,-0.24476018588009918,-0.9929894989176362,0,0,0,0,0.47087742233684665,1,0,-0.5769676680779705,-0.44329472199346825,-0.9757292645288083,0,0
0.01519654289213,1.7465091229749454,1.96412917651127,0,0,0,0,-0.6732845079774178,1,0,-0.5769676680779705,-0.44329472199346825,-0.21472529140257712,0,0
0.12020470835863872,-0.24476018588009918,-0.33585201548899024,0,0,0,0,-0.4366540735058425,1,0,1.555999681563325,-0.44329472199346825,-0.11773458894531232,0,0
0.07726218983443166,-0.24476018588009918,-0.062044730727054534,0,0,0,0,0.19122327250680315,1,0,0.8450105650162265,-0.44329472199346825,-0.281872700796068,0,0
-0.3320457392476383,0.4189962504049157,-0.062044730727054534,0,0,0,0,-0.9569721311223176,0,1,1.2005051232897757,2.698782456932473,1.7512016391735201,1,1
-0.5004310849955467,-0.24476018588009918,-0.9929894989176362,0,0,0,0,-0.33581724063443263,1,0,-0.9324622263515198,-0.44329472199346825,-0.9309643249331476,0,0
0.7646565389429101,1.0827526866899306,1.0331844083206885,1,1,0,1,-1.0147852486352593,1,1,2.2669887981104235,2.698782456932473,1.8631139881626717,1,1
0.9620559973875802,-0.9085166221651141,0.5950927527015915,1,1,1,1,2.245605680873661,1,0,0.134021448469128,-0.44329472199346825,1.2028311291266771,0,1
-0.6318163261638436,-0.9085166221651141,-1.1025124128224104,1,1,0,1,-1.0053738109005943,0,1,-0.9324622263515198,-0.44329472199346825,-0.0990825307804537,1,1
-0.18485727574031804,0.4189962504049157,-0.44537492939376466,0,0,0,0,-1.0026848286906902,0,1,1.9114942398368742,2.698782456932473,2.1093211559388054,0,1
2.1003540555649574,0.4189962504049157,2.1831750043208187,1,0,1,0,-0.7889107430033011,1,0,-0.22147310980442125,-0.44329472199346825,-0.42735875448196525,1,0
-0.5972632622710282,-0.9085166221651141,-0.1715676446318288,0,0,0,0,0.9132149958660981,1,0,-0.9324622263515198,-0.44329472199346825,-0.6623746873591837,0,0
0.838403605962119,1.0827526866899306,0.5403312957492042,0,0,0,0,-0.18523423687979382,1,0,0.48951600674267726,-0.44329472199346825,0.3075323372134639,0,0
-0.23734878518847244,0.4189962504049157,-0.007283273774667328,1,0,1,0,1.585460548342164,1,0,0.48951600674267726,0.6040643376485122,1.1767182476958753,0,1
-0.5957695560011481,-0.24476018588009918,-0.22632910158421599,0,0,0,0,-0.38959688483251786,1,0,-0.5769676680779705,-0.44329472199346825,-0.9496163830980062,0,0
-0.6237789235152521,-0.24476018588009918,-0.6644207572033133,0,0,0,0,-0.14086603041637347,1,0,-0.9324622263515198,-0.44329472199346825,-0.9384251481990911,0,0
-0.5194703915129745,-0.9085166221651141,-0.39061347244137745,0,0,0,0,1.2937059785675515,1,0,-0.5769676680779705,-0.44329472199346825,-0.8414344457418262,0,0
2.885467976470642,0.4189962504049157,0.81413858051114,1,0,0,0,-0.8642022448806205,1,0,0.134021448469128,-0.44329472199346825,-0.14757788200908611,0,0
-0.6307719052815369,-0.24476018588009918,-0.6096593002509261,0,0,0,0,1.1646348324921467,1,0,-0.9324622263515198,-0.44329472199346825,-0.7332525083856464,0,0
-0.5955784420676281,-0.24476018588009918,-1.1025124128224104,0,0,0,0,1.9672960221485694,1,0,-0.9324622263515198,-0.44329472199346825,-0.9272339133001759,0,0
-0.5977723406144105,-0.9085166221651141,-0.5548978432985389,0,0,0,0,1.7710003208255582,1,0,-0.9324622263515198,-0.44329472199346825,-1.0167637924914972,0,0
-0.6236593376036343,-0.24476018588009918,-0.9929894989176362,0,0,0,0,0.3888634649347666,1,0,-0.5769676680779705,-0.44329472199346825,-1.0540679088212146,0,0
-0.5584822217085857,-0.9085166221651141,-0.44537492939376466,0,0,0,1,-1.0053738109005943,0,0,1.2005051232897757,0.6040643376485122,1.672862994881114,1,1
-0.4639232943791843,-0.9085166221651141,-0.39061347244137745,0,0,0,0,-0.9677280599619347,0,1,1.555999681563325,1.6514233972904928,1.7623928740724357,0,1
1.4450383478416144,0.4189962504049157,2.1284135473684316,1,0,0,0,-0.6719400168724656,1,0,-0.22147310980442125,-0.44329472199346825,-0.06177841445073649,0,0
0.9851914007842528,1.0827526866899306,0.5950927527015915,0,0,0,0,0.4870113155962722,1,0,1.9114942398368742,-0.44329472199346825,0.21800245802214263,0,0
-0.6220348691687141,-0.9085166221651141,-1.0477509558700233,0,0,0,0,0.6416277926657674,1,0,-0.9324622263515198,-0.44329472199346825,-1.0130333808585255,0,0
-0.5031748552107023,-0.9085166221651141,-0.22632910158421599,0,0,0,0,0.14013261051862214,1,0,-0.5769676680779705,-0.44329472199346825,-0.658644275726212,0,0
-0.630978107157177,-0.9085166221651141,-0.8834665850128618,1,1,0,1,-1.0067183020055466,0,1,-0.9324622263515198,-0.44329472199346825,-0.6922179804229573,1,1
-0.4835571775786744,-0.24476018588009918,-1.0477509558700233,0,0,0,0,2.177036634521102,1,0,-0.5769676680779705,-0.44329472199346825,-0.8377040341088546,0,0
0.15110146094437396,-0.24476018588009918,0.5403312957492042,0,0,0,0,0.5179346110101712,1,0,0.48951600674267726,-0.44329472199346825,0.07251640433624555,0,0
-0.29803472364580064,-0.24476018588009918,1.142707322225463,1,1,0,0,-0.9341157823381314,1,0,0.134021448469128,-0.44329472199346825,-0.16249952854097294,0,0
1.5377710753618246,-0.24476018588009918,2.2379364612732062,1,0,0,0,-0.8131115828924395,1,0,-0.22147310980442125,-0.44329472199346825,-0.5877664546997492,1,0
-0.6052134901429265,-0.24476018588009918,-0.7191822141557004,0,0,0,0,0.7249862411727996,1,0,-0.9324622263515198,-0.44329472199346825,-1.0242246157574406,0,0
1.0310173926913935,1.7465091229749454,1.526037520892173,1,1,0,0,-0.8951255402945195,1,0,-0.22147310980442125,-0.44329472199346825,-0.3527505218225308,1,0
-0.40113342621512266,-0.9085166221651141,-0.22632910158421599,0,0,0,0,-0.8225230206271044,1,1,-0.22147310980442125,-0.44329472199346825,-0.03566553301993446,0,0
3.184899364095483,0.4189962504049157,0.21176255403488134,0,0,0,0,-0.635638757038758,1,0,-0.5769676680779705,-0.44329472199346825,-0.028204709753991045,1,0
2.8607444274626714,0.4189962504049157,1.8546062626064956,1,0,0,0,-0.7969776896330139,1,0,-0.5769676680779705,-0.44329472199346825,0.04640352290544339,1,0
-0.6044345052793976,1.0827526866899306,0.4308083818444299,1,1,1,0,-1.0094072842154507,0,1,2.2669887981104235,2.698782456932473,2.139164449002579,1,1
1.0094019597601434,0.4189962504049157,0.6498542096539783,0,0,0,0,0.4601214934972296,1,0,1.9114942398368742,-0.44329472199346825,0.17323751842648188,0,0
-0.17310823933020617,1.0827526866899306,1.3069916930826242,1,1,0,0,-0.9152929068688015,0,0,-0.5769676680779705,-0.44329472199346825,-0.3415592869236156,1,0
-0.6318163261638436,2.4102655592599604,0.48556983879681703,1,1,1,0,-1.0026848286906902,1,1,1.2005051232897757,2.698782456932473,1.8258098718329545,1,1
-0.5381229996619934,-0.24476018588009918,-1.1025124128224104,0,0,0,0,-0.7310976254903594,1,0,-0.22147310980442125,-0.44329472199346825,0.07251640433624555,0,0
1.5332804567367755,1.0827526866899306,0.9784229513683013,0,1,0,0,-0.6826959457120827,1,0,-0.5769676680779705,-0.44329472199346825,-0.19607323323771852,0,0
-0.2387167586073525,-0.24476018588009918,1.3069916930826242,1,0,1,0,0.8164116363095446,1,0,0.134021448469128,-0.44329472199346825,0.7924858494997877,1,1
1.5579509185409905,1.0827526866899306,0.7046156666063655,1,1,1,1,0.13072117278395723,1,0,0.48951600674267726,-0.44329472199346825,1.393082122408235,1,1
-0.630978107157177,-0.9085166221651141,-1.0477509558700233,0,1,1,1,-1.010751775320403,0,1,-0.9324622263515198,-0.44329472199346825,0.07251640433624555,1,1
2.2029833554905465,-0.24476018588009918,0.37604692489204267,1,0,1,0,-0.8951255402945195,1,0,0.134021448469128,-0.44329472199346825,-0.255759819365266,0,0
-0.6044345052793976,1.7465091229749454,0.10223964013010693,1,1,1,1,-0.9838619532213603,0,1,2.977977914657522,2.698782456932473,2.2436159747257873,1,1
2.5108120211241745,0.4189962504049157,1.0331844083206885,1,0,0,0,-0.7862217607933969,1,0,-0.5769676680779705,-0.44329472199346825,-0.7183308618537596,1,0
-0.6249647240033499,-0.24476018588009918,-0.6644207572033133,0,0,0,0,1.4577338933717114,1,0,-0.5769676680779705,-0.44329472199346825,-0.6325313942954099,0,0
-0.630978107157177,-0.9085166221651141,-0.5548978432985389,1,1,1,1,-0.9986513553758337,0,1,-0.9324622263515198,-0.44329472199346825,-0.2744118775301246,0,1
0.003731942131613739,-0.24476018588009918,0.21176255403488134,0,0,0,0,0.2006347102414681,1,0,1.9114942398368742,-0.44329472199346825,0.3896013931388419,0,0
-0.43146410156502235,-0.24476018588009918,-1.0477509558700233,0,0,0,0,2.13804639247749,1,0,-0.9324622263515198,-0.44329472199346825,-0.7481741549175333,0,0
-0.6295810754793991,-0.24476018588009918,1.142707322225463,0,1,1,0,-1.010751775320403,0,1,1.9114942398368742,0.6040643376485122,2.359258735347911,0,1
-0.36014619322713337,-0.24476018588009918,-0.39061347244137745,0,0,0,0,2.0573769261803623,1,0,-0.5769676680779705,-0.44329472199346825,-0.7668262130823918,0,0
0.8066183412293171,-0.24476018588009918,0.81413858051114,0,1,0,0,0.05139619759178143,1,0,-0.22147310980442125,-0.44329472199346825,1.016310547478091,1,1
-0.38090943683493916,-0.24476018588009918,-0.22632910158421599,1,1,0,1,-0.9838619532213603,0,1,0.48951600674267726,1.6514233972904928,1.8556531648967287,1,1
-0.5577987938118169,0.4189962504049157,0.4308083818444299,0,0,0,0,-0.9166373979737537,1,1,1.9114942398368742,0.6040643376485122,1.6989758763119163,1,1
0.28782336312178247,1.0827526866899306,-0.007283273774667328,1,1,1,1,0.8688467894026777,1,0,0.134021448469128,0.6040643376485122,0.5835827980533712,0,1
0.6500166782771295,-0.24476018588009918,0.15700109708249413,0,0,0,0,-0.3815299382028051,1,0,1.9114942398368742,-0.44329472199346825,-0.14384747037611434,0,0
-0.6295810754793991,1.7465091229749454,0.8689000374635272,1,1,1,0,-0.9999958464807859,0,1,1.9114942398368742,2.698782456932473,2.1093211559388054,1,1
1.0568451555374796,0.4189962504049157,0.10223964013010693,1,0,1,1,1.2748831030982215,1,0,0.48951600674267726,0.6040643376485122,0.6581910307128057,1,1
-0.34133041177815,0.4189962504049157,-0.9929894989176362,0,0,0,1,-0.9731060243817432,0,0,0.48951600674267726,0.6040643376485122,1.3595084177114893,1,1
-0.24268991669895276,-0.9085166221651141,-0.6644207572033133,0,0,0,0,1.7118427122076643,1,0,-0.5769676680779705,-0.44329472199346825,-0.9011210318693739,0,0
-0.6318163261638436,1.0827526866899306,0.10223964013010693,0,1,1,0,-1.012096266425355,0,1,1.2005051232897757,1.6514233972904928,2.0832082745080034,1,1
-0.5131921311530407,-0.24476018588009918,-0.9929894989176362,0,0,0,0,0.10652033289481884,1,0,-0.9324622263515198,-0.44329472199346825,-0.9272339133001759,0,0
2.2259052924468543,-0.24476018588009918,0.10223964013010693,1,0,0,0,-0.6934518745516998,1,0,-0.5769676680779705,-0.44329472199346825,-0.4721236940776259,0,0
-0.6318163261638436,1.0827526866899306,0.9236614944159144,0,0,1,0,-0.9986513553758337,0,1,0.48951600674267726,3.746141516574454,1.7325495810086615,1,1
0.3008531981740812,1.0827526866899306,-0.1715676446318288,0,0,0,0,0.2920601053782131,1,0,0.48951600674267726,-0.44329472199346825,0.3411060419102093,0,0
-0.4571286911111439,-0.9085166221651141,-0.33585201548899024,0,0,0,0,-0.5979930061000983,1,0,-0.5769676680779705,-0.44329472199346825,-0.4385499893808804,0,0
-0.6034057311518819,-0.9085166221651141,-0.2810905585366032,0,0,0,0,1.625795281490728,1,0,-0.5769676680779705,-0.44329472199346825,-0.8899297969704587,0,0
0.36530776928538283,-0.24476018588009918,-0.6644207572033133,0,0,0,0,-0.4662328778147894,1,0,0.8450105650162265,-0.44329472199346825,-0.12146500057828409,0,0
-0.36986841607912513,-0.9085166221651141,-0.8287051280604746,0,0,0,0,1.1538789036525297,1,0,-0.9324622263515198,-0.44329472199346825,-0.6399922175613534,0,0
-0.6299811853519147,-0.24476018588009918,-0.7739436711080876,0,0,0,0,0.210046147976133,1,0,-0.9324622263515198,-0.44329472199346825,-0.778017447981307,0,0
0.9690601554072871,-0.24476018588009918,0.8689000374635272,0,0,0,0,-0.5173235398029704,1,0,1.2005051232897757,-0.44329472199346825,0.4418271560004459,0,0
-0.47597408963169624,-0.9085166221651141,-1.1025124128224104,0,0,0,0,-0.696140856761604,1,0,-0.22147310980442125,-0.44329472199346825,-0.6213401593964948,0,0
-0.6220695155543231,-0.24476018588009918,-0.39061347244137745,0,0,0,0,-0.5643807284762951,1,0,-0.9324622263515198,-0.44329472199346825,-0.7332525083856464,0,0
-0.6098734290073223,-0.9085166221651141,-1.1572738697747977,0,0,0,0,0.31357196305744717,1,0,-0.5769676680779705,-0.44329472199346825,-0.6698355106251271,0,0
-0.5447348711865805,-0.24476018588009918,-1.1025124128224104,0,0,0,0,-0.5858925861555292,1,0,-0.5769676680779705,-0.44329472199346825,-0.0692392377166799,0,0
-0.46497497982621555,-0.24476018588009918,-0.39061347244137745,1,1,1,0,2.096367168223974,1,0,-0.22147310980442125,0.6040643376485122,1.195370305860734,1,1
2.3316376791351234,-0.24476018588009918,1.3069916930826242,1,0,0,0,-0.6853849279219869,1,0,-0.5769676680779705,-0.44329472199346825,-0.2445685844663508,0,0
-0.008550201566738186,-0.9085166221651141,-0.5548978432985389,0,0,0,0,-0.9542831489124134,0,0,0.134021448469128,0.6040643376485122,1.553489822626019,1,1
1.4331708431452272,-0.9085166221651141,0.48556983879681703,1,0,1,1,1.5989054593916854,1,0,0.134021448469128,0.6040643376485122,1.6131764087535667,0,1
-0.630978107157177,-0.9085166221651141,-0.39061347244137745,1,1,1,0,-1.001340337585738,0,1,-0.9324622263515198,-0.44329472199346825,-0.5467319267370603,1,1
-0.5367997312568022,-0.9085166221651141,-0.6096593002509261,0,0,0,0,0.698096419073757,1,0,-0.5769676680779705,-0.44329472199346825,-1.031685439023384,0,0
-0.6318163261638436,-0.9085166221651141,-0.6096593002509261,1,1,1,0,-1.0174742308451636,0,1,-0.9324622263515198,-0.44329472199346825,0.1433942253627082,1,1
-0.38090943683493916,1.0827526866899306,2.949835401654239,1,1,1,1,-1.0026848286906902,0,0,2.622483356383973,3.746141516574454,1.8407315183648416,1,1
1.512237247980743,0.4189962504049157,-0.39061347244137745,0,0,0,0,1.339418676135924,1,0,-0.22147310980442125,-0.44329472199346825,0.9790064311483738,1,1
1.0262384267280507,0.4189962504049157,0.6498542096539783,0,0,0,0,1.0274967397870294,1,0,1.2005051232897757,0.6040643376485122,1.232674422190451,1,1
-0.5976259316945793,-0.9085166221651141,-0.39061347244137745,0,0,0,0,1.2426153165793705,1,0,-0.5769676680779705,-0.44329472199346825,-0.6325313942954099,0,0
-0.628423774437528,-0.9085166221651141,-0.8287051280604746,0,0,0,0,-0.2847265786462516,1,0,-0.9324622263515198,-0.44329472199346825,-0.8339736224758828,0,0
0.22347273116730737,-0.24476018588009918,-0.1715676446318288,1,1,1,1,0.3229834007921121,1,0,-0.22147310980442125,0.6040643376485122,0.8969373752229961,1,1
-0.6133939488353225,-0.9085166221651141,-0.1715676446318288,0,0,0,0,2.1998929833052885,1,0,-0.5769676680779705,-0.44329472199346825,-0.6511834524602685,0,0
-0.47301908822686045,-0.24476018588009918,-0.5001363863461518,0,0,0,0,-0.011794884340968781,1,0,-0.9324622263515198,-0.44329472199346825,-0.9048514435023456,0,0
-0.5922009782834323,-0.24476018588009918,-0.938228041965249,0,0,0,0,1.8543587693325905,1,0,-0.5769676680779705,-0.44329472199346825,-1.057798320454186,0,0
3.6138082064294474,0.4189962504049157,1.0331844083206885,1,1,0,0,-0.8776471559301419,1,0,0.134021448469128,-0.44329472199346825,-0.36767216835441763,0,0
-0.6267870121238434,-0.9085166221651141,-0.938228041965249,1,1,1,1,-1.0147852486352593,0,1,-0.9324622263515198,-0.44329472199346825,-0.5877664546997492,1,1
0.30452292098526795,1.0827526866899306,0.21176255403488134,0,0,0,0,0.004339008918456804,1,0,0.8450105650162265,-0.44329472199346825,0.03148187637355655,0,0
-0.5703268150854576,-0.9085166221651141,-1.1025124128224104,0,0,0,0,2.042587524025889,1,0,-0.9324622263515198,-0.44329472199346825,-0.9869204994277235,0,0
0.19932420039791035,1.0827526866899306,-0.44537492939376466,0,0,0,0,0.5676807818934001,1,0,1.9114942398368742,-0.44329472199346825,0.23292410455402948,0,0
-0.5724933318113555,-0.9085166221651141,-0.39061347244137745,0,0,0,1,-0.93949374675794,0,1,0.134021448469128,1.6514233972904928,1.661671759982199,0,1
-0.5485532381682829,-0.9085166221651141,-1.1025124128224104,1,1,1,1,-1.0053738109005943,0,1,-0.9324622263515198,-0.44329472199346825,0.10235969740001921,1,1
-0.630978107157177,-0.9085166221651141,-0.6096593002509261,1,1,1,0,-1.0026848286906902,0,1,-0.9324622263515198,-0.44329472199346825,0.05759475780435871,1,1
-0.5594305268114613,-0.24476018588009918,-0.9929894989176362,0,0,0,0,1.9941858442476121,1,0,-0.5769676680779705,-0.44329472199346825,-0.8936602086034304,0,0
2.01655450740513,1.7465091229749454,0.9236614944159144,1,0,0,0,-0.8023556540528224,0,0,-0.22147310980442125,-0.44329472199346825,-0.22964693793446397,0,0
2.523656889182335,-0.24476018588009918,1.6355604347969475,1,0,0,0,-0.7512649920646414,1,0,0.134021448469128,-0.44329472199346825,-0.13265623547719915,0,0
-0.5222901602514013,-0.9085166221651141,-0.8834665850128618,0,0,0,0,-0.3519511338938582,1,0,-0.5769676680779705,-0.44329472199346825,-1.0093029692255537,0,0
-0.38090943683493916,-0.24476018588009918,-0.1715676446318288,1,1,1,0,-0.981172971011456,0,1,0.8450105650162265,2.698782456932473,2.049634569811258,1,1
-0.5328522785480732,-0.9085166221651141,-0.6644207572033133,0,0,0,0,0.19929021913651596,1,0,-0.9324622263515198,-0.44329472199346825,-0.9496163830980062,0,0
-0.6267870121238434,-0.9085166221651141,-0.9929894989176362,1,1,1,1,-1.0134407575303073,0,1,-0.9324622263515198,-0.44329472199346825,-0.3825938148863046,1,1
-0.6153766161924249,-0.24476018588009918,-0.1715676446318288,0,0,0,0,-0.7431980454349286,1,0,-0.5769676680779705,-0.44329472199346825,-0.3191768171257852,1,0
-0.5875455099204054,-0.9085166221651141,-0.7191822141557004,0,0,1,0,-0.8991590136093759,0,0,1.2005051232897757,0.6040643376485122,1.557220234258991,1,1
3.059894087193262,1.0827526866899306,1.96412917651127,1,0,1,0,-0.6544616325080879,1,0,-0.22147310980442125,-0.44329472199346825,-0.7146004502207878,0,0
-0.5809934313516272,-0.24476018588009918,-0.2810905585366032,0,0,0,0,0.03391781322740371,1,0,-0.9324622263515198,-0.44329472199346825,-0.9533467947309779,0,0
-0.4288304174460755,-0.24476018588009918,-0.6096593002509261,0,0,0,0,1.9081384135306756,1,0,-0.9324622263515198,-0.44329472199346825,-0.8600865039066848,0,0
-0.5068769891568136,-0.9085166221651141,-0.9929894989176362,0,0,0,0,-0.014483866550873045,1,0,-0.9324622263515198,-0.44329472199346825,-0.7817478596142788,0,0
-0.5823066411287384,-0.9085166221651141,-1.1025124128224104,0,0,0,0,-0.6074044438347633,1,0,-0.9324622263515198,-0.44329472199346825,-0.7481741549175333,0,0
0.593980061243446,1.0827526866899306,-0.5548978432985389,0,0,0,0,0.4668439490219902,1,0,0.48951600674267726,-0.44329472199346825,0.18815916495836896,0,0
-0.6073140669736333,-0.24476018588009918,0.5403312957492042,0,0,0,0,-0.9489051844926049,1,1,0.48951600674267726,2.698782456932473,2.101860332672862,1,1
0.08947615838690795,1.0827526866899306,1.6903218917493346,1,0,0,0,-0.8668912270905248,1,0,-0.22147310980442125,-0.44329472199346825,-0.39378504978521967,0,0
-0.02120674975473452,0.4189962504049157,0.7046156666063655,0,0,0,0,0.10248685957996244,1,0,0.48951600674267726,-0.44329472199346825,0.3970622164047852,0,0
-0.5485532381682829,-0.9085166221651141,-0.33585201548899024,1,1,1,0,-1.0067183020055466,0,1,-0.9324622263515198,-0.44329472199346825,-0.08043047261559509,1,1
-0.6258130016380966,-0.9085166221651141,-0.44537492939376466,0,0,0,0,0.29743806979802156,1,0,-0.9324622263515198,-0.44329472199346825,-1.0093029692255537,0,0
1.196786377513159,-0.24476018588009918,0.7046156666063655,0,0,0,0,-0.4648883867098373,1,0,1.9114942398368742,-0.44329472199346825,0.5723915631544562,0,0
-0.1962788479251588,0.4189962504049157,0.5403312957492042,0,0,0,0,-0.9354602734430835,0,1,1.555999681563325,1.6514233972904928,1.8183490485670115,1,1
-0.2630927261338918,-0.9085166221651141,-0.22632910158421599,0,0,0,0,2.026453630766463,1,0,-0.5769676680779705,-0.44329472199346825,-0.8899297969704587,0,0
-0.6044345052793976,2.4102655592599604,-0.062044730727054534,1,0,1,0,-1.0026848286906902,0,0,0.8450105650162265,2.698782456932473,1.5982547622216796,0,1
-0.24654460650427742,-0.24476018588009918,-0.6644207572033133,0,0,0,0,-0.9166373979737537,1,0,1.555999681563325,0.6040643376485122,1.3371259479136592,0,1
-0.6318163261638436,2.4102655592599604,-0.11680618767944173,1,1,1,1,-0.9865509354312645,0,1,1.9114942398368742,2.698782456932473,2.262268032890646,1,1
-0.6301275942717458,-0.9085166221651141,-1.2120353267271848,0,0,0,0,0.8661578071927735,1,0,-0.5769676680779705,-0.44329472199346825,-1.0503374971882427,0,0
-0.38090943683493916,1.0827526866899306,1.5807989778445601,1,0,1,1,-0.9798284799065039,1,1,0.48951600674267726,1.6514233972904928,2.019791276747484,1,1
-0.5699574399098531,-0.9085166221651141,-0.6096593002509261,0,0,0,0,1.0611090174108326,1,0,-0.9324622263515198,-0.44329472199346825,-0.6138793361305513,0,0
-0.4934531911713817,-0.24476018588009918,-0.7739436711080876,0,0,0,0,-0.5307684508524918,1,0,-0.5769676680779705,-0.44329472199346825,-0.7146004502207878,0,0
-0.6267870121238434,-0.9085166221651141,-1.1572738697747977,1,0,1,1,-1.0080627931104986,0,1,-0.9324622263515198,-0.44329472199346825,-0.19234282160474675,1,1
0.830444437087483,-0.9085166221651141,-0.1715676446318288,1,1,0,0,-0.06423003743410192,1,0,0.134021448469128,0.6040643376485122,0.8185987309305899,1,1
-0.5642223454662395,-0.9085166221651141,-0.6096593002509261,0,0,0,0,1.2264814233199448,1,0,-0.5769676680779705,-0.44329472199346825,-0.7369829200186182,0,0
-0.6267870121238434,-0.9085166221651141,-0.5001363863461518,1,1,1,1,-1.0174742308451636,0,1,-0.9324622263515198,-0.44329472199346825,-0.39751546141819144,1,1
4.077505372790766,0.4189962504049157,0.6498542096539783,0,0,1,0,-0.8534463160410034,1,0,0.134021448469128,-0.44329472199346825,-0.5355406918381451,0,0
-0.6318163261638436,3.074021995544975,2.8403124877494643,0,1,1,0,-0.990584408746121,0,1,2.977977914657522,0.6040643376485122,2.265998444523618,1,1
-0.4981092183470799,-0.24476018588009918,-0.7191822141557004,0,0,0,0,1.2345483699496576,1,0,-0.5769676680779705,-0.44329472199346825,-1.0242246157574406,0,0
-0.5434233378474826,-0.9085166221651141,-0.938228041965249,0,0,0,0,-0.9515941667025091,0,0,-0.22147310980442125,-0.44329472199346825,-0.020743886488047498,0,0
-0.6318163261638436,-0.9085166221651141,-0.5548978432985389,1,1,0,0,-1.0026848286906902,0,1,-0.9324622263515198,-0.44329472199346825,-0.6064185128646079,1,1
-0.38090943683493916,1.7465091229749454,-0.062044730727054534,1,1,1,1,-0.9838619532213603,0,1,2.2669887981104235,0.6040643376485122,2.019791276747484,1,1
-0.5344163952145132,-0.24476018588009918,-0.2810905585366032,0,0,0,0,1.1619458502822424,1,0,-0.5769676680779705,-0.44329472199346825,-0.6213401593964948,0,0
-0.6156392581478471,-0.9085166221651141,-0.22632910158421599,0,0,0,0,0.18181183477213825,1,0,-0.9324622263515198,-0.44329472199346825,-0.9794596761617801,0,0
-0.4965110141077019,-0.24476018588009918,-0.7739436711080876,0,0,0,0,-0.5643807284762951,1,0,-0.5769676680779705,-0.44329472199346825,-0.16249952854097294,1,0
2.225487859381534,0.4189962504049157,1.799844805654109,1,0,0,0,-0.7593319386943542,1,0,-0.22147310980442125,-0.44329472199346825,-0.37513299162036107,0,0
-0.6315257435748659,-0.9085166221651141,-0.7739436711080876,0,0,0,0,-0.2806931053313952,1,0,-0.5769676680779705,-0.44329472199346825,-0.8638169155396567,0,0
1.3920556420555534,0.4189962504049157,2.0188906334636574,1,0,1,0,-0.8158005651023438,0,0,0.134021448469128,-0.44329472199346825,-0.24083817283337916,0,0
1.579939638336543,-0.24476018588009918,1.4712760639397857,1,0,0,1,1.4079877224884825,1,0,-0.22147310980442125,-0.44329472199346825,0.5574699166225694,1,1
-0.6134733002346203,-0.9085166221651141,-0.22632910158421599,0,0,0,0,-0.19195669240455449,1,0,-0.9324622263515198,-0.44329472199346825,-0.6698355106251271,0,0
-0.5511740695957942,-0.24476018588009918,-1.1572738697747977,0,0,0,0,-0.268592685386826,1,0,-0.5769676680779705,-0.44329472199346825,-0.5877664546997492,0,0
-0.5327662213967219,-0.9085166221651141,-0.11680618767944173,0,0,0,1,-0.9757950065916474,0,0,1.555999681563325,2.698782456932473,2.1317036257366357,1,1
-0.2694251913229233,-0.24476018588009918,0.37604692489204267,0,0,0,0,-0.7687433764290191,1,0,1.2005051232897757,-0.44329472199346825,0.35229727680912465,0,0
2.6273222278001636,-0.24476018588009918,1.6355604347969475,1,1,0,0,-0.8749581737202375,0,0,-0.5769676680779705,-0.44329472199346825,-0.15130829364205775,0,0
-0.4808117309255054,-0.9085166221651141,-0.44537492939376466,0,0,0,0,-0.900503504714328,0,1,0.134021448469128,2.698782456932473,1.743740815907577,1,1
-0.5920774806831168,-0.9085166221651141,-0.2810905585366032,0,0,0,0,-0.6907628923417954,1,0,-0.9324622263515198,-0.44329472199346825,-0.9272339133001759,0,0
-0.6262298758907456,-0.24476018588009918,-0.8834665850128618,0,0,0,0,0.2221465679207022,1,0,-0.5769676680779705,-0.44329472199346825,-0.6101489244975795,0,0
2.9930723856071335,1.7465091229749454,1.7450833487017219,1,0,1,0,-0.6947963656566518,1,0,0.134021448469128,-0.44329472199346825,-0.2669510542641812,0,0
-0.6225394770107275,-0.9085166221651141,-0.5548978432985389,0,0,0,0,2.062754890600171,1,0,-0.5769676680779705,-0.44329472199346825,-0.9869204994277235,0,0
-0.6044345052793976,1.7465091229749454,-0.1715676446318288,1,1,0,0,-0.9973068642708816,0,1,1.2005051232897757,0.6040643376485122,1.7101671112108312,1,1
-0.5861171847330453,-0.9085166221651141,-0.39061347244137745,0,0,0,0,-0.04944063527962848,1,0,-0.5769676680779705,-0.44329472199346825,-0.7742870363483354,0,0
0.2423309823792953,0.4189962504049157,-0.2810905585366032,0,1,1,1,1.982085424303043,1,0,0.134021448469128,0.6040643376485122,0.9491631380846002,1,1
-0.36806959809081835,-0.9085166221651141,0.10223964013010693,0,0,0,0,-0.6235383370941888,0,0,-0.5769676680779705,-0.44329472199346825,-0.5318102802051735,1,0
-0.5594148800566703,0.4189962504049157,-0.22632910158421599,0,0,1,1,-0.9126039246588973,0,0,1.9114942398368742,0.6040643376485122,1.8966876928594174,0,1
1.731139259197099,-0.9085166221651141,0.21176255403488134,0,1,1,0,0.023161884387786654,1,0,0.48951600674267726,0.6040643376485122,0.6507302074468624,1,1
0.17961934798918908,1.0827526866899306,1.0331844083206885,1,1,1,0,1.80999056286917,1,0,0.134021448469128,-0.44329472199346825,0.5686611515214844,0,1
-0.6044345052793976,3.73777843182999,1.909367719558883,1,1,1,1,-0.9825174621164081,1,0,2.2669887981104235,3.746141516574454,1.557220234258991,0,1
-0.3285945121908559,1.0827526866899306,-0.1715676446318288,0,0,0,0,-0.11397620831733082,1,0,0.48951600674267726,-0.44329472199346825,-0.363941756721446,0,0
-0.38692505523945064,-0.24476018588009918,-0.7191822141557004,0,0,0,0,0.31357196305744717,1,0,-0.5769676680779705,-0.44329472199346825,-0.9682684412628649,0,0
2.3863622040170376,0.4189962504049157,1.526037520892173,1,0,0,0,-0.6342942659338059,1,0,-0.5769676680779705,-0.44329472199346825,-0.49450616387545626,0,0
0.9857530075187193,0.4189962504049157,0.7046156666063655,0,0,0,0,-0.7136192411259817,1,0,0.8450105650162265,-0.44329472199346825,-0.2930639356949832,0,0
-0.5841132824944407,-0.24476018588009918,-0.33585201548899024,0,0,0,0,1.9968748264575165,1,0,-0.9324622263515198,-0.44329472199346825,-0.8115911526780526,0,0
-0.4624267940459487,-0.9085166221651141,-0.7191822141557004,0,0,0,0,0.18718979919194675,1,0,-0.9324622263515198,-0.44329472199346825,-1.0391462622893275,0,0
0.5624216744551153,-0.24476018588009918,0.37604692489204267,1,1,0,0,1.3300072384012591,1,0,0.8450105650162265,0.6040643376485122,0.8932069635900243,1,1
-0.5522944890013721,-0.9085166221651141,-0.6096593002509261,0,0,0,0,0.020472902177882387,1,0,-0.5769676680779705,-0.44329472199346825,-0.7146004502207878,0,0
-0.3758052418970099,0.4189962504049157,-0.5001363863461518,0,0,1,0,-0.9596611133322219,0,1,1.2005051232897757,0.6040643376485122,1.4080037689401221,0,1
-0.5886201066869521,-0.24476018588009918,-0.5001363863461518,0,0,0,0,-0.38825239372756576,1,0,-0.5769676680779705,-0.44329472199346825,-0.9794596761617801,0,0
-0.43884992863909833,-0.9085166221651141,0.15700109708249413,0,0,0,1,-0.9771394976965996,0,1,1.555999681563325,2.698782456932473,2.090669097773947,1,1
-0.5773566784880358,-0.9085166221651141,-0.6644207572033133,0,0,0,0,0.46415496681208596,1,0,-0.9324622263515198,-0.44329472199346825,-0.6288009826624381,0,0
-0.27024552832411447,-0.24476018588009918,-0.8287051280604746,0,0,0,0,0.14013261051862214,1,0,-0.5769676680779705,-0.44329472199346825,-0.617609747763523,0,0
-0.32265098062091774,-0.24476018588009918,0.37604692489204267,0,0,0,0,-0.5348019241673482,1,0,1.9114942398368742,-0.44329472199346825,0.3224539837453507,0,0
1.0440293457382164,1.0827526866899306,0.10223964013010693,0,0,0,0,0.08904194853044112,1,0,0.48951600674267726,-0.44329472199346825,0.27768904414969026,0,0
-0.4688095523753802,-0.24476018588009918,-1.0477509558700233,0,0,0,0,0.5233125754299798,1,0,-0.9324622263515198,-0.44329472199346825,-0.7257916851197029,0,0
0.9396872849756721,0.4189962504049157,0.7046156666063655,0,0,0,0,0.24903639001974484,1,0,0.48951600674267726,-0.44329472199346825,-0.1401170587431427,0,0
-0.5265963706949838,-0.9085166221651141,-0.6644207572033133,0,0,0,0,1.5720156372926426,1,0,-0.5769676680779705,-0.44329472199346825,-0.8712777388056001,0,0
0.24700433274779776,-0.24476018588009918,0.5950927527015915,0,0,0,0,-0.5603472551614387,1,0,0.8450105650162265,-0.44329472199346825,0.23665451618700126,0,0
-0.6194509193774962,-0.9085166221651141,-1.2120353267271848,0,0,0,0,0.02853984880759518,1,0,-0.9324622263515198,-0.44329472199346825,-0.658644275726212,0,0
-0.5883401415387254,-0.24476018588009918,-0.7191822141557004,0,0,0,0,1.504791082045036,1,0,-0.5769676680779705,-0.44329472199346825,-0.8265127992099395,0,0
-0.6267870121238434,-0.9085166221651141,-0.5001363863461518,1,1,1,0,-1.0040293197956422,0,1,-0.9324622263515198,-0.44329472199346825,-0.7220612734867312,0,1
2.9250514720288,-0.24476018588009918,1.6903218917493346,1,0,0,0,-0.7633654120092106,1,0,0.134021448469128,-0.44329472199346825,-0.41243710795007826,0,0
-0.616266804777505,-0.24476018588009918,-0.6644207572033133,0,0,0,0,-0.9233598534985143,1,0,1.9114942398368742,2.698782456932473,1.3669692409774328,1,1
-0.6318163261638436,0.4189962504049157,3.1141197725114003,1,1,1,1,-1.0094072842154507,0,1,2.977977914657522,0.6040643376485122,1.7101671112108312,1,1
-0.4293875536791733,1.0827526866899306,-0.11680618767944173,0,0,0,0,-0.04675165306972422,1,0,0.8450105650162265,-0.44329472199346825,0.21054163475619908,0,0
-0.36185001306135134,-0.24476018588009918,-0.7191822141557004,0,0,0,0,-0.6289163015139974,1,0,-0.22147310980442125,-0.44329472199346825,0.21427204638917086,1,0
-0.5485532381682829,-0.9085166221651141,-1.1572738697747977,1,1,1,0,-1.0094072842154507,0,1,-0.9324622263515198,-0.44329472199346825,-0.7407133316515898,1,1
-0.628927264654199,-0.24476018588009918,-0.22632910158421599,0,0,0,0,1.8557032604375425,1,0,-0.5769676680779705,-0.44329472199346825,-0.7742870363483354,0,0
-0.5926524989216901,0.4189962504049157,0.2665240109872685,0,0,1,0,-0.9569721311223176,0,1,1.2005051232897757,1.6514233972904928,1.9116093393913045,1,1
-0.4876130399455991,-0.9085166221651141,-0.2810905585366032,0,0,0,0,-0.9085704513440409,1,0,-0.5769676680779705,-0.44329472199346825,0.17696793005945363,0,0
-0.38090943683493916,3.074021995544975,1.6903218917493346,1,1,1,1,-1.0094072842154507,0,1,2.2669887981104235,1.6514233972904928,1.844461929997813,1,1
0.26697797405132345,-0.24476018588009918,0.32128546793965546,0,0,1,0,-0.9932733909560252,0,1,0.48951600674267726,1.6514233972904928,1.9451830440880498,1,1
-0.5907804764734678,-0.24476018588009918,-0.44537492939376466,0,0,0,0,1.0826208750900668,1,0,-0.9324622263515198,-0.44329472199346825,-0.8414344457418262,0,0
-0.5776159675674314,-0.9085166221651141,-0.938228041965249,0,0,0,0,-0.6410167214585666,1,0,-0.9324622263515198,-0.44329472199346825,-1.0167637924914972,0,0
0.40373396380166965,1.7465091229749454,0.48556983879681703,0,0,0,0,-0.9354602734430835,1,0,-0.5769676680779705,-0.44329472199346825,0.005368994942754528,0,0
-0.5708934511339644,0.4189962504049157,-0.6096593002509261,0,0,0,0,-0.9892399176411688,1,1,0.8450105650162265,1.6514233972904928,1.51245529466333,1,1
1.127337697560137,1.0827526866899306,-0.39061347244137745,0,0,0,0,0.15357752156814347,1,0,0.48951600674267726,-0.44329472199346825,0.2553065743518598,0,0
-0.6016521769899352,-0.9085166221651141,-0.6096593002509261,0,0,0,0,-0.39094137593747,1,0,-0.5769676680779705,-0.44329472199346825,-0.7444437432845615,0,0
-0.5560251223937102,-0.9085166221651141,-1.0477509558700233,0,0,0,0,-0.26724819428187385,1,0,-0.9324622263515198,-0.44329472199346825,-1.0689895553531013,0,0
-0.6295810754793991,-0.24476018588009918,2.1284135473684316,1,1,1,1,-1.0080627931104986,0,1,1.555999681563325,3.746141516574454,1.7885057555032373,0,1
-0.5373546322392156,-0.9085166221651141,-0.5548978432985389,0,0,0,0,1.8395693671781168,1,0,-0.9324622263515198,-0.44329472199346825,-0.8265127992099395,0,0
-0.46405517416956654,-0.9085166221651141,-0.33585201548899024,0,0,0,0,1.0826208750900668,1,0,-0.9324622263515198,-0.44329472199346825,-0.8227823875769676,0,0
-0.3557131323072087,-0.24476018588009918,-0.9929894989176362,0,0,0,0,1.36227502492011,1,0,-0.9324622263515198,-0.44329472199346825,-0.9272339133001759,0,0
-0.5575685629913191,-0.9085166221651141,-0.22632910158421599,0,0,0,0,0.7922107964204061,1,0,-0.9324622263515198,-0.44329472199346825,-0.9943813226936669,0,0
-0.5148970686126008,-0.24476018588009918,-0.1715676446318288,0,0,0,0,-0.6154713904644761,1,0,-0.22147310980442125,-0.44329472199346825,-0.6810267455240423,0,0
-0.371280535699023,-0.24476018588009918,0.32128546793965546,0,0,0,0,-0.9892399176411688,0,1,0.134021448469128,0.6040643376485122,1.6542109367162554,1,1
0.7646565389429101,1.0827526866899306,2.0188906334636574,1,1,1,1,-0.9946178820609773,0,1,1.9114942398368742,2.698782456932473,1.6691325832481425,1,1
-0.6267870121238434,-0.9085166221651141,-1.0477509558700233,1,1,1,1,-1.0134407575303073,0,1,-0.9324622263515198,-0.44329472199346825,-0.11400417731234054,1,1
-0.6241058289278522,-0.24476018588009918,-0.5548978432985389,0,0,0,0,2.0089752464020854,1,0,-0.5769676680779705,-0.44329472199346825,-0.8638169155396567,0,0
0.7646565389429101,-0.24476018588009918,0.2665240109872685,1,1,1,0,-0.991928899851073,0,1,0.48951600674267726,2.698782456932473,1.982487160417767,1,1
-0.6092017361766467,-0.9085166221651141,-0.5001363863461518,0,0,0,0,-0.9126039246588973,0,1,0.134021448469128,2.698782456932473,1.3035522432169133,0,1
-0.5432428413547137,-0.24476018588009918,-0.39061347244137745,0,0,0,0,-0.12742111936685213,1,0,-0.5769676680779705,-0.44329472199346825,-0.6026881012316361,0,0
-0.6122036778458558,-0.9085166221651141,-0.7191822141557004,0,0,0,0,0.8769137360323905,1,0,-0.9324622263515198,-0.44329472199346825,-0.9458859714650345,0,0
1.6353939725669286,0.4189962504049157,0.9784229513683013,1,0,1,0,-0.8615132626707163,1,0,-0.22147310980442125,-0.44329472199346825,-0.4422804010138521,1,0
3.4434921629028508,1.0827526866899306,1.799844805654109,1,0,0,0,-0.8023556540528224,1,0,-0.5769676680779705,-0.44329472199346825,-0.617609747763523,1,0
-0.4539853698361437,-0.24476018588009918,-0.6096593002509261,0,0,0,0,-0.05347410859448488,1,0,-0.5769676680779705,-0.44329472199346825,-1.0167637924914972,0,0
-0.40413704432234504,1.0827526866899306,-0.33585201548899024,0,0,0,0,-0.44203203792565104,1,0,0.8450105650162265,-0.44329472199346825,-0.005822239956160663,0,0
-0.6318163261638436,1.0827526866899306,2.785551030797077,1,0,1,1,-1.0067183020055466,0,1,2.2669887981104235,3.746141516574454,1.9339918091891346,1,1
2.836150522994399,1.0827526866899306,1.0331844083206885,0,0,0,0,-0.7431980454349286,0,0,-0.5769676680779705,-0.44329472199346825,-0.09162170751451029,0,0
-0.02677028870831706,-0.24476018588009918,-0.5548978432985389,0,0,1,1,-0.990584408746121,1,1,0.134021448469128,1.6514233972904928,1.6094459971205948,1,1
-0.6263556087417456,-0.24476018588009918,-1.1572738697747977,0,0,0,0,0.5744032374181608,1,0,-0.5769676680779705,-0.44329472199346825,-0.6474530408272967,0,0
-0.37460491227946324,-0.9085166221651141,-0.1715676446318288,0,0,0,0,-0.8171450562072959,1,0,-0.5769676680779705,-0.44329472199346825,-0.1662299401739447,0,0
-0.6115928955963313,-0.9085166221651141,-0.6096593002509261,0,0,0,0,0.4614659846021817,1,0,-0.9324622263515198,-0.44329472199346825,-0.6026881012316361,0,0
1.5058656659047338,-0.24476018588009918,0.6498542096539783,1,0,1,0,-0.7015188211814125,1,0,-0.22147310980442125,-0.44329472199346825,-0.024474298121019273,0,0
0.7646565389429101,1.7465091229749454,-0.22632910158421599,1,1,1,1,-0.9878954265362166,0,1,0.48951600674267726,1.6514233972904928,1.6206372320195097,1,1
-0.6044345052793976,0.4189962504049157,3.168881229463788,1,1,1,1,-0.9865509354312645,0,1,0.8450105650162265,3.746141516574454,2.142894860635551,1,1
-0.5989547882264816,-0.24476018588009918,-1.0477509558700233,0,0,0,0,1.9551956022040002,1,0,-0.9324622263515198,-0.44329472199346825,-0.9757292645288083,0,0
-0.6318163261638436,0.4189962504049157,1.142707322225463,1,1,1,0,-0.9959623731659294,0,1,0.8450105650162265,0.6040643376485122,1.672862994881114,1,1
-0.4111780839783455,-0.24476018588009918,-0.938228041965249,0,0,0,0,-0.8924365580846153,1,0,-0.5769676680779705,-0.44329472199346825,0.05386434617138694,1,0
-0.289680474212689,-0.24476018588009918,-0.44537492939376466,1,0,0,1,1.4752122777360892,1,0,0.8450105650162265,0.6040643376485122,1.3445867711796027,1,1
-0.49764763908074194,-0.9085166221651141,-0.8834665850128618,0,0,0,0,-0.6974853478665561,1,0,-0.5769676680779705,-0.44329472199346825,-0.6772963338910706,0,0
1.322394613287509,1.7465091229749454,1.3617531500350115,1,1,1,0,-0.6800069635021784,1,0,0.134021448469128,-0.44329472199346825,-0.21472529140257712,0,0
-0.4780305202613852,-0.9085166221651141,-0.7739436711080876,0,0,0,0,0.1293766816790051,1,0,-0.5769676680779705,-0.44329472199346825,-0.5914968663327209,0,0
-0.6209725662809319,-0.24476018588009918,-0.9929894989176362,0,0,0,0,-0.7848772696884447,0,0,-0.22147310980442125,-0.44329472199346825,-0.08789129588153852,0,0
-0.5777752291786981,-0.24476018588009918,-0.8287051280604746,0,0,0,0,0.09710889516015392,1,0,-0.5769676680779705,-0.44329472199346825,-0.9794596761617801,0,0
-0.5703603438457243,-0.24476018588009918,-0.7739436711080876,0,0,0,0,0.6402833015608153,1,0,-0.5769676680779705,-0.44329472199346825,-0.9570772063639497,0,0
-0.38090943683493916,1.0827526866899306,2.949835401654239,1,1,0,1,-1.0040293197956422,0,1,0.8450105650162265,1.6514233972904928,2.008600041848569,1,1
4.029810152498758,1.7465091229749454,1.0879458652730758,1,0,0,0,-0.7297531343854073,1,0,-0.22147310980442125,-0.44329472199346825,-0.5914968663327209,0,0
-0.6260287033291456,-0.24476018588009918,-0.44537492939376466,0,0,0,0,-0.13952153931142133,1,0,-0.9324622263515198,-0.44329472199346825,-1.0652591437201295,0,0
-0.5485532381682829,-0.9085166221651141,-0.9929894989176362,1,1,1,1,-1.012096266425355,0,1,-0.9324622263515198,-0.44329472199346825,-0.6437226291943251,1,1
0.35834440459066685,0.4189962504049157,-0.22632910158421599,1,1,1,1,1.6204173170709193,1,0,1.2005051232897757,-0.44329472199346825,1.1580661895310167,1,1
-0.42729982953990203,-0.9085166221651141,-0.8287051280604746,0,0,0,0,-0.7310976254903594,1,1,-0.5769676680779705,-0.44329472199346825,-0.2445685844663508,1,0
-0.493031846417364,-0.9085166221651141,-0.9929894989176362,0,0,0,0,0.41978676034866563,1,0,-0.5769676680779705,-0.44329472199346825,-0.658644275726212,0,0
-0.5173407564233699,-0.9085166221651141,-0.44537492939376466,0,0,0,0,1.0369081775216942,1,0,-0.5769676680779705,-0.44329472199346825,-0.9869204994277235,0,0
-0.6011000700708773,-0.9085166221651141,-1.1025124128224104,0,0,0,0,1.7965456518196488,1,0,-0.9324622263515198,-0.44329472199346825,-0.6661050989921554,0,0
-0.43845987739466274,-0.24476018588009918,-0.33585201548899024,0,0,0,0,-0.09111985953314457,1,0,-0.5769676680779705,-0.44329472199346825,-0.6250705710294665,0,0
-0.5064209980171869,-0.24476018588009918,-0.2810905585366032,0,0,0,0,-0.7445425365398808,1,1,-0.22147310980442125,-0.44329472199346825,-0.06550882608370827,0,0
1.0741309078929604,1.0827526866899306,0.10223964013010693,0,0,0,0,0.13206566388890936,1,0,1.555999681563325,-0.44329472199346825,-0.11773458894531232,0,0
-0.564949360751355,-0.24476018588009918,-0.7191822141557004,0,0,0,0,1.6069724060213981,1,0,-0.9324622263515198,-0.44329472199346825,-0.7407133316515898,0,0
1.116773344012781,-0.9085166221651141,0.37604692489204267,1,1,1,0,1.9350282356297184,1,0,0.48951600674267726,0.6040643376485122,0.8633636705262504,1,1
-0.5941216174340413,-0.9085166221651141,-0.9929894989176362,0,0,0,0,2.07485531054474,1,0,-0.5769676680779705,-0.44329472199346825,-0.6325313942954099,0,0
0.2969700089225297,1.7465091229749454,2.1284135473684316,1,0,0,0,-0.7310976254903594,1,0,-0.22147310980442125,-0.44329472199346825,-0.3825938148863046,0,0
-0.5485532381682829,-0.9085166221651141,-0.5548978432985389,1,1,1,0,-1.0067183020055466,0,1,-0.9324622263515198,-0.44329472199346825,-0.6810267455240423,1,1
-0.47184390517951375,-0.24476018588009918,-0.1715676446318288,0,0,0,0,-0.6490836680882793,1,1,-0.22147310980442125,-0.44329472199346825,0.10609010903299099,0,0
-0.5915024624445434,-0.24476018588009918,-0.44537492939376466,0,0,0,0,-0.5576582729515344,1,0,-0.5769676680779705,-0.44329472199346825,-0.7407133316515898,0,0
-0.28738934226113333,-0.24476018588009918,-0.7739436711080876,0,0,0,0,0.1293766816790051,1,0,-0.5769676680779705,-0.44329472199346825,-0.5989576895986644,0,0
-0.38090943683493916,-0.24476018588009918,-0.39061347244137745,1,1,1,0,-1.0067183020055466,0,1,1.2005051232897757,1.6514233972904928,1.8854964579605022,1,1
-0.5271434483000017,-0.24476018588009918,-0.938228041965249,0,0,0,0,0.07694152858587193,1,0,-0.5769676680779705,-0.44329472199346825,-1.0279550273904123,0,0
-0.5660999560411729,-0.9085166221651141,-1.1025124128224104,0,0,0,0,-0.027928777600394365,1,0,-0.9324622263515198,-0.44329472199346825,-0.8377040341088546,0,0
0.5580819352512661,-0.24476018588009918,0.32128546793965546,0,0,0,0,0.05274068869673356,1,0,0.8450105650162265,-0.44329472199346825,-0.3714025799873894,0,0
-0.6236800136724654,-0.24476018588009918,-0.7191822141557004,0,0,0,0,0.608015515041964,1,0,-0.5769676680779705,-0.44329472199346825,-0.7481741549175333,0,0
3.8007930731226196,1.7465091229749454,1.0331844083206885,1,0,0,0,-0.8951255402945195,1,0,0.134021448469128,-0.44329472199346825,-0.43481957774790864,0,0
0.7382436992301706,1.0827526866899306,0.5403312957492042,0,0,0,0,0.1602999770929041,1,0,0.8450105650162265,-0.44329472199346825,0.2590369859848316,0,0
-0.5345946564565976,-0.24476018588009918,-0.8834665850128618,0,0,0,0,-0.696140856761604,1,0,-0.5769676680779705,-0.44329472199346825,0.21054163475619908,0,0
-0.6044345052793976,1.0827526866899306,-0.6644207572033133,1,1,0,1,-1.0026848286906902,0,1,0.48951600674267726,2.698782456932473,1.6169068203865382,1,1
-0.6034549066669397,-0.9085166221651141,-0.6096593002509261,0,0,0,0,-0.5953040238901941,1,0,-0.9324622263515198,-0.44329472199346825,-0.8339736224758828,0,0
-0.10193953397550395,0.4189962504049157,-0.6644207572033133,0,0,0,0,-0.38959688483251786,1,0,1.555999681563325,-0.44329472199346825,0.22546328128808618,0,0
3.520224407211135,0.4189962504049157,0.32128546793965546,1,0,0,0,-0.7526094831695935,1,0,-0.5769676680779705,-0.44329472199346825,-0.5952272779656927,0,0
3.900689220273804,-0.24476018588009918,0.4308083818444299,1,0,1,0,-0.6423612125635187,1,0,-0.5769676680779705,-0.44329472199346825,-0.37886340325333284,0,0
-0.4131987505970834,1.0827526866899306,0.5950927527015915,0,0,0,0,-0.5253904864326833,1,0,1.555999681563325,-0.44329472199346825,0.5313570351917672,0,0
0.7012726529094573,0.4189962504049157,2.2379364612732062,1,0,1,0,-0.868235718195477,1,0,-0.22147310980442125,-0.44329472199346825,-0.5728448081678623,0,0
-0.5006713744441244,-0.24476018588009918,-0.11680618767944173,0,0,0,0,-0.7109302589160774,1,0,-0.22147310980442125,-0.44329472199346825,0.1806983416924254,1,0
-0.5841529581940895,-0.24476018588009918,-0.9929894989176362,0,0,0,0,0.009716973338265333,1,0,-0.5769676680779705,-0.44329472199346825,-1.0242246157574406,0,0
-0.630978107157177,-0.9085166221651141,-0.22632910158421599,1,1,1,0,-1.0053738109005943,0,1,-0.9324622263515198,-0.44329472199346825,-0.05804800281776471,1,1
-0.5440598254798782,-0.9085166221651141,-0.39061347244137745,0,0,0,0,-0.5280794686425875,1,0,-0.9324622263515198,-0.44329472199346825,-1.0615287320871578,0,0
-0.38090943683493916,0.4189962504049157,3.1141197725114003,1,1,1,0,-0.9838619532213603,0,1,0.48951600674267726,3.746141516574454,1.5497594109930475,1,1
2.8850388083392287,0.4189962504049157,1.142707322225463,1,0,0,0,-0.9489051844926049,1,0,-0.5769676680779705,-0.44329472199346825,0.020290641474641363,1,0
-0.4798382792524298,0.4189962504049157,-0.1715676446318288,0,0,0,1,-0.9583166222272698,0,1,1.9114942398368742,2.698782456932473,1.6243676436524819,1,1
-0.5366661750284066,-0.9085166221651141,-0.8287051280604746,0,0,0,0,-0.6853849279219869,1,1,-0.22147310980442125,-0.44329472199346825,0.10609010903299099,0,0
0.1057594008104156,1.7465091229749454,0.5950927527015915,1,0,0,0,-0.6463946858783751,1,0,0.134021448469128,-0.44329472199346825,-0.4907757522424845,0,0
-0.38090943683493916,1.0827526866899306,2.73078957384469,0,1,1,0,-1.0067183020055466,0,1,2.2669887981104235,2.698782456932473,1.822079460199983,1,1
-0.5818500911764406,-0.9085166221651141,-0.8287051280604746,0,0,0,0,1.3273182561913548,1,0,-0.9324622263515198,-0.44329472199346825,-0.8600865039066848,0,0
-0.6318163261638436,-0.24476018588009918,3.168881229463788,1,1,1,1,-0.9946178820609773,0,1,0.48951600674267726,2.698782456932473,2.0608258047101735,1,1
-0.5872554861440987,-0.24476018588009918,-0.5001363863461518,0,0,0,0,-0.054818599699437004,1,0,-0.5769676680779705,-0.44329472199346825,-1.020494204124469,0,0
0.1472344772602849,0.4189962504049157,0.10223964013010693,0,0,0,1,-0.9314268001282271,1,1,0.134021448469128,2.698782456932473,1.9638351022529084,1,1
-0.4190981359660037,-0.9085166221651141,-0.7739436711080876,0,0,0,0,0.9038035581314332,1,0,-0.5769676680779705,-0.44329472199346825,-0.6437226291943251,0,0
0.44749290763837035,0.4189962504049157,-0.2810905585366032,0,0,0,0,0.0460182331719729,1,0,1.555999681563325,-0.44329472199346825,0.3038019255804921,0,0
-0.4916102269820572,-0.24476018588009918,-0.22632910158421599,0,0,0,0,1.1834577079614765,1,0,-0.5769676680779705,-0.44329472199346825,-0.8488952690077698,0,0
-0.18673209225189596,1.0827526866899306,0.4308083818444299,0,0,0,0,0.31626094526735143,1,0,1.555999681563325,-0.44329472199346825,0.3933318047718137,0,0
0.3996211025422917,1.0827526866899306,-0.39061347244137745,0,0,0,0,0.8728802627175342,1,0,-0.22147310980442125,0.6040643376485122,1.6355588785513968,1,1
-0.6075923556838466,-0.9085166221651141,-0.5548978432985389,0,0,0,0,-0.5146345575930662,1,0,-0.5769676680779705,-0.44329472199346825,-0.281872700796068,1,0
-0.13849147079288404,0.4189962504049157,1.799844805654109,1,0,0,0,-0.6840404368170349,1,0,-0.22147310980442125,-0.44329472199346825,0.01656022984166972,1,0
-0.4311439019044756,-0.24476018588009918,-0.8834665850128618,0,0,0,0,0.15357752156814347,1,0,-0.9324622263515198,-0.44329472199346825,-0.9496163830980062,0,0
3.333203776507012,1.7465091229749454,2.0188906334636574,1,0,0,0,-0.7727768497438755,1,0,-0.22147310980442125,-0.44329472199346825,-0.24829899609932257,0,0
1.638979314664778,-0.24476018588009918,0.5950927527015915,0,0,0,0,-0.6544616325080879,1,0,0.134021448469128,-0.44329472199346825,0.024021053107613138,0,0
1.224469398427334,0.4189962504049157,0.2665240109872685,0,0,0,0,-0.5482468352168695,1,0,1.9114942398368742,-0.44329472199346825,0.2553065743518598,0,0
-0.3308202630598916,-0.9085166221651141,1.142707322225463,1,1,1,0,1.104132732769301,1,0,0.8450105650162265,-0.44329472199346825,0.7850250262338444,0,1
-0.6186227589989095,-0.24476018588009918,-0.9929894989176362,0,0,0,0,1.167323814702051,1,0,-0.5769676680779705,-0.44329472199346825,-0.9981117343266387,0,0
-0.6044741809790464,-0.9085166221651141,-0.5001363863461518,0,0,0,0,1.3663084982349665,1,0,-0.5769676680779705,-0.44329472199346825,-0.7481741549175333,0,0
-0.5618753322475727,-0.24476018588009918,-1.2120353267271848,0,0,0,0,-0.11397620831733082,1,0,-0.5769676680779705,-0.44329472199346825,-0.9197730900342325,0,0
-0.44915946360842784,-0.24476018588009918,-0.2810905585366032,0,0,0,0,-0.42455365356127334,0,1,-0.22147310980442125,-0.44329472199346825,-0.5430015151040886,0,0
-0.5260749984728371,-0.9085166221651141,-0.6644207572033133,0,0,0,0,0.8083446896798318,1,0,-0.5769676680779705,-0.44329472199346825,-0.7295220967526747,0,0
-0.6295810754793991,3.73777843182999,2.4022208321303675,0,1,0,0,-1.012096266425355,0,1,2.977977914657522,0.6040643376485122,1.7698536973383787,1,1
-0.5978734857078816,-0.9085166221651141,-0.8834665850128618,0,0,0,0,-0.7714323586389233,1,0,-0.5769676680779705,-0.44329472199346825,-0.4422804010138521,0,0
-0.5283191901600195,-0.24476018588009918,0.21176255403488134,0,0,0,0,-0.9247043446034664,1,1,1.555999681563325,2.698782456932473,1.9041485161253608,1,1
-0.44883032294514336,-0.24476018588009918,-0.6644207572033133,0,0,0,0,2.1824145989409107,1,0,-0.5769676680779705,-0.44329472199346825,-0.9608076179969215,0,0
-0.6077734109892866,-0.9085166221651141,-0.7191822141557004,0,0,0,0,0.8984255937116247,1,0,-0.9324622263515198,-0.44329472199346825,-0.7892086828802222,0,0
0.6564664941270945,1.0827526866899306,-0.7191822141557004,0,0,0,0,-0.09380884174304883,1,0,1.9114942398368742,-0.44329472199346825,0.2291936929210577,0,0
0.7646565389429101,3.73777843182999,2.4022208321303675,1,1,1,1,-1.0147852486352593,1,0,1.2005051232897757,3.746141516574454,1.9078789277583323,1,1
0.43096434645224474,-0.24476018588009918,-0.062044730727054534,0,0,0,0,-0.6732845079774178,1,0,0.48951600674267726,-0.44329472199346825,-0.36767216835441763,0,0
3.32731836145487,1.7465091229749454,2.1284135473684316,1,1,1,0,-0.8131115828924395,1,0,-0.5769676680779705,-0.44329472199346825,-0.4907757522424845,0,0
-0.4928474382358972,-0.24476018588009918,-0.2810905585366032,0,0,0,0,0.7101968390183261,1,0,-0.5769676680779705,-0.44329472199346825,-0.9943813226936669,0,0
-0.5872532508934142,-0.9085166221651141,-0.5001363863461518,0,0,0,0,0.9885064977434175,1,0,-0.5769676680779705,-0.44329472199346825,-0.8936602086034304,0,0
-0.4837002336224788,-0.24476018588009918,-0.938228041965249,0,0,0,0,-0.5966485149951463,1,0,-0.5769676680779705,-0.44329472199346825,-0.6325313942954099,0,0
-0.5638837049875461,-0.24476018588009918,-0.7191822141557004,0,0,0,0,1.3568970605003017,1,0,-0.5769676680779705,-0.44329472199346825,-0.9869204994277235,0,0
0.37475002698914794,-0.24476018588009918,1.4165146069873986,1,1,0,1,1.2869835230427908,1,0,1.2005051232897757,0.6040643376485122,0.9193198450208262,1,1
1.786303569651178,0.4189962504049157,0.5950927527015915,1,0,0,0,-0.8238675117320565,1,0,-0.22147310980442125,-0.44329472199346825,-0.4721236940776259,0,0
0.04136182859156717,1.0827526866899306,1.0879458652730758,1,0,1,0,-0.8400014049914821,1,0,-0.5769676680779705,-0.44329472199346825,-0.0990825307804537,0,0
-0.6251653377522788,-0.9085166221651141,-0.7191822141557004,0,0,0,0,1.7535219364611805,1,0,-0.5769676680779705,-0.44329472199346825,-0.9869204994277235,0,0
-0.38090943683493916,3.73777843182999,0.9784229513683013,1,1,1,1,-1.012096266425355,0,1,2.622483356383973,2.698782456932473,2.0235216883804563,1,1
-0.5721172508836978,-0.24476018588009918,-1.0477509558700233,0,0,0,0,1.360930533815158,1,0,-0.9324622263515198,-0.44329472199346825,-0.9943813226936669,0,0
0.574120976537498,0.4189962504049157,0.6498542096539783,1,1,1,0,-0.7337866077002637,1,0,-0.5769676680779705,-0.44329472199346825,-0.322907228758757,0,0
0.19562597814049676,-0.24476018588009918,0.10223964013010693,0,0,0,0,-0.3304392762146241,1,0,0.8450105650162265,-0.44329472199346825,0.11355093229893454,0,0
1.566334785045671,1.7465091229749454,1.5807989778445601,1,1,0,0,-0.9152929068688015,1,0,-0.5769676680779705,-0.44329472199346825,-0.22218611466852053,1,0
-0.4542351591001304,-0.24476018588009918,-0.8287051280604746,0,0,0,0,1.647307139169962,1,0,-0.5769676680779705,-0.44329472199346825,-0.5989576895986644,0,0
-0.44220056941508074,-0.24476018588009918,-0.5548978432985389,0,0,0,0,1.2264814233199448,1,0,-0.9324622263515198,-0.44329472199346825,-0.8339736224758828,0,0
-0.5909464438367877,-0.9085166221651141,-1.0477509558700233,0,0,0,0,0.41844226924371347,1,0,-0.9324622263515198,-0.44329472199346825,-0.9570772063639497,0,0
-0.5816237720446406,-0.24476018588009918,-0.938228041965249,0,0,0,0,-0.33716173173938474,1,0,-0.9324622263515198,-0.44329472199346825,-0.792939094513194,0,0
1.7623936518923453,-0.24476018588009918,-0.1715676446318288,1,0,0,0,1.3945428114389613,1,0,0.134021448469128,0.6040643376485122,1.6019851738546511,1,1
-0.48371755681528333,-0.24476018588009918,-0.5548978432985389,0,0,0,0,0.3108829808475429,1,0,-0.5769676680779705,-0.44329472199346825,-0.9160426784012607,0,0
1.2431130655736151,-0.24476018588009918,-0.6644207572033133,0,0,0,0,-0.1341435748916128,1,0,0.48951600674267726,-0.44329472199346825,0.13966381372973644,0,0
-0.5687643748570309,-0.9085166221651141,-0.11680618767944173,0,0,1,1,-0.919326380183658,0,1,1.2005051232897757,0.6040643376485122,1.314743478115829,1,1
1.2342514142351348,0.4189962504049157,0.8689000374635272,0,1,1,1,1.3891648470191527,1,0,0.48951600674267726,0.6040643376485122,1.311013066482857,0,1
-0.610902761947509,-0.9085166221651141,-0.22632910158421599,0,0,0,0,1.930994762314862,1,0,-0.5769676680779705,-0.44329472199346825,-0.710870038587816,0,0
1.1564317204688677,0.4189962504049157,-0.062044730727054534,0,0,0,0,0.20735716576622876,1,0,0.8450105650162265,-0.44329472199346825,-0.3191768171257852,0,0
-0.41848064796442597,-0.24476018588009918,-0.8287051280604746,0,0,0,0,-0.4568214400801245,1,0,-0.22147310980442125,-0.44329472199346825,-0.2520294077322943,0,0
-0.6267870121238434,-0.9085166221651141,-1.1572738697747977,1,1,0,0,-1.0080627931104986,0,1,-0.9324622263515198,-0.44329472199346825,-0.12146500057828409,1,1
-0.0008173518239020923,-0.9085166221651141,1.3069916930826242,0,0,0,1,1.3905093381241047,1,0,0.134021448469128,-0.44329472199346825,1.2475960687223375,1,1
-0.5073296274204138,-0.24476018588009918,-0.5548978432985389,0,0,0,0,0.5851591662577779,1,0,-0.5769676680779705,-0.44329472199346825,-0.7481741549175333,0,0
-0.6183724109222517,-0.9085166221651141,-0.44537492939376466,0,0,0,0,-0.5374909063772524,1,0,-0.22147310980442125,-0.44329472199346825,-0.2259165263014922,0,0
3.9432439228042595,0.4189962504049157,2.0188906334636574,1,1,0,0,-0.8265564939419608,0,0,-0.5769676680779705,-0.44329472199346825,-0.2744118775301246,1,0
0.3422796579215636,-0.24476018588009918,-0.007283273774667328,0,0,0,0,0.23290249676031927,1,0,1.9114942398368742,-0.44329472199346825,0.6096956794841734,0,0
-0.6295810754793991,3.074021995544975,0.15700109708249413,1,1,1,1,-0.991928899851073,0,1,1.555999681563325,3.746141516574454,2.228694328193901,1,1
1.2182777540314225,0.4189962504049157,-0.39061347244137745,0,0,0,0,0.35928466062581965,1,0,1.555999681563325,-0.44329472199346825,0.6134260911171452,0,0
0.18649330265652728,1.0827526866899306,0.6498542096539783,0,0,0,0,-0.15834441478075117,1,0,0.8450105650162265,-0.44329472199346825,0.5313570351917672,0,0
-0.5555098971109456,-0.24476018588009918,-0.39061347244137745,0,0,0,0,0.8164116363095446,1,0,-0.5769676680779705,-0.44329472199346825,-1.0391462622893275,0,0
-0.38090943683493916,2.4102655592599604,1.0879458652730758,0,1,1,0,-0.9999958464807859,0,1,1.9114942398368742,1.6514233972904928,1.8817660463275303,1,1
-0.3980320158904558,-0.24476018588009918,-0.2810905585366032,0,0,0,0,2.134012919162634,1,0,-0.9324622263515198,-0.44329472199346825,-1.0503374971882427,0,0
-0.6318163261638436,2.4102655592599604,-0.39061347244137745,1,1,1,1,-0.9865509354312645,0,1,2.2669887981104235,2.698782456932473,2.0235216883804563,1,1
-0.5777690822393159,-0.24476018588009918,-0.8287051280604746,0,0,0,0,2.187792563360719,1,0,-0.5769676680779705,-0.44329472199346825,-0.9197730900342325,0,0
0.4475230835226102,1.0827526866899306,-0.33585201548899024,0,1,1,0,1.5626041995579778,1,0,0.48951600674267726,0.6040643376485122,1.3818908875093199,1,1
1.8639980893791162,0.4189962504049157,1.3069916930826242,1,0,1,0,-0.9031924869242324,1,0,-0.22147310980442125,-0.44329472199346825,0.03148187637355655,0,0
-0.5731504955125822,-0.9085166221651141,-0.22632910158421599,0,0,0,0,1.0826208750900668,1,0,-0.9324622263515198,-0.44329472199346825,-0.7220612734867312,0,0
1.720912428503094,-0.24476018588009918,1.4712760639397857,0,1,1,1,2.288629396232129,1,0,0.48951600674267726,-0.44329472199346825,0.9267806682867697,1,1
-0.40557933982648287,-0.24476018588009918,-1.2120353267271848,0,0,0,0,2.062754890600171,1,0,-0.5769676680779705,-0.44329472199346825,-0.9197730900342325,0,0
0.08789248327697896,1.0827526866899306,0.21176255403488134,0,0,0,0,0.3807965183050538,1,0,0.48951600674267726,-0.44329472199346825,-0.21845570303554876,0,0
-0.4632840126834332,-0.24476018588009918,-1.1025124128224104,0,0,0,0,-0.058852073014293405,1,0,-0.9324622263515198,-0.44329472199346825,-0.8600865039066848,0,0
-0.6309496077109503,-0.24476018588009918,-1.2120353267271848,0,0,0,0,-0.18120076356493742,1,0,-0.9324622263515198,-0.44329472199346825,-0.7071396269548443,0,0
-0.6295810754793991,1.0827526866899306,-0.22632910158421599,1,1,1,1,-0.9946178820609773,0,1,1.9114942398368742,0.6040643376485122,2.2249639165609287,1,1
-0.38090943683493916,1.7465091229749454,2.5117437460351413,1,1,1,1,-0.9986513553758337,0,0,2.2669887981104235,3.746141516574454,2.2510767979917308,0,1
0.9309239846673071,1.0827526866899306,-0.007283273774667328,0,0,0,0,0.4789443689665594,1,0,1.9114942398368742,-0.44329472199346825,0.00909940657572617,0,0
-0.6304908225079681,-0.9085166221651141,-1.0477509558700233,0,0,0,0,1.359586042710206,1,0,-0.9324622263515198,-0.44329472199346825,-0.8078607410450808,0,0
0.7937041803999386,1.0827526866899306,1.0879458652730758,0,1,0,0,-0.83865691388653,0,0,0.134021448469128,-0.44329472199346825,-0.13638664711017093,1,0
-0.5485532381682829,-0.9085166221651141,-0.6644207572033133,1,1,0,1,-1.012096266425355,0,1,-0.9324622263515198,-0.44329472199346825,-0.08043047261559509,1,1
0.5290750871192287,1.0827526866899306,-0.39061347244137745,0,0,0,0,0.5340685042695968,1,0,0.8450105650162265,-0.44329472199346825,0.15831587189459503,0,0
-0.6195565349723363,-0.24476018588009918,-0.22632910158421599,0,0,0,0,-0.4635438956048851,1,0,-0.9324622263515198,-0.44329472199346825,-0.6213401593964948,0,0
-0.5755438901829513,-0.9085166221651141,-0.8287051280604746,0,0,0,0,-0.3842189204127094,1,0,-0.5769676680779705,-0.44329472199346825,-0.710870038587816,0,0
-0.6285366545970923,-0.24476018588009918,-0.938228041965249,0,0,0,0,0.7747324120560285,1,0,-0.5769676680779705,-0.44329472199346825,-0.912312266768289,0,0
-0.5733756970190401,-0.24476018588009918,-1.2120353267271848,0,0,0,0,0.8191006185194488,1,0,-0.9324622263515198,-0.44329472199346825,-0.7854782712472504,0,0
3.5807957890708857,-0.24476018588009918,0.8689000374635272,0,0,0,0,-0.7324421165953116,1,0,-0.5769676680779705,-0.44329472199346825,-0.684757157157014,0,0
2.659303635780526,-0.24476018588009918,0.32128546793965546,0,0,1,0,-0.6410167214585666,1,0,-0.5769676680779705,-0.44329472199346825,-0.751904566550505,0,0
-0.6318163261638436,2.4102655592599604,1.6903218917493346,1,1,1,1,-0.9798284799065039,0,1,1.9114942398368742,2.698782456932473,1.646750113450312,1,1
-0.6100092204864024,-0.24476018588009918,-1.1025124128224104,0,0,0,0,0.41709777813876137,1,0,-0.9324622263515198,-0.44329472199346825,-1.0428766739222992,0,0
-0.6115873074696202,-0.9085166221651141,-0.9929894989176362,0,0,0,0,1.5424368329836957,1,0,-0.5769676680779705,-0.44329472199346825,-0.8078607410450808,0,0
-0.5889369534714721,-0.24476018588009918,-0.6644207572033133,0,0,0,0,-0.5966485149951463,1,1,-0.22147310980442125,-0.44329472199346825,0.2291936929210577,1,0
-0.5485532381682829,-0.9085166221651141,-1.1572738697747977,0,1,1,0,-0.9999958464807859,0,1,-0.9324622263515198,-0.44329472199346825,-0.48331492897654105,0,1
1.3765245614873614,-0.9085166221651141,1.0331844083206885,1,1,0,1,0.8096891807847839,1,0,0.48951600674267726,0.6040643376485122,0.8260595541965332,1,1
-0.6299158042693946,-0.9085166221651141,-0.938228041965249,0,0,0,0,1.6809194167937653,1,0,-0.5769676680779705,-0.44329472199346825,-0.6213401593964948,0,0
-0.630978107157177,-0.9085166221651141,-0.6644207572033133,1,1,1,1,-1.0094072842154507,0,1,-0.9324622263515198,-0.44329472199346825,-0.37513299162036107,1,1
-0.5762094360742447,-0.24476018588009918,-0.33585201548899024,0,0,0,0,0.9696836222740877,1,0,-0.5769676680779705,-0.44329472199346825,-0.7668262130823918,0,0
-0.6051861083220421,-0.24476018588009918,-1.1025124128224104,0,0,0,0,1.933683744524766,1,0,-0.9324622263515198,-0.44329472199346825,-0.9943813226936669,0,0
-0.5407466251528602,-0.9085166221651141,-0.39061347244137745,0,0,0,0,1.831502420548404,1,0,-0.5769676680779705,-0.44329472199346825,-0.9085818551353173,0,0
-0.5394853849541623,-0.9085166221651141,-0.44537492939376466,0,0,0,0,1.688986363423478,1,0,-0.5769676680779705,-0.44329472199346825,-0.6772963338910706,0,0
-0.5338687587968242,-0.24476018588009918,-0.8834665850128618,0,0,0,0,2.124601481427969,1,0,-0.5769676680779705,-0.44329472199346825,-0.8115911526780526,0,0
-0.4923864177822305,-0.9085166221651141,-0.7191822141557004,0,0,0,0,-0.6974853478665561,1,0,-0.9324622263515198,-0.44329472199346825,-0.8638169155396567,0,0
0.32053681570130005,1.0827526866899306,1.909367719558883,1,0,1,1,0.2355914789702235,1,0,0.8450105650162265,0.6040643376485122,1.0461538405418649,0,1
1.194699212186559,0.4189962504049157,0.04747818317771972,1,1,1,1,2.189137054465671,1,0,0.134021448469128,-0.44329472199346825,1.16552701279696,0,1
-0.6295810754793991,-0.24476018588009918,2.0736520904160445,1,0,1,0,-0.9852064443263124,0,0,2.622483356383973,1.6514233972904928,1.7698536973383787,0,1
1.1852809834276516,1.0827526866899306,0.2665240109872685,0,0,0,0,0.32970585631687277,1,0,0.8450105650162265,-0.44329472199346825,0.04640352290544339,0,0
0.6666899719450728,0.4189962504049157,1.19746877917785,0,0,0,0,-0.9031924869242324,1,0,0.134021448469128,-0.44329472199346825,-0.7593653898164484,1,0
2.26497970966163,0.4189962504049157,0.15700109708249413,1,0,0,0,-0.7499205009596893,1,0,-0.5769676680779705,-0.44329472199346825,-0.6474530408272967,0,0
4.067779797062747,0.4189962504049157,0.5403312957492042,1,0,1,0,-0.8480683516211949,1,0,0.134021448469128,-0.44329472199346825,-0.10654335404639712,1,0
0.056730853485137046,1.0827526866899306,0.04747818317771972,0,0,0,0,-0.7203416966507423,1,0,1.555999681563325,-0.44329472199346825,0.11728134393190605,0,0
-0.6093878207961267,-0.24476018588009918,-0.39061347244137745,0,0,0,0,0.5649917996834959,1,0,-0.5769676680779705,-0.44329472199346825,-0.7183308618537596,0,0
-0.5137341794440186,-0.24476018588009918,-1.1572738697747977,0,0,0,0,-0.7754658319537798,1,0,-0.22147310980442125,-0.44329472199346825,-0.34528969855658737,1,0
-0.5547985285806212,-0.24476018588009918,-0.6096593002509261,0,0,0,0,-0.5791701306307685,1,0,-0.5769676680779705,-0.44329472199346825,0.14712463699567999,0,0
2.5451918530889457,0.4189962504049157,0.15700109708249413,1,0,0,0,-0.8265564939419608,1,0,0.134021448469128,-0.44329472199346825,-0.03566553301993446,0,0
-0.6210776230631008,-0.24476018588009918,-1.2120353267271848,0,0,0,0,1.6822639078987174,1,0,-0.9324622263515198,-0.44329472199346825,-0.9384251481990911,0,0
-0.602456308423664,-0.24476018588009918,-0.7191822141557004,0,0,0,0,2.1824145989409107,1,0,-0.9324622263515198,-0.44329472199346825,-0.886199385337487,0,0
-0.6002244106152461,-0.9085166221651141,-0.9929894989176362,0,0,0,0,0.9038035581314332,1,0,-0.9324622263515198,-0.44329472199346825,-0.792939094513194,0,0
-0.48692849442348796,-0.24476018588009918,-0.22632910158421599,0,0,0,0,-0.02389530428553797,1,0,-0.5769676680779705,-0.44329472199346825,-0.6511834524602685,0,0
-0.5736087219028935,-0.9085166221651141,-0.22632910158421599,0,0,0,0,1.6486516302749141,1,0,-0.9324622263515198,-0.44329472199346825,-1.0018421459596103,0,0
0.03479242682998456,-0.24476018588009918,0.48556983879681703,1,0,1,0,-0.7794993052686362,1,0,-0.22147310980442125,-0.44329472199346825,-0.15130829364205775,0,0
-0.5174011081918499,-0.24476018588009918,-0.938228041965249,0,0,0,0,-0.940838237862892,0,0,0.48951600674267726,1.6514233972904928,1.6430197018173405,1,1
-0.37267365568810307,-0.9085166221651141,-0.938228041965249,0,0,0,0,-0.5321129419574439,1,1,-0.22147310980442125,-0.44329472199346825,-0.45347163591276723,0,0
-0.6295810754793991,0.4189962504049157,1.7450833487017219,1,1,1,0,-0.9946178820609773,0,1,2.977977914657522,2.698782456932473,2.2510767979917308,1,1
0.7350785842609971,1.0827526866899306,0.4308083818444299,0,0,0,0,-0.5415243796921088,1,0,0.8450105650162265,-0.44329472199346825,-0.16249952854097294,0,0
3.768936280367915,-0.24476018588009918,1.0331844083206885,1,0,1,0,-0.6692510346625613,1,0,-0.22147310980442125,-0.44329472199346825,-0.6735659222580987,0,0
-0.6318163261638436,-0.24476018588009918,1.526037520892173,1,1,1,1,-0.9852064443263124,0,0,2.622483356383973,2.698782456932473,1.687784641413001,1,1
-0.35021720968683057,-0.24476018588009918,-0.1715676446318288,0,0,0,0,0.08904194853044112,1,0,1.9114942398368742,-0.44329472199346825,-0.3415592869236156,0,0
-0.321189126673291,-0.9085166221651141,0.37604692489204267,0,0,0,1,-0.9878954265362166,0,1,0.8450105650162265,2.698782456932473,2.045904158178286,1,1
-0.5388645440765579,-0.9085166221651141,-0.8287051280604746,0,0,0,0,-0.533457433062396,1,0,-0.5769676680779705,-0.44329472199346825,0.042673111272471746,0,0
0.19012167333005198,1.0827526866899306,0.21176255403488134,0,0,0,0,0.5542358708438788,1,0,0.8450105650162265,-0.44329472199346825,0.5388178584577108,0,0
0.046719724482180786,-0.9085166221651141,1.6903218917493346,1,0,1,0,1.1081662060841573,1,0,1.2005051232897757,0.6040643376485122,0.6208869143830885,1,1
-0.5733388153827467,-0.9085166221651141,-0.39061347244137745,0,0,0,0,-0.3411952050542411,1,0,-0.5769676680779705,-0.44329472199346825,-0.886199385337487,0,0
0.9245591083433511,-0.9085166221651141,-0.2810905585366032,1,1,1,0,1.7871342140849837,1,0,0.8450105650162265,0.6040643376485122,1.3483171828125742,0,1
-0.6318163261638436,-0.9085166221651141,-0.6644207572033133,1,1,1,0,-1.0040293197956422,0,1,-0.9324622263515198,-0.44329472199346825,-0.5616535732689472,1,1
0.21677312605335589,0.4189962504049157,0.9784229513683013,1,0,0,0,-0.8722691915103333,1,0,0.134021448469128,-0.44329472199346825,-0.6437226291943251,1,0
-0.5087948342440671,-0.9085166221651141,-0.39061347244137745,0,0,0,0,-0.584548095050577,1,0,-0.5769676680779705,-0.44329472199346825,-0.9085818551353173,0,0
0.19794505072560803,-0.24476018588009918,-0.39061347244137745,0,0,0,0,-0.31161640074529423,1,0,0.8450105650162265,-0.44329472199346825,0.5276266235587954,0,0
-0.38090943683493916,1.0827526866899306,2.2379364612732062,1,1,1,1,-0.991928899851073,0,1,1.2005051232897757,2.698782456932473,1.807157813668096,1,1
-0.5014240951121112,-0.24476018588009918,0.10223964013010693,0,0,0,1,-0.9327712912331793,0,1,1.555999681563325,0.6040643376485122,1.6243676436524819,1,1
-0.6295810754793991,2.4102655592599604,0.10223964013010693,1,0,1,1,-0.990584408746121,1,1,1.2005051232897757,0.6040643376485122,2.2809200910555045,1,1
-0.6186026417427496,-0.9085166221651141,-0.7739436711080876,0,0,0,0,0.4224757425585699,1,0,-0.9324622263515198,-0.44329472199346825,-0.6213401593964948,0,0
1.083299347387881,1.0827526866899306,0.10223964013010693,0,0,0,0,-0.15027746815103837,1,0,1.555999681563325,-0.44329472199346825,0.03148187637355655,0,0
-0.5328036618456864,-0.9085166221651141,-1.0477509558700233,0,0,0,0,-0.3304392762146241,1,0,-0.5769676680779705,-0.44329472199346825,-0.6288009826624381,0,0
-0.6093403217190824,-0.9085166221651141,-0.7191822141557004,0,0,1,0,-0.93949374675794,0,1,1.555999681563325,1.6514233972904928,1.4378470620038957,1,1
-0.6209032735097141,-0.9085166221651141,-0.9929894989176362,0,0,0,0,1.6311732459105364,1,0,-0.9324622263515198,-0.44329472199346825,-0.6362618059283816,0,0
-0.3539567840819064,-0.24476018588009918,-0.5001363863461518,0,0,0,1,-0.9959623731659294,0,1,1.9114942398368742,0.6040643376485122,2.0570953930772014,1,1
-0.5991576372260949,0.4189962504049157,-0.5548978432985389,0,0,1,1,-0.9139484157638494,0,1,0.48951600674267726,1.6514233972904928,2.07574745124206,1,1
-0.303748024395241,-0.9085166221651141,-0.8834665850128618,0,0,0,0,1.546470306298552,1,0,-0.9324622263515198,-0.44329472199346825,-0.8526256806407414,0,0
-0.5493501050372874,-0.24476018588009918,-0.5001363863461518,0,0,0,0,0.09845338626510605,1,0,-0.5769676680779705,-0.44329472199346825,-0.9869204994277235,0,0
0.19610432178696788,1.0827526866899306,0.15700109708249413,0,1,0,0,1.5787380928174033,1,0,1.2005051232897757,0.6040643376485122,0.6432693841809188,1,1
2.5192288575764503,1.7465091229749454,1.3617531500350115,1,0,0,0,-0.9018479958192802,1,0,-0.5769676680779705,-0.44329472199346825,-0.11400417731234054,0,0
-0.6044345052793976,-0.24476018588009918,2.785551030797077,1,1,1,0,-1.0080627931104986,0,1,1.9114942398368742,0.6040643376485122,2.042173746545315,1,1
-0.6170480248917183,-0.24476018588009918,-0.7739436711080876,0,0,0,0,-0.5670697106861993,1,0,-0.5769676680779705,-0.44329472199346825,-1.0652591437201295,0,0
-0.5864306786415386,-0.24476018588009918,-0.9929894989176362,0,0,0,0,0.7048188745985176,1,0,-0.5769676680779705,-0.44329472199346825,-0.886199385337487,0,0
-0.6299163630820658,-0.9085166221651141,-0.6096593002509261,0,0,0,0,1.4698343133162806,1,0,-0.9324622263515198,-0.44329472199346825,-0.9272339133001759,0,0
0.003630797038142548,1.0827526866899306,1.19746877917785,1,0,0,0,-0.6195048637793324,1,0,-0.5769676680779705,-0.44329472199346825,-0.08043047261559509,0,0
-0.4833062706893455,-0.24476018588009918,-0.6644207572033133,0,0,0,0,0.05542967090663782,1,0,-0.5769676680779705,-0.44329472199346825,-0.7742870363483354,0,0
-0.42017496798323495,-0.9085166221651141,-0.6096593002509261,0,0,0,0,-0.6410167214585666,1,0,-0.5769676680779705,-0.44329472199346825,-0.658644275726212,0,0
1.2615762362271274,1.0827526866899306,0.5403312957492042,0,0,0,0,-0.40438628698699136,1,0,0.8450105650162265,-0.44329472199346825,0.17323751842648188,0,0
-0.5135492124498808,-0.9085166221651141,-0.9929894989176362,0,0,0,0,0.023161884387786654,1,0,-0.9324622263515198,-0.44329472199346825,-0.8936602086034304,0,0
-0.47196293227846037,-0.9085166221651141,-0.062044730727054534,0,0,0,0,-0.6786624723972263,1,0,-0.5769676680779705,-0.44329472199346825,0.050133934538415165,0,0
-0.35852843054426664,-0.9085166221651141,-0.11680618767944173,0,0,0,0,-0.482366771074215,1,0,-0.22147310980442125,-0.44329472199346825,0.13593340209676466,1,0
0.4984426529269291,1.0827526866899306,-0.5001363863461518,0,0,0,0,-0.5401798885871567,1,0,0.48951600674267726,-0.44329472199346825,0.05386434617138694,0,0
-0.5280509600778861,-0.24476018588009918,-1.1025124128224104,0,0,0,0,-0.6302607926189495,1,0,-0.5769676680779705,-0.44329472199346825,-1.031685439023384,0,0
-0.630978107157177,-0.9085166221651141,-1.0477509558700233,1,1,1,0,-1.001340337585738,0,1,-0.9324622263515198,-0.44329472199346825,-0.22964693793446397,0,1
-0.5101790132304094,-0.9085166221651141,-0.007283273774667328,0,0,0,0,-0.5159790486980183,1,0,-0.22147310980442125,-0.44329472199346825,0.2478457510859163,1,0
-0.5982786248944372,-0.24476018588009918,-0.938228041965249,0,0,0,0,-0.8910920669796631,1,0,-0.22147310980442125,-0.44329472199346825,-0.024474298121019273,0,0
-0.5950335997132947,-0.24476018588009918,-0.44537492939376466,0,0,0,0,1.0974102772445402,1,0,-0.9324622263515198,-0.44329472199346825,-0.8936602086034304,0,0
-0.4190467252002615,-0.9085166221651141,-0.39061347244137745,0,0,0,0,-0.04540716196477208,1,0,-0.9324622263515198,-0.44329472199346825,-0.7407133316515898,0,0
-0.6044345052793976,1.0827526866899306,2.8403124877494643,1,0,1,0,-1.010751775320403,0,1,2.977977914657522,0.6040643376485122,1.695245464678944,1,1
-0.3715465305304719,0.4189962504049157,-0.7739436711080876,0,0,0,0,-0.9784839888015517,0,1,0.134021448469128,1.6514233972904928,2.07574745124206,0,1
-0.5436876562409182,-0.9085166221651141,-0.33585201548899024,0,0,0,0,1.0086738643176993,1,0,-0.5769676680779705,-0.44329472199346825,-0.6623746873591837,0,0
-0.4754348354040739,-0.24476018588009918,-0.007283273774667328,0,0,0,0,-0.849412842726147,0,0,-0.22147310980442125,-0.44329472199346825,-0.4683932824446541,0,0
-0.6165858868127094,-0.24476018588009918,-0.7191822141557004,0,0,0,0,0.6160824616716769,1,0,-0.9324622263515198,-0.44329472199346825,-0.6362618059283816,0,0
-0.5944379054058903,-0.24476018588009918,-0.11680618767944173,0,0,0,0,-0.4393430557157468,1,0,-0.5769676680779705,-0.44329472199346825,0.09489887413407593,1,0
-0.06803469278117742,-0.24476018588009918,-0.6096593002509261,0,0,1,1,-0.9852064443263124,0,1,0.134021448469128,2.698782456932473,1.5609506458919624,1,1
-0.4158218172752791,-0.24476018588009918,-0.44537492939376466,0,0,0,0,-0.2806931053313952,1,0,-0.5769676680779705,-0.44329472199346825,-0.617609747763523,0,0
-0.5485532381682829,-0.9085166221651141,-1.1572738697747977,1,1,1,1,-1.010751775320403,0,1,-0.9324622263515198,-0.44329472199346825,-0.6549138640932402,1,1
1.24797361818694,1.7465091229749454,0.9236614944159144,1,0,0,0,-0.8279009850469129,1,0,-0.5769676680779705,-0.44329472199346825,-0.7369829200186182,0,0
-0.6233894310834877,-0.9085166221651141,-1.1025124128224104,0,0,0,0,1.422777124642956,1,0,-0.9324622263515198,-0.44329472199346825,-0.7071396269548443,0,0
3.0754503143316545,0.4189962504049157,1.4165146069873986,0,0,0,0,-0.8467238605162428,0,0,-0.5769676680779705,-0.44329472199346825,-0.29679434732795495,0,0
-0.5851884380736586,-0.9085166221651141,0.5950927527015915,0,0,0,0,-0.9771394976965996,0,0,1.2005051232897757,0.6040643376485122,1.6803238181470577,0,1
-0.33346456461958957,-0.24476018588009918,-0.39061347244137745,0,0,0,0,-0.9636945866470783,0,0,1.2005051232897757,0.6040643376485122,1.497533648131443,1,1
-0.38090943683493916,0.4189962504049157,-0.007283273774667328,1,1,1,1,-0.9878954265362166,0,1,1.555999681563325,1.6514233972904928,1.6803238181470577,1,1
-0.38090943683493916,1.7465091229749454,1.8546062626064956,1,0,1,1,-0.9986513553758337,0,1,0.48951600674267726,1.6514233972904928,1.9339918091891346,1,1
-0.48007409819963864,-0.9085166221651141,-0.39061347244137745,0,0,0,0,-0.5307684508524918,1,0,-0.5769676680779705,-0.44329472199346825,0.12101175556487782,0,0
-0.36511068499728483,-0.24476018588009918,-0.44537492939376466,0,0,0,0,-0.4783332977593586,1,0,-0.22147310980442125,-0.44329472199346825,-0.01328306322210408,0,0
-0.5070703383410181,-0.24476018588009918,-0.33585201548899024,0,0,0,0,0.9911954799533217,1,0,-0.5769676680779705,-0.44329472199346825,-0.886199385337487,0,0
-0.38090943683493916,0.4189962504049157,2.1831750043208187,1,1,1,1,-0.981172971011456,0,0,1.555999681563325,1.6514233972904928,2.0720170396090882,1,1
0.7882803446141338,1.7465091229749454,1.799844805654109,1,1,0,0,-0.778154814163684,1,0,-0.22147310980442125,-0.44329472199346825,-0.4198979312160218,1,0
1.276219363460924,-0.24476018588009918,0.48556983879681703,1,0,0,0,-0.7378200810151201,1,0,0.134021448469128,-0.44329472199346825,-0.08416088424856687,0,0
-0.5682603258276886,-0.24476018588009918,-0.9929894989176362,0,0,0,0,-0.7001743300764603,1,0,-0.9324622263515198,-0.44329472199346825,-0.8078607410450808,0,0
-0.28290487057546637,-0.9085166221651141,-0.5001363863461518,0,0,0,0,-0.9784839888015517,0,0,1.555999681563325,0.6040643376485122,1.7138975228438027,1,1
-0.6221566903310164,-0.9085166221651141,-0.6096593002509261,0,0,0,0,0.1683669237226169,1,0,-0.5769676680779705,-0.44329472199346825,-0.684757157157014,0,0
1.0578666651002706,0.4189962504049157,0.8689000374635272,0,0,0,0,0.2920601053782131,1,0,0.48951600674267726,-0.44329472199346825,-0.0692392377166799,0,0
-0.46044859719021525,-0.9085166221651141,-0.8287051280604746,0,0,0,0,-0.8884030847697589,1,0,-0.5769676680779705,-0.44329472199346825,0.005368994942754528,0,0
-0.43011792184031555,-0.9085166221651141,-0.33585201548899024,0,0,0,0,-0.6867294190269391,1,0,-0.5769676680779705,-0.44329472199346825,-0.6661050989921554,0,0
1.3842724991723176,1.7465091229749454,1.5807989778445601,1,1,0,0,-0.8332789494667214,1,0,0.134021448469128,-0.44329472199346825,-0.12892582384422752,1,0
-0.2993797857451652,-0.9085166221651141,-0.33585201548899024,0,0,0,0,0.15357752156814347,1,0,-0.9324622263515198,-0.44329472199346825,-1.031685439023384,0,0
1.7635828052564702,-0.24476018588009918,0.21176255403488134,1,0,1,0,-0.8373124227815779,0,0,-0.5769676680779705,-0.44329472199346825,-0.7034092153218726,0,0
-0.5838506405390185,-0.24476018588009918,-0.7191822141557004,0,0,0,0,1.8355358938632604,1,0,-0.5769676680779705,-0.44329472199346825,-0.6250705710294665,0,0
-0.6132525692295314,-0.24476018588009918,-0.7191822141557004,0,0,0,0,1.6849528901086217,1,0,-0.9324622263515198,-0.44329472199346825,-0.8227823875769676,0,0
-0.5927452618250946,-0.24476018588009918,-0.7191822141557004,0,0,0,0,0.8822917004521991,1,0,-0.9324622263515198,-0.44329472199346825,-0.912312266768289,0,0
-0.3739779244624765,-0.9085166221651141,-0.938228041965249,0,0,0,0,-0.4917782088088799,1,0,-0.5769676680779705,-0.44329472199346825,-0.5914968663327209,0,0
-0.49093350483734155,-0.9085166221651141,-0.9929894989176362,0,0,0,0,0.8755692449274384,1,0,-0.9324622263515198,-0.44329472199346825,-1.0428766739222992,0,0
-0.5605570931564214,-0.24476018588009918,-1.1025124128224104,0,0,0,0,0.210046147976133,1,0,-0.9324622263515198,-0.44329472199346825,-0.7257916851197029,0,0
-0.45625023759215716,-0.9085166221651141,-0.8834665850128618,0,0,0,0,-0.8722691915103333,1,0,-0.5769676680779705,-0.44329472199346825,-0.3378288752906438,0,0
-0.49067253931993265,-0.24476018588009918,-0.938228041965249,0,0,0,0,-0.10187578837276164,1,0,-0.5769676680779705,-0.44329472199346825,-0.6213401593964948,0,0
-0.5846095081463873,-0.9085166221651141,-0.938228041965249,0,0,0,0,1.8005791251345051,1,0,-0.9324622263515198,-0.44329472199346825,-0.7332525083856464,0,0
-0.6318163261638436,-0.9085166221651141,-1.0477509558700233,1,0,1,0,-1.0080627931104986,0,1,-0.9324622263515198,-0.44329472199346825,0.15831587189459503,1,1
-0.6295810754793991,2.4102655592599604,3.004596858606626,1,1,1,0,-1.0053738109005943,0,1,2.977977914657522,0.6040643376485122,1.650480525083284,1,1
2.844496390237444,1.7465091229749454,0.2665240109872685,0,0,0,0,-0.6705955257675135,1,0,-0.22147310980442125,-0.44329472199346825,-0.19607323323771852,0,0
2.255663743621536,0.4189962504049157,1.8546062626064956,1,0,1,0,-0.7405090632250244,0,0,-0.5769676680779705,-0.44329472199346825,-0.18115158670583156,1,0
-0.5882138498750543,-0.24476018588009918,-1.1572738697747977,0,0,0,0,1.6607520502194832,1,0,-0.5769676680779705,-0.44329472199346825,-0.8339736224758828,0,0
0.4232650254696754,-0.24476018588009918,0.10223964013010693,1,0,0,0,-0.8830251203499504,1,0,0.134021448469128,-0.44329472199346825,-0.7257916851197029,0,0
-0.5691795726716665,-0.9085166221651141,-0.1715676446318288,0,0,0,0,2.1824145989409107,1,0,-0.9324622263515198,-0.44329472199346825,-1.005572557592582,0,0
-0.6052878122281843,-0.24476018588009918,-1.1572738697747977,0,0,0,0,0.03660679543730797,1,0,-0.5769676680779705,-0.44329472199346825,-1.0391462622893275,0,0
-0.602687098056833,-0.24476018588009918,-0.6096593002509261,0,0,0,0,0.24500291670488844,1,0,-0.5769676680779705,-0.44329472199346825,-1.0391462622893275,0,0
-0.23184950969206766,-0.9085166221651141,0.81413858051114,1,0,1,0,2.101745132643783,1,0,0.8450105650162265,-0.44329472199346825,0.7999466727657313,0,1
0.6247214639066123,-0.24476018588009918,0.04747818317771972,0,0,1,0,0.31626094526735143,1,0,-0.22147310980442125,-0.44329472199346825,1.5833331156897925,1,1
0.4320998537999426,-0.24476018588009918,-0.6644207572033133,0,0,0,0,-0.11263171721237869,1,0,1.555999681563325,-0.44329472199346825,0.29634110231454885,0,0
2.530756045356131,1.7465091229749454,1.2522302361302373,1,0,0,0,-0.7808437963735884,1,0,-0.22147310980442125,-0.44329472199346825,-0.19607323323771852,0,0
-0.6137784119530469,-0.24476018588009918,-1.0477509558700233,0,0,0,0,-0.8816806292449982,1,0,-0.5769676680779705,-0.44329472199346825,-0.6064185128646079,0,0
-0.35742198145546655,-0.24476018588009918,0.04747818317771972,0,0,0,0,-0.6208493548842846,1,0,-0.5769676680779705,-0.44329472199346825,-0.2445685844663508,1,0
-0.5485532381682829,-0.9085166221651141,-0.6644207572033133,0,1,1,1,-1.0147852486352593,0,1,-0.9324622263515198,-0.44329472199346825,-0.5019669871413996,0,1
-0.5522961654393854,-0.9085166221651141,-1.1025124128224104,0,0,0,0,1.3542080782903974,1,0,-0.9324622263515198,-0.44329472199346825,-0.8675473271726284,0,0
-0.6057097157948732,-0.9085166221651141,-0.6644207572033133,0,0,0,0,0.8285120562541137,1,0,-0.5769676680779705,-0.44329472199346825,-0.7444437432845615,0,0
1.3782384399496592,1.0827526866899306,-0.2810905585366032,1,0,1,1,0.6120489883568205,1,0,0.8450105650162265,0.6040643376485122,0.8447116123613918,1,1
-0.6038125467764509,-0.9085166221651141,-0.7739436711080876,0,0,0,0,0.48432233338636793,1,0,-0.9324622263515198,-0.44329472199346825,-0.9085818551353173,0,0
1.8648486022645474,-0.9085166221651141,0.48556983879681703,1,1,1,0,2.123256990323017,1,0,1.2005051232897757,-0.44329472199346825,0.8745549054251657,1,1
-0.3609525599115468,-0.9085166221651141,-0.9929894989176362,0,0,0,0,0.8217896007293531,1,0,-0.5769676680779705,-0.44329472199346825,-0.658644275726212,0,0
-0.06732947119023512,-0.24476018588009918,1.142707322225463,1,1,0,0,2.033176086291224,1,0,-0.22147310980442125,-0.44329472199346825,1.51245529466333,0,1
2.790422323304703,-0.24476018588009918,0.9784229513683013,1,0,1,0,-0.8857141025598546,1,0,-0.5769676680779705,-0.44329472199346825,-0.6922179804229573,0,0
2.5942684583039393,1.7465091229749454,0.37604692489204267,1,0,0,0,-0.727064152175503,1,0,-0.5769676680779705,-0.44329472199346825,-0.5877664546997492,0,0
-0.6258409422716522,-0.24476018588009918,-0.5001363863461518,0,0,0,0,1.8664591892771596,1,0,-0.9324622263515198,-0.44329472199346825,-0.8488952690077698,0,0
0.8143668377269442,1.0827526866899306,-0.33585201548899024,0,0,0,0,-0.4904337177039278,1,0,1.9114942398368742,-0.44329472199346825,0.21054163475619908,0,0
-0.38818517781280626,0.4189962504049157,0.5403312957492042,0,0,0,0,-0.23632489886797484,1,0,1.2005051232897757,-0.44329472199346825,0.5500090933566258,0,0
1.0533251945221502,0.4189962504049157,0.5950927527015915,1,0,0,0,0.1925677636117553,1,0,-0.22147310980442125,0.6040643376485122,0.9155894333878547,0,1
-0.6185557014783762,-0.24476018588009918,-0.44537492939376466,0,0,0,0,-0.6880739101318912,1,0,-0.5769676680779705,-0.44329472199346825,-0.886199385337487,0,0
-0.47626243696998954,-0.9085166221651141,-1.2120353267271848,0,0,0,0,1.0812763839851145,1,0,-0.5769676680779705,-0.44329472199346825,-0.6959483920559292,0,0
-0.16398450484897456,1.0827526866899306,-0.44537492939376466,0,0,0,0,-0.7593319386943542,1,0,1.9114942398368742,-0.44329472199346825,-0.10654335404639712,0,0
0.4150560673310526,0.4189962504049157,-0.1715676446318288,0,0,0,0,-0.5590027640564865,1,0,1.555999681563325,-0.44329472199346825,0.4903225072290782,0,0
0.5960219627436862,1.0827526866899306,0.4308083818444299,0,0,0,0,-0.2780041231214909,1,0,1.2005051232897757,-0.44329472199346825,0.0837076392351606,0,0
0.0892962207068102,-0.9085166221651141,0.7593771235587528,0,0,0,1,1.0584200352009283,1,0,0.48951600674267726,-0.44329472199346825,1.3445867711796027,1,1
-0.4284414838269821,-0.9085166221651141,-0.1715676446318288,0,0,0,0,1.136400519288152,1,0,-0.9324622263515198,-0.44329472199346825,-0.6101489244975795,0,0
3.2930145280133694,1.0827526866899306,0.5403312957492042,1,1,0,0,-0.7794993052686362,1,0,-0.22147310980442125,-0.44329472199346825,-0.5392711034711168,0,0
-0.5383197017222245,-0.24476018588009918,-0.7191822141557004,0,0,0,0,-0.8547908071459556,0,0,-0.22147310980442125,-0.44329472199346825,-0.6288009826624381,0,0
-0.6295810754793991,-0.24476018588009918,1.909367719558883,1,0,1,1,-1.001340337585738,0,1,2.622483356383973,2.698782456932473,1.982487160417767,1,1
1.2951508191328274,0.4189962504049157,-0.44537492939376466,0,0,0,0,0.04064026875216437,1,0,1.9114942398368742,-0.44329472199346825,0.2926106906815771,0,0
2.063562388111671,0.4189962504049157,0.32128546793965546,1,0,0,0,-0.93949374675794,1,0,0.134021448469128,-0.44329472199346825,-0.255759819365266,1,0
0.7287204136890943,0.4189962504049157,0.15700109708249413,0,0,0,0,0.3888634649347666,1,0,0.48951600674267726,-0.44329472199346825,0.05386434617138694,0,0
-0.6295810754793991,3.73777843182999,1.4165146069873986,1,0,1,1,-0.981172971011456,0,1,2.977977914657522,1.6514233972904928,2.2771896794225333,0,1
0.1495541086580673,0.4189962504049157,2.2926979182255933,1,0,1,0,-0.9058814691341366,1,0,-0.5769676680779705,-0.44329472199346825,-0.47585410571059766,0,0
-0.44998035942229014,-0.9085166221651141,-0.062044730727054534,0,0,0,0,-0.6853849279219869,0,1,-0.5769676680779705,-0.44329472199346825,-0.36767216835441763,0,0
-0.4950681597908929,-0.24476018588009918,-0.5548978432985389,0,0,0,0,0.28668214095840455,1,0,-0.5769676680779705,-0.44329472199346825,-0.9981117343266387,0,0
-0.4391874514924494,-0.9085166221651141,-0.062044730727054534,0,0,0,1,-0.8991590136093759,0,1,0.8450105650162265,2.698782456932473,1.5236465295622452,1,1
0.750860571718518,1.0827526866899306,-0.22632910158421599,0,0,0,0,0.40903083150904856,1,0,0.8450105650162265,-0.44329472199346825,-0.29679434732795495,0,0
-0.5878243574432899,-0.24476018588009918,-0.8287051280604746,0,0,0,0,1.7710003208255582,1,0,-0.9324622263515198,-0.44329472199346825,-0.7183308618537596,0,0
-0.5239800097688414,-0.9085166221651141,-0.8834665850128618,0,0,0,0,-0.7203416966507423,1,0,-0.5769676680779705,-0.44329472199346825,-0.5952272779656927,0,0
-0.41679303369767023,-0.24476018588009918,-1.1025124128224104,0,0,0,0,-0.5630362373713429,1,0,-0.22147310980442125,-0.44329472199346825,-0.48331492897654105,1,0
-0.5017627355908045,-0.24476018588009918,-0.7191822141557004,0,0,0,0,0.6120489883568205,1,0,-0.5769676680779705,-0.44329472199346825,-0.9458859714650345,0,0
1.3980215261323363,-0.9085166221651141,1.8546062626064956,0,1,1,1,1.9390617089445747,1,0,0.48951600674267726,-0.44329472199346825,0.9267806682867697,1,1
3.850193789686858,0.4189962504049157,1.2522302361302373,1,0,0,0,-0.8265564939419608,1,0,0.134021448469128,-0.44329472199346825,-0.22964693793446397,0,0
-0.630515969078168,-0.9085166221651141,-1.1572738697747977,0,0,0,0,0.41978676034866563,1,0,-0.5769676680779705,-0.44329472199346825,-0.9160426784012607,0,0
-0.5118118638553962,-0.9085166221651141,-0.8287051280604746,0,0,0,0,1.9861188976178994,1,0,-0.5769676680779705,-0.44329472199346825,-0.6064185128646079,0,0
-0.6092397354382822,-0.9085166221651141,-0.8287051280604746,0,0,0,0,0.6564171948202409,1,0,-0.9324622263515198,-0.44329472199346825,-0.8265127992099395,0,0
2.730497487705428,0.4189962504049157,0.9784229513683013,1,0,1,0,-0.6934518745516998,1,0,-0.22147310980442125,-0.44329472199346825,-0.25949023099823776,0,0
-0.3788457416405257,0.4189962504049157,-0.22632910158421599,0,0,1,1,-0.9878954265362166,0,1,0.8450105650162265,2.698782456932473,1.695245464678944,1,1
-0.5856198414557563,-0.9085166221651141,-0.44537492939376466,0,0,0,0,1.8879710469563937,1,0,-0.5769676680779705,-0.44329472199346825,-1.035415850656356,0,0
-0.6196532095644385,-0.9085166221651141,-0.9929894989176362,0,0,0,0,1.300428434092312,1,0,-0.5769676680779705,-0.44329472199346825,-1.0018421459596103,0,0
1.8493102571316309,-0.24476018588009918,0.5950927527015915,1,0,0,0,-0.6705955257675135,1,0,0.134021448469128,-0.44329472199346825,-0.6437226291943251,0,0
-0.629685573448897,-0.24476018588009918,-0.7191822141557004,0,0,0,0,-0.011794884340968781,1,0,-0.9324622263515198,-0.44329472199346825,-1.0503374971882427,0,0
-0.605064845972411,-0.9085166221651141,-0.9929894989176362,0,0,0,0,-0.7431980454349286,1,0,-0.9324622263515198,-0.44329472199346825,-0.8302432108429112,0,0
0.09869544983489961,1.0827526866899306,0.81413858051114,0,0,0,0,-0.6235383370941888,1,0,-0.5769676680779705,-0.44329472199346825,-0.18861240997177497,0,0
-0.6267870121238434,-0.9085166221651141,-0.9929894989176362,1,0,1,0,-1.001340337585738,0,1,-0.9324622263515198,-0.44329472199346825,0.07624681596921731,1,1
2.5627262770830708,0.4189962504049157,0.48556983879681703,1,1,1,0,-0.8104226006825352,1,0,0.134021448469128,-0.44329472199346825,-0.27814228916309636,0,0
-0.5697735905410576,-0.9085166221651141,-0.7739436711080876,0,0,0,0,0.13206566388890936,1,0,-0.5769676680779705,-0.44329472199346825,-0.7705566247153636,0,0
-0.5485532381682829,-0.9085166221651141,-0.8834665850128618,1,1,1,1,-0.9999958464807859,0,1,-0.9324622263515198,-0.44329472199346825,-0.0020918283231888884,1,1
2.84712448622968,1.7465091229749454,0.32128546793965546,1,0,0,0,-0.7351310988052159,1,0,-0.22147310980442125,-0.44329472199346825,-0.7071396269548443,0,0
-0.6024490438589396,-0.9085166221651141,-0.5548978432985389,0,0,0,0,-0.23766938997292697,1,0,-0.5769676680779705,-0.44329472199346825,-0.819051975943996,0,0
-0.492086894190515,-0.9085166221651141,-1.0477509558700233,0,0,0,0,-0.217502023398645,1,0,-0.9324622263515198,-0.44329472199346825,-0.7444437432845615,0,0
3.13214688912992,1.7465091229749454,0.37604692489204267,1,0,0,0,-0.9502496755975569,1,0,-0.5769676680779705,-0.44329472199346825,-0.017013474855075855,0,0
3.6758509420522345,0.4189962504049157,1.8546062626064956,1,0,0,0,-0.8440348783063385,0,0,-0.22147310980442125,-0.44329472199346825,-0.6698355106251271,0,0
-0.62762020181647,-0.9085166221651141,-0.33585201548899024,0,0,0,0,0.30819399863763863,1,0,-0.9324622263515198,-0.44329472199346825,-0.6325313942954099,0,0
-0.563123719754835,-0.24476018588009918,-1.1025124128224104,0,0,0,0,1.6607520502194832,1,0,-0.5769676680779705,-0.44329472199346825,-0.9048514435023456,0,0
0.7101354218732799,0.4189962504049157,0.10223964013010693,0,0,0,0,0.58650365736273,1,0,0.48951600674267726,-0.44329472199346825,0.11355093229893454,0,0
-0.6031542654498819,-0.24476018588009918,-0.7191822141557004,0,0,0,0,-0.5993374972050505,1,0,-0.9324622263515198,-0.44329472199346825,-0.7593653898164484,0,0
-0.39810354391235797,-0.9085166221651141,-0.007283273774667328,0,0,0,0,-0.47698880665440646,1,0,-0.5769676680779705,-0.44329472199346825,-0.5989576895986644,0,0
-0.6318163261638436,-0.9085166221651141,-1.1572738697747977,1,1,1,0,-1.0161297397402114,0,1,-0.9324622263515198,-0.44329472199346825,-0.028204709753991045,1,1
-0.5824659027400051,-0.24476018588009918,-1.1572738697747977,0,0,0,0,0.626838390511294,1,0,-0.5769676680779705,-0.44329472199346825,-0.8787385620715434,0,0
-0.5485532381682829,-0.9085166221651141,-0.8287051280604746,1,1,1,1,-1.0080627931104986,0,1,-0.9324622263515198,-0.44329472199346825,-0.2930639356949832,1,1
-0.6318163261638436,-0.24476018588009918,1.6355604347969475,1,1,0,1,-0.9878954265362166,0,1,2.622483356383973,2.698782456932473,1.6654021716151706,1,1
1.6513598093932451,1.0827526866899306,0.4308083818444299,1,1,0,0,0.6416277926657674,1,0,0.48951600674267726,0.6040643376485122,1.4602295318017258,1,1
-0.5133217756927385,-0.9085166221651141,-0.5548978432985389,0,0,0,0,-0.9596611133322219,0,1,1.9114942398368742,0.6040643376485122,1.6318284669184253,1,1
-0.6295810754793991,3.73777843182999,1.7450833487017219,1,1,1,1,-1.010751775320403,0,1,0.8450105650162265,2.698782456932473,1.6094459971205948,1,1
-0.5662100421373818,-0.24476018588009918,-0.44537492939376466,0,0,0,0,0.5112121554854105,1,0,-0.5769676680779705,-0.44329472199346825,-0.9011210318693739,0,0
0.42809372576074683,-0.24476018588009918,1.8546062626064956,1,1,1,0,-0.8050446362627267,1,0,-0.22147310980442125,-0.44329472199346825,-0.12519541221125574,0,0
-0.5046786201086625,-0.24476018588009918,-0.8287051280604746,0,0,0,0,1.4268105979578123,1,0,-0.5769676680779705,-0.44329472199346825,-0.8078607410450808,0,0
-0.586532941360352,-0.9085166221651141,-0.33585201548899024,0,0,0,0,-0.18792321908969808,1,0,-0.9324622263515198,-0.44329472199346825,-0.6959483920559292,0,0
0.16580382232130825,0.4189962504049157,0.7593771235587528,0,0,0,0,0.044673742067020766,1,0,1.9114942398368742,-0.44329472199346825,0.40079262803775695,0,0
0.6721886886288064,0.4189962504049157,-0.33585201548899024,1,1,0,0,1.0853098572999709,1,0,0.134021448469128,0.6040643376485122,0.9864672544143174,1,1
-0.38090943683493916,1.0827526866899306,1.0879458652730758,1,1,1,0,-0.9892399176411688,0,1,1.555999681563325,0.6040643376485122,2.295841737587392,1,1
1.0580326324635907,0.4189962504049157,0.6498542096539783,0,1,1,0,1.922927815685149,1,0,0.48951600674267726,0.6040643376485122,1.0200409591110629,1,1
-0.4318943873217779,-0.9085166221651141,-0.7191822141557004,0,0,0,0,1.1848021990664288,1,0,-0.9324622263515198,-0.44329472199346825,-0.9048514435023456,0,0
2.9505852994098816,1.7465091229749454,0.9236614944159144,1,0,1,0,-0.8346234405716736,1,0,-0.5769676680779705,-0.44329472199346825,-0.4907757522424845,1,0
3.4782430464812393,1.7465091229749454,1.8546062626064956,1,0,1,0,-0.8978145225044238,1,0,-0.22147310980442125,-0.44329472199346825,-0.09535211914748193,0,0
-0.6215425552054652,-0.24476018588009918,-0.22632910158421599,0,0,0,0,1.0705204551454974,1,0,-0.5769676680779705,-0.44329472199346825,-0.8750081504385718,0,0
1.1723953220445,0.4189962504049157,-0.44537492939376466,0,0,0,0,-0.1422105215213256,1,0,0.8450105650162265,-0.44329472199346825,0.07624681596921731,0,0
-0.6227574139524609,-0.9085166221651141,-0.5548978432985389,0,0,0,0,0.18046734366718611,1,0,-0.9324622263515198,-0.44329472199346825,-0.751904566550505,0,0
1.3215044247024288,1.0827526866899306,-0.33585201548899024,1,0,0,0,2.2711510118677514,1,0,1.2005051232897757,-0.44329472199346825,1.2475960687223375,1,1
-0.5485532381682829,-0.9085166221651141,-0.8287051280604746,0,1,1,0,-1.0094072842154507,0,1,-0.9324622263515198,-0.44329472199346825,0.12101175556487782,0,1
2.1992186345252707,1.0827526866899306,1.4712760639397857,1,0,0,0,-0.9247043446034664,1,0,-0.22147310980442125,-0.44329472199346825,-0.5952272779656927,0,0
1.7562578887635452,0.4189962504049157,0.8689000374635272,0,1,0,0,-0.7579874475894021,1,0,0.134021448469128,-0.44329472199346825,-0.42735875448196525,0,0
-0.4995436904738221,-0.9085166221651141,-0.5001363863461518,0,0,0,1,-0.9354602734430835,0,1,1.9114942398368742,2.698782456932473,1.2886305966850269,1,1
-0.6318163261638436,-0.9085166221651141,-0.2810905585366032,1,1,1,0,-1.0080627931104986,0,1,-0.9324622263515198,-0.44329472199346825,-0.3005247589609266,1,1
-0.6283863339885635,-0.9085166221651141,-1.0477509558700233,0,0,0,0,1.3555525693953496,1,0,-0.9324622263515198,-0.44329472199346825,-0.8265127992099395,0,0
-0.6267870121238434,-0.9085166221651141,-0.5548978432985389,1,1,1,1,-1.0134407575303073,0,1,-0.9324622263515198,-0.44329472199346825,-0.6810267455240423,1,1
-0.05482044954741219,-0.24476018588009918,-0.062044730727054534,0,0,0,0,-0.021206322075633704,1,0,0.8450105650162265,-0.44329472199346825,0.35229727680912465,0,0
-0.540232517495438,-0.9085166221651141,-1.1025124128224104,0,0,0,0,0.9696836222740877,1,0,-0.9324622263515198,-0.44329472199346825,-0.7892086828802222,0,0
-0.5540558665407144,-0.9085166221651141,-0.8834665850128618,0,0,0,0,-0.24035837218283124,1,0,-0.9324622263515198,-0.44329472199346825,-0.9272339133001759,0,0
-0.43068679313950675,-0.24476018588009918,-0.9929894989176362,0,0,0,0,-0.9327712912331793,1,0,-0.22147310980442125,-0.44329472199346825,-0.33036805202470043,1,0
0.007647542518089522,-0.24476018588009918,1.0331844083206885,1,0,0,0,-0.8668912270905248,1,0,0.134021448469128,-0.44329472199346825,-0.14757788200908611,0,0
0.7646565389429101,2.4102655592599604,0.10223964013010693,1,1,1,0,-0.9784839888015517,0,1,1.555999681563325,3.746141516574454,1.844461929997813,0,1
-0.5743664718849201,-0.9085166221651141,-0.7739436711080876,0,0,0,0,-0.248425318812544,1,0,-0.9324622263515198,-0.44329472199346825,-1.0689895553531013,0,0
-0.060914860538550324,0.4189962504049157,0.2665240109872685,1,0,0,0,-0.6235383370941888,0,0,0.134021448469128,-0.44329472199346825,-0.6213401593964948,0,0
2.617103779296225,-0.24476018588009918,1.2522302361302373,1,0,0,0,-0.9448717111777484,1,0,-0.22147310980442125,-0.44329472199346825,-0.7332525083856464,0,0
-0.527733554480695,-0.24476018588009918,-0.6096593002509261,0,0,0,0,-0.8709247004053812,1,0,-0.5769676680779705,-0.44329472199346825,-0.5056973987743714,0,0
2.056771696532328,1.0827526866899306,0.21176255403488134,1,0,1,0,-0.8561352982509077,0,0,-0.22147310980442125,-0.44329472199346825,-0.4609324591787107,1,0
-0.579575164792347,-0.9085166221651141,-1.1572738697747977,0,0,0,0,2.164936214576533,1,0,-0.5769676680779705,-0.44329472199346825,-0.9085818551353173,0,0
-0.6318163261638436,1.7465091229749454,-0.062044730727054534,1,1,1,0,-0.9798284799065039,0,1,0.8450105650162265,0.6040643376485122,1.915339751024276,1,1
-0.31372674226327274,-0.24476018588009918,-0.7739436711080876,0,0,0,0,1.740077025411659,1,0,-0.5769676680779705,-0.44329472199346825,-1.035415850656356,0,0
-0.594281437857979,-0.9085166221651141,-0.22632910158421599,0,0,0,0,0.5488579064240703,1,0,-0.5769676680779705,-0.44329472199346825,-0.912312266768289,0,0
0.4440774445925389,1.0827526866899306,1.5807989778445601,1,1,0,0,-0.8305899672568172,0,0,0.134021448469128,-0.44329472199346825,-0.5094278104073431,0,0
-0.5485532381682829,-0.9085166221651141,-0.9929894989176362,1,1,0,1,-1.0067183020055466,0,1,-0.9324622263515198,-0.44329472199346825,-0.12519541221125574,1,1
-0.6295810754793991,-0.24476018588009918,0.32128546793965546,1,1,1,0,-1.0080627931104986,0,1,2.2669887981104235,3.746141516574454,1.5982547622216796,1,1
2.9546104270798956,1.0827526866899306,1.0879458652730758,1,0,0,0,-0.6221938459892368,1,0,0.134021448469128,-0.44329472199346825,-0.35648093345550247,0,0
1.232614093108779,-0.9085166221651141,-0.22632910158421599,0,1,0,0,1.6002499504966374,1,0,1.2005051232897757,-0.44329472199346825,0.8447116123613918,1,1
-0.6318163261638436,2.4102655592599604,1.2522302361302373,0,1,1,0,-0.9852064443263124,0,1,0.8450105650162265,0.6040643376485122,1.986217572050739,1,1
-0.4716533500586649,-0.24476018588009918,-1.1025124128224104,0,0,0,0,0.423820233663522,1,0,-0.5769676680779705,-0.44329472199346825,-0.5952272779656927,0,0
-0.6295810754793991,0.4189962504049157,2.1284135473684316,0,1,1,1,-1.012096266425355,0,1,2.622483356383973,1.6514233972904928,1.9489134557210217,1,1
-0.3614348152467157,-0.9085166221651141,1.0331844083206885,0,1,1,1,0.22349105902565433,1,0,-0.22147310980442125,-0.44329472199346825,1.1692574244299316,0,1
-0.5485532381682829,-0.9085166221651141,-0.8287051280604746,1,1,1,1,-1.0134407575303073,0,1,-0.9324622263515198,-0.44329472199346825,-0.6661050989921554,1,1
-0.38090943683493916,2.4102655592599604,2.8403124877494643,1,1,1,1,-0.9852064443263124,0,1,2.977977914657522,1.6514233972904928,2.034712923279371,1,1
-0.3580159993248577,0.4189962504049157,0.15700109708249413,0,0,1,1,-0.9287378179183229,0,1,0.8450105650162265,0.6040643376485122,2.064556216343145,1,1
-0.6295810754793991,1.7465091229749454,1.8546062626064956,1,0,1,0,-0.9999958464807859,0,1,2.622483356383973,0.6040643376485122,1.7362799926416335,1,1
-0.5862501821487698,-0.24476018588009918,-0.7739436711080876,0,0,0,0,1.9067939224257235,1,0,-0.5769676680779705,-0.44329472199346825,-0.9496163830980062,0,0
-0.23596684145281455,0.4189962504049157,-0.6096593002509261,0,0,0,0,-0.6369832481437102,1,0,0.48951600674267726,-0.44329472199346825,0.0837076392351606,0,0
-0.49594549568453744,-0.9085166221651141,-0.5548978432985389,0,0,0,0,-0.9515941667025091,0,1,1.555999681563325,0.6040643376485122,1.579602704056821,0,1
0.6679556826451395,0.4189962504049157,0.7593771235587528,0,0,0,0,0.03391781322740371,1,0,1.9114942398368742,-0.44329472199346825,0.46794003743124807,0,0
-0.506878665594827,-0.9085166221651141,-0.33585201548899024,0,0,0,0,0.2638257921742183,1,0,-0.5769676680779705,-0.44329472199346825,-0.9048514435023456,0,0
-0.42799275725207986,-0.9085166221651141,-0.2810905585366032,0,0,0,0,-0.41783119803651264,1,0,-0.5769676680779705,-0.44329472199346825,0.09862928576704744,0,0
0.11898426148493198,1.0827526866899306,-0.007283273774667328,0,0,0,0,0.1885342902968989,1,0,0.48951600674267726,-0.44329472199346825,-0.020743886488047498,0,0
1.9413008814246056,0.4189962504049157,1.19746877917785,1,0,0,0,-0.6342942659338059,0,0,0.134021448469128,-0.44329472199346825,0.024021053107613138,0,0
1.6037841750128556,-0.24476018588009918,1.526037520892173,1,1,0,0,-0.778154814163684,0,0,0.134021448469128,-0.44329472199346825,-0.08043047261559509,0,0
3.3345136334080965,1.7465091229749454,0.7046156666063655,1,0,0,0,-0.624882828199141,1,0,0.134021448469128,-0.44329472199346825,-0.14384747037611434,1,0
-0.5733315508180222,-0.9085166221651141,-0.8834665850128618,0,0,0,0,-0.2538032832323526,1,0,-0.5769676680779705,-0.44329472199346825,-0.8824689737045153,0,0
0.8557966503504535,-0.24476018588009918,-0.44537492939376466,0,0,0,0,0.023161884387786654,1,0,0.8450105650162265,-0.44329472199346825,0.6134260911171452,0,0
-0.5469080936645317,-0.9085166221651141,-1.1025124128224104,0,0,0,0,1.1901801634862372,1,0,-0.5769676680779705,-0.44329472199346825,-0.9533467947309779,0,0
-0.47136388509502924,-0.24476018588009918,-0.5548978432985389,0,0,0,0,-0.6154713904644761,1,0,-0.9324622263515198,-0.44329472199346825,-1.0540679088212146,0,0
-0.6158616655909493,-0.9085166221651141,-0.938228041965249,0,0,0,0,-0.940838237862892,0,0,1.2005051232897757,1.6514233972904928,1.892957281226446,1,1
-0.3863293609320462,-0.9085166221651141,-0.6644207572033133,0,0,1,0,-0.9287378179183229,0,1,0.48951600674267726,0.6040643376485122,1.9228005742902194,0,1
0.9565136933154998,1.0827526866899306,0.4308083818444299,0,0,0,0,-0.4205201802464169,1,0,1.555999681563325,-0.44329472199346825,0.2627673976178034,0,0
1.1773000208588424,0.4189962504049157,0.21176255403488134,1,0,1,0,-0.9126039246588973,1,0,-0.22147310980442125,-0.44329472199346825,-0.49823657550842787,0,0
-0.630978107157177,-0.9085166221651141,-0.8834665850128618,1,1,0,0,-1.0053738109005943,0,1,-0.9324622263515198,-0.44329472199346825,0.05386434617138694,1,1
2.76191561251331,1.0827526866899306,1.4712760639397857,1,0,1,0,-0.7189972055457903,1,0,0.134021448469128,-0.44329472199346825,-0.255759819365266,0,0
2.4217881333021287,1.7465091229749454,2.1831750043208187,1,0,0,0,-0.9381492556529878,1,0,-0.5769676680779705,-0.44329472199346825,-0.7593653898164484,0,0
-0.38090943683493916,3.73777843182999,2.1284135473684316,0,1,1,1,-0.9932733909560252,0,1,2.622483356383973,0.6040643376485122,2.07574745124206,1,1
-0.006438448482609118,-0.24476018588009918,-0.39061347244137745,0,0,0,0,0.5891926395726342,1,0,1.555999681563325,-0.44329472199346825,-0.12146500057828409,0,0
1.3272724890936383,-0.24476018588009918,2.0736520904160445,1,0,0,0,-0.6463946858783751,1,0,-0.22147310980442125,-0.44329472199346825,-0.5952272779656927,1,0
-0.45562772027653936,-0.9085166221651141,-0.33585201548899024,0,0,0,0,-0.5939595327852419,1,0,-0.9324622263515198,-0.44329472199346825,-1.046607085555271,0,0
1.1513526721011385,-0.24476018588009918,0.6498542096539783,0,0,0,0,0.1347546460988136,1,0,0.48951600674267726,-0.44329472199346825,0.3224539837453507,0,0
2.1798960099835893,1.0827526866899306,0.2665240109872685,1,0,0,0,-0.9139484157638494,1,0,-0.5769676680779705,-0.44329472199346825,-0.41243710795007826,0,0
-0.40772070998218085,-0.9085166221651141,-0.6096593002509261,0,0,0,0,2.206615438830049,1,0,-0.9324622263515198,-0.44329472199346825,-0.8899297969704587,0,0
-0.6164813888432116,-0.9085166221651141,-0.8834665850128618,0,0,0,0,-0.4285871268761297,1,0,-0.9324622263515198,-0.44329472199346825,-0.8936602086034304,0,0
-0.3718477305602008,-0.9085166221651141,-0.7191822141557004,0,0,0,0,0.10383135068491457,1,0,-0.5769676680779705,-0.44329472199346825,-0.9757292645288083,0,0
-0.6095219358371935,-0.24476018588009918,-1.1572738697747977,0,0,0,0,0.9723726044839919,1,0,-0.9324622263515198,-0.44329472199346825,-0.8787385620715434,0,0
-0.6083959283049044,-0.9085166221651141,-0.8287051280604746,0,0,0,0,-0.2134685500837886,1,0,-0.5769676680779705,-0.44329472199346825,-0.7146004502207878,0,0
0.7646565389429101,-0.24476018588009918,2.676028116892303,1,1,1,0,-0.9798284799065039,0,1,2.622483356383973,3.746141516574454,1.915339751024276,1,1
-0.38090943683493916,1.0827526866899306,1.5807989778445601,0,1,1,1,-0.9999958464807859,0,1,2.977977914657522,0.6040643376485122,1.6094459971205948,1,1
-0.3390772790882299,-0.24476018588009918,-1.0477509558700233,0,0,0,0,1.9135163779504842,1,0,-0.5769676680779705,-0.44329472199346825,-0.5877664546997492,0,0
-0.16997218261993047,1.0827526866899306,-0.062044730727054534,1,1,0,0,0.09307542184529752,1,0,0.48951600674267726,-0.44329472199346825,1.6318284669184253,1,1
0.8179180922518555,-0.24476018588009918,-0.7191822141557004,0,0,0,0,-0.058852073014293405,1,0,0.8450105650162265,-0.44329472199346825,0.47913127233016317,0,0
0.16532212579881048,1.7465091229749454,1.4712760639397857,1,1,0,0,-0.8763026648251897,1,0,0.134021448469128,-0.44329472199346825,-0.10281294241342548,0,0
0.3533894126359244,1.0827526866899306,0.2665240109872685,0,0,0,0,-0.3559846072087146,1,0,1.555999681563325,-0.44329472199346825,0.050133934538415165,0,0
-0.610782058410549,-0.24476018588009918,-0.9929894989176362,0,0,0,0,-0.8050446362627267,1,0,-0.22147310980442125,-0.44329472199346825,0.20681122312322758,0,0
-0.6267870121238434,-0.9085166221651141,-0.938228041965249,1,1,1,1,-1.0161297397402114,0,1,-0.9324622263515198,-0.44329472199346825,-0.3714025799873894,1,1
0.05066661837823887,1.7465091229749454,1.6903218917493346,1,1,0,0,-0.7512649920646414,1,0,-0.5769676680779705,-0.44329472199346825,-0.617609747763523,0,0
-0.6205115458272652,-0.9085166221651141,-0.44537492939376466,0,0,0,0,1.4805902421558976,1,0,-0.5769676680779705,-0.44329472199346825,-0.5952272779656927,0,0
-0.38090943683493916,1.0827526866899306,1.799844805654109,1,1,0,1,-1.0080627931104986,0,1,2.622483356383973,3.746141516574454,2.019791276747484,0,1
-0.606930721481251,-0.24476018588009918,-0.2810905585366032,0,0,0,0,0.08635296632053686,1,0,-0.9324622263515198,-0.44329472199346825,-1.0689895553531013,0,0
-0.5510595129982164,-0.9085166221651141,-0.7739436711080876,0,0,0,0,1.19824711011595,1,0,-0.5769676680779705,-0.44329472199346825,-0.8265127992099395,0,0
-0.630993195099297,-0.24476018588009918,-0.39061347244137745,0,0,0,0,-0.37884095599290085,1,0,-0.9324622263515198,-0.44329472199346825,-0.9458859714650345,0,0
-0.028958599128388298,0.4189962504049157,0.8689000374635272,1,0,1,0,0.34987322289115474,1,0,-0.22147310980442125,0.6040643376485122,0.8447116123613918,1,1
-0.5728146490972444,-0.9085166221651141,-0.8834665850128618,0,0,0,0,0.1724003970374733,1,0,-0.5769676680779705,-0.44329472199346825,-0.9719988528958365,0,0
-0.6025753355226108,-0.9085166221651141,-1.2120353267271848,0,0,0,0,-0.42589814466622544,1,0,-0.9324622263515198,-0.44329472199346825,-1.035415850656356,0,0
-0.581565655526845,-0.24476018588009918,-0.33585201548899024,0,0,0,0,0.6913739635489963,1,0,-0.5769676680779705,-0.44329472199346825,-0.8824689737045153,0,0
-0.5946379603421481,0.4189962504049157,-0.007283273774667328,0,0,1,0,-0.9085704513440409,0,1,1.9114942398368742,1.6514233972904928,1.930261397556163,1,1
-0.49812989441591093,-0.9085166221651141,-0.33585201548899024,0,0,0,0,0.15357752156814347,1,0,-0.5769676680779705,-0.44329472199346825,-0.8078607410450808,0,0
0.025931893116846155,-0.9085166221651141,-0.007283273774667328,0,0,0,0,-0.9260488357084186,0,1,1.2005051232897757,0.6040643376485122,1.8892268695934737,0,1
-0.5861093613556497,-0.24476018588009918,-1.1572738697747977,0,0,0,0,1.780411758560223,1,0,-0.9324622263515198,-0.44329472199346825,-0.7966695061461656,0,0
-0.42591509174088865,-0.9085166221651141,-1.0477509558700233,0,0,0,0,-0.8843696114549024,0,0,-0.22147310980442125,-0.44329472199346825,-0.390054638152248,1,0
-0.5738473349134579,-0.24476018588009918,-0.6096593002509261,0,0,0,0,1.4362220356924773,1,0,-0.5769676680779705,-0.44329472199346825,-0.658644275726212,0,0
-0.6169200567900339,-0.24476018588009918,-0.9929894989176362,0,0,0,0,1.4792457510509456,1,0,-0.5769676680779705,-0.44329472199346825,-0.5840360430667775,0,0
-0.5248439341583792,0.4189962504049157,-0.7739436711080876,0,0,1,1,-0.9999958464807859,0,0,1.555999681563325,1.6514233972904928,2.042173746545315,0,1
0.7023913958770216,1.0827526866899306,-0.39061347244137745,0,0,0,0,0.2140796212909894,1,0,0.8450105650162265,-0.44329472199346825,0.2478457510859163,0,0
-0.5328204262258198,-0.24476018588009918,-0.5001363863461518,0,0,0,0,-0.08843087732324031,1,0,-0.9324622263515198,-0.44329472199346825,-0.9197730900342325,0,0
-0.4928334679191194,-0.24476018588009918,-0.44537492939376466,0,0,0,0,2.1420798657923465,1,0,-0.9324622263515198,-0.44329472199346825,-1.0242246157574406,0,0
-0.5256603594708726,0.4189962504049157,-0.1715676446318288,0,0,0,0,-0.92067087128861,0,1,0.134021448469128,0.6040643376485122,1.5907939389557362,1,1
2.3294806622246345,1.0827526866899306,1.5807989778445601,1,0,0,0,-0.7808437963735884,0,0,-0.22147310980442125,-0.44329472199346825,-0.45347163591276723,1,0
-0.5364024154476421,-0.9085166221651141,1.142707322225463,0,1,0,1,1.7104982211027122,1,0,0.8450105650162265,0.6040643376485122,1.2214831872915357,1,1
-0.6044345052793976,2.4102655592599604,2.0188906334636574,1,1,1,0,-0.9838619532213603,0,0,0.8450105650162265,2.698782456932473,1.807157813668096,1,1
-0.62544753815119,-0.24476018588009918,-0.7191822141557004,0,0,0,0,-0.5469023441119173,1,0,-0.5769676680779705,-0.44329472199346825,-1.0391462622893275,0,0
-0.6099024872662201,-0.24476018588009918,-0.6644207572033133,0,0,0,0,0.8473349317234437,1,0,-0.9324622263515198,-0.44329472199346825,-0.9309643249331476,0,0
-0.45418710121041483,-0.9085166221651141,-0.5548978432985389,0,0,0,0,-0.5979930061000983,1,0,-0.5769676680779705,-0.44329472199346825,-0.9757292645288083,0,0
1.1686255717651843,0.4189962504049157,0.21176255403488134,0,0,0,0,-0.1341435748916128,1,0,0.8450105650162265,-0.44329472199346825,0.21054163475619908,0,0
3.012006076529721,1.7465091229749454,0.5403312957492042,1,0,0,0,-0.8722691915103333,1,0,0.134021448469128,-0.44329472199346825,-0.5579231616359756,0,0
-0.38090943683493916,3.074021995544975,-0.11680618767944173,1,1,0,0,-0.9999958464807859,0,1,2.2669887981104235,2.698782456932473,2.3070329724863066,1,1
-0.5210943011352235,-0.9085166221651141,-0.7191822141557004,0,0,0,0,0.50448969996065,1,0,-0.9324622263515198,-0.44329472199346825,-0.9346947365661193,0,0
0.9964386234157068,1.0827526866899306,1.0331844083206885,1,1,0,0,-0.6463946858783751,1,0,0.134021448469128,-0.44329472199346825,-0.6213401593964948,1,0
-0.6238353635950343,-0.9085166221651141,-0.8834665850128618,0,0,0,0,0.31222747195249506,1,0,-0.5769676680779705,-0.44329472199346825,-0.7556349781834768,0,0
-0.5988016735545972,-0.24476018588009918,0.04747818317771972,0,0,0,0,-0.47564431554945436,1,0,-0.22147310980442125,-0.44329472199346825,0.2030808114902558,0,0
0.7646565389429101,2.4102655592599604,2.785551030797077,0,1,1,1,-0.9959623731659294,0,1,1.9114942398368742,2.698782456932473,1.7698536973383787,1,1
-0.5027328343878533,-0.24476018588009918,-0.5548978432985389,0,0,0,0,2.082922257174453,1,0,-0.5769676680779705,-0.44329472199346825,-0.9048514435023456,0,0
-0.6057063629188465,-0.9085166221651141,-0.33585201548899024,0,0,0,0,-0.24573633660263977,1,0,-0.9324622263515198,-0.44329472199346825,-0.6735659222580987,0,0
-0.6041165408695353,-0.9085166221651141,-1.1572738697747977,0,0,0,0,0.9333823624403801,1,0,-0.9324622263515198,-0.44329472199346825,-0.9533467947309779,0,0
0.2964458426370276,0.4189962504049157,-0.062044730727054534,0,0,0,0,-0.15027746815103837,1,0,1.555999681563325,-0.44329472199346825,-0.08789129588153852,0,0
-0.6043635360701664,-0.9085166221651141,-0.7739436711080876,0,0,0,0,2.206615438830049,1,0,-0.5769676680779705,-0.44329472199346825,-1.0242246157574406,0,0
-0.6161924826922471,-0.9085166221651141,0.04747818317771972,0,0,0,0,-0.7902552341082533,1,0,-0.22147310980442125,-0.44329472199346825,-0.6138793361305513,0,0
-0.630978107157177,-0.9085166221651141,-0.9929894989176362,1,1,1,0,-0.9986513553758337,0,1,-0.9324622263515198,-0.44329472199346825,-0.15130829364205775,1,1
-0.5790850860797827,-0.24476018588009918,-0.2810905585366032,0,0,0,0,-0.7351310988052159,1,0,-0.22147310980442125,-0.44329472199346825,0.09116846250110415,0,0
1.7479567265341889,0.4189962504049157,-0.007283273774667328,1,1,1,1,0.5918816217825386,1,0,0.134021448469128,0.6040643376485122,1.646750113450312,1,1
-0.5906452438070589,-0.9085166221651141,-1.1025124128224104,0,0,0,0,2.13804639247749,1,0,-0.9324622263515198,-0.44329472199346825,-0.8227823875769676,0,0
-0.5332479179192198,-0.9085166221651141,0.5950927527015915,0,0,0,0,-0.9031924869242324,0,1,0.8450105650162265,2.698782456932473,1.8034274020351244,1,1
1.0928181624275883,1.0827526866899306,0.04747818317771972,1,0,1,1,1.5007576087301797,1,0,1.2005051232897757,0.6040643376485122,1.2401352454563943,1,1
-0.6269982433135234,-0.9085166221651141,-1.1025124128224104,0,0,0,0,1.729321096572042,1,0,-0.9324622263515198,-0.44329472199346825,-0.6288009826624381,0,0
-0.1425003928954354,1.7465091229749454,1.19746877917785,1,0,0,0,-0.7243751699655988,1,0,-0.22147310980442125,-0.44329472199346825,0.00909940657572617,1,0
-0.630978107157177,-0.9085166221651141,-0.6644207572033133,1,1,1,1,-1.012096266425355,0,1,-0.9324622263515198,-0.44329472199346825,-0.43108916611493686,0,1
1.0847444369553743,0.4189962504049157,0.5950927527015915,0,0,0,0,-0.6262273193040931,1,0,1.9114942398368742,-0.44329472199346825,0.0016385833097827538,0,0
-0.4847334782513634,-0.9085166221651141,-0.2810905585366032,0,0,0,0,1.1243000993435828,1,0,-0.5769676680779705,-0.44329472199346825,-0.8414344457418262,0,0
0.12096245834066552,1.0827526866899306,-0.062044730727054534,0,0,0,0,-0.7216861877556945,1,0,0.8450105650162265,-0.44329472199346825,0.40079262803775695,0,0
-0.6026558045472508,-0.24476018588009918,-0.5548978432985389,0,0,0,0,-0.5321129419574439,1,0,-0.9324622263515198,-0.44329472199346825,-0.6325313942954099,0,0
-0.6318163261638436,-0.9085166221651141,-0.938228041965249,1,0,1,1,-1.0026848286906902,0,1,-0.9324622263515198,-0.44329472199346825,0.13593340209676466,0,1
-0.6318163261638436,1.7465091229749454,0.37604692489204267,1,0,1,1,-1.0134407575303073,0,1,1.2005051232897757,0.6040643376485122,1.650480525083284,1,1
-0.5684888802101731,-0.9085166221651141,-0.22632910158421599,0,0,0,0,0.7626319921114593,1,0,-0.9324622263515198,-0.44329472199346825,-0.897390620236402,0,0
-0.5967111553519704,-0.9085166221651141,-0.2810905585366032,0,0,0,0,-0.5374909063772524,1,0,-0.9324622263515198,-0.44329472199346825,-0.8115911526780526,0,0
-0.616955820800985,-0.24476018588009918,-1.1025124128224104,0,0,0,0,-0.09380884174304883,1,0,-0.9324622263515198,-0.44329472199346825,-0.8563560922737132,0,0
0.7646565389429101,1.7465091229749454,2.0188906334636574,1,1,1,0,-1.0026848286906902,0,1,2.977977914657522,1.6514233972904928,2.0235216883804563,1,1
2.845299962858502,1.7465091229749454,0.8689000374635272,0,0,0,0,-0.8238675117320565,1,0,-0.22147310980442125,-0.44329472199346825,-0.3863242265192762,0,0
-0.5872387217639654,-0.24476018588009918,-0.7739436711080876,0,0,0,0,0.3444952584713462,1,0,-0.5769676680779705,-0.44329472199346825,-0.8638169155396567,0,0
2.83564815040307,1.0827526866899306,1.96412917651127,1,1,1,0,-0.9247043446034664,1,0,-0.22147310980442125,-0.44329472199346825,-0.32663764039172877,0,0
-0.6318163261638436,3.074021995544975,1.3069916930826242,1,1,1,0,-0.9986513553758337,0,1,2.2669887981104235,3.746141516574454,1.9339918091891346,1,1
-0.5213200614543524,-0.9085166221651141,-0.8834665850128618,0,0,0,0,0.7841438497906934,1,0,-0.9324622263515198,-0.44329472199346825,-0.9048514435023456,0,0
-0.561208668730937,-0.9085166221651141,-0.2810905585366032,0,0,0,0,-0.9273933268133707,1,0,-0.22147310980442125,-0.44329472199346825,-0.4683932824446541,0,0
0.6862417096819095,-0.24476018588009918,0.8689000374635272,0,0,0,0,-0.3855634115176615,1,0,1.2005051232897757,-0.44329472199346825,-0.05804800281776471,0,0
0.8120488827671752,0.4189962504049157,0.21176255403488134,0,0,0,0,-0.5442133619020131,1,0,1.9114942398368742,-0.44329472199346825,0.3373756302772378,0,0
0.556035004436986,1.0827526866899306,1.6355604347969475,1,0,1,0,-0.6396722303536144,1,0,-0.5769676680779705,-0.44329472199346825,-0.5019669871413996,0,0
-0.6308367275513858,-0.9085166221651141,-0.44537492939376466,0,0,0,0,1.8086460717642179,1,0,-0.9324622263515198,-0.44329472199346825,-0.6959483920559292,0,0
0.0932414381648548,1.0827526866899306,0.48556983879681703,0,0,0,0,-0.5805146217357207,1,0,1.2005051232897757,-0.44329472199346825,0.27768904414969026,0,0
-0.6318163261638436,3.074021995544975,-0.007283273774667328,0,1,0,0,-0.9946178820609773,0,1,2.2669887981104235,1.6514233972904928,2.2548072096247025,1,1
0.43914424633196975,-0.24476018588009918,0.37604692489204267,1,1,1,0,-0.9448717111777484,1,0,0.134021448469128,-0.44329472199346825,-0.01328306322210408,0,0
-0.3381524441175409,0.4189962504049157,-0.6644207572033133,0,0,0,0,-0.981172971011456,0,0,1.9114942398368742,2.698782456932473,1.9899479836837104,0,1
-0.5611874338494348,-0.24476018588009918,-1.1025124128224104,0,0,0,0,0.3606291517307718,1,0,-0.5769676680779705,-0.44329472199346825,-0.8675473271726284,0,0
-0.6104981815736246,-0.9085166221651141,-0.6096593002509261,0,0,0,0,1.278916576413078,1,0,-0.9324622263515198,-0.44329472199346825,-0.7892086828802222,0,0
-0.38090943683493916,3.074021995544975,3.1141197725114003,0,1,1,1,-0.9946178820609773,0,0,1.2005051232897757,2.698782456932473,1.926530985923191,1,1
0.3402388740466657,1.0827526866899306,-0.39061347244137745,0,1,1,0,2.27652897628756,1,0,0.8450105650162265,0.6040643376485122,0.576121974787428,0,1
-0.5562922348505012,-0.9085166221651141,-0.33585201548899024,0,0,0,0,2.1824145989409107,1,0,-0.5769676680779705,-0.44329472199346825,-0.8339736224758828,0,0
3.228615279356508,1.0827526866899306,0.81413858051114,1,0,0,0,-0.787566251898349,1,0,0.134021448469128,-0.44329472199346825,-0.322907228758757,1,0
-0.3188577602094153,-0.9085166221651141,-1.0477509558700233,0,0,0,0,0.8688467894026777,1,0,-0.9324622263515198,-0.44329472199346825,-0.6026881012316361,0,0
2.2323260500379214,0.4189962504049157,1.5807989778445601,1,0,0,0,-0.6826959457120827,1,0,-0.22147310980442125,-0.44329472199346825,0.050133934538415165,0,0
-0.5640787306097639,-0.24476018588009918,-0.6644207572033133,0,0,0,0,0.9091815225512416,1,0,-0.5769676680779705,-0.44329472199346825,-0.8115911526780526,0,0
0.1963172294146613,-0.24476018588009918,0.5403312957492042,0,0,0,0,0.02988433991254731,1,0,1.2005051232897757,-0.44329472199346825,0.576121974787428,0,0
-0.5939970022083835,-0.24476018588009918,-1.0477509558700233,0,0,0,0,-0.5724476751060078,1,0,-0.5769676680779705,-0.44329472199346825,0.042673111272471746,1,0
-0.6044345052793976,0.4189962504049157,2.3474593751779804,1,1,1,0,-0.9959623731659294,0,1,0.48951600674267726,0.6040643376485122,1.807157813668096,1,1
0.8080634307968105,-0.24476018588009918,1.8546062626064956,0,0,0,0,1.268160647573461,1,0,0.48951600674267726,0.6040643376485122,1.1617966011639882,0,1
-0.6318163261638436,-0.24476018588009918,0.5950927527015915,1,1,1,1,-1.0053738109005943,0,1,1.555999681563325,1.6514233972904928,2.049634569811258,1,1
1.6106201304185581,1.0827526866899306,0.21176255403488134,1,1,0,0,-0.7754658319537798,1,0,-0.5769676680779705,-0.44329472199346825,-0.18115158670583156,0,0
-0.4553701076351571,-0.9085166221651141,-0.44537492939376466,0,0,0,0,0.6053265328320598,1,0,-0.5769676680779705,-0.44329472199346825,-0.9570772063639497,0,0
-0.6044345052793976,-0.24476018588009918,0.15700109708249413,1,1,1,0,-0.9999958464807859,0,0,1.2005051232897757,1.6514233972904928,2.127973214103664,1,1
-0.6047653223806954,-0.9085166221651141,-1.1572738697747977,0,0,0,0,1.8664591892771596,1,0,-0.5769676680779705,-0.44329472199346825,-0.6325313942954099,0,0
-0.5705838689141688,-0.24476018588009918,-0.007283273774667328,0,0,1,1,-0.9704170421718389,1,1,1.555999681563325,2.698782456932473,1.5012640597644151,1,1
-0.3527100730126574,-0.9085166221651141,-1.2120353267271848,0,0,0,0,1.6459626480650098,1,0,-0.9324622263515198,-0.44329472199346825,-0.9011210318693739,0,0
-0.6082668425778778,-0.24476018588009918,-0.1715676446318288,0,0,0,0,-0.9031924869242324,0,0,0.48951600674267726,1.6514233972904928,1.661671759982199,1,1
1.5664426358911954,-0.24476018588009918,0.21176255403488134,1,1,0,0,0.11324278841957951,1,0,-0.22147310980442125,0.6040643376485122,1.6542109367162554,1,1
-0.6251921607604921,-0.9085166221651141,-0.8834665850128618,0,0,0,0,0.19929021913651596,1,0,-0.9324622263515198,-0.44329472199346825,-0.7892086828802222,0,0
-0.5493014883349008,-0.9085166221651141,-0.7739436711080876,0,0,0,0,-0.11935417273713934,1,0,-0.9324622263515198,-0.44329472199346825,-0.9011210318693739,0,0
-0.19437273790399864,1.0827526866899306,-0.39061347244137745,1,1,1,0,2.1205680081131124,1,0,-0.22147310980442125,-0.44329472199346825,0.8111379076646463,1,1
0.7597065763022074,-0.24476018588009918,0.9784229513683013,1,0,1,1,-0.05078512638458061,1,0,0.48951600674267726,-0.44329472199346825,1.3632388293444613,1,1
-0.527014921385646,-0.9085166221651141,-0.44537492939376466,0,0,0,0,-0.25649226544225684,1,0,-0.9324622263515198,-0.44329472199346825,-0.9197730900342325,0,0
-0.6202522567478697,-0.9085166221651141,-0.6096593002509261,0,0,0,0,1.1417784837079605,1,0,-0.9324622263515198,-0.44329472199346825,-0.8526256806407414,0,0
-0.4055161939946474,-0.24476018588009918,-0.5548978432985389,0,0,0,0,0.8244785829392574,1,0,-0.5769676680779705,-0.44329472199346825,-0.6437226291943251,0,0
-0.5578524398282435,-0.9085166221651141,-0.9929894989176362,0,0,0,0,-0.5818591128406728,1,0,-0.9324622263515198,-0.44329472199346825,-0.804130329412109,0,0
-0.5043790965169469,-0.24476018588009918,-0.22632910158421599,0,0,0,0,-0.2605257387571132,1,0,-0.5769676680779705,-0.44329472199346825,-0.6735659222580987,0,0
-0.5322912306262775,-0.9085166221651141,-0.8287051280604746,0,0,0,0,0.1966012369266117,1,0,-0.9324622263515198,-0.44329472199346825,-0.5989576895986644,0,0
-0.5381246761000067,-0.9085166221651141,-1.0477509558700233,0,0,0,0,2.1488023213171075,1,0,-0.5769676680779705,-0.44329472199346825,-0.8451648573747981,0,0
-0.38090943683493916,3.73777843182999,1.799844805654109,0,1,1,1,-0.9999958464807859,0,0,0.48951600674267726,1.6514233972904928,1.5721418807908776,1,1
1.0406379116372426,-0.9085166221651141,0.6498542096539783,1,1,0,0,0.5488579064240703,1,0,0.8450105650162265,-0.44329472199346825,1.1767182476958753,1,1
-0.36040045299248896,-0.24476018588009918,-0.6644207572033133,0,0,0,0,1.483279224365802,1,0,-0.5769676680779705,-0.44329472199346825,-0.5952272779656927,0,0
-0.5784743038302582,-0.24476018588009918,-0.2810905585366032,0,0,0,0,-0.6746289990823698,1,0,-0.9324622263515198,-0.44329472199346825,-0.7295220967526747,0,0
-0.5491696085445186,-0.9085166221651141,-1.1025124128224104,0,0,0,0,1.6795749256888133,1,0,-0.9324622263515198,-0.44329472199346825,-0.7220612734867312,0,0
-0.5498619774440252,-0.9085166221651141,-0.39061347244137745,0,0,0,0,2.0587214172853145,1,0,-0.5769676680779705,-0.44329472199346825,-0.7444437432845615,0,0
-0.6150726220993404,-0.24476018588009918,-0.22632910158421599,0,0,0,0,-0.47564431554945436,1,0,-0.5769676680779705,-0.44329472199346825,-0.6698355106251271,0,0
-0.5840730479821207,-0.24476018588009918,-0.1715676446318288,0,0,0,0,-0.6181603726743803,1,0,-0.5769676680779705,-0.44329472199346825,-0.6810267455240423,0,0
-0.08776022125872976,1.0827526866899306,1.799844805654109,1,1,1,0,1.1121996793990137,1,0,0.8450105650162265,-0.44329472199346825,1.568411469157906,1,1
-0.22018932449666245,1.0827526866899306,0.5403312957492042,0,0,0,0,-0.8453793694112907,1,0,0.134021448469128,-0.44329472199346825,-0.2856031124290398,0,0
-0.6293815793558124,-0.24476018588009918,-0.1715676446318288,0,0,0,0,-0.0023834466063038565,1,0,-0.9324622263515198,-0.44329472199346825,-1.0018421459596103,0,0
1.805821778627748,-0.24476018588009918,1.0331844083206885,0,0,1,0,0.6295273727211982,1,0,-0.22147310980442125,-0.44329472199346825,1.4751511783336129,0,1
-0.45769756241033505,-0.9085166221651141,-0.9929894989176362,0,0,0,0,1.4765567688410413,1,0,-0.5769676680779705,-0.44329472199346825,-1.035415850656356,0,0
0.7646565389429101,3.73777843182999,3.004596858606626,1,1,1,0,-0.9932733909560252,0,1,0.48951600674267726,0.6040643376485122,1.6654021716151706,1,1
-0.2738806047496925,-0.24476018588009918,0.7593771235587528,0,0,0,0,-0.6396722303536144,1,0,1.2005051232897757,-0.44329472199346825,0.4604792141653045,0,0
0.8375765632088745,1.0827526866899306,2.0188906334636574,1,0,1,0,1.4604228755816158,1,0,1.2005051232897757,0.6040643376485122,1.5609506458919624,1,1
-0.6044345052793976,-0.24476018588009918,1.4712760639397857,1,1,1,1,-0.9892399176411688,0,1,0.8450105650162265,3.746141516574454,2.3107633841192783,0,1
-0.5588627731376125,-0.24476018588009918,-1.1572738697747977,0,0,0,0,1.7118427122076643,1,0,-0.5769676680779705,-0.44329472199346825,-0.6213401593964948,0,0
-0.46940859955881126,-0.9085166221651141,-0.938228041965249,0,0,0,0,-0.533457433062396,1,0,-0.9324622263515198,-0.44329472199346825,-0.9794596761617801,0,0
-0.5417591937129136,-0.9085166221651141,-0.7191822141557004,0,0,0,0,0.6160824616716769,1,0,-0.9324622263515198,-0.44329472199346825,-0.8339736224758828,0,0
0.36105464604555587,-0.24476018588009918,0.2665240109872685,0,0,0,0,-0.033306742020202895,1,0,1.555999681563325,-0.44329472199346825,0.2739586325167185,0,0
-0.6207859228487808,-0.9085166221651141,-0.22632910158421599,0,0,0,0,0.3633181339406761,1,0,-0.9324622263515198,-0.44329472199346825,-0.5877664546997492,0,0
-0.38925418645264187,-0.9085166221651141,-0.7739436711080876,0,0,0,0,0.9280043980205716,1,0,-0.9324622263515198,-0.44329472199346825,-1.0689895553531013,0,0
0.034372199701308954,-0.24476018588009918,0.4308083818444299,0,0,0,1,-0.9139484157638494,0,1,0.8450105650162265,2.698782456932473,1.650480525083284,1,1
-0.4019107346406382,-0.9085166221651141,-0.7739436711080876,0,0,0,0,0.05139619759178143,1,0,-0.5769676680779705,-0.44329472199346825,-0.8488952690077698,0,0
-0.5757696505020802,-0.24476018588009918,-1.0477509558700233,0,0,0,0,1.4173991602231475,1,0,-0.5769676680779705,-0.44329472199346825,-0.7146004502207878,0,0
-0.5668062952574574,-0.24476018588009918,-1.1572738697747977,0,0,0,0,1.5921830038669247,1,0,-0.5769676680779705,-0.44329472199346825,-0.5877664546997492,0,0
-0.6050313172121442,-0.24476018588009918,-0.9929894989176362,0,0,0,0,0.8433014584085872,1,0,-0.9324622263515198,-0.44329472199346825,-1.0503374971882427,0,0
-0.2240775430622538,0.4189962504049157,1.2522302361302373,0,0,0,1,0.37676304499019736,1,0,0.48951600674267726,0.6040643376485122,0.5798523864203997,1,1
-0.37740456376173004,-0.24476018588009918,-0.6096593002509261,0,0,0,0,-0.9556276400173654,0,0,1.555999681563325,1.6514233972904928,1.7623928740724357,1,1
0.13470533836130183,0.4189962504049157,0.5403312957492042,0,0,0,0,0.1602999770929041,1,0,0.48951600674267726,-0.44329472199346825,-0.2632206426312094,0,0
0.3620565971648582,-0.24476018588009918,0.2665240109872685,1,0,0,0,-0.9381492556529878,1,0,-0.5769676680779705,-0.44329472199346825,-0.5728448081678623,1,0
-0.6318163261638436,3.73777843182999,1.6355604347969475,1,1,1,1,-1.0134407575303073,0,1,0.48951600674267726,1.6514233972904928,1.650480525083284,1,1
-0.43999772986556057,-0.24476018588009918,0.37604692489204267,0,0,0,0,-0.9852064443263124,0,1,1.2005051232897757,2.698782456932473,1.6654021716151706,0,1
-0.479462198324772,-0.9085166221651141,-0.44537492939376466,0,0,0,0,2.0277981218714154,1,0,-0.9324622263515198,-0.44329472199346825,-0.8302432108429112,0,0
0.03215147814631327,1.0827526866899306,0.5950927527015915,0,0,0,0,-0.34522867836909754,1,0,1.555999681563325,-0.44329472199346825,0.09116846250110415,0,0
-0.6027049800623085,-0.24476018588009918,-0.9929894989176362,0,0,0,0,-0.9421827289678442,0,0,1.2005051232897757,0.6040643376485122,1.4117341805730936,1,1
-0.6308920500058258,-0.9085166221651141,-0.8287051280604746,0,0,0,0,1.4012652669637218,1,0,-0.9324622263515198,-0.44329472199346825,-0.9011210318693739,0,0
0.8178443289792688,1.0827526866899306,0.7046156666063655,0,0,0,0,0.3740740627802931,1,0,1.555999681563325,-0.44329472199346825,0.6096956794841734,0,0
-0.5198537370053568,-0.9085166221651141,-0.9929894989176362,0,0,0,0,-0.7418535543299765,1,0,-0.22147310980442125,-0.44329472199346825,-0.5616535732689472,0,0
-0.38090943683493916,-0.24476018588009918,1.799844805654109,1,1,0,0,-0.9865509354312645,0,1,1.9114942398368742,0.6040643376485122,2.20631185839607,1,1
-0.5973252904775216,-0.9085166221651141,-0.7191822141557004,0,0,0,0,0.5502023975290224,1,0,-0.9324622263515198,-0.44329472199346825,-0.897390620236402,0,0
0.7646565389429101,1.0827526866899306,0.7046156666063655,1,1,1,1,-1.0134407575303073,0,1,2.622483356383973,0.6040643376485122,1.7698536973383787,1,1
1.2618070258602967,1.0827526866899306,2.2379364612732062,1,0,1,0,-0.8964700313994717,1,0,-0.5769676680779705,-0.44329472199346825,-0.3714025799873894,0,0
-0.38090943683493916,0.4189962504049157,2.3474593751779804,1,1,0,1,-1.0080627931104986,0,1,2.977977914657522,3.746141516574454,1.7362799926416335,0,1
-0.5791018504599159,-0.24476018588009918,-0.6096593002509261,0,0,0,0,2.0304871040813195,1,0,-0.9324622263515198,-0.44329472199346825,-0.658644275726212,0,0
-0.5726777399928222,-0.24476018588009918,-0.22632910158421599,0,0,0,0,0.2571033366494576,1,0,-0.9324622263515198,-0.44329472199346825,-1.005572557592582,0,0
0.9880016697072704,0.4189962504049157,0.15700109708249413,0,0,0,0,-0.06557452853905406,1,0,1.555999681563325,-0.44329472199346825,0.6395389725479471,0,0
1.182675798754932,-0.24476018588009918,2.1284135473684316,1,0,1,0,-0.9448717111777484,1,0,-0.5769676680779705,-0.44329472199346825,-0.12892582384422752,0,0
-0.45763665182918395,-0.24476018588009918,-1.1025124128224104,0,0,0,0,-0.12742111936685213,1,0,-0.5769676680779705,-0.44329472199346825,-0.6026881012316361,0,0
-0.34215968978207895,-0.24476018588009918,-0.7191822141557004,0,0,0,0,-0.5724476751060078,1,0,-0.5769676680779705,-0.44329472199346825,-0.9533467947309779,0,0
-0.6295810754793991,3.73777843182999,3.223642686416175,0,0,1,0,-1.0080627931104986,0,0,0.48951600674267726,1.6514233972904928,2.329415442284137,1,1
-0.38090943683493916,2.4102655592599604,0.8689000374635272,1,1,1,0,-0.9959623731659294,0,1,2.622483356383973,0.6040643376485122,2.3144937957522504,1,1
-0.43256719777779573,-0.24476018588009918,-0.6644207572033133,0,0,0,0,1.6217618081758716,1,0,-0.9324622263515198,-0.44329472199346825,-0.8526256806407414,0,0
-0.48677817381495914,-0.24476018588009918,-0.5001363863461518,0,0,0,0,-0.47564431554945436,1,0,-0.5769676680779705,-0.44329472199346825,-1.046607085555271,0,0
-0.5814158937309872,-0.24476018588009918,-0.7739436711080876,0,0,0,0,1.7857897229800317,1,0,-0.5769676680779705,-0.44329472199346825,-0.6922179804229573,0,0
-0.5327271045097441,-0.24476018588009918,-0.8834665850128618,0,0,0,0,-0.6584951058229443,1,0,-0.5769676680779705,-0.44329472199346825,-0.6884875687899857,0,0
-0.5536624624202522,-0.9085166221651141,-0.938228041965249,0,0,0,0,1.585460548342164,1,0,-0.5769676680779705,-0.44329472199346825,-0.9869204994277235,0,0
3.742007097747069,-0.24476018588009918,0.9236614944159144,1,0,0,0,-0.6974853478665561,1,0,-0.5769676680779705,-0.44329472199346825,-0.49823657550842787,0,0
-0.3566759665395332,-0.9085166221651141,-0.2810905585366032,0,0,0,0,1.5733601283975949,1,0,-0.5769676680779705,-0.44329472199346825,-0.6026881012316361,0,0
-0.5457569395620429,-0.9085166221651141,-0.7739436711080876,0,0,0,0,1.6096613882313022,1,0,-0.9324622263515198,-0.44329472199346825,-1.031685439023384,0,0
0.033117106441993366,-0.24476018588009918,-0.062044730727054534,0,0,0,1,-0.93949374675794,1,1,1.555999681563325,1.6514233972904928,2.1055907443058337,1,1
-0.6318163261638436,2.4102655592599604,0.81413858051114,1,0,1,1,-1.0040293197956422,0,1,1.9114942398368742,2.698782456932473,1.8854964579605022,1,1
-0.5370869609697533,-0.9085166221651141,-0.11680618767944173,0,0,0,0,-0.624882828199141,1,0,-0.22147310980442125,-0.44329472199346825,-0.31171599385984183,0,0
-0.568815226810102,-0.24476018588009918,-0.7191822141557004,0,0,0,0,0.3176054363723036,1,0,-0.9324622263515198,-0.44329472199346825,-0.751904566550505,0,0
-0.6318163261638436,-0.9085166221651141,-0.39061347244137745,1,1,1,1,-1.0040293197956422,0,1,-0.9324622263515198,-0.44329472199346825,-0.21845570303554876,1,1
-0.45502476140441045,1.0827526866899306,0.5403312957492042,0,0,0,0,0.20870165687118086,1,0,1.9114942398368742,-0.44329472199346825,0.21427204638917086,0,0
-0.514676337607512,-0.24476018588009918,-0.938228041965249,0,0,0,0,-0.5657252195812472,1,0,-0.5769676680779705,-0.44329472199346825,-0.41616751958305004,0,0
-0.5467857136895584,-0.24476018588009918,-0.33585201548899024,0,0,0,0,0.6564171948202409,1,0,-0.9324622263515198,-0.44329472199346825,-0.7668262130823918,0,0
-0.5609437915248303,-0.24476018588009918,-0.8287051280604746,0,0,0,0,1.3031174163022163,1,0,-0.9324622263515198,-0.44329472199346825,-0.8003999177791374,0,0
-0.6318163261638436,0.4189962504049157,0.5950927527015915,1,1,1,1,-0.9959623731659294,0,1,2.977977914657522,2.698782456932473,2.262268032890646,1,1
0.5286839182494509,0.4189962504049157,0.10223964013010693,0,0,0,0,-0.28338208754129945,1,0,1.555999681563325,-0.44329472199346825,0.22546328128808618,0,0
1.6351531243056798,0.4189962504049157,0.37604692489204267,1,0,0,1,0.6913739635489963,1,0,0.134021448469128,0.6040643376485122,0.5537395049895976,1,1
-0.4338994071857247,-0.24476018588009918,0.32128546793965546,0,0,0,0,0.17105590593252118,1,0,1.9114942398368742,-0.44329472199346825,0.4045230396707287,0,0
-0.630978107157177,-0.9085166221651141,-0.938228041965249,1,1,1,1,-1.0040293197956422,0,1,-0.9324622263515198,-0.44329472199346825,-0.14757788200908611,1,1
0.610541592377167,-0.24476018588009918,0.5950927527015915,1,0,0,0,-0.9126039246588973,1,0,-0.5769676680779705,-0.44329472199346825,-0.22218611466852053,0,0
-0.49877811711439984,-0.9085166221651141,-0.2810905585366032,0,0,0,0,0.759943009901555,1,0,-0.9324622263515198,-0.44329472199346825,-0.658644275726212,0,0
-0.12736886338708783,-0.24476018588009918,0.10223964013010693,0,0,0,0,-0.9166373979737537,0,1,1.9114942398368742,0.6040643376485122,1.833270695098898,1,1
-0.587392954061192,-0.24476018588009918,-0.44537492939376466,0,0,0,0,0.21945758571079793,1,0,-0.5769676680779705,-0.44329472199346825,-0.6362618059283816,0,0
-0.6078242629423577,-0.24476018588009918,-1.1572738697747977,0,0,0,0,1.319251309561642,1,0,-0.9324622263515198,-0.44329472199346825,-1.0652591437201295,0,0
-0.6136364735345847,-0.24476018588009918,-0.5001363863461518,0,0,0,0,-0.019861830970681574,1,0,-0.9324622263515198,-0.44329472199346825,-0.8227823875769676,0,0
-0.5604280074293948,-0.24476018588009918,-1.1025124128224104,0,0,0,0,-0.19330118350950662,1,0,-0.5769676680779705,-0.44329472199346825,-0.9496163830980062,0,0
-0.2430978499488639,-0.9085166221651141,-0.938228041965249,0,0,0,0,0.5031452088556978,1,0,-0.9324622263515198,-0.44329472199346825,-0.6810267455240423,0,0
-0.24109450652293044,-0.24476018588009918,0.2665240109872685,0,0,1,1,-0.9744505154866954,0,0,1.2005051232897757,0.6040643376485122,1.6169068203865382,1,1
-0.4058973042363451,0.4189962504049157,-0.33585201548899024,0,0,0,0,-0.17044483472532038,1,0,0.8450105650162265,-0.44329472199346825,0.18815916495836896,0,0
-0.4556908661083749,-0.9085166221651141,-0.5548978432985389,0,0,0,1,-0.900503504714328,0,1,0.8450105650162265,1.6514233972904928,1.6355588785513968,1,1
-0.42339764065753294,-0.24476018588009918,-0.5548978432985389,0,0,0,0,-0.7848772696884447,1,0,-0.5769676680779705,-0.44329472199346825,-0.09535211914748193,0,0
-0.5844692461659384,-0.9085166221651141,-0.33585201548899024,0,0,0,0,-0.2605257387571132,1,0,-0.5769676680779705,-0.44329472199346825,-0.897390620236402,0,0
-0.5574450653910036,-0.9085166221651141,-0.5001363863461518,0,0,0,0,2.1205680081131124,1,0,-0.5769676680779705,-0.44329472199346825,-0.6623746873591837,0,0
-0.5378497402658201,-0.9085166221651141,-0.5548978432985389,0,0,0,0,-0.5778256395258163,1,0,-0.9324622263515198,-0.44329472199346825,-0.7183308618537596,0,0
-0.5583872235544969,-0.9085166221651141,-0.7191822141557004,0,0,0,0,2.0277981218714154,1,0,-0.5769676680779705,-0.44329472199346825,-0.6101489244975795,0,0
1.4472305699503836,-0.24476018588009918,0.21176255403488134,1,0,1,0,-0.9327712912331793,1,0,0.134021448469128,-0.44329472199346825,-0.7257916851197029,0,0
-0.4605413600936197,-0.9085166221651141,-0.44537492939376466,0,0,0,0,1.5168915019896052,1,0,-0.9324622263515198,-0.44329472199346825,-0.778017447981307,0,0
-0.6225333300713453,-0.24476018588009918,-0.33585201548899024,0,0,0,0,0.5085231732755063,1,0,-0.5769676680779705,-0.44329472199346825,-0.8115911526780526,0,0
-0.5037521086999602,-0.24476018588009918,0.5403312957492042,0,0,0,0,-0.9018479958192802,0,0,0.48951600674267726,1.6514233972904928,1.9750263371518233,0,1
3.3343677833009364,1.7465091229749454,0.6498542096539783,0,0,0,0,-0.7015188211814125,1,0,-0.22147310980442125,-0.44329472199346825,-0.2930639356949832,0,0
-0.621838167108483,-0.24476018588009918,-0.6644207572033133,0,0,0,0,0.8567463694581086,1,0,-0.9324622263515198,-0.44329472199346825,-0.9235035016672043,0,0
-0.6309585487136881,-0.9085166221651141,-0.8834665850128618,0,0,0,0,0.7612875010065071,1,0,-0.9324622263515198,-0.44329472199346825,-0.6623746873591837,0,0
-0.6318163261638436,1.7465091229749454,0.5403312957492042,1,1,1,1,-0.9825174621164081,0,1,2.977977914657522,0.6040643376485122,2.1055907443058337,1,1
-0.5053838416996047,-0.24476018588009918,-0.7191822141557004,0,0,0,0,-0.1422105215213256,1,0,-0.9324622263515198,-0.44329472199346825,-0.8824689737045153,0,0
1.6365780966170131,0.4189962504049157,0.5403312957492042,1,0,1,0,1.871837153696968,1,0,-0.22147310980442125,0.6040643376485122,0.5910436213193148,0,1
-0.5888827486423743,-0.24476018588009918,-0.9929894989176362,0,0,0,0,1.871837153696968,1,0,-0.9324622263515198,-0.44329472199346825,-0.9346947365661193,0,0
-0.6267870121238434,-0.9085166221651141,-0.6644207572033133,1,1,1,1,-1.0053738109005943,0,1,-0.9324622263515198,-0.44329472199346825,-0.7146004502207878,1,1
-0.4799360714698742,-0.24476018588009918,-0.2810905585366032,0,0,0,0,-0.584548095050577,1,0,-0.5769676680779705,-0.44329472199346825,-0.819051975943996,0,0
0.2142847332288979,0.4189962504049157,0.6498542096539783,1,0,0,0,-0.6880739101318912,1,0,0.134021448469128,-0.44329472199346825,-0.2520294077322943,0,0
-0.4872118124477413,-0.24476018588009918,-1.1572738697747977,0,0,0,0,2.136701901372538,1,0,-0.9324622263515198,-0.44329472199346825,-0.912312266768289,0,0
0.1310177335446394,0.4189962504049157,0.8689000374635272,1,1,1,1,2.3141747272262196,1,0,0.134021448469128,0.6040643376485122,1.1543357778980448,0,1
-0.6295810754793991,-0.24476018588009918,2.621266659939916,1,1,0,0,-0.9999958464807859,0,1,2.622483356383973,3.746141516574454,2.0720170396090882,1,1
-0.6318163261638436,1.7465091229749454,2.4022208321303675,1,1,1,1,-1.001340337585738,0,1,1.2005051232897757,1.6514233972904928,1.7661232857054072,1,1
1.4969146045388755,-0.9085166221651141,1.5807989778445601,1,1,0,1,1.442944491217238,1,0,0.48951600674267726,0.6040643376485122,0.9864672544143174,0,1
-0.5984395629437171,-0.9085166221651141,-0.7739436711080876,0,0,0,0,-0.04137368864991569,1,0,-0.5769676680779705,-0.44329472199346825,-0.6884875687899857,0,0
-0.6064434368320422,-0.9085166221651141,-1.1572738697747977,0,0,0,0,1.054386561886072,1,0,-0.9324622263515198,-0.44329472199346825,-0.6437226291943251,0,0
-0.6281197803444435,-0.9085166221651141,-0.39061347244137745,0,0,0,0,0.3700405894654367,1,0,-0.5769676680779705,-0.44329472199346825,-0.5989576895986644,0,0
-0.6018958193145396,-0.9085166221651141,-0.44537492939376466,0,0,0,0,0.9239709247057152,1,0,-0.9324622263515198,-0.44329472199346825,-0.9869204994277235,0,0
-0.6145534851278781,-0.24476018588009918,-0.938228041965249,0,0,0,0,0.575747728523113,1,0,-0.9324622263515198,-0.44329472199346825,-1.0279550273904123,0,0
-0.0417012044677358,1.0827526866899306,0.32128546793965546,0,0,0,0,0.27861519432869175,1,0,1.9114942398368742,-0.44329472199346825,0.05759475780435871,0,0
-0.42732497611010206,-0.24476018588009918,0.21176255403488134,0,0,0,0,0.4076863404040964,1,0,1.2005051232897757,-0.44329472199346825,0.5276266235587954,0,0
-0.6016315009211041,-0.24476018588009918,-0.7191822141557004,0,0,0,0,-0.3936303581473743,1,0,-0.9324622263515198,-0.44329472199346825,-0.8078607410450808,0,0
0.11046069181247373,1.0827526866899306,0.37604692489204267,1,0,0,0,-0.6396722303536144,0,0,-0.22147310980442125,-0.44329472199346825,-0.2520294077322943,0,0
-0.5737489838833423,-0.9085166221651141,-0.938228041965249,0,0,0,0,1.963262548833713,1,0,-0.5769676680779705,-0.44329472199346825,-0.7183308618537596,0,0
-0.5754511272795468,-0.24476018588009918,-0.33585201548899024,0,0,0,0,-0.5200125220128747,1,0,-0.9324622263515198,-0.44329472199346825,-0.8488952690077698,0,0
-0.5636517977290351,-0.9085166221651141,-0.5548978432985389,0,0,0,0,0.11458727952453163,1,0,-0.5769676680779705,-0.44329472199346825,-0.6064185128646079,0,0
-0.6044345052793976,3.73777843182999,0.32128546793965546,1,1,1,1,-1.001340337585738,0,1,0.8450105650162265,3.746141516574454,2.169007742066353,1,1
-0.4086505742669098,0.4189962504049157,0.4308083818444299,0,0,1,1,-0.9865509354312645,1,0,0.134021448469128,0.6040643376485122,1.2849001850520547,1,1
-0.6078013516228422,-0.9085166221651141,-1.2120353267271848,0,0,0,0,1.014051828737508,1,0,-0.9324622263515198,-0.44329472199346825,-0.7556349781834768,0,0
-0.5485532381682829,-0.9085166221651141,-0.5548978432985389,0,1,1,1,-1.0080627931104986,0,1,-0.9324622263515198,-0.44329472199346825,0.07624681596921731,1,1
-0.6295810754793991,1.0827526866899306,-0.007283273774667328,1,1,1,1,-0.9852064443263124,0,1,2.2669887981104235,2.698782456932473,1.743740815907577,1,1
-0.5485532381682829,-0.9085166221651141,-0.9929894989176362,1,1,1,1,-0.9986513553758337,0,1,-0.9324622263515198,-0.44329472199346825,0.04640352290544339,1,1
-0.49549229860826627,-0.9085166221651141,-0.5001363863461518,0,0,0,0,1.6647855235343398,1,0,-0.9324622263515198,-0.44329472199346825,-0.8414344457418262,0,0
-0.17595818395287305,-0.9085166221651141,0.6498542096539783,1,1,0,0,1.206314056745663,1,0,-0.22147310980442125,0.6040643376485122,0.7066863819414382,1,1
-0.559398115676537,-0.9085166221651141,-0.5001363863461518,0,0,0,0,-0.6544616325080879,1,0,-0.22147310980442125,-0.44329472199346825,-0.31171599385984183,0,0
-0.4539255768803348,-0.24476018588009918,-0.39061347244137745,0,0,0,0,-0.6894184012368434,1,0,-0.5769676680779705,-0.44329472199346825,-0.9384251481990911,0,0
-0.5285589207959261,-0.9085166221651141,-0.5001363863461518,0,0,0,0,0.4345761625031391,1,0,-0.5769676680779705,-0.44329472199346825,-0.8003999177791374,0,0
-0.625402833137501,-0.9085166221651141,-0.6644207572033133,0,0,0,0,0.7626319921114593,1,0,-0.5769676680779705,-0.44329472199346825,-1.0615287320871578,0,0
0.8293240176819051,0.4189962504049157,0.5403312957492042,0,0,0,0,0.505834191065602,1,0,1.9114942398368742,-0.44329472199346825,0.6246173260160602,0,0
-0.5146092800869786,0.4189962504049157,0.2665240109872685,1,0,1,0,0.06484110864130274,1,0,1.2005051232897757,-0.44329472199346825,1.098379603403469,1,1
-0.6164651832757494,-0.9085166221651141,-0.6644207572033133,0,0,0,0,-0.3828744293077572,1,0,-0.9324622263515198,-0.44329472199346825,-0.6623746873591837,0,0
0.306498882590317,-0.24476018588009918,-0.11680618767944173,0,0,0,0,-0.5307684508524918,1,0,1.2005051232897757,-0.44329472199346825,-0.08043047261559509,0,0
-0.38090943683493916,1.7465091229749454,2.2379364612732062,1,0,0,1,-0.9973068642708816,0,0,1.9114942398368742,2.698782456932473,2.2100422700290423,1,1
-0.613240275350767,-0.24476018588009918,-0.39061347244137745,0,0,0,0,1.2251369322149928,1,0,-0.5769676680779705,-0.44329472199346825,-0.9272339133001759,0,0
3.03043236554694,1.0827526866899306,1.909367719558883,1,0,1,0,-0.7606764297993064,1,0,-0.22147310980442125,-0.44329472199346825,-0.14384747037611434,0,0
1.3240811099289225,0.4189962504049157,0.9784229513683013,0,1,1,0,1.7710003208255582,1,0,1.2005051232897757,-0.44329472199346825,0.8745549054251657,1,1
-0.6253497459337456,-0.24476018588009918,-0.7739436711080876,0,0,0,0,0.5192791021151234,1,0,-0.9324622263515198,-0.44329472199346825,-0.6026881012316361,0,0
-0.6240443595340299,-0.24476018588009918,-0.5001363863461518,0,0,0,0,2.1689696878913893,1,0,-0.9324622263515198,-0.44329472199346825,-1.020494204124469,0,0
0.2174861710216937,-0.24476018588009918,0.15700109708249413,1,1,0,1,0.608015515041964,1,0,0.134021448469128,-0.44329472199346825,1.5199161179292737,1,1
-0.47892462053516305,-0.24476018588009918,-0.33585201548899024,0,0,0,0,-0.6894184012368434,1,0,-0.5769676680779705,-0.44329472199346825,0.21800245802214263,0,0
-0.38090943683493916,-0.24476018588009918,0.5403312957492042,1,1,1,0,-0.9946178820609773,0,1,2.622483356383973,0.6040643376485122,2.3517979120819676,1,1
-0.1902799939007806,-0.24476018588009918,0.2665240109872685,0,1,0,0,-0.0050724288162081205,1,0,1.2005051232897757,-0.44329472199346825,0.9976584893132324,1,1
-0.38090943683493916,1.7465091229749454,-0.6644207572033133,0,1,0,1,-0.9784839888015517,0,1,1.2005051232897757,1.6514233972904928,1.657941348349227,1,1
-0.5687051407138931,-0.24476018588009918,-0.5548978432985389,0,0,0,1,-0.9327712912331793,0,1,0.134021448469128,2.698782456932473,1.471420766700641,1,1
-0.6179885066171983,-0.24476018588009918,-0.6096593002509261,0,0,0,0,-0.5993374972050505,1,0,-0.5769676680779705,-0.44329472199346825,-1.0167637924914972,0,0
-0.4618137765457397,-0.24476018588009918,-0.8287051280604746,0,0,1,0,-0.9273933268133707,0,1,0.8450105650162265,0.6040643376485122,1.3371259479136592,0,1
-0.5297698678542241,-0.24476018588009918,-1.2120353267271848,0,0,0,0,0.04332925096206863,1,0,-0.5769676680779705,-0.44329472199346825,-0.6474530408272967,0,0
-0.5058308918364935,-0.24476018588009918,-0.44537492939376466,0,0,0,0,1.29908394298736,1,0,-0.5769676680779705,-0.44329472199346825,-0.9869204994277235,0,0
-0.39801078100895354,-0.24476018588009918,-0.1715676446318288,0,0,0,0,-0.9368047645480356,1,0,-0.22147310980442125,-0.44329472199346825,0.10235969740001921,0,0
-0.597453258579206,-0.9085166221651141,-1.1572738697747977,0,0,0,0,1.8624257159623032,1,0,-0.5769676680779705,-0.44329472199346825,-0.6549138640932402,0,0
-0.4834901200581411,0.4189962504049157,-0.007283273774667328,0,0,0,0,-0.9327712912331793,0,1,0.8450105650162265,2.698782456932473,2.0123304534815407,1,1
-0.5680306538198618,-0.24476018588009918,-0.5001363863461518,0,0,0,0,-0.7297531343854073,1,0,-0.5769676680779705,-0.44329472199346825,-0.18488199833880334,0,0
-0.5204874305743967,-0.9085166221651141,-0.5001363863461518,0,0,0,0,0.3283613652119206,1,0,-0.5769676680779705,-0.44329472199346825,-0.819051975943996,0,0
-0.6231033189958787,-0.9085166221651141,-0.8287051280604746,0,0,0,0,0.5838146751528257,1,0,-0.9324622263515198,-0.44329472199346825,-0.7332525083856464,0,0
-0.6031777355820686,-0.9085166221651141,-0.6096593002509261,0,0,0,0,1.4994131176252274,1,0,-0.9324622263515198,-0.44329472199346825,-1.0093029692255537,0,0
-0.5886094892462009,-0.24476018588009918,-0.1715676446318288,0,0,0,0,-0.7566429564844499,1,0,-0.22147310980442125,-0.44329472199346825,-0.6810267455240423,0,0
-0.5485532381682829,-0.9085166221651141,-0.6644207572033133,0,1,0,1,-1.0026848286906902,0,1,-0.9324622263515198,-0.44329472199346825,0.14712463699567999,0,1
0.19972989839713703,1.0827526866899306,-0.2810905585366032,0,0,0,0,-0.7257196610705509,1,0,1.9114942398368742,-0.44329472199346825,0.05759475780435871,0,0
-0.5986776171416105,-0.24476018588009918,-0.39061347244137745,0,0,0,0,-0.6020264794149548,1,0,-0.5769676680779705,-0.44329472199346825,-0.22218611466852053,1,0
-0.630978107157177,-0.9085166221651141,-0.9929894989176362,1,1,0,1,-1.0053738109005943,0,1,-0.9324622263515198,-0.44329472199346825,-0.7332525083856464,0,1
0.42514151841926656,-0.9085166221651141,0.8689000374635272,1,1,1,0,2.1635917234715807,1,0,0.134021448469128,0.6040643376485122,0.6656518539787493,0,1
0.9254174446061778,-0.24476018588009918,0.6498542096539783,1,1,1,0,-0.06826351074895833,1,0,1.2005051232897757,0.6040643376485122,1.05734507544078,1,1
-0.6044345052793976,-0.24476018588009918,-0.5548978432985389,1,1,1,1,-1.0040293197956422,0,1,1.9114942398368742,3.746141516574454,2.325685030651165,1,1
-0.1347194852628838,1.0827526866899306,1.0331844083206885,1,0,0,0,-0.9354602734430835,1,0,-0.5769676680779705,-0.44329472199346825,-0.6101489244975795,0,0
-0.593375602518108,-0.9085166221651141,0.04747818317771972,0,0,0,0,-0.5805146217357207,1,0,-0.5769676680779705,-0.44329472199346825,0.05386434617138694,1,0
-0.5115665450927784,-0.24476018588009918,-0.1715676446318288,0,0,0,0,1.3152178362467855,1,0,-0.9324622263515198,-0.44329472199346825,-1.020494204124469,0,0
-0.5615076335099816,-0.24476018588009918,-0.938228041965249,0,0,0,0,1.1337115370782478,1,0,-0.9324622263515198,-0.44329472199346825,-0.7854782712472504,0,0
-0.6190508095049806,-0.24476018588009918,-0.938228041965249,0,0,0,0,1.5639486906629299,1,0,-0.9324622263515198,-0.44329472199346825,-0.6511834524602685,0,0
2.6958701017273548,1.0827526866899306,2.0188906334636574,0,1,0,0,-0.65580612361304,1,0,0.134021448469128,-0.44329472199346825,-0.4236283428489935,0,0
-0.5419357785169847,-0.9085166221651141,-0.44537492939376466,0,0,0,0,1.5451258151936,1,0,-0.5769676680779705,-0.44329472199346825,-1.0652591437201295,0,0
-0.5485532381682829,-0.9085166221651141,-0.7191822141557004,1,0,1,1,-1.0026848286906902,0,1,-0.9324622263515198,-0.44329472199346825,-0.5989576895986644,1,1
-0.5515127100744877,-0.9085166221651141,-1.2120353267271848,0,0,0,0,1.5115135375697968,1,0,-0.5769676680779705,-0.44329472199346825,-0.9197730900342325,0,0
-0.6210591822449542,-0.24476018588009918,-0.44537492939376466,0,0,0,0,0.31222747195249506,1,0,-0.9324622263515198,-0.44329472199346825,-1.035415850656356,0,0
1.2309678309796857,1.0827526866899306,1.142707322225463,1,0,0,0,-0.6517726502981837,1,0,-0.22147310980442125,-0.44329472199346825,-0.4422804010138521,1,0
-0.5777752291786981,-0.24476018588009918,-0.8287051280604746,0,0,0,0,2.147457830212155,1,0,-0.9324622263515198,-0.44329472199346825,-0.7556349781834768,0,0
2.067787011905271,-0.24476018588009918,1.5807989778445601,0,0,1,0,-0.8655467359855726,1,0,-0.5769676680779705,-0.44329472199346825,-0.3825938148863046,1,0
-0.5699747631026576,-0.9085166221651141,-0.5001363863461518,0,0,0,0,-0.9946178820609773,0,1,1.555999681563325,0.6040643376485122,1.9489134557210217,1,1
-0.6226143579086565,-0.9085166221651141,-0.7739436711080876,0,0,0,0,1.5639486906629299,1,0,-0.9324622263515198,-0.44329472199346825,-0.8899297969704587,0,0
-0.061068534023105886,-0.9085166221651141,-0.007283273774667328,0,0,0,0,-0.900503504714328,0,1,0.8450105650162265,1.6514233972904928,1.672862994881114,0,1
0.07044132237084894,0.4189962504049157,0.81413858051114,0,0,0,0,0.5636473085785437,1,0,0.48951600674267726,-0.44329472199346825,0.2478457510859163,0,0
-0.5931230191907657,-0.9085166221651141,-0.7739436711080876,0,0,0,0,-0.767398885324067,0,0,-0.5769676680779705,-0.44329472199346825,0.03521228800652833,0,0
-0.6318163261638436,3.73777843182999,-0.39061347244137745,1,1,0,1,-0.9825174621164081,0,1,2.622483356383973,3.746141516574454,2.288380914321448,1,1
-0.38090943683493916,0.4189962504049157,0.4308083818444299,1,1,1,0,-0.9865509354312645,1,1,1.2005051232897757,1.6514233972904928,2.1913902118641837,1,1
-0.6225288595699764,-0.9085166221651141,-0.33585201548899024,0,0,0,0,0.6322163549311025,1,0,-0.5769676680779705,-0.44329472199346825,-0.8600865039066848,0,0
-0.580695584197925,-0.9085166221651141,-0.39061347244137745,0,0,0,0,-0.5630362373713429,1,0,-0.5769676680779705,-0.44329472199346825,-1.0242246157574406,0,0
-0.5883814936763876,-0.9085166221651141,-1.1025124128224104,0,0,0,0,0.13744362830871787,1,0,-0.9324622263515198,-0.44329472199346825,-0.9570772063639497,0,0
-0.5830085098436539,-0.24476018588009918,-0.5548978432985389,0,0,0,0,0.34046178515648984,1,0,-0.9324622263515198,-0.44329472199346825,-0.6437226291943251,0,0
-0.43551716986859146,-0.24476018588009918,-0.22632910158421599,0,0,0,0,-0.44203203792565104,1,0,-0.22147310980442125,-0.44329472199346825,0.15831587189459503,0,0
-0.4031283874509894,-0.24476018588009918,-0.7191822141557004,0,0,0,0,-0.6141268993595239,0,0,-0.5769676680779705,-0.44329472199346825,0.07997722760218882,1,0
-0.5679038033435198,-0.9085166221651141,-0.7191822141557004,0,0,0,0,0.7868328320005976,1,0,-0.9324622263515198,-0.44329472199346825,-0.5952272779656927,0,0
-0.45832622666533507,-0.24476018588009918,-1.1572738697747977,0,0,0,0,-0.3748074826780444,1,0,-0.9324622263515198,-0.44329472199346825,-0.804130329412109,0,0
-0.6267870121238434,-0.9085166221651141,-0.6644207572033133,1,1,1,1,-1.0067183020055466,0,1,-0.9324622263515198,-0.44329472199346825,-0.6810267455240423,1,1
2.380737754482304,1.0827526866899306,0.7593771235587528,1,1,0,0,-0.7808437963735884,1,0,-0.5769676680779705,-0.44329472199346825,-0.5653839849019189,0,0
-0.6172888731529672,-0.9085166221651141,-1.0477509558700233,0,0,0,0,1.7884787051899358,1,0,-0.5769676680779705,-0.44329472199346825,-0.6661050989921554,0,0
1.1910104897445544,1.7465091229749454,0.37604692489204267,1,0,1,0,-0.6383277392486624,1,0,-0.22147310980442125,-0.44329472199346825,-0.5653839849019189,1,0
-0.598232243442735,-0.9085166221651141,-0.33585201548899024,0,0,0,0,-0.146243994836182,1,0,-0.9324622263515198,-0.44329472199346825,-0.9794596761617801,0,0
-0.5209439805266946,-0.9085166221651141,-0.5001363863461518,0,0,0,0,-0.40707526919689563,1,0,-0.9324622263515198,-0.44329472199346825,-0.9011210318693739,0,0
-0.5975130515350149,-0.9085166221651141,-0.7191822141557004,0,0,0,0,1.5518482707183607,1,0,-0.9324622263515198,-0.44329472199346825,-0.6064185128646079,0,0
-0.4524793696874992,-0.24476018588009918,-0.2810905585366032,0,0,0,0,-0.604715461624859,1,0,1.555999681563325,-0.44329472199346825,0.36348851170803975,0,0
-0.5047780887641202,-0.9085166221651141,-1.1025124128224104,0,0,0,0,-0.2349804077630227,1,0,-0.9324622263515198,-0.44329472199346825,-0.6474530408272967,0,0
0.29993953945681434,-0.24476018588009918,1.0331844083206885,1,1,1,1,1.6096613882313022,1,0,0.48951600674267726,-0.44329472199346825,1.5758722924238495,1,1
0.0736416425383025,0.4189962504049157,-0.7739436711080876,0,0,1,0,-0.9502496755975569,0,0,0.48951600674267726,2.698782456932473,1.9750263371518233,1,1
-0.6314134222279726,-0.9085166221651141,-0.44537492939376466,0,0,0,0,0.2638257921742183,1,0,-0.9324622263515198,-0.44329472199346825,-0.7146004502207878,0,0
-0.5942289094668948,-0.9085166221651141,-1.1025124128224104,0,0,0,0,-0.40035281367213493,1,0,-0.9324622263515198,-0.44329472199346825,-0.8712777388056001,0,0
-0.6097510490323489,-0.9085166221651141,-1.1572738697747977,0,0,0,0,0.2557588455445055,1,0,-0.9324622263515198,-0.44329472199346825,-0.9048514435023456,0,0
-0.5786860938326093,-0.24476018588009918,-0.39061347244137745,0,0,0,0,-0.49715617322868844,1,0,-0.5769676680779705,-0.44329472199346825,-0.7332525083856464,0,0
-0.60689998678434,-0.24476018588009918,-0.6096593002509261,0,0,0,0,0.2436584255999363,1,0,-0.9324622263515198,-0.44329472199346825,-0.8936602086034304,0,0
-0.630978107157177,-0.9085166221651141,-0.9929894989176362,1,1,1,0,-1.0080627931104986,0,1,-0.9324622263515198,-0.44329472199346825,-0.5653839849019189,1,1
-0.6295810754793991,3.074021995544975,1.0331844083206885,1,1,1,1,-0.9986513553758337,0,1,1.555999681563325,1.6514233972904928,1.6280980552854534,1,1
0.25779444661428286,1.0827526866899306,-0.007283273774667328,0,0,0,0,-0.3519511338938582,1,0,1.9114942398368742,-0.44329472199346825,-0.28933352406201157,0,0
-0.6186859048307451,-0.24476018588009918,-1.2120353267271848,0,0,0,0,-0.16103339699065544,1,0,-0.9324622263515198,-0.44329472199346825,-0.6325313942954099,0,0
-0.5064126158271203,-0.24476018588009918,-1.1025124128224104,0,0,0,0,1.11623315271387,1,0,-0.9324622263515198,-0.44329472199346825,-0.9943813226936669,0,0
-0.5485532381682829,-0.9085166221651141,-0.6644207572033133,1,0,0,0,-1.0080627931104986,0,1,-0.9324622263515198,-0.44329472199346825,-0.3714025799873894,1,1
-0.4332444787351824,-0.24476018588009918,-0.9929894989176362,0,0,0,0,1.4147101780132432,1,0,-0.5769676680779705,-0.44329472199346825,-0.9496163830980062,0,0
-0.5768554235220491,-0.24476018588009918,-1.1025124128224104,0,0,0,0,0.24231393449498417,1,0,-0.9324622263515198,-0.44329472199346825,-0.6250705710294665,0,0
3.857187889078485,1.7465091229749454,2.2379364612732062,1,0,0,0,-0.7566429564844499,1,0,0.134021448469128,-0.44329472199346825,-0.020743886488047498,0,0
-0.3425123005775501,-0.24476018588009918,-1.1572738697747977,0,0,0,0,-0.5872370772604814,1,0,-0.9324622263515198,-0.44329472199346825,-0.9719988528958365,0,0
1.0335571962815933,-0.9085166221651141,0.5950927527015915,1,1,1,0,1.21706998558528,1,0,0.134021448469128,-0.44329472199346825,1.0424234289088932,1,1
-0.6129446634477492,-0.9085166221651141,-0.6644207572033133,0,0,0,0,-0.16506687030551184,1,0,-0.9324622263515198,-0.44329472199346825,-1.0652591437201295,0,0
-0.01880329645628547,-0.24476018588009918,1.0879458652730758,1,0,1,1,0.24903639001974484,1,0,0.48951600674267726,0.6040643376485122,1.0909187801375255,1,1
-0.6295810754793991,-0.24476018588009918,-0.5548978432985389,1,1,1,1,-1.0040293197956422,0,1,2.622483356383973,0.6040643376485122,1.8668443997956436,1,1
0.4804466496664657,0.4189962504049157,1.142707322225463,1,0,0,0,-0.9354602734430835,1,0,-0.5769676680779705,-0.44329472199346825,-0.255759819365266,0,0
-0.3208951912082865,0.4189962504049157,0.6498542096539783,0,0,0,0,-0.6114379171496197,1,0,1.9114942398368742,-0.44329472199346825,0.3485668651761529,0,0
0.862370522613405,-0.24476018588009918,-0.39061347244137745,0,0,0,0,-0.5321129419574439,1,0,1.9114942398368742,-0.44329472199346825,0.4865920955961067,0,0
-0.5960416977719792,-0.9085166221651141,-0.7191822141557004,0,0,0,0,0.4251647247684741,1,0,-0.5769676680779705,-0.44329472199346825,-0.6922179804229573,0,0
-0.4944350250345241,0.4189962504049157,-0.062044730727054534,0,0,0,1,-0.9569721311223176,0,1,1.2005051232897757,0.6040643376485122,1.9526438673539932,1,1
-0.4214797955702795,-0.24476018588009918,-0.7191822141557004,0,0,0,0,-0.5469023441119173,1,0,-0.22147310980442125,-0.44329472199346825,0.18442875332539718,0,0
-0.48475024263149674,0.4189962504049157,-0.8834665850128618,0,0,1,0,-0.9045369780291844,0,1,0.8450105650162265,1.6514233972904928,2.0048696302155977,1,1
-0.5596713750727104,-0.9085166221651141,-0.6644207572033133,0,0,0,0,-0.7902552341082533,0,0,-0.22147310980442125,-0.44329472199346825,-0.6772963338910706,1,0
-0.5361632436244067,-0.24476018588009918,-0.007283273774667328,0,0,0,0,-0.9031924869242324,1,0,-0.22147310980442125,-0.44329472199346825,-0.6138793361305513,0,0
-0.38090943683493916,3.074021995544975,-0.39061347244137745,1,1,0,0,-0.9838619532213603,0,1,1.555999681563325,3.746141516574454,1.8556531648967287,1,1
-0.4938628008593062,1.0827526866899306,0.15700109708249413,1,1,1,0,0.7357421700124166,1,0,1.2005051232897757,-0.44329472199346825,0.9267806682867697,1,1
-0.6111033756964379,-0.24476018588009918,-0.39061347244137745,0,0,0,0,-0.32506131179481557,1,0,-0.5769676680779705,-0.44329472199346825,-0.658644275726212,0,0
-0.4558205106480727,-0.24476018588009918,-1.1572738697747977,0,0,0,0,0.32432789189706424,1,0,-0.9324622263515198,-0.44329472199346825,-0.9719988528958365,0,0
-0.6214246457318608,-0.24476018588009918,-1.2120353267271848,0,0,0,0,1.0624535085157847,1,0,-0.5769676680779705,-0.44329472199346825,-0.6996788036889009,0,0
-0.630978107157177,-0.9085166221651141,-0.39061347244137745,1,1,1,1,-1.0094072842154507,0,1,-0.9324622263515198,-0.44329472199346825,-0.6735659222580987,1,1
0.09992763177469975,0.4189962504049157,-0.007283273774667328,0,0,0,0,-0.7552984653794979,1,0,1.2005051232897757,-0.44329472199346825,-0.1401170587431427,0,0
1.1037155683269269,0.4189962504049157,1.142707322225463,1,1,0,0,0.8338900206739223,1,0,0.48951600674267726,0.6040643376485122,0.8633636705262504,0,1
0.39485163639435816,1.0827526866899306,0.9236614944159144,0,1,0,1,1.8503252960177339,1,0,1.2005051232897757,0.6040643376485122,1.4117341805730936,1,1
1.9004695571718564,1.0827526866899306,0.37604692489204267,1,0,0,0,-0.7230306788606466,1,0,0.134021448469128,-0.44329472199346825,-0.2930639356949832,0,0
-0.4880790897133058,-0.24476018588009918,-0.9929894989176362,0,0,0,0,-0.5885815683654334,1,0,-0.5769676680779705,-0.44329472199346825,-1.031685439023384,0,0
-0.6318163261638436,3.074021995544975,2.621266659939916,1,1,1,0,-0.9798284799065039,0,1,1.2005051232897757,0.6040643376485122,1.9750263371518233,1,1
0.12187332299457664,0.4189962504049157,2.0736520904160445,1,0,0,0,-0.8010111629478703,0,0,-0.22147310980442125,-0.44329472199346825,-0.2856031124290398,0,0
-0.44825027539253,-0.9085166221651141,-0.1715676446318288,0,0,0,0,1.574704619502547,1,0,-0.9324622263515198,-0.44329472199346825,-0.8377040341088546,0,0
2.971540215763879,1.7465091229749454,2.0188906334636574,1,0,1,0,-0.8615132626707163,1,0,-0.22147310980442125,-0.44329472199346825,-0.11027376567936889,0,0
0.7081639307695999,1.0827526866899306,0.48556983879681703,0,0,0,0,0.3942414293545751,1,0,0.48951600674267726,-0.44329472199346825,0.38214056987289835,0,0
0.8434765073904662,1.0827526866899306,-0.6096593002509261,0,0,0,0,-0.08574189511333605,1,0,0.8450105650162265,-0.44329472199346825,-0.3042551705938984,0,0
1.2112216264333022,-0.24476018588009918,0.7593771235587528,0,0,0,0,-0.06423003743410192,1,0,0.8450105650162265,-0.44329472199346825,0.5015137421279935,0,0
0.9686237227111494,0.4189962504049157,-0.6644207572033133,0,0,0,0,0.5381019775844532,1,0,0.48951600674267726,-0.44329472199346825,-0.03566553301993446,0,0
-0.11075200979892677,1.0827526866899306,-0.44537492939376466,0,0,0,0,-0.5616917462663908,1,0,0.8450105650162265,-0.44329472199346825,0.4045230396707287,0,0
-0.21761208045749786,-0.24476018588009918,-0.39061347244137745,0,0,0,0,0.15626650377804774,1,0,-0.9324622263515198,-0.44329472199346825,-1.0018421459596103,0,0
0.662653668021637,-0.24476018588009918,0.5403312957492042,0,0,0,0,0.031228831017499445,1,0,0.8450105650162265,-0.44329472199346825,0.49405291886205,0,0
-0.2171175312435645,-0.24476018588009918,0.4308083818444299,0,0,0,0,-0.9058814691341366,0,0,1.2005051232897757,0.6040643376485122,1.6691325832481425,1,1
-0.5753427176213513,-0.9085166221651141,-0.8834665850128618,0,0,0,0,-0.4648883867098373,1,0,-0.5769676680779705,-0.44329472199346825,-0.9533467947309779,0,0
-0.34143099805895,-0.24476018588009918,-0.9929894989176362,0,0,0,0,-1.001340337585738,0,1,0.8450105650162265,1.6514233972904928,1.378160475876348,1,1
1.3992391789426875,0.4189962504049157,0.37604692489204267,1,0,0,1,-0.022550813180585837,1,0,1.2005051232897757,0.6040643376485122,0.9790064311483738,1,1
0.09563259758453946,0.4189962504049157,0.2665240109872685,0,0,0,0,0.49238928001608073,1,0,1.9114942398368742,-0.44329472199346825,-0.11773458894531232,0,0
1.3564229520821511,0.4189962504049157,1.19746877917785,1,1,1,0,-0.8736136826152854,1,0,0.134021448469128,-0.44329472199346825,-0.4198979312160218,0,0
0.08587572834693882,-0.24476018588009918,-0.6644207572033133,0,0,0,0,-0.2618702298620653,1,0,1.555999681563325,-0.44329472199346825,0.3672189233410115,0,0
0.6747720796073532,-0.24476018588009918,0.7046156666063655,0,0,0,0,0.5085231732755063,1,0,0.48951600674267726,-0.44329472199346825,0.3261843953783225,0,0
-0.4347119208095203,-0.9085166221651141,-0.5548978432985389,0,0,0,0,-0.9166373979737537,1,0,-0.5769676680779705,-0.44329472199346825,-0.45347163591276723,1,0
-0.5474048781291496,-0.9085166221651141,-0.8834665850128618,0,0,0,0,-0.08574189511333605,1,0,-0.5769676680779705,-0.44329472199346825,-1.0018421459596103,0,0
-0.6318163261638436,2.4102655592599604,0.48556983879681703,0,1,0,0,-0.9798284799065039,0,1,2.977977914657522,3.746141516574454,2.0048696302155977,1,1
-0.6267870121238434,-0.9085166221651141,-0.8287051280604746,1,1,0,1,-0.9986513553758337,0,1,-0.9324622263515198,-0.44329472199346825,-0.3340984636576722,1,1
2.5601574152339728,1.7465091229749454,1.7450833487017219,1,0,0,0,-0.7055522944962689,1,0,-0.5769676680779705,-0.44329472199346825,0.0016385833097827538,0,0
3.951087976268647,-0.24476018588009918,1.142707322225463,1,1,0,0,-0.8937810491895675,1,0,0.134021448469128,-0.44329472199346825,-0.49450616387545626,0,0
-0.6255056546689854,-0.24476018588009918,-0.39061347244137745,0,0,0,0,2.014353210821894,1,0,-0.9324622263515198,-0.44329472199346825,-0.6064185128646079,0,0
-0.6318163261638436,-0.9085166221651141,-0.8287051280604746,1,1,1,0,-1.012096266425355,0,1,-0.9324622263515198,-0.44329472199346825,-0.2259165263014922,1,1
-0.38090943683493916,0.4189962504049157,0.15700109708249413,0,1,0,1,-0.9825174621164081,0,1,0.48951600674267726,2.698782456932473,2.0160608651145124,1,1
-0.60887147788802,-0.9085166221651141,-0.33585201548899024,0,0,0,0,-0.061541055224197665,1,0,-0.5769676680779705,-0.44329472199346825,-0.658644275726212,0,0
-0.5092279140641783,-0.9085166221651141,-0.6096593002509261,0,0,0,0,1.5814270750273076,1,0,-0.9324622263515198,-0.44329472199346825,-0.8451648573747981,0,0
-0.5897986426103256,-0.9085166221651141,-1.2120353267271848,0,0,0,0,0.9683391311691355,1,0,-0.9324622263515198,-0.44329472199346825,-0.751904566550505,0,0
-0.6232234637201676,-0.24476018588009918,-1.2120353267271848,0,0,0,0,1.678230434583861,1,0,-0.9324622263515198,-0.44329472199346825,-0.7444437432845615,0,0
-0.40187105894098935,-0.24476018588009918,0.04747818317771972,0,0,0,0,-0.7095857678111254,1,0,1.555999681563325,-0.44329472199346825,-0.09162170751451029,0,0
-0.6222058658460742,-0.9085166221651141,-0.8834665850128618,0,0,0,0,1.8637702070672553,1,0,-0.9324622263515198,-0.44329472199346825,-0.9533467947309779,0,0
-0.38090943683493916,3.074021995544975,2.566505202987529,1,0,1,1,-1.0040293197956422,0,1,2.2669887981104235,3.746141516574454,2.1615469188004095,1,1
-0.38090943683493916,-0.24476018588009918,2.8403124877494643,1,1,1,0,-1.0080627931104986,0,0,0.8450105650162265,1.6514233972904928,1.848192341630785,1,1
3.1779158821446067,-0.24476018588009918,0.32128546793965546,1,1,1,0,-0.7566429564844499,1,0,-0.22147310980442125,-0.44329472199346825,-0.6922179804229573,0,0
2.8905883769760337,0.4189962504049157,1.2522302361302373,0,1,0,0,-0.6195048637793324,1,0,-0.5769676680779705,-0.44329472199346825,-0.15503870527502953,1,0
-0.5029021546272001,-0.24476018588009918,-0.6644207572033133,0,0,0,0,-1.0040293197956422,0,1,1.555999681563325,1.6514233972904928,1.5907939389557362,1,1
-0.6295810754793991,-0.24476018588009918,1.2522302361302373,1,0,0,0,-0.9878954265362166,0,1,0.8450105650162265,1.6514233972904928,2.1764685653322964,1,1
3.1796716715572377,1.0827526866899306,0.5403312957492042,1,0,1,0,-0.8870585936648068,1,0,-0.22147310980442125,-0.44329472199346825,-0.47958451734356927,0,0
3.701457973893231,-0.24476018588009918,0.2665240109872685,1,0,1,0,-0.7794993052686362,1,0,-0.5769676680779705,-0.44329472199346825,-0.39751546141819144,0,0
0.7014000621984705,0.4189962504049157,0.6498542096539783,1,0,0,0,-0.7929442163181575,1,0,0.134021448469128,-0.44329472199346825,-0.08416088424856687,0,0
-0.630978107157177,-0.9085166221651141,-0.44537492939376466,1,1,1,0,-0.9999958464807859,0,1,-0.9324622263515198,-0.44329472199346825,-0.04312635628587788,1,1
-0.6295810754793991,-0.24476018588009918,3.168881229463788,1,1,1,0,-1.0026848286906902,0,1,2.622483356383973,3.746141516574454,1.997408806949654,1,1
-0.6292826695130257,-0.24476018588009918,-0.22632910158421599,0,0,0,0,1.62713977259568,1,0,-0.5769676680779705,-0.44329472199346825,-0.9048514435023456,0,0
-0.5780445768861737,-0.24476018588009918,-0.7191822141557004,0,0,0,0,0.33239483852677704,1,0,-0.9324622263515198,-0.44329472199346825,-1.031685439023384,0,0
-0.32042467093921095,1.0827526866899306,0.37604692489204267,1,1,1,1,1.4617673666865678,1,0,0.134021448469128,0.6040643376485122,0.5500090933566258,1,1
-0.5998019482358862,-0.24476018588009918,-0.8287051280604746,0,0,0,0,-0.9542831489124134,1,1,0.8450105650162265,1.6514233972904928,2.019791276747484,1,1
-0.6318163261638436,0.4189962504049157,1.0331844083206885,1,0,1,0,-0.9932733909560252,0,1,1.2005051232897757,3.746141516574454,1.553489822626019,0,1
-0.6162980982870871,-0.9085166221651141,-0.5001363863461518,0,0,0,0,1.2627826831536524,1,0,-0.9324622263515198,-0.44329472199346825,-0.8302432108429112,0,0
-0.5769666272436004,-0.24476018588009918,-0.5548978432985389,0,0,0,0,0.6967519279688048,1,0,-0.9324622263515198,-0.44329472199346825,-0.7481741549175333,0,0
0.8301544133111763,0.4189962504049157,-0.2810905585366032,0,0,0,0,0.2745817210138353,1,0,0.8450105650162265,-0.44329472199346825,-0.04685676791884966,0,0
-0.579293523206107,-0.24476018588009918,-1.1572738697747977,0,0,0,0,-0.17582279914512888,1,0,-0.9324622263515198,-0.44329472199346825,-0.751904566550505,0,0
-0.36294919758542693,-0.24476018588009918,-0.1715676446318288,0,0,0,0,-0.8803361381400461,1,1,-0.22147310980442125,-0.44329472199346825,-0.14757788200908611,0,0
-0.6196984733907984,-0.24476018588009918,-0.39061347244137745,0,0,0,0,1.1727017791218595,1,0,-0.9324622263515198,-0.44329472199346825,-0.7705566247153636,0,0
0.7506627520329449,-0.24476018588009918,0.04747818317771972,0,0,0,0,-0.3694295182582359,1,0,0.8450105650162265,-0.44329472199346825,0.6171565027501169,0,0
0.09060495998255251,-0.9085166221651141,-0.11680618767944173,1,1,1,0,2.2711510118677514,1,0,1.2005051232897757,0.6040643376485122,1.6169068203865382,1,1
-0.6279448719783857,-0.24476018588009918,-1.1025124128224104,0,0,0,0,0.23424698786527137,1,0,-0.5769676680779705,-0.44329472199346825,-0.8115911526780526,0,0
1.1119776136693051,1.0827526866899306,1.4712760639397857,1,1,0,0,-0.9260488357084186,1,0,0.134021448469128,-0.44329472199346825,-0.6959483920559292,0,0
-0.5619837419057683,0.4189962504049157,-0.6096593002509261,0,0,0,0,-0.8991590136093759,0,1,1.2005051232897757,1.6514233972904928,1.311013066482857,0,1
-0.4428208514800141,-0.24476018588009918,-0.5001363863461518,0,0,0,0,0.1724003970374733,1,0,-0.9324622263515198,-0.44329472199346825,-0.7481741549175333,0,0
0.9071509760128967,0.4189962504049157,1.4712760639397857,1,1,0,0,-0.8736136826152854,1,0,-0.22147310980442125,-0.44329472199346825,-0.08416088424856687,0,0
-0.6028234483485841,-0.9085166221651141,-1.2120353267271848,0,0,0,0,-0.30758292743043786,1,0,-0.5769676680779705,-0.44329472199346825,-0.9011210318693739,0,0
-0.4818343581136387,-0.24476018588009918,-1.2120353267271848,0,0,0,0,0.05946314422149422,1,0,-0.9324622263515198,-0.44329472199346825,-0.6101489244975795,0,0
-0.594994482826317,-0.9085166221651141,-1.0477509558700233,0,0,0,0,-0.7405090632250244,1,0,-0.5769676680779705,-0.44329472199346825,-0.6549138640932402,0,0
-0.6220778977443897,-0.24476018588009918,-1.0477509558700233,0,0,0,0,-0.7095857678111254,1,0,-0.9324622263515198,-0.44329472199346825,-0.8451648573747981,0,0
-0.5492232545609452,-0.24476018588009918,-0.33585201548899024,0,0,0,0,-0.4353095824008904,1,1,-0.5769676680779705,-0.44329472199346825,0.17323751842648188,0,0
-0.5485532381682829,-0.9085166221651141,-0.7739436711080876,1,1,1,1,-0.9999958464807859,0,1,-0.9324622263515198,-0.44329472199346825,-0.52434945693923,1,1
0.3426244453396393,1.0827526866899306,-0.11680618767944173,0,0,0,0,0.16702243261766478,1,0,0.8450105650162265,-0.44329472199346825,0.050133934538415165,0,0
-0.603889104112393,-0.9085166221651141,-0.6096593002509261,0,0,0,0,0.28668214095840455,1,0,-0.5769676680779705,-0.44329472199346825,-0.8078607410450808,0,0
-0.5428784954931493,-0.24476018588009918,-0.938228041965249,0,0,0,0,-0.5563137818465823,1,0,-0.5769676680779705,-0.44329472199346825,-0.7146004502207878,0,0
1.555815695324675,1.0827526866899306,1.4165146069873986,1,0,1,1,0.0460182331719729,1,0,-0.22147310980442125,0.6040643376485122,0.6208869143830885,0,1
2.280551024742142,0.4189962504049157,1.909367719558883,0,0,0,0,-0.7633654120092106,1,0,-0.22147310980442125,-0.44329472199346825,-0.05058717955182129,0,0
0.29646372464250315,1.0827526866899306,0.6498542096539783,0,1,0,0,1.0167408109474123,1,0,1.2005051232897757,0.6040643376485122,1.4751511783336129,1,1
-0.40372575819640727,-0.24476018588009918,-1.1025124128224104,0,0,0,0,-0.4716108422345979,0,0,-0.22147310980442125,-0.44329472199346825,0.0837076392351606,0,0
-0.5610248193621415,-0.9085166221651141,-0.8287051280604746,0,0,0,0,1.0624535085157847,1,0,-0.9324622263515198,-0.44329472199346825,-0.7481741549175333,0,0
-0.5380626478935134,-0.9085166221651141,-0.5548978432985389,0,0,0,0,1.1901801634862372,1,0,-0.9324622263515198,-0.44329472199346825,-0.7593653898164484,0,0
1.569335609089538,0.4189962504049157,0.6498542096539783,1,0,0,0,-0.9166373979737537,1,0,-0.5769676680779705,-0.44329472199346825,-0.05431759118479307,0,0
-0.3713906217952319,1.0827526866899306,-0.22632910158421599,0,0,0,0,-0.146243994836182,1,0,1.2005051232897757,-0.44329472199346825,0.4045230396707287,0,0
-0.5384962865262957,-0.24476018588009918,-0.1715676446318288,0,0,0,0,1.524958448619318,1,0,-0.5769676680779705,-0.44329472199346825,-0.9943813226936669,0,0
0.8091408216267127,-0.24476018588009918,1.799844805654109,0,1,0,1,1.026152248682077,1,0,1.2005051232897757,0.6040643376485122,0.8260595541965332,1,1
-0.34338628359516793,-0.24476018588009918,-0.6644207572033133,0,0,0,0,1.1592568680723383,1,0,-0.5769676680779705,-0.44329472199346825,-0.7444437432845615,0,0
1.7719689070118352,1.0827526866899306,1.2522302361302373,1,1,0,1,2.319552691646028,1,0,-0.22147310980442125,0.6040643376485122,1.6243676436524819,1,1
-0.5123645295871251,-0.24476018588009918,1.0331844083206885,0,1,1,0,0.8634688249828691,1,0,1.2005051232897757,-0.44329472199346825,0.6432693841809188,1,1
-0.6318163261638436,3.73777843182999,2.2379364612732062,1,1,1,0,-0.9892399176411688,0,1,2.977977914657522,1.6514233972904928,2.142894860635551,1,1
-0.5485532381682829,-0.9085166221651141,-1.1025124128224104,1,1,1,1,-0.9986513553758337,0,1,-0.9324622263515198,-0.44329472199346825,0.05386434617138694,1,1
2.966050998895554,0.4189962504049157,2.2926979182255933,1,1,0,0,-0.9085704513440409,1,0,-0.5769676680779705,-0.44329472199346825,-0.6213401593964948,0,0
-0.4693895999279936,-0.24476018588009918,0.32128546793965546,0,0,0,0,-1.0026848286906902,0,0,1.9114942398368742,1.6514233972904928,1.7623928740724357,1,1
1.0392939671632206,-0.24476018588009918,-0.33585201548899024,0,0,0,0,-0.18926771019465022,1,0,1.9114942398368742,-0.44329472199346825,0.5164353886598804,0,0
-0.4679523337378957,1.0827526866899306,0.10223964013010693,0,0,0,0,-0.1381770482064692,1,0,0.48951600674267726,-0.44329472199346825,0.2478457510859163,0,0
-0.41284111048757227,-0.9085166221651141,-0.33585201548899024,0,0,0,0,-0.7243751699655988,1,1,-0.5769676680779705,-0.44329472199346825,-0.6138793361305513,0,0
-0.5290450878197929,-0.24476018588009918,-1.1025124128224104,0,0,0,0,-0.0023834466063038565,1,0,-0.5769676680779705,-0.44329472199346825,-0.6996788036889009,0,0
-0.6236537494769232,-0.24476018588009918,-1.1572738697747977,0,0,0,0,0.5448244331092139,1,0,-0.5769676680779705,-0.44329472199346825,-1.0391462622893275,0,0
-0.5485532381682829,-0.9085166221651141,-0.938228041965249,1,1,1,1,-1.0094072842154507,0,1,-0.9324622263515198,-0.44329472199346825,0.065055581070302,1,1
-0.581213603544045,-0.9085166221651141,-1.1572738697747977,0,0,0,0,-0.04406267085981995,1,0,-0.9324622263515198,-0.44329472199346825,-1.005572557592582,0,0
-0.1205088790365274,0.4189962504049157,0.4308083818444299,1,0,1,0,-0.8104226006825352,1,0,0.134021448469128,-0.44329472199346825,0.024021053107613138,0,0
-0.6201466411530296,-0.24476018588009918,-0.44537492939376466,0,0,0,0,0.4278537069783784,1,0,-0.9324622263515198,-0.44329472199346825,-0.6661050989921554,0,0
-0.5761580253085025,-0.9085166221651141,-1.1025124128224104,0,0,0,0,1.2412708254744182,1,0,-0.9324622263515198,-0.44329472199346825,-0.9682684412628649,0,0
0.7035330501641017,1.7465091229749454,1.6903218917493346,1,0,0,0,-0.6732845079774178,1,0,-0.22147310980442125,-0.44329472199346825,-0.5728448081678623,0,0
-0.5425767366507492,-0.9085166221651141,-0.6096593002509261,0,0,0,0,-0.6262273193040931,1,0,-0.5769676680779705,-0.44329472199346825,-0.8488952690077698,0,0
-0.38090943683493916,2.4102655592599604,2.0188906334636574,1,1,1,1,-0.9865509354312645,0,1,1.555999681563325,1.6514233972904928,2.2175030932949853,1,1
-0.4329114263832002,0.4189962504049157,-0.22632910158421599,0,0,0,0,-0.9489051844926049,0,1,1.2005051232897757,2.698782456932473,1.650480525083284,0,1
-0.583088978868294,-0.9085166221651141,-0.44537492939376466,0,0,0,0,-0.29951598080072506,1,0,-0.5769676680779705,-0.44329472199346825,-0.8115911526780526,0,0
-0.6295810754793991,-0.24476018588009918,1.3069916930826242,1,1,1,0,-0.9959623731659294,0,1,0.8450105650162265,1.6514233972904928,1.5870635273227647,1,1
-0.6080081123111534,-0.24476018588009918,-0.5548978432985389,0,0,0,0,1.1243000993435828,1,0,-0.9324622263515198,-0.44329472199346825,-0.9533467947309779,0,0
1.5757379258624584,-0.24476018588009918,1.5807989778445601,1,0,0,0,-0.849412842726147,0,0,0.134021448469128,-0.44329472199346825,-0.47958451734356927,0,0
1.0808204543788318,1.0827526866899306,0.21176255403488134,0,0,0,0,0.07694152858587193,1,0,0.48951600674267726,-0.44329472199346825,0.09489887413407593,0,0
-0.6026837451808064,-0.9085166221651141,-0.938228041965249,0,0,0,0,1.5800825839223553,1,0,-0.9324622263515198,-0.44329472199346825,-0.617609747763523,0,0
1.363846219605192,1.7465091229749454,0.81413858051114,1,0,1,0,-0.7633654120092106,1,0,0.134021448469128,-0.44329472199346825,-0.7481741549175333,0,0
0.6153837041723452,-0.24476018588009918,1.3069916930826242,0,0,1,1,0.3942414293545751,1,0,0.134021448469128,-0.44329472199346825,1.5945243505887081,1,1
1.013635524556481,-0.24476018588009918,-0.33585201548899024,0,0,0,0,-0.7660543942191149,1,0,1.9114942398368742,-0.44329472199346825,-0.3863242265192762,0,0
-0.6020964330634685,-0.24476018588009918,-1.0477509558700233,0,0,0,0,-0.7391645721200722,1,0,-0.5769676680779705,-0.44329472199346825,-0.6362618059283816,0,0
1.7402931695625707,1.0827526866899306,0.48556983879681703,1,1,1,1,0.281304176538596,1,0,0.8450105650162265,-0.44329472199346825,0.5612003282555411,1,1
1.4803664849092613,0.4189962504049157,0.6498542096539783,1,0,1,0,-0.6410167214585666,1,0,0.134021448469128,-0.44329472199346825,-0.4422804010138521,1,0
1.0740314392375025,-0.24476018588009918,0.6498542096539783,0,0,0,0,-0.052129617489532744,1,0,1.2005051232897757,-0.44329472199346825,-0.2445685844663508,0,0
-0.5555361613064879,-0.9085166221651141,-1.0477509558700233,0,0,0,0,0.7895218142105019,1,0,-0.9324622263515198,-0.44329472199346825,-0.6101489244975795,0,0
-0.6238482162864698,-0.9085166221651141,-0.8834665850128618,0,0,0,0,0.6859959991291877,1,0,-0.9324622263515198,-0.44329472199346825,-0.9085818551353173,0,0
-0.5301303020270907,-0.24476018588009918,-0.7739436711080876,0,0,0,0,-0.40573077809194347,1,0,-0.5769676680779705,-0.44329472199346825,-0.8153215643110242,0,0
-0.5471148543528429,-0.9085166221651141,-0.938228041965249,0,0,0,0,-0.5805146217357207,1,0,-0.5769676680779705,-0.44329472199346825,-0.819051975943996,0,0
-0.6270647420213856,-0.9085166221651141,-0.7739436711080876,0,0,0,0,1.830157929443452,1,0,-0.9324622263515198,-0.44329472199346825,-0.6474530408272967,0,0
-0.4939030353716262,-0.9085166221651141,-0.938228041965249,0,0,0,0,0.10786482399977097,1,0,-0.5769676680779705,-0.44329472199346825,-0.7892086828802222,0,0
-0.46937842367457133,-0.24476018588009918,-0.8834665850128618,0,0,0,0,-0.9959623731659294,1,0,1.555999681563325,0.6040643376485122,1.3595084177114893,0,1
-0.5753823933210002,-0.9085166221651141,-0.8287051280604746,0,0,0,1,-0.991928899851073,0,1,0.48951600674267726,1.6514233972904928,1.40427335730715,1,1
-0.39504348572535336,-0.24476018588009918,-0.5548978432985389,0,0,0,0,-0.584548095050577,1,1,-0.22147310980442125,-0.44329472199346825,-0.18488199833880334,0,0
-0.6295810754793991,1.0827526866899306,0.5403312957492042,1,1,0,0,-0.9946178820609773,0,1,1.555999681563325,1.6514233972904928,2.3107633841192783,0,1
-0.6029603574530064,-0.9085166221651141,-0.5001363863461518,0,0,0,0,-0.2309469344481663,1,0,-0.5769676680779705,-0.44329472199346825,-1.0167637924914972,0,0
3.668991516514345,0.4189962504049157,2.0736520904160445,1,0,0,0,-0.6813514546071305,1,0,0.134021448469128,-0.44329472199346825,-0.22218611466852053,1,0
0.04983398749828328,-0.24476018588009918,1.7450833487017219,1,0,0,0,-0.6679065435576093,1,0,-0.5769676680779705,-0.44329472199346825,-0.12892582384422752,0,0
-0.5719635773991422,-0.24476018588009918,-1.2120353267271848,0,0,0,0,2.2079599299350012,1,0,-0.9324622263515198,-0.44329472199346825,-0.792939094513194,0,0
-0.6318163261638436,0.4189962504049157,0.7046156666063655,1,1,1,0,-1.0053738109005943,0,1,2.977977914657522,1.6514233972904928,1.557220234258991,1,1
-0.6121662373968914,-0.9085166221651141,-0.938228041965249,0,0,0,0,0.13609913720376574,1,0,-0.5769676680779705,-0.44329472199346825,-0.7369829200186182,0,0
3.798277298477277,1.7465091229749454,0.48556983879681703,1,1,0,0,-0.8090781095775831,1,0,-0.5769676680779705,-0.44329472199346825,-0.020743886488047498,0,0
0.14538089563020923,-0.24476018588009918,1.526037520892173,1,0,0,0,-0.8534463160410034,1,0,0.134021448469128,-0.44329472199346825,-0.7183308618537596,0,0
-0.38090943683493916,3.074021995544975,1.7450833487017219,1,1,1,1,-1.0067183020055466,0,1,2.977977914657522,2.698782456932473,1.7586624624394636,1,1
-0.5485532381682829,-0.9085166221651141,-0.9929894989176362,1,1,1,0,-0.9999958464807859,0,1,-0.9324622263515198,-0.44329472199346825,-0.3005247589609266,1,1
1.2700187780622747,1.0827526866899306,0.4308083818444299,0,0,0,0,0.3888634649347666,1,0,1.555999681563325,-0.44329472199346825,0.43809674436747414,0,0
3.4523281088584596,1.7465091229749454,0.7046156666063655,1,0,0,0,-0.8265564939419608,1,0,0.134021448469128,-0.44329472199346825,-0.5989576895986644,0,0
-0.35095875410139504,-0.24476018588009918,-0.44537492939376466,0,0,0,0,-0.2766596320165388,1,0,0.8450105650162265,-0.44329472199346825,0.3746797466069551,0,0
-0.5871470764859031,-0.24476018588009918,-0.6644207572033133,0,0,0,0,0.9952289532681782,1,0,-0.9324622263515198,-0.44329472199346825,-0.8488952690077698,0,0
-0.26972806779066555,1.0827526866899306,2.1831750043208187,1,0,0,0,-0.6275718104090453,1,0,-0.22147310980442125,-0.44329472199346825,-0.27814228916309636,0,0
-0.6182712658287807,-0.24476018588009918,-0.22632910158421599,0,0,0,0,1.3353852028210675,1,0,-0.9324622263515198,-0.44329472199346825,-0.751904566550505,0,0
0.7646565389429101,-0.24476018588009918,3.333165600320949,1,1,1,0,-0.9932733909560252,0,1,1.9114942398368742,0.6040643376485122,2.1988510351301267,1,1
-0.45612003423978825,-0.24476018588009918,-0.938228041965249,0,0,0,0,-0.6235383370941888,1,0,-0.9324622263515198,-0.44329472199346825,-1.0130333808585255,0,0
-0.6267870121238434,-0.9085166221651141,-0.33585201548899024,1,1,1,0,-1.012096266425355,0,1,-0.9324622263515198,-0.44329472199346825,-0.04685676791884966,0,1
-0.5320112654780508,-0.24476018588009918,-0.5548978432985389,0,0,0,0,0.6617951592400494,1,0,-0.9324622263515198,-0.44329472199346825,-0.7034092153218726,0,0
-0.6267870121238434,-0.9085166221651141,-0.9929894989176362,1,1,1,1,-1.0094072842154507,0,1,-0.9324622263515198,-0.44329472199346825,-0.390054638152248,1,1
2.7227322268276675,0.4189962504049157,0.9236614944159144,1,1,1,0,-0.6853849279219869,1,0,-0.5769676680779705,-0.44329472199346825,-0.31171599385984183,0,0
-0.08006816484088485,-0.9085166221651141,0.5950927527015915,0,1,0,0,2.218715858774618,1,0,1.2005051232897757,0.6040643376485122,1.553489822626019,0,1
1.402008095728043,0.4189962504049157,-0.2810905585366032,1,0,1,1,1.370341971549823,1,0,0.48951600674267726,-0.44329472199346825,0.9528935497175719,0,1
0.3907572159531268,1.0827526866899306,0.37604692489204267,0,1,1,1,1.8032681073444095,1,0,-0.22147310980442125,0.6040643376485122,0.9976584893132324,1,1
1.2800572888861155,0.4189962504049157,0.7593771235587528,0,0,0,0,0.5004562266457935,1,0,1.2005051232897757,-0.44329472199346825,-0.07296964934965168,0,0
-0.5240107444657525,-0.9085166221651141,-0.6096593002509261,0,0,0,0,0.16298895930280838,1,0,-0.9324622263515198,-0.44329472199346825,-0.6959483920559292,0,0
-0.38090943683493916,0.4189962504049157,2.566505202987529,1,1,1,1,-0.9878954265362166,1,1,1.9114942398368742,2.698782456932473,2.2100422700290423,1,1
-0.6281790144875812,-0.9085166221651141,-1.2120353267271848,0,0,0,0,-0.08036393069352751,1,0,-0.9324622263515198,-0.44329472199346825,-0.6772963338910706,0,0
-0.5073044808502137,-0.9085166221651141,-1.1572738697747977,0,0,0,0,1.7467994809364198,1,0,-0.9324622263515198,-0.44329472199346825,-0.6213401593964948,0,0
-0.5724491856103379,-0.9085166221651141,-0.5001363863461518,0,0,0,0,-0.3936303581473743,1,0,-0.5769676680779705,-0.44329472199346825,-0.9608076179969215,0,0
-0.49842327106824424,0.4189962504049157,0.2665240109872685,0,0,0,1,-0.9596611133322219,0,0,0.134021448469128,2.698782456932473,1.900418104492389,1,1
-0.5418670445584381,-0.24476018588009918,-0.5548978432985389,0,0,0,0,-0.635638757038758,0,1,-0.5769676680779705,-0.44329472199346825,-0.18115158670583156,0,0
-0.630978107157177,-0.9085166221651141,-1.1025124128224104,1,1,1,1,-0.9999958464807859,0,1,-0.9324622263515198,-0.44329472199346825,-0.36021134508847424,0,1
-0.6044345052793976,1.7465091229749454,0.9236614944159144,1,1,0,0,-1.010751775320403,0,1,2.2669887981104235,2.698782456932473,2.202581446763099,1,1
-0.38090943683493916,3.73777843182999,1.3617531500350115,1,0,0,0,-1.0067183020055466,1,1,1.2005051232897757,1.6514233972904928,2.0608258047101735,1,1
-0.11405850437389142,-0.24476018588009918,0.10223964013010693,0,0,0,0,-0.6195048637793324,1,0,1.555999681563325,-0.44329472199346825,0.5985044445852583,0,0
-0.6083283119717,-0.24476018588009918,-1.1025124128224104,0,0,0,0,0.7841438497906934,1,0,-0.9324622263515198,-0.44329472199346825,-0.6772963338910706,0,0
-0.5485532381682829,-0.9085166221651141,-0.22632910158421599,1,1,1,1,-1.0094072842154507,0,1,-0.9324622263515198,-0.44329472199346825,-0.17369076343988812,1,1
-0.6318163261638436,-0.9085166221651141,-0.6096593002509261,1,1,1,1,-1.0161297397402114,0,1,-0.9324622263515198,-0.44329472199346825,-0.270681465897153,1,1
1.8461892883634752,0.4189962504049157,0.7593771235587528,1,0,1,1,1.0785874017752104,1,0,0.8450105650162265,-0.44329472199346825,0.6469997958138907,1,1
-0.38090943683493916,3.73777843182999,2.676028116892303,0,1,1,1,-0.9999958464807859,0,1,1.555999681563325,3.746141516574454,2.1540860955344665,1,1
0.6609286133059168,-0.24476018588009918,0.48556983879681703,0,0,0,0,-0.5603472551614387,1,0,1.9114942398368742,-0.44329472199346825,0.5649307398885126,0,0
3.3777143233863574,1.7465091229749454,1.3069916930826242,1,0,0,0,-0.9300823090232749,1,0,-0.5769676680779705,-0.44329472199346825,-0.7668262130823918,0,0
-0.5872124575684231,-0.9085166221651141,-0.2810905585366032,0,0,0,0,2.0896447126992133,1,0,-0.5769676680779705,-0.44329472199346825,-0.6064185128646079,0,0
-0.5986429707560017,-0.24476018588009918,-1.0477509558700233,0,0,0,0,1.7992346340295529,1,0,-0.9324622263515198,-0.44329472199346825,-0.6399922175613534,0,0
-0.5487231172203006,-0.24476018588009918,-0.6644207572033133,0,0,0,0,1.3757199359696315,1,0,-0.5769676680779705,-0.44329472199346825,-0.8899297969704587,0,0
0.34576161967525726,-0.24476018588009918,-0.1715676446318288,0,0,0,0,0.05946314422149422,1,0,1.2005051232897757,-0.44329472199346825,0.024021053107613138,0,0
-0.5485532381682829,-0.9085166221651141,-0.5001363863461518,1,1,1,0,-1.0147852486352593,0,1,-0.9324622263515198,-0.44329472199346825,-0.1774211750728599,0,1
1.1047292545123224,-0.24476018588009918,2.2926979182255933,1,0,0,0,-0.7579874475894021,1,0,0.134021448469128,-0.44329472199346825,-0.32663764039172877,0,0
1.0305770483065575,1.0827526866899306,-0.1715676446318288,0,1,1,0,1.3071508896170727,1,0,1.2005051232897757,-0.44329472199346825,1.2811697734190832,0,1
-0.2578119463918915,-0.9085166221651141,-1.0477509558700233,0,0,0,0,0.7827993586857412,1,0,-0.9324622263515198,-0.44329472199346825,-0.778017447981307,0,0
-0.3366917077952564,-0.9085166221651141,0.6498542096539783,0,0,0,1,-0.9435272200727963,0,0,0.48951600674267726,1.6514233972904928,1.5945243505887081,1,1
-0.6241125346799054,-0.24476018588009918,-0.8834665850128618,0,0,0,0,2.0372095596060804,1,0,-0.5769676680779705,-0.44329472199346825,-0.6064185128646079,0,0
3.9662195057769947,1.7465091229749454,0.5950927527015915,0,0,0,0,-0.635638757038758,0,0,0.134021448469128,-0.44329472199346825,-0.5541927500030037,0,0
1.176613798898718,-0.24476018588009918,-0.22632910158421599,0,0,0,0,-0.5778256395258163,1,0,1.2005051232897757,-0.44329472199346825,0.546278681723654,0,0
-0.6295810754793991,1.0827526866899306,0.04747818317771972,0,1,1,1,-0.990584408746121,0,1,0.8450105650162265,3.746141516574454,1.568411469157906,1,1
-0.38090943683493916,2.4102655592599604,0.7593771235587528,1,1,1,0,-0.9932733909560252,0,1,1.555999681563325,2.698782456932473,2.1055907443058337,1,1
-0.6267870121238434,-0.9085166221651141,-0.938228041965249,1,1,1,0,-1.0080627931104986,0,1,-0.9324622263515198,-0.44329472199346825,0.15831587189459503,1,1
1.2127153327031825,1.0827526866899306,-0.5548978432985389,0,0,0,0,0.24903639001974484,1,0,1.555999681563325,-0.44329472199346825,0.5910436213193148,0,0
-0.6136336794712293,-0.9085166221651141,-0.44537492939376466,0,0,0,0,0.4614659846021817,1,0,-0.9324622263515198,-0.44329472199346825,-0.9682684412628649,0,0
-0.6232754332985809,-0.24476018588009918,-0.39061347244137745,0,0,0,0,1.4805902421558976,1,0,-0.5769676680779705,-0.44329472199346825,-0.8153215643110242,0,0
-0.2696626867081455,-0.24476018588009918,-0.7191822141557004,0,0,0,0,0.2597923188593619,1,0,-0.9324622263515198,-0.44329472199346825,-0.8787385620715434,0,0
0.09757335399130844,1.0827526866899306,0.10223964013010693,0,0,0,0,-0.5778256395258163,1,0,1.2005051232897757,-0.44329472199346825,0.2553065743518598,0,0
-0.4154010313339324,-0.24476018588009918,-0.5001363863461518,0,0,0,0,-0.6127824082545719,1,0,-0.22147310980442125,-0.44329472199346825,0.10235969740001921,1,0
-0.5822272897294406,-0.9085166221651141,-1.1025124128224104,0,0,0,0,-0.033306742020202895,1,0,-0.5769676680779705,-0.44329472199346825,-0.5877664546997492,0,0
-0.512339383016925,-0.24476018588009918,-0.2810905585366032,0,0,0,0,0.729019714487656,1,0,-0.5769676680779705,-0.44329472199346825,-0.9085818551353173,0,0
-0.38090943683493916,3.074021995544975,1.96412917651127,1,0,1,1,-1.0040293197956422,0,0,2.977977914657522,2.698782456932473,2.195120623497155,1,1
-0.6013079483845306,-0.24476018588009918,-1.0477509558700233,0,0,0,0,-0.12876561047180426,1,0,-0.9324622263515198,-0.44329472199346825,-0.9831900877947517,0,0
-0.6267870121238434,-0.9085166221651141,-0.7191822141557004,1,1,1,0,-0.9986513553758337,0,1,-0.9324622263515198,-0.44329472199346825,-0.3714025799873894,1,1
-0.48100396248436755,-0.24476018588009918,-0.39061347244137745,0,0,0,0,-0.6275718104090453,1,1,-0.5769676680779705,-0.44329472199346825,-0.46466287081168245,1,0
-0.6295810754793991,3.074021995544975,1.8546062626064956,1,1,1,1,-0.9784839888015517,0,1,2.622483356383973,3.746141516574454,1.661671759982199,0,1
-0.5821015568784406,-0.24476018588009918,-0.8287051280604746,0,0,0,0,0.6658286325549058,1,0,-0.5769676680779705,-0.44329472199346825,-0.6064185128646079,0,0
-0.4234993445636751,-0.24476018588009918,-0.5001363863461518,0,0,0,0,-0.4729553333395501,1,1,-0.5769676680779705,-0.44329472199346825,-0.5914968663327209,1,0
-0.5569108404774212,-0.24476018588009918,-0.7739436711080876,0,0,0,0,-0.49715617322868844,1,0,-0.5769676680779705,-0.44329472199346825,-0.1774211750728599,1,0
0.5272483284973665,0.4189962504049157,0.37604692489204267,0,0,0,0,-0.21212405897883646,1,0,1.2005051232897757,-0.44329472199346825,0.5164353886598804,0,0
-0.019107849362041084,-0.9085166221651141,-0.39061347244137745,1,1,0,0,1.0315302131018858,1,0,0.8450105650162265,0.6040643376485122,0.6581910307128057,1,1
-0.48136607309524765,-0.9085166221651141,-0.938228041965249,0,0,0,0,-0.9341157823381314,1,1,-0.22147310980442125,-0.44329472199346825,0.1433942253627082,0,0
-0.5220420474254279,-0.24476018588009918,-1.1025124128224104,0,0,0,0,2.023764648556559,1,0,-0.9324622263515198,-0.44329472199346825,-0.6213401593964948,0,0
-0.5927430265744101,-0.24476018588009918,-0.9929894989176362,0,0,0,0,1.1807687257515724,1,0,-0.5769676680779705,-0.44329472199346825,-0.897390620236402,0,0
-0.5918332795458412,-0.9085166221651141,-0.6096593002509261,0,0,0,0,1.2560602276288917,1,0,-0.5769676680779705,-0.44329472199346825,-0.6026881012316361,0,0
-0.597941102041086,-0.9085166221651141,-0.2810905585366032,0,0,0,0,-0.21615753229369286,1,0,-0.9324622263515198,-0.44329472199346825,-1.0018421459596103,0,0
-0.5449718077591316,-0.9085166221651141,-1.1572738697747977,0,0,0,0,-0.5361464152723003,1,0,-0.5769676680779705,-0.44329472199346825,-0.34528969855658737,0,0
-0.5974605231439305,-0.9085166221651141,-0.7191822141557004,0,0,0,0,0.6913739635489963,1,0,-0.5769676680779705,-0.44329472199346825,-1.057798320454186,0,0
0.11345425129161613,-0.9085166221651141,0.81413858051114,0,1,1,0,2.2523281363984213,1,0,0.134021448469128,0.6040643376485122,1.217752775658564,1,1
-0.6044345052793976,1.7465091229749454,3.168881229463788,1,1,1,0,-0.9838619532213603,1,1,2.2669887981104235,0.6040643376485122,2.195120623497155,1,1
-0.5783513650426136,-0.9085166221651141,-0.6644207572033133,0,0,0,0,-0.38018544709785296,1,0,-0.9324622263515198,-0.44329472199346825,-0.6549138640932402,0,0
-0.6184959085225673,-0.9085166221651141,-1.0477509558700233,0,0,0,0,0.6631396503450016,1,0,-0.5769676680779705,-0.44329472199346825,-0.9421555598320629,0,0
-0.6044345052793976,3.73777843182999,0.04747818317771972,1,1,1,0,-0.9838619532213603,1,1,1.2005051232897757,2.698782456932473,1.8593835765297002,1,1
-0.3682830645311828,-0.24476018588009918,-0.44537492939376466,0,0,0,0,-0.6423612125635187,1,1,-0.22147310980442125,-0.44329472199346825,0.19561998822431226,1,0
3.2633695158109233,1.7465091229749454,2.1284135473684316,1,1,1,0,-0.6410167214585666,1,0,-0.5769676680779705,-0.44329472199346825,-0.1587691169080013,0,0
-0.47785114139395857,-0.24476018588009918,-0.11680618767944173,0,0,0,0,-0.9704170421718389,1,0,-0.22147310980442125,-0.44329472199346825,-0.29679434732795495,0,0
-0.6267870121238434,-0.9085166221651141,-0.6644207572033133,1,1,1,0,-1.0080627931104986,0,1,-0.9324622263515198,-0.44329472199346825,-0.16996035180691638,0,1
1.0113790389905344,0.4189962504049157,0.5950927527015915,0,0,0,0,0.03660679543730797,1,0,0.8450105650162265,-0.44329472199346825,0.3933318047718137,0,0
-0.42490587605686186,-0.24476018588009918,-0.8834665850128618,0,0,0,0,-0.4205201802464169,1,0,-0.9324622263515198,-0.44329472199346825,-1.0503374971882427,0,0
-0.22483305779359608,-0.9085166221651141,0.37604692489204267,0,0,0,0,-0.93949374675794,0,1,1.9114942398368742,0.6040643376485122,1.4602295318017258,0,1
-0.4863886813831946,-0.9085166221651141,-0.7191822141557004,0,0,0,0,2.1084675881685433,1,0,-0.5769676680779705,-0.44329472199346825,-0.9458859714650345,0,0
-0.29782852177016067,0.4189962504049157,0.15700109708249413,0,0,1,1,-0.9260488357084186,0,0,1.2005051232897757,0.6040643376485122,1.40427335730715,1,1
1.343152268768604,-0.24476018588009918,1.4712760639397857,1,1,1,0,1.209003038955567,1,0,-0.22147310980442125,-0.44329472199346825,1.2662481268871961,1,1
-0.6146116016456737,-0.24476018588009918,-0.7739436711080876,0,0,0,0,-0.5697586928961036,1,0,-0.5769676680779705,-0.44329472199346825,-1.005572557592582,0,0
-0.33140422230120276,-0.9085166221651141,-0.1715676446318288,1,1,1,0,2.328964129380693,1,0,0.134021448469128,0.6040643376485122,1.2923610083179984,1,1
-0.5843105433673429,-0.24476018588009918,-0.39061347244137745,0,0,0,0,-0.7889107430033011,0,0,-0.5769676680779705,-0.44329472199346825,0.11355093229893454,0,0
-0.4004142343074026,1.0827526866899306,-0.007283273774667328,0,0,0,0,-0.39631934035727856,1,0,0.48951600674267726,-0.44329472199346825,-0.39378504978521967,0,0
-0.490427779369986,-0.9085166221651141,-1.1572738697747977,0,0,0,0,-0.9690725510668868,1,1,-0.5769676680779705,-0.44329472199346825,-0.37513299162036107,0,0
-0.5651767975084973,-0.24476018588009918,-0.6644207572033133,0,0,0,0,2.033176086291224,1,0,-0.5769676680779705,-0.44329472199346825,-0.9831900877947517,0,0
-0.44554841612770757,-0.9085166221651141,-0.33585201548899024,0,0,0,0,-0.9986513553758337,1,1,0.48951600674267726,0.6040643376485122,2.049634569811258,1,1
-0.522368952838028,-0.9085166221651141,-0.33585201548899024,0,0,0,0,1.871837153696968,1,0,-0.5769676680779705,-0.44329472199346825,-1.0428766739222992,0,0
0.4589401852060821,-0.24476018588009918,1.799844805654109,1,1,0,0,-0.7015188211814125,0,0,-0.22147310980442125,-0.44329472199346825,-0.25949023099823776,1,0
-0.5658093734521951,-0.9085166221651141,-0.44537492939376466,0,0,0,0,1.9296502712099097,1,0,-0.5769676680779705,-0.44329472199346825,-0.9384251481990911,0,0
0.17376634407197095,-0.24476018588009918,2.2379364612732062,1,1,0,0,-0.6544616325080879,1,0,-0.22147310980442125,-0.44329472199346825,-0.2445685844663508,0,0
2.4160558329218706,0.4189962504049157,0.5950927527015915,1,0,0,0,-0.9475606933876527,1,0,-0.22147310980442125,-0.44329472199346825,-0.7444437432845615,0,0
0.4788557099918122,0.4189962504049157,0.04747818317771972,0,0,0,0,0.4493655646576125,1,0,1.555999681563325,-0.44329472199346825,-0.024474298121019273,0,0
-0.004883831631577926,1.0827526866899306,1.3617531500350115,1,0,0,0,-0.8803361381400461,1,0,-0.22147310980442125,-0.44329472199346825,-0.6288009826624381,0,0
-0.6281091629036923,-0.9085166221651141,-0.7739436711080876,0,0,0,0,0.17912285256223398,1,0,-0.9324622263515198,-0.44329472199346825,-0.8003999177791374,0,0
1.5574390461342529,-0.24476018588009918,1.96412917651127,0,1,0,0,1.3730309537597272,1,0,0.134021448469128,0.6040643376485122,0.6992255586754946,1,1
1.1986489001459726,-0.9085166221651141,0.2665240109872685,0,1,0,0,2.2106489121449053,1,0,1.2005051232897757,-0.44329472199346825,0.9342414915527133,1,1
3.2098861138715464,-0.24476018588009918,1.96412917651127,0,1,1,0,-0.8534463160410034,1,0,-0.5769676680779705,-0.44329472199346825,-0.6623746873591837,1,0
0.3457320026036884,0.4189962504049157,0.04747818317771972,0,0,0,0,0.4601214934972296,1,0,1.555999681563325,-0.44329472199346825,0.07624681596921731,0,0
-0.46368859305731763,-0.24476018588009918,-0.39061347244137745,0,0,0,0,2.19451501888548,1,0,-0.9324622263515198,-0.44329472199346825,-1.057798320454186,0,0
-0.6161583951193094,-0.9085166221651141,-0.5548978432985389,0,0,0,0,-0.32775029400471983,1,0,-0.9324622263515198,-0.44329472199346825,-0.6101489244975795,0,0
-0.6318163261638436,3.074021995544975,-0.33585201548899024,1,0,1,1,-1.0080627931104986,0,1,2.977977914657522,2.698782456932473,2.1652773304333817,1,1
-0.45387193086390815,-0.9085166221651141,-0.938228041965249,0,0,0,0,0.4224757425585699,1,0,-0.5769676680779705,-0.44329472199346825,-0.8115911526780526,0,0
-0.6044345052793976,0.4189962504049157,2.5117437460351413,1,1,1,1,-0.9865509354312645,0,0,2.977977914657522,3.746141516574454,1.8370011067318701,1,1
-0.4349695334509025,-0.9085166221651141,-0.2810905585366032,0,0,0,0,0.5219680843250276,1,0,-0.5769676680779705,-0.44329472199346825,-0.5877664546997492,0,0
-0.5539323689403989,-0.9085166221651141,-0.1715676446318288,0,0,0,0,1.2533712454189876,1,0,-0.9324622263515198,-0.44329472199346825,-0.8265127992099395,0,0
-0.5971375294200282,-0.24476018588009918,-0.8287051280604746,0,0,0,0,1.9955303353525642,1,0,-0.5769676680779705,-0.44329472199346825,-0.9682684412628649,0,0
-0.0889996677632543,0.4189962504049157,-0.6644207572033133,0,0,0,0,-0.37211850046814016,1,0,0.48951600674267726,-0.44329472199346825,-0.22964693793446397,0,0
2.411934589472426,1.7465091229749454,1.4712760639397857,1,0,0,0,-0.7794993052686362,1,0,-0.5769676680779705,-0.44329472199346825,-0.24083817283337916,0,0
-0.4392584207016806,-0.9085166221651141,-0.8834665850128618,0,0,0,0,-0.4151422158266084,1,0,-0.22147310980442125,-0.44329472199346825,-0.363941756721446,0,0
-0.38268981400509927,-0.24476018588009918,-0.44537492939376466,0,0,0,0,-0.5052231198584013,1,0,-0.5769676680779705,-0.44329472199346825,-0.2930639356949832,0,0
3.8290751412202257,-0.24476018588009918,1.142707322225463,1,0,0,0,-0.8346234405716736,1,0,-0.22147310980442125,-0.44329472199346825,-0.7071396269548443,1,0
1.5803699240932987,-0.24476018588009918,0.15700109708249413,1,0,1,1,1.4052987402785782,1,0,1.2005051232897757,0.6040643376485122,1.124492484834271,1,1
-0.5161873670701964,-0.24476018588009918,-0.5548978432985389,0,0,0,0,-0.9502496755975569,0,1,0.134021448469128,0.6040643376485122,1.3968125340412065,0,1
-0.4770721565304296,-0.9085166221651141,-0.8834665850128618,0,0,0,0,-0.513290066488114,1,0,-0.5769676680779705,-0.44329472199346825,-0.7705566247153636,0,0
-0.5380822063370023,-0.9085166221651141,-0.44537492939376466,0,0,0,0,1.7844452318750794,1,0,-0.9324622263515198,-0.44329472199346825,-0.5914968663327209,0,0
-0.4132233383546123,-0.24476018588009918,-0.5001363863461518,0,0,0,0,-0.36405155383842736,1,0,-0.9324622263515198,-0.44329472199346825,-1.046607085555271,0,0
0.8428059321851328,1.0827526866899306,0.7593771235587528,0,0,0,0,0.3095384897425908,1,0,0.8450105650162265,-0.44329472199346825,0.5313570351917672,0,0
-0.5813683946539427,-0.24476018588009918,-1.1572738697747977,0,0,0,0,1.2022805834308066,1,0,-0.9324622263515198,-0.44329472199346825,-0.8414344457418262,0,0
-0.15866013771862753,0.4189962504049157,0.21176255403488134,0,0,1,0,-0.6894184012368434,1,0,-0.5769676680779705,-0.44329472199346825,-0.04685676791884966,0,0
-0.38090943683493916,1.7465091229749454,2.8950739447018514,1,1,1,0,-0.9986513553758337,0,1,1.9114942398368742,3.746141516574454,1.8854964579605022,1,1
-0.5427862914024159,-0.24476018588009918,-0.938228041965249,0,0,0,0,-0.7593319386943542,1,0,-0.22147310980442125,-0.44329472199346825,-0.6922179804229573,1,0
3.979732713789804,-0.24476018588009918,0.21176255403488134,1,0,1,0,-0.6396722303536144,1,0,-0.22147310980442125,-0.44329472199346825,-0.0020918283231888884,0,0
-0.6143232543073803,-0.9085166221651141,-1.1572738697747977,0,0,0,0,2.085611239384357,1,0,-0.5769676680779705,-0.44329472199346825,-0.7369829200186182,0,0
-0.6248155210201632,-0.9085166221651141,-0.39061347244137745,0,0,0,0,0.25306986333460124,1,0,-0.9324622263515198,-0.44329472199346825,-0.9981117343266387,0,0
2.9012069353524876,1.0827526866899306,1.96412917651127,0,0,0,0,-0.7310976254903594,1,0,-0.22147310980442125,-0.44329472199346825,-0.3378288752906438,0,0
-0.5747660229447645,-0.24476018588009918,-0.5548978432985389,0,0,0,0,1.5679821639777862,1,0,-0.9324622263515198,-0.44329472199346825,-0.7817478596142788,0,0
0.19647257933723014,1.0827526866899306,1.6903218917493346,1,0,0,0,-0.6289163015139974,1,0,0.134021448469128,-0.44329472199346825,-0.5168886336732865,0,0
-0.5373333973577133,-0.9085166221651141,-0.5548978432985389,0,0,0,0,-0.9663835688569825,0,1,0.8450105650162265,1.6514233972904928,2.079477862875032,0,1
-0.5710152722962666,-0.9085166221651141,-0.5548978432985389,0,0,0,0,-0.6692510346625613,1,0,-0.9324622263515198,-0.44329472199346825,-0.6213401593964948,0,0
-0.5772085931301913,-0.24476018588009918,-1.1025124128224104,0,0,0,0,-0.36136257162852314,1,0,-0.9324622263515198,-0.44329472199346825,-0.804130329412109,0,0
-0.6044345052793976,3.73777843182999,0.8689000374635272,1,1,1,1,-0.990584408746121,0,1,2.622483356383973,3.746141516574454,2.049634569811258,1,1
-0.33247714262973616,-0.9085166221651141,-0.7191822141557004,0,0,0,0,0.708852347913374,1,0,-0.5769676680779705,-0.44329472199346825,-0.7668262130823918,0,0
-0.6249490772485589,-0.24476018588009918,-0.6096593002509261,0,0,0,0,1.4563894022667592,1,0,-0.5769676680779705,-0.44329472199346825,-0.9906509110606951,0,0
-0.6044345052793976,1.7465091229749454,1.6355604347969475,1,1,1,1,-1.012096266425355,0,1,1.2005051232897757,3.746141516574454,2.239885563092816,1,1
-0.4360676003496359,-0.9085166221651141,-0.5548978432985389,0,0,0,0,-0.3949748492523264,1,0,-0.5769676680779705,-0.44329472199346825,-0.7220612734867312,0,0
1.2936129666619296,1.0827526866899306,1.909367719558883,0,1,0,1,1.1337115370782478,1,0,1.2005051232897757,0.6040643376485122,1.579602704056821,1,1
-0.5206047812353302,-0.9085166221651141,-0.39061347244137745,0,0,0,1,-0.9152929068688015,0,1,0.134021448469128,0.6040643376485122,2.064556216343145,1,1
-0.6044345052793976,1.0827526866899306,3.3879270572733367,1,1,1,1,-0.9784839888015517,0,1,2.977977914657522,1.6514233972904928,2.2100422700290423,1,1
-0.3100681957055081,-0.24476018588009918,-0.7191822141557004,0,0,0,0,-0.019861830970681574,1,0,0.8450105650162265,-0.44329472199346825,0.027751464740584778,0,0
-0.08760822421218756,1.0827526866899306,0.5403312957492042,0,0,0,0,-0.7216861877556945,1,0,0.48951600674267726,-0.44329472199346825,-0.11400417731234054,0,0
1.6316275751636393,1.7465091229749454,2.0188906334636574,1,0,1,0,-0.9556276400173654,1,0,-0.22147310980442125,-0.44329472199346825,-0.43108916611493686,1,0
0.7646565389429101,2.4102655592599604,0.81413858051114,1,1,1,1,-1.0134407575303073,0,1,0.48951600674267726,1.6514233972904928,1.7474712275405486,1,1
1.5791137132086406,-0.24476018588009918,0.7046156666063655,1,0,0,0,1.830157929443452,1,0,0.8450105650162265,0.6040643376485122,0.7477209099041272,0,1
-0.38090943683493916,-0.24476018588009918,3.1141197725114003,1,0,1,0,-1.0026848286906902,0,1,0.48951600674267726,3.746141516574454,2.1466252722685226,1,1
-0.4099872541762077,-0.24476018588009918,-1.0477509558700233,0,0,0,0,1.9457841644693354,1,0,-0.5769676680779705,-0.44329472199346825,-0.897390620236402,0,0
-0.5161186331116498,-0.9085166221651141,-1.1572738697747977,0,0,0,0,2.195859509990432,1,0,-0.9324622263515198,-0.44329472199346825,-0.897390620236402,0,0
-0.5351691158824998,-0.24476018588009918,-0.7191822141557004,0,0,0,0,1.6513406124848184,1,0,-0.9324622263515198,-0.44329472199346825,-0.9906509110606951,0,0
-0.5966552740848592,-0.9085166221651141,-0.938228041965249,0,0,0,0,1.238581843264514,1,0,-0.5769676680779705,-0.44329472199346825,-0.886199385337487,0,0
-0.6136398264106114,-0.9085166221651141,-1.1572738697747977,0,0,0,0,1.7454549898314677,1,0,-0.9324622263515198,-0.44329472199346825,-1.0540679088212146,0,0
-0.08062194819795598,1.0827526866899306,1.142707322225463,1,0,1,0,-0.6490836680882793,1,0,-0.22147310980442125,-0.44329472199346825,-0.4609324591787107,1,0
-0.5781680744864893,-0.9085166221651141,-0.5001363863461518,0,0,0,0,-0.2968269985908208,1,0,-0.5769676680779705,-0.44329472199346825,-0.9645380296298931,0,0
-0.4493790769881746,-0.9085166221651141,-0.8287051280604746,0,0,0,0,-0.2591812476521611,1,0,-0.9324622263515198,-0.44329472199346825,-1.0167637924914972,0,0
2.6695388486645975,-0.24476018588009918,1.2522302361302373,1,1,1,0,-0.8171450562072959,1,0,-0.5769676680779705,-0.44329472199346825,-0.5803056314338058,0,0
0.4833815338151415,-0.24476018588009918,0.2665240109872685,0,1,0,0,0.5986040773072991,1,0,0.8450105650162265,0.6040643376485122,1.6019851738546511,1,1
-0.5985418256625304,-0.24476018588009918,-0.8834665850128618,0,0,0,0,1.4079877224884825,1,0,-0.9324622263515198,-0.44329472199346825,-0.7817478596142788,0,0
-0.6295810754793991,-0.24476018588009918,-0.33585201548899024,1,1,1,0,-1.0026848286906902,1,1,2.977977914657522,2.698782456932473,2.1615469188004095,0,1
-0.1977015849858077,0.4189962504049157,1.6355604347969475,1,0,0,0,-0.8077336184726309,1,0,0.134021448469128,-0.44329472199346825,-0.322907228758757,0,0
-0.5136274462238363,-0.9085166221651141,-1.0477509558700233,0,0,0,0,0.34987322289115474,1,0,-0.5769676680779705,-0.44329472199346825,-1.005572557592582,0,0
-0.41275896502491893,-0.9085166221651141,0.04747818317771972,0,0,0,0,-0.43396509129593824,1,0,-0.5769676680779705,-0.44329472199346825,-0.43108916611493686,0,0
0.0637020415572486,-0.24476018588009918,0.5950927527015915,0,0,0,0,-0.522701504222779,1,0,1.555999681563325,-0.44329472199346825,0.22546328128808618,0,0
0.24831083677285568,-0.24476018588009918,-0.33585201548899024,0,0,0,0,0.1092093151047231,1,0,1.555999681563325,-0.44329472199346825,-0.23337734956743575,0,0
-0.39949666390143806,-0.9085166221651141,-0.7191822141557004,0,0,0,0,-0.6221938459892368,1,0,-0.5769676680779705,-0.44329472199346825,-0.8563560922737132,0,0
-0.5266254289538816,-0.24476018588009918,-0.22632910158421599,0,0,0,0,0.3391172940515377,1,0,-0.9324622263515198,-0.44329472199346825,-1.0503374971882427,0,0
-0.6106445904934557,-0.9085166221651141,-0.44537492939376466,0,0,0,0,0.9011145759215289,1,0,-0.9324622263515198,-0.44329472199346825,-1.031685439023384,0,0
2.330429526140181,-0.24476018588009918,0.2665240109872685,1,1,1,0,-0.6947963656566518,0,0,-0.22147310980442125,-0.44329472199346825,-0.2669510542641812,0,0
-0.617549279857705,-0.9085166221651141,-0.7739436711080876,0,0,0,0,-0.7042078033913168,1,0,-0.5769676680779705,-0.44329472199346825,-1.046607085555271,0,0
-0.016618338912240866,-0.24476018588009918,-0.7739436711080876,0,0,0,0,-0.9798284799065039,0,1,0.8450105650162265,1.6514233972904928,1.2886305966850269,1,1
-0.446354782812121,-0.24476018588009918,-1.1025124128224104,0,0,0,0,-0.21481304118874073,1,0,-0.5769676680779705,-0.44329472199346825,-0.9160426784012607,0,0
-0.6295810754793991,3.73777843182999,-0.33585201548899024,1,1,0,0,-0.9825174621164081,0,1,2.622483356383973,2.698782456932473,2.265998444523618,1,1
0.505839097441756,0.4189962504049157,2.2379364612732062,1,0,0,0,-0.8655467359855726,1,0,-0.5769676680779705,-0.44329472199346825,-0.7556349781834768,0,0
-0.6266908963444123,-0.24476018588009918,-0.8834665850128618,0,0,0,0,0.6752400702895707,1,0,-0.9324622263515198,-0.44329472199346825,-0.8227823875769676,0,0
-0.5068166373883337,-0.24476018588009918,-0.39061347244137745,0,0,0,0,-0.9731060243817432,1,0,-0.22147310980442125,-0.44329472199346825,-0.4721236940776259,0,0
-0.2653184770029275,-0.24476018588009918,-0.33585201548899024,0,0,0,0,2.1192235170081606,1,0,-0.5769676680779705,-0.44329472199346825,-0.7146004502207878,0,0
-0.5914700513096189,-0.24476018588009918,-0.5548978432985389,0,0,0,0,1.2009360923258543,1,0,-0.5769676680779705,-0.44329472199346825,-0.6772963338910706,0,0
-0.49234059514319944,-0.24476018588009918,-0.938228041965249,0,0,0,0,0.02988433991254731,1,0,-0.5769676680779705,-0.44329472199346825,-0.684757157157014,0,0
0.4157909059935639,0.4189962504049157,0.5403312957492042,0,0,0,0,0.2221465679207022,1,0,1.2005051232897757,-0.44329472199346825,0.6208869143830885,0,0
-0.5984457098830994,-0.9085166221651141,-0.5001363863461518,0,0,0,0,2.0062862641921813,1,0,-0.5769676680779705,-0.44329472199346825,-0.6325313942954099,0,0
-0.5668152362601951,-0.9085166221651141,-0.062044730727054534,0,0,0,0,-0.44337652903060315,1,1,-0.22147310980442125,-0.44329472199346825,-0.09162170751451029,0,0
-0.5576602082693812,-0.9085166221651141,-0.8834665850128618,0,0,0,0,1.4577338933717114,1,0,-0.5769676680779705,-0.44329472199346825,-0.6138793361305513,0,0
-0.49227186118465277,-0.24476018588009918,-1.1025124128224104,0,0,0,0,-0.7364755899101679,1,0,-0.22147310980442125,-0.44329472199346825,0.12847257883082136,1,0
0.7646565389429101,3.074021995544975,0.6498542096539783,0,1,1,1,-0.9798284799065039,0,0,1.2005051232897757,3.746141516574454,1.695245464678944,1,1
-0.5874259240087876,-0.9085166221651141,-0.6644207572033133,0,0,0,0,0.8486794228283957,1,0,-0.5769676680779705,-0.44329472199346825,-0.9197730900342325,0,0
-0.6267870121238434,-0.9085166221651141,-0.33585201548899024,1,1,1,0,-1.0147852486352593,0,1,-0.9324622263515198,-0.44329472199346825,-0.18115158670583156,1,1
1.5112330616107565,0.4189962504049157,2.1831750043208187,1,0,0,0,-0.6316052837239017,1,0,0.134021448469128,-0.44329472199346825,-0.4907757522424845,0,0
-0.5683217952215108,-0.24476018588009918,-0.9929894989176362,0,0,0,1,-0.9556276400173654,1,1,1.2005051232897757,0.6040643376485122,1.7959665787691808,1,1
-0.6259744985000477,-0.9085166221651141,-0.33585201548899024,0,0,0,0,0.5031452088556978,1,0,-0.9324622263515198,-0.44329472199346825,-0.7183308618537596,0,0
-0.6263874610639989,-0.9085166221651141,-1.0477509558700233,0,0,0,0,0.14954404825328707,1,0,-0.5769676680779705,-0.44329472199346825,-0.8451648573747981,0,0
-0.25283795480633114,0.4189962504049157,-0.062044730727054534,0,0,0,0,-0.3317837673195762,1,0,1.555999681563325,-0.44329472199346825,-0.19980364487069016,0,0
4.010967548041561,0.4189962504049157,1.0331844083206885,1,0,0,0,-0.8225230206271044,1,0,0.134021448469128,-0.44329472199346825,-0.47585410571059766,0,0
-0.58902636349885,-0.24476018588009918,-0.22632910158421599,0,0,0,0,1.4147101780132432,1,0,-0.5769676680779705,-0.44329472199346825,-1.035415850656356,0,0
-0.4859349254942524,-0.24476018588009918,-0.5001363863461518,0,0,0,0,-0.9448717111777484,1,1,0.8450105650162265,0.6040643376485122,1.4415774736368672,0,1
-0.6093123810855268,-0.9085166221651141,-0.5001363863461518,0,0,0,0,-0.011794884340968781,1,0,-0.9324622263515198,-0.44329472199346825,-0.7630958014494202,0,0
-0.6267870121238434,-0.9085166221651141,-0.2810905585366032,1,1,1,0,-1.0026848286906902,0,1,-0.9324622263515198,-0.44329472199346825,-0.5131582220403149,1,1
-0.38090943683493916,1.0827526866899306,1.0331844083206885,1,1,1,0,-0.9825174621164081,0,1,2.2669887981104235,0.6040643376485122,1.8966876928594174,1,1
-0.6281661617961457,-0.24476018588009918,-1.1025124128224104,0,0,0,0,-0.052129617489532744,1,0,-0.5769676680779705,-0.44329472199346825,-0.9197730900342325,0,0
-0.5178872752157165,-0.9085166221651141,-0.33585201548899024,0,0,0,0,0.10652033289481884,1,0,-0.9324622263515198,-0.44329472199346825,-0.8675473271726284,0,0
-0.6318163261638436,0.4189962504049157,-0.11680618767944173,1,1,1,0,-0.9973068642708816,0,1,2.622483356383973,3.746141516574454,1.844461929997813,1,1
-0.5553763408825501,-0.24476018588009918,-0.8287051280604746,0,0,0,0,0.11862075283938803,1,0,-0.9324622263515198,-0.44329472199346825,-0.8339736224758828,0,0
0.44281843964452555,1.7465091229749454,0.32128546793965546,1,0,1,0,-0.909914942448993,1,0,-0.5769676680779705,-0.44329472199346825,-0.3378288752906438,0,0
-0.44297620140258304,-0.9085166221651141,-0.44537492939376466,0,0,0,0,0.5327240131646447,1,0,-0.9324622263515198,-0.44329472199346825,-1.0503374971882427,0,0
-0.6318163261638436,2.4102655592599604,0.48556983879681703,1,0,0,0,-0.9946178820609773,1,1,1.2005051232897757,0.6040643376485122,1.5721418807908776,0,1
-0.532725986884402,-0.9085166221651141,-0.8834665850128618,0,0,0,0,0.2557588455445055,1,0,-0.9324622263515198,-0.44329472199346825,-0.6399922175613534,0,0
-0.3429621447777946,-0.24476018588009918,-0.8287051280604746,0,0,0,0,1.136400519288152,1,0,-0.5769676680779705,-0.44329472199346825,-0.8488952690077698,0,0
-0.5499139470224386,-0.9085166221651141,-0.7739436711080876,0,0,0,0,0.9777505689038004,1,0,-0.5769676680779705,-0.44329472199346825,-0.6474530408272967,0,0
2.769451760195915,0.4189962504049157,1.5807989778445601,1,0,0,0,-0.8991590136093759,0,0,-0.22147310980442125,-0.44329472199346825,-0.47958451734356927,0,0
-0.43979599849128953,-0.24476018588009918,-0.9929894989176362,0,0,0,0,-0.5953040238901941,0,0,-0.5769676680779705,-0.44329472199346825,-0.07296964934965168,1,0
-0.6318163261638436,1.0827526866899306,1.96412917651127,1,1,1,0,-0.990584408746121,0,1,1.2005051232897757,2.698782456932473,1.9899479836837104,1,1
-0.49033613409192367,-0.24476018588009918,-0.8287051280604746,0,0,0,0,1.4133656869082911,1,0,-0.5769676680779705,-0.44329472199346825,-1.0130333808585255,0,0
-0.6022316657298774,-0.24476018588009918,-0.6096593002509261,0,0,0,0,-0.7431980454349286,1,0,-0.5769676680779705,-0.44329472199346825,-0.9757292645288083,0,0
-0.30836940518533024,1.7465091229749454,1.142707322225463,1,1,0,0,-0.8655467359855726,1,0,0.134021448469128,-0.44329472199346825,0.020290641474641363,1,0
-0.5485532381682829,-0.9085166221651141,-0.6096593002509261,1,1,1,0,-1.0026848286906902,0,1,-0.9324622263515198,-0.44329472199346825,-0.09535211914748193,1,1
3.601753499488238,1.7465091229749454,2.0188906334636574,1,0,0,0,-0.9233598534985143,1,0,-0.22147310980442125,-0.44329472199346825,-0.6884875687899857,0,0
-0.3691559299234584,-0.9085166221651141,-0.7739436711080876,0,0,0,0,0.0796305107957762,1,0,-0.9324622263515198,-0.44329472199346825,-0.7332525083856464,0,0
1.896832804308265,1.0827526866899306,1.6355604347969475,1,0,1,0,-0.8400014049914821,1,0,-0.22147310980442125,-0.44329472199346825,-0.20726446813663357,0,0
-0.48971752846500366,-0.9085166221651141,-0.8287051280604746,0,0,0,0,-0.2215354967135014,1,0,-0.5769676680779705,-0.44329472199346825,-0.819051975943996,0,0
-0.5431389021978871,-0.9085166221651141,-1.1025124128224104,0,0,0,0,-0.5186680309079226,1,0,-0.5769676680779705,-0.44329472199346825,-0.9608076179969215,0,0
0.7071189510746221,1.0827526866899306,1.3069916930826242,0,1,0,0,-0.6463946858783751,1,0,-0.5769676680779705,-0.44329472199346825,-0.751904566550505,0,0
0.5657924324872577,-0.24476018588009918,-0.5001363863461518,0,0,0,0,0.4426431091328519,1,0,1.2005051232897757,-0.44329472199346825,-0.3714025799873894,0,0
-0.5930146095325701,-0.9085166221651141,-1.1572738697747977,0,0,0,0,1.096065786139588,1,0,-0.9324622263515198,-0.44329472199346825,-0.8787385620715434,0,0
-0.6295810754793991,3.73777843182999,3.333165600320949,1,1,1,1,-1.012096266425355,0,0,2.622483356383973,1.6514233972904928,2.1055907443058337,1,1
-0.5099230770270405,-0.9085166221651141,-0.1715676446318288,0,0,0,0,-0.818489547312248,1,0,-0.22147310980442125,-0.44329472199346825,-0.4907757522424845,1,0
-0.6267870121238434,-0.9085166221651141,-0.7739436711080876,1,1,1,0,-1.010751775320403,0,1,-0.9324622263515198,-0.44329472199346825,-0.09535211914748193,1,1
3.0480371999376255,1.0827526866899306,0.5403312957492042,1,0,1,0,-0.6463946858783751,1,0,-0.22147310980442125,-0.44329472199346825,-0.39378504978521967,0,0
-0.6198325884318652,-0.24476018588009918,-0.5001363863461518,0,0,0,0,-0.3048939452205336,1,0,-0.5769676680779705,-0.44329472199346825,-0.8675473271726284,0,0
0.9989616626257736,0.4189962504049157,0.7593771235587528,0,0,0,0,-0.6652175613477049,1,0,0.8450105650162265,-0.44329472199346825,-0.3863242265192762,0,0
1.1250191837876968,1.0827526866899306,-0.2810905585366032,0,1,1,0,0.7236417500678475,1,0,1.2005051232897757,0.6040643376485122,1.4303862387379522,1,1
-0.5048300583425336,-0.9085166221651141,-1.0477509558700233,0,0,0,0,-0.8776471559301419,1,0,-0.5769676680779705,-0.44329472199346825,0.19561998822431226,0,0
3.8126521956289405,1.7465091229749454,2.1831750043208187,1,0,0,0,-0.7230306788606466,1,0,-0.22147310980442125,-0.44329472199346825,-0.4609324591787107,0,0
-0.38090943683493916,1.0827526866899306,3.333165600320949,1,0,0,0,-0.9865509354312645,0,1,2.977977914657522,0.6040643376485122,1.8668443997956436,1,1
-0.6008262518620329,-0.9085166221651141,-0.33585201548899024,0,0,0,0,-0.6275718104090453,1,0,-0.5769676680779705,-0.44329472199346825,-0.32663764039172877,0,0
3.4709734524427542,1.0827526866899306,1.142707322225463,1,0,1,0,-0.6517726502981837,1,0,-0.5769676680779705,-0.44329472199346825,-0.21099487976960535,1,0
-0.4577394733606684,-0.9085166221651141,-1.1572738697747977,0,0,0,0,-0.747231518749785,1,0,-0.5769676680779705,-0.44329472199346825,-0.5280798685722017,0,0
3.608757098695274,-0.24476018588009918,2.1284135473684316,0,0,0,0,-0.7109302589160774,1,0,-0.5769676680779705,-0.44329472199346825,-0.4609324591787107,0,0
-0.48179077072529214,-0.24476018588009918,-0.1715676446318288,0,0,0,0,-0.6813514546071305,1,0,-0.22147310980442125,-0.44329472199346825,0.15831587189459503,0,0
-0.19162226193678955,0.4189962504049157,-0.5548978432985389,0,0,0,0,-0.3855634115176615,1,0,0.48951600674267726,-0.44329472199346825,-0.03193512138696269,0,0
0.13125522892986163,1.0827526866899306,0.21176255403488134,0,0,0,0,-0.5549692907416302,1,0,1.555999681563325,-0.44329472199346825,0.453018390899361,0,0
-0.6253491871210745,-0.24476018588009918,-0.2810905585366032,0,0,0,0,0.031228831017499445,1,0,-0.9324622263515198,-0.44329472199346825,-1.031685439023384,0,0
-0.6004909642593662,-0.24476018588009918,-1.1025124128224104,0,0,0,0,1.8893155380613458,1,0,-0.9324622263515198,-0.44329472199346825,-0.9906509110606951,0,0
-0.6318163261638436,-0.9085166221651141,-1.1572738697747977,1,1,1,1,-1.0053738109005943,0,1,-0.9324622263515198,-0.44329472199346825,-0.11027376567936889,1,1
0.15447110135117423,0.4189962504049157,0.48556983879681703,0,0,0,0,0.1643334504077605,1,0,1.9114942398368742,-0.44329472199346825,0.027751464740584778,0,0
-0.5126623767408274,-0.24476018588009918,-0.39061347244137745,0,0,0,0,1.004640391002843,1,0,-0.5769676680779705,-0.44329472199346825,-0.8712777388056001,0,0
-0.630978107157177,-0.9085166221651141,-0.2810905585366032,1,1,0,0,-1.0067183020055466,0,1,-0.9324622263515198,-0.44329472199346825,-0.6101489244975795,1,1
-0.563822794406395,-0.9085166221651141,-0.938228041965249,0,0,0,0,0.31626094526735143,1,0,-0.9324622263515198,-0.44329472199346825,-0.6810267455240423,0,0
-0.17918141543984215,0.4189962504049157,-0.7191822141557004,0,0,0,0,-0.6316052837239017,1,0,1.9114942398368742,-0.44329472199346825,-0.20726446813663357,0,0
-0.5370618143995534,-0.24476018588009918,-1.0477509558700233,0,0,0,0,0.9710281133790397,1,0,-0.9324622263515198,-0.44329472199346825,-0.8712777388056001,0,0
-0.557683678401568,-0.24476018588009918,-0.1715676446318288,0,0,0,0,-1.0040293197956422,0,1,0.48951600674267726,2.698782456932473,1.9675655138858803,1,1
2.7572931140978785,1.7465091229749454,0.10223964013010693,1,0,0,0,-0.900503504714328,0,0,-0.22147310980442125,-0.44329472199346825,-0.20726446813663357,0,0
0.304563155497588,0.4189962504049157,0.04747818317771972,0,0,0,0,0.16702243261766478,1,0,0.48951600674267726,-0.44329472199346825,0.6283477376490321,0,0
-0.38090943683493916,1.7465091229749454,3.004596858606626,1,0,1,1,-0.981172971011456,0,0,2.622483356383973,0.6040643376485122,2.3443370888160238,1,1
-0.630978107157177,-0.9085166221651141,-0.33585201548899024,1,1,0,1,-1.010751775320403,0,1,-0.9324622263515198,-0.44329472199346825,0.024021053107613138,1,1
3.0557739613691597,1.0827526866899306,1.3069916930826242,1,1,1,0,-0.9152929068688015,1,0,-0.5769676680779705,-0.44329472199346825,-0.3191768171257852,1,0
-0.630978107157177,-0.9085166221651141,-0.39061347244137745,1,1,1,0,-1.0053738109005943,0,1,-0.9324622263515198,-0.44329472199346825,-0.7593653898164484,1,1
0.687686240436732,1.0827526866899306,-0.5001363863461518,0,0,0,0,-0.24976980991749614,1,0,1.9114942398368742,-0.44329472199346825,0.11355093229893454,0,0
0.7646565389429101,3.074021995544975,-0.5548978432985389,1,1,0,1,-1.0026848286906902,0,1,0.8450105650162265,1.6514233972904928,1.799696990402153,1,1
1.131445529505475,1.0827526866899306,0.48556983879681703,0,0,0,0,-0.4635438956048851,1,0,1.9114942398368742,-0.44329472199346825,-0.39378504978521967,0,0
-0.4896655588865903,-0.9085166221651141,-0.8287051280604746,0,0,0,0,1.5518482707183607,1,0,-0.5769676680779705,-0.44329472199346825,-0.8712777388056001,0,0
1.5703599127156844,0.4189962504049157,0.37604692489204267,1,0,1,1,1.6459626480650098,1,0,0.8450105650162265,0.6040643376485122,1.51245529466333,1,1
1.1900169208153186,1.0827526866899306,-0.33585201548899024,0,0,0,0,-0.11935417273713934,1,0,0.48951600674267726,-0.44329472199346825,0.5649307398885126,0,0
-0.48492515099755457,-0.9085166221651141,-0.8834665850128618,0,0,0,0,2.158213759051772,1,0,-0.5769676680779705,-0.44329472199346825,-0.9757292645288083,0,0
0.6875420667675851,1.0827526866899306,0.4308083818444299,1,1,0,0,-0.8991590136093759,1,0,-0.22147310980442125,-0.44329472199346825,-0.5765752198008341,1,0
-0.6318163261638436,-0.9085166221651141,-0.22632910158421599,1,1,1,1,-1.0053738109005943,0,1,-0.9324622263515198,-0.44329472199346825,-0.4721236940776259,1,1
-0.33126898963479384,-0.9085166221651141,-0.6644207572033133,0,0,0,0,-0.9744505154866954,1,0,0.8450105650162265,0.6040643376485122,1.6169068203865382,0,1
0.7646565389429101,1.7465091229749454,1.3617531500350115,1,1,1,1,-1.012096266425355,0,1,1.555999681563325,2.698782456932473,2.139164449002579,0,1
-0.5680820645856042,-0.9085166221651141,-0.7191822141557004,0,0,0,0,1.576049110607499,1,0,-0.9324622263515198,-0.44329472199346825,-0.9570772063639497,0,0
-0.6318163261638436,3.074021995544975,2.0736520904160445,0,1,1,1,-1.0067183020055466,0,0,1.2005051232897757,0.6040643376485122,2.2809200910555045,1,1
-0.4593661770462729,-0.24476018588009918,-0.8287051280604746,0,0,1,0,-0.9892399176411688,0,1,1.555999681563325,0.6040643376485122,2.0943995094069185,1,1
-0.6077315000389533,-0.9085166221651141,-0.5548978432985389,0,0,0,0,1.3165623273517377,1,0,-0.9324622263515198,-0.44329472199346825,-0.6922179804229573,0,0
-0.5981886560543882,-0.24476018588009918,-0.39061347244137745,0,0,0,0,1.7091537299977602,1,0,-0.5769676680779705,-0.44329472199346825,-0.7295220967526747,0,0
0.6892738272353587,0.4189962504049157,-0.33585201548899024,0,0,0,0,0.1966012369266117,1,0,1.555999681563325,-0.44329472199346825,0.3560276884420964,0,0
-0.6095560234101312,-0.9085166221651141,-0.5001363863461518,0,0,0,0,1.6526851035897705,1,0,-0.9324622263515198,-0.44329472199346825,-0.5877664546997492,0,0
0.414745926298586,-0.24476018588009918,0.81413858051114,0,0,0,0,-0.4904337177039278,1,0,1.555999681563325,-0.44329472199346825,-0.19607323323771852,0,0
-0.588293201274352,-0.9085166221651141,-0.938228041965249,0,0,0,0,1.6069724060213981,1,0,-0.5769676680779705,-0.44329472199346825,-0.7295220967526747,0,0
-0.46772042647938455,-0.24476018588009918,-1.1572738697747977,0,0,0,0,-0.28338208754129945,1,0,-0.9324622263515198,-0.44329472199346825,-0.6959483920559292,0,0
-0.6064965240357977,-0.24476018588009918,-0.2810905585366032,0,0,0,0,-0.33850622284433685,1,0,-0.5769676680779705,-0.44329472199346825,-0.912312266768289,0,0
-0.5790135580578804,-0.24476018588009918,-0.6644207572033133,0,0,0,0,0.9777505689038004,1,0,-0.9324622263515198,-0.44329472199346825,-0.8451648573747981,0,0
-0.31529924111977947,-0.9085166221651141,1.0879458652730758,1,1,1,0,2.2227493320894744,1,0,-0.22147310980442125,0.6040643376485122,1.463959943434698,0,1
0.8222757134611802,0.4189962504049157,-0.6096593002509261,0,0,0,0,0.24903639001974484,1,0,0.8450105650162265,-0.44329472199346825,0.050133934538415165,0,0
1.487118618414297,-0.24476018588009918,-0.39061347244137745,1,1,1,0,2.1622472323666284,1,0,0.8450105650162265,0.6040643376485122,0.7402600866381837,1,1
1.8289387412062739,1.0827526866899306,1.799844805654109,1,0,0,0,-0.9287378179183229,1,0,0.134021448469128,-0.44329472199346825,-0.21472529140257712,0,0
-0.5422084791004871,-0.24476018588009918,-0.44537492939376466,0,0,0,0,-0.7122747500210296,1,0,-0.9324622263515198,-0.44329472199346825,-0.912312266768289,0,0
-0.533797230774922,-0.9085166221651141,-0.33585201548899024,0,0,0,0,-0.2766596320165388,1,0,-0.9324622263515198,-0.44329472199346825,-0.9682684412628649,0,0
-0.6124054092201269,-0.24476018588009918,-1.0477509558700233,0,0,0,0,0.9602721845394226,1,0,-0.9324622263515198,-0.44329472199346825,-0.5952272779656927,0,0
-0.0960882064962992,-0.24476018588009918,0.2665240109872685,0,0,0,0,-0.3425396961591933,1,0,1.9114942398368742,-0.44329472199346825,0.024021053107613138,0,0
-0.5485532381682829,-0.9085166221651141,-1.2120353267271848,1,1,1,1,-1.0094072842154507,0,1,-0.9324622263515198,-0.44329472199346825,-0.33036805202470043,1,1
-0.38090943683493916,1.0827526866899306,-0.22632910158421599,1,1,0,1,-1.0134407575303073,0,1,1.555999681563325,0.6040643376485122,1.646750113450312,1,1
-0.13291619677320812,0.4189962504049157,0.04747818317771972,0,0,0,0,0.03257332212245158,1,0,1.2005051232897757,-0.44329472199346825,-0.10654335404639712,0,0
-0.31457390227267723,1.0827526866899306,-0.062044730727054534,0,0,0,0,-0.502534137648497,1,0,1.555999681563325,-0.44329472199346825,0.535087446824739,0,0
1.563031084534062,1.7465091229749454,1.6355604347969475,1,0,1,0,-0.6342942659338059,0,0,-0.5769676680779705,-0.44329472199346825,-0.5541927500030037,0,0
-0.5702659045043065,-0.9085166221651141,-0.8834665850128618,0,0,1,0,-0.991928899851073,0,0,0.134021448469128,0.6040643376485122,1.6542109367162554,1,1
-0.3689351989183695,-0.9085166221651141,-0.33585201548899024,0,0,0,0,-0.47967778886431073,1,0,-0.22147310980442125,-0.44329472199346825,0.05759475780435871,1,0
0.7646565389429101,1.0827526866899306,0.81413858051114,0,1,1,1,-0.9798284799065039,0,1,2.977977914657522,3.746141516574454,1.7101671112108312,1,1
4.00791363679394,1.0827526866899306,0.48556983879681703,1,0,1,0,-0.6746289990823698,1,0,-0.5769676680779705,-0.44329472199346825,-0.5765752198008341,1,0
-0.6267870121238434,-0.9085166221651141,-0.5001363863461518,1,1,1,1,-1.0067183020055466,0,1,-0.9324622263515198,-0.44329472199346825,-0.2930639356949832,1,1
-0.6288328253127813,-0.24476018588009918,-0.8287051280604746,0,0,0,0,1.1794242346466202,1,0,-0.9324622263515198,-0.44329472199346825,-0.9309643249331476,0,0
0.07882463006285836,0.4189962504049157,0.15700109708249413,1,1,1,0,-0.909914942448993,1,0,-0.22147310980442125,-0.44329472199346825,0.00909940657572617,0,0
-0.5197520330992145,-0.24476018588009918,-0.7191822141557004,0,0,0,0,0.7518760632718422,1,0,-0.9324622263515198,-0.44329472199346825,-0.9682684412628649,0,0
-0.630978107157177,-0.9085166221651141,-0.8287051280604746,1,0,1,0,-1.0053738109005943,0,1,-0.9324622263515198,-0.44329472199346825,-0.028204709753991045,1,1
-0.525119428805237,-0.24476018588009918,-0.7739436711080876,0,0,0,0,1.1377450103931042,1,0,-0.5769676680779705,-0.44329472199346825,-0.8339736224758828,0,0
-0.03333354353051751,0.4189962504049157,0.04747818317771972,0,0,0,0,-0.13683255710151707,1,0,1.2005051232897757,-0.44329472199346825,0.5238962119258239,0,0
-0.5731812302094933,-0.24476018588009918,-0.33585201548899024,0,0,0,0,-0.0964978239529531,1,0,-0.9324622263515198,-0.44329472199346825,-0.5952272779656927,0,0
0.5034982311624715,1.7465091229749454,2.2379364612732062,1,0,1,0,-0.6504281591932315,1,0,0.134021448469128,-0.44329472199346825,-0.14757788200908611,0,0
-0.4847368311273901,-0.9085166221651141,-0.6096593002509261,0,0,0,0,1.9457841644693354,1,0,-0.5769676680779705,-0.44329472199346825,-1.0018421459596103,0,0
2.255699507632487,1.7465091229749454,0.2665240109872685,1,0,0,0,-0.8023556540528224,1,0,-0.22147310980442125,-0.44329472199346825,-0.03566553301993446,1,0
-0.6193302158405363,-0.9085166221651141,-1.2120353267271848,0,0,0,0,0.6604506681350972,1,0,-0.9324622263515198,-0.44329472199346825,-0.6698355106251271,0,0
-0.5330802741178865,0.4189962504049157,1.6355604347969475,0,0,0,1,0.11324278841957951,1,0,1.2005051232897757,0.6040643376485122,1.4453078852698393,1,1
-0.5858405724608453,-0.24476018588009918,-0.9929894989176362,0,0,0,0,0.050051706486829294,1,0,-0.5769676680779705,-0.44329472199346825,-0.9011210318693739,0,0
-0.4172775242835236,-0.24476018588009918,-0.9929894989176362,0,0,0,0,-0.5038786287534491,1,0,-0.5769676680779705,-0.44329472199346825,-0.22964693793446397,0,0
-0.41844432514080376,-0.9085166221651141,-0.39061347244137745,0,0,0,0,0.555580361948831,1,0,-0.9324622263515198,-0.44329472199346825,-0.9981117343266387,0,0
-0.6267870121238434,-0.9085166221651141,-0.7191822141557004,1,1,1,0,-1.0080627931104986,0,1,-0.9324622263515198,-0.44329472199346825,-0.6623746873591837,1,1
-0.4067623462512252,-0.24476018588009918,-0.6644207572033133,0,0,0,0,1.4671453311063762,1,0,-0.9324622263515198,-0.44329472199346825,-0.9645380296298931,0,0
-0.49278317477871947,1.0827526866899306,0.21176255403488134,1,1,1,0,0.7424646255371773,1,0,0.8450105650162265,-0.44329472199346825,1.1207620732012993,1,1
0.17305665197965986,-0.9085166221651141,-0.2810905585366032,1,0,0,1,1.769655829720606,1,0,-0.22147310980442125,0.6040643376485122,0.8670940821592221,1,1
-0.630978107157177,-0.9085166221651141,-1.1572738697747977,1,1,1,1,-1.0094072842154507,0,1,-0.9324622263515198,-0.44329472199346825,-0.6101489244975795,1,1
1.6933182588036257,1.7465091229749454,1.6355604347969475,1,1,0,0,-0.8763026648251897,1,0,-0.22147310980442125,-0.44329472199346825,-0.6362618059283816,0,0
-0.5812320443621916,0.4189962504049157,0.2665240109872685,0,0,0,0,-0.9018479958192802,0,1,0.48951600674267726,0.6040643376485122,2.0720170396090882,1,1
-0.5754941558552225,-0.24476018588009918,-0.8287051280604746,0,0,0,0,1.8624257159623032,1,0,-0.9324622263515198,-0.44329472199346825,-0.658644275726212,0,0
-0.48867422520803927,-0.9085166221651141,-0.7739436711080876,0,0,0,0,-0.9569721311223176,1,0,-0.5769676680779705,-0.44329472199346825,0.19561998822431226,1,0
3.770875360336671,0.4189962504049157,0.2665240109872685,1,1,1,0,-0.6826959457120827,1,0,-0.5769676680779705,-0.44329472199346825,-0.028204709753991045,1,0
-0.5868084360072098,-0.9085166221651141,-1.1025124128224104,0,0,0,0,0.35121771399610685,1,0,-0.5769676680779705,-0.44329472199346825,-0.6996788036889009,0,0
0.2546639780307182,-0.24476018588009918,0.2665240109872685,1,1,0,0,1.5088245553598925,1,0,0.8450105650162265,0.6040643376485122,1.0648058987067235,1,1
0.06671348304186653,-0.9085166221651141,0.4308083818444299,0,0,0,1,-0.9421827289678442,0,1,1.2005051232897757,1.6514233972904928,1.5721418807908776,1,1
-0.6318163261638436,-0.9085166221651141,-1.2120353267271848,0,1,1,1,-1.0040293197956422,0,1,-0.9324622263515198,-0.44329472199346825,0.14712463699567999,1,1
3.8063219656905933,0.4189962504049157,0.37604692489204267,1,1,0,0,-0.8090781095775831,1,0,-0.5769676680779705,-0.44329472199346825,-0.34902011018955903,0,0
-0.6061098256673887,-0.9085166221651141,-0.6644207572033133,0,0,0,1,-0.9623500955421261,1,0,1.2005051232897757,1.6514233972904928,1.370699652610405,1,1
0.7646565389429101,3.074021995544975,-0.6096593002509261,1,1,1,1,-0.9878954265362166,0,1,1.9114942398368742,1.6514233972904928,2.0682866279761165,1,1
3.678622652900945,0.4189962504049157,0.81413858051114,1,0,0,0,-0.7028633122863647,1,0,-0.22147310980442125,-0.44329472199346825,-0.1401170587431427,1,0
-0.6133296853781448,-0.9085166221651141,-0.8834665850128618,0,0,0,0,-0.7418535543299765,1,0,-0.5769676680779705,-0.44329472199346825,-0.9533467947309779,0,0
-0.6171843751834695,-0.9085166221651141,-0.938228041965249,0,0,0,0,0.4278537069783784,1,0,-0.9324622263515198,-0.44329472199346825,-0.9421555598320629,0,0
-0.6267870121238434,-0.9085166221651141,-1.2120353267271848,1,1,1,0,-1.0094072842154507,0,1,-0.9324622263515198,-0.44329472199346825,0.05386434617138694,1,1
-0.6044345052793976,0.4189962504049157,2.8403124877494643,1,0,0,1,-0.9999958464807859,0,1,1.9114942398368742,2.698782456932473,2.1764685653322964,1,1
-0.007191169150595896,0.4189962504049157,1.5807989778445601,1,0,0,0,-0.9300823090232749,1,0,0.134021448469128,-0.44329472199346825,-0.7407133316515898,1,0
1.731369490017597,1.0827526866899306,1.4165146069873986,1,0,1,1,1.8489808049127818,1,0,0.8450105650162265,-0.44329472199346825,0.8111379076646463,0,1
1.207276967787929,-0.24476018588009918,-0.22632910158421599,0,0,0,0,-0.16641136141046398,1,0,1.555999681563325,-0.44329472199346825,-0.11027376567936889,0,0
1.6858016695645097,0.4189962504049157,1.6355604347969475,1,0,0,0,-0.6396722303536144,0,0,-0.5769676680779705,-0.44329472199346825,-0.684757157157014,0,0
-0.5451120697395805,-0.9085166221651141,-0.39061347244137745,0,0,0,0,1.4093322135934347,1,0,-0.9324622263515198,-0.44329472199346825,-0.684757157157014,0,0
1.143113538078276,1.0827526866899306,0.8689000374635272,1,0,1,0,-0.675973490187322,1,0,0.134021448469128,-0.44329472199346825,0.020290641474641363,1,0
-0.6007619884048552,-0.24476018588009918,-0.2810905585366032,0,0,0,0,0.7061633657034697,1,0,-0.5769676680779705,-0.44329472199346825,-0.6623746873591837,0,0
-0.5445331398123093,-0.24476018588009918,-0.8287051280604746,0,0,0,0,1.1296780637633914,1,0,-0.9324622263515198,-0.44329472199346825,-0.8936602086034304,0,0
2.20478552635488,1.0827526866899306,1.3617531500350115,1,1,0,0,-0.624882828199141,0,0,-0.5769676680779705,-0.44329472199346825,-0.4497412242797955,0,0
-0.5925636477069834,-0.9085166221651141,-0.39061347244137745,0,0,0,0,-0.15699992367579904,1,0,-0.5769676680779705,-0.44329472199346825,-0.7705566247153636,0,0
1.5405260218304027,0.4189962504049157,0.8689000374635272,1,0,0,1,1.930994762314862,1,0,1.2005051232897757,-0.44329472199346825,1.0759971336056386,1,1
-0.5951464798728592,-0.24476018588009918,-0.22632910158421599,0,0,0,1,-1.0053738109005943,0,0,0.8450105650162265,0.6040643376485122,1.7138975228438027,0,1
-0.6087395980976379,-0.9085166221651141,-0.938228041965249,0,0,0,0,1.246648789894227,1,0,-0.9324622263515198,-0.44329472199346825,-0.6026881012316361,0,0
-0.5969497683625348,-0.24476018588009918,-0.39061347244137745,0,0,0,0,-0.48371126217916716,1,0,-0.5769676680779705,-0.44329472199346825,-0.5579231616359756,1,0
-0.38090943683493916,-0.24476018588009918,-0.33585201548899024,1,1,1,1,-1.0080627931104986,0,1,1.2005051232897757,0.6040643376485122,2.0720170396090882,1,1
-0.49261273691403057,-0.24476018588009918,-0.7191822141557004,0,0,0,0,-0.2551477743373047,1,0,-0.5769676680779705,-0.44329472199346825,-0.8227823875769676,0,0
-0.38090943683493916,3.074021995544975,2.949835401654239,1,1,1,1,-0.991928899851073,0,0,1.2005051232897757,1.6514233972904928,1.5982547622216796,1,1
-0.41025660188368324,-0.9085166221651141,-0.9929894989176362,0,0,0,0,-0.006416919921160253,1,0,-0.9324622263515198,-0.44329472199346825,-0.7854782712472504,0,0
-0.630978107157177,-0.9085166221651141,-0.6096593002509261,1,0,1,0,-1.0026848286906902,0,1,-0.9324622263515198,-0.44329472199346825,-0.281872700796068,1,1
-0.4194993634638615,0.4189962504049157,-0.062044730727054534,0,0,0,0,-0.33581724063443263,1,0,0.48951600674267726,-0.44329472199346825,0.5686611515214844,0,0
-0.5780591060156226,-0.24476018588009918,-0.9929894989176362,0,0,0,0,0.1925677636117553,1,0,-0.9324622263515198,-0.44329472199346825,-1.0503374971882427,0,0
-0.29127532557604024,-0.9085166221651141,-1.0477509558700233,0,0,0,0,1.145811957022817,1,0,-0.5769676680779705,-0.44329472199346825,-0.6213401593964948,0,0
0.8696440283405876,-0.24476018588009918,0.81413858051114,0,0,0,0,0.4870113155962722,1,0,1.555999681563325,-0.44329472199346825,-0.37886340325333284,0,0
-0.46549467561034885,-0.24476018588009918,-0.062044730727054534,0,0,0,0,-0.6947963656566518,1,1,-0.5769676680779705,-0.44329472199346825,0.10982052066596276,0,0
-0.5974158181302415,-0.9085166221651141,-0.5001363863461518,0,0,0,0,-0.32775029400471983,1,0,-0.5769676680779705,-0.44329472199346825,-0.8153215643110242,0,0
-0.5866502920212853,-0.24476018588009918,-0.5001363863461518,0,0,0,0,0.7505315721668901,1,0,-0.9324622263515198,-0.44329472199346825,-0.9943813226936669,0,0
0.7646565389429101,3.73777843182999,1.142707322225463,1,1,1,1,-1.0080627931104986,0,1,1.9114942398368742,2.698782456932473,1.7586624624394636,1,1
0.7499625597560424,-0.24476018588009918,0.10223964013010693,1,1,1,1,0.9643056578542791,1,0,-0.22147310980442125,-0.44329472199346825,0.71041679357441,1,1
0.7646565389429101,1.7465091229749454,2.2379364612732062,1,1,1,1,-1.001340337585738,0,1,0.48951600674267726,1.6514233972904928,2.0235216883804563,1,1
-0.6314821561865193,-0.24476018588009918,-0.33585201548899024,0,0,0,0,0.3700405894654367,1,0,-0.5769676680779705,-0.44329472199346825,-0.6772963338910706,0,0
-0.6318163261638436,-0.9085166221651141,-0.8287051280604746,0,1,0,0,-1.0094072842154507,0,1,-0.9324622263515198,-0.44329472199346825,-0.39751546141819144,1,1
1.1116931780197092,1.0827526866899306,0.81413858051114,1,0,0,0,-0.6947963656566518,1,0,-0.22147310980442125,-0.44329472199346825,-0.30798558222687017,0,0
3.9770420307784042,1.7465091229749454,1.19746877917785,1,0,1,0,-0.7082412767061732,1,0,-0.22147310980442125,-0.44329472199346825,-0.5653839849019189,0,0
0.39426432427702024,-0.9085166221651141,-0.062044730727054534,1,1,0,1,1.3353852028210675,1,0,-0.22147310980442125,0.6040643376485122,0.8111379076646463,0,1
3.375716009274464,1.0827526866899306,1.4712760639397857,1,0,0,0,-0.6302607926189495,1,0,-0.5769676680779705,-0.44329472199346825,0.03521228800652833,0,0
-0.6318163261638436,0.4189962504049157,0.9236614944159144,1,1,1,1,-0.9784839888015517,0,1,2.977977914657522,3.746141516574454,1.926530985923191,1,1
-0.599087226829535,-0.9085166221651141,-0.7191822141557004,0,0,0,0,0.7397756433272731,1,0,-0.9324622263515198,-0.44329472199346825,-0.6959483920559292,0,0
-0.6295810754793991,1.0827526866899306,2.1831750043208187,1,1,1,0,-0.9946178820609773,0,0,2.622483356383973,3.746141516574454,2.232424739826872,1,1
3.084902071850828,1.0827526866899306,0.48556983879681703,1,0,0,0,-0.868235718195477,0,0,-0.22147310980442125,-0.44329472199346825,-0.11400417731234054,0,0
-0.40703392920938525,-0.24476018588009918,-0.2810905585366032,0,0,0,0,-0.7351310988052159,1,0,-0.5769676680779705,-0.44329472199346825,-0.5280798685722017,0,0
0.700391964139786,-0.24476018588009918,-0.39061347244137745,1,1,0,0,0.20332369245137236,1,0,1.2005051232897757,0.6040643376485122,1.2028311291266771,0,1
-0.6007357242093129,-0.9085166221651141,-0.11680618767944173,0,0,0,0,-0.5885815683654334,1,0,-0.5769676680779705,-0.44329472199346825,-0.23710776120040739,0,0
-0.13945598146322188,0.4189962504049157,0.9236614944159144,1,1,0,1,2.033176086291224,1,0,1.2005051232897757,0.6040643376485122,1.564681057524934,1,1
-0.021164838804401183,0.4189962504049157,-0.11680618767944173,1,0,1,1,0.47087742233684665,1,0,-0.22147310980442125,0.6040643376485122,1.150605366265073,1,1
-0.6295810754793991,3.074021995544975,0.48556983879681703,1,1,1,1,-0.9825174621164081,0,0,0.8450105650162265,1.6514233972904928,2.1167819792047493,1,1
-0.6159695164364738,-0.24476018588009918,-0.1715676446318288,0,0,0,0,1.0100183554226516,1,0,-0.5769676680779705,-0.44329472199346825,-0.7257916851197029,0,0
0.7646565389429101,-0.24476018588009918,-0.2810905585366032,1,0,1,1,-0.991928899851073,0,0,1.2005051232897757,2.698782456932473,1.9078789277583323,1,1
-0.5851180276770985,-0.9085166221651141,-0.44537492939376466,0,0,0,0,2.1635917234715807,1,0,-0.9324622263515198,-0.44329472199346825,-0.8302432108429112,0,0
-0.31365800830472607,-0.24476018588009918,-1.0477509558700233,0,0,0,0,1.636551210330345,1,0,-0.9324622263515198,-0.44329472199346825,-0.6959483920559292,0,0
-0.4935979236531995,-0.24476018588009918,-0.33585201548899024,0,0,0,0,1.359586042710206,1,0,-0.9324622263515198,-0.44329472199346825,-0.9869204994277235,0,0
0.7646565389429101,1.0827526866899306,3.278404143368562,1,1,1,1,-0.981172971011456,0,1,0.8450105650162265,2.698782456932473,2.008600041848569,1,1
-0.29655610531804055,1.0827526866899306,1.96412917651127,1,1,1,0,-0.9072259602390887,1,0,-0.5769676680779705,-0.44329472199346825,-0.21099487976960535,0,0
-0.3944729379881489,-0.24476018588009918,-0.938228041965249,0,0,0,0,1.1014437505593966,1,0,-0.5769676680779705,-0.44329472199346825,-0.8115911526780526,0,0
-0.5446717253547448,-0.9085166221651141,-0.1715676446318288,0,0,0,0,1.2869835230427908,1,0,-0.5769676680779705,-0.44329472199346825,-0.8638169155396567,0,0
0.7646565389429101,3.074021995544975,1.2522302361302373,1,1,1,1,-1.0134407575303073,0,1,2.622483356383973,2.698782456932473,1.6765934065140855,1,1
-0.38090943683493916,-0.24476018588009918,-0.33585201548899024,1,1,1,0,-1.001340337585738,0,1,0.48951600674267726,0.6040643376485122,2.239885563092816,1,1
-0.5775623215510048,-0.9085166221651141,-0.7191822141557004,0,0,0,0,-0.38690790262261365,1,0,-0.9324622263515198,-0.44329472199346825,-0.7630958014494202,0,0
-0.5828453365436895,-0.9085166221651141,-1.2120353267271848,0,0,0,0,-0.4016973047770871,1,0,-0.9324622263515198,-0.44329472199346825,-0.9645380296298931,0,0
-0.6016633532433574,-0.24476018588009918,-0.8834665850128618,0,0,0,0,0.05139619759178143,1,0,-0.9324622263515198,-0.44329472199346825,-0.658644275726212,0,0
-0.599967356786535,-0.9085166221651141,-0.5001363863461518,0,0,0,0,1.5612597084530255,1,0,-0.9324622263515198,-0.44329472199346825,-0.617609747763523,0,0
0.1235285261264078,1.0827526866899306,0.7046156666063655,0,0,0,0,-0.584548095050577,1,0,1.2005051232897757,-0.44329472199346825,0.4231750978355873,0,0
-0.6295810754793991,0.4189962504049157,0.2665240109872685,1,1,1,0,-1.010751775320403,0,1,2.2669887981104235,0.6040643376485122,1.9190701626572475,1,1
-0.41211074232643,-0.24476018588009918,-0.6644207572033133,0,0,0,0,1.0987547683494923,1,0,-0.9324622263515198,-0.44329472199346825,-0.6213401593964948,0,0
-0.5986742642655839,-0.24476018588009918,-0.39061347244137745,0,0,0,0,2.0694773461249314,1,0,-0.5769676680779705,-0.44329472199346825,-1.005572557592582,0,0
-0.4996515413193465,-0.24476018588009918,-0.7739436711080876,0,0,1,1,-1.0026848286906902,0,0,1.555999681563325,1.6514233972904928,2.07574745124206,0,1
1.157980190380517,-0.24476018588009918,0.04747818317771972,0,0,0,0,0.5475134153191181,1,0,0.48951600674267726,-0.44329472199346825,-0.390054638152248,0,0
-0.6257722083131055,-0.9085166221651141,-0.22632910158421599,0,0,0,0,-0.10187578837276164,1,0,-0.9324622263515198,-0.44329472199346825,-0.9496163830980062,0,0
-0.6152682065342293,-0.9085166221651141,-0.5548978432985389,0,0,0,0,-0.584548095050577,1,0,-0.5769676680779705,-0.44329472199346825,-0.9533467947309779,0,0
1.0945929514710375,-0.24476018588009918,0.21176255403488134,0,0,0,0,0.05274068869673356,1,0,1.2005051232897757,-0.44329472199346825,0.12847257883082136,0,0
-0.48904807088501256,-0.24476018588009918,-1.0477509558700233,0,0,0,0,1.6795749256888133,1,0,-0.5769676680779705,-0.44329472199346825,-0.8227823875769676,0,0
-0.6295810754793991,3.074021995544975,0.6498542096539783,1,1,1,0,-1.010751775320403,0,1,1.2005051232897757,3.746141516574454,1.5460289993600753,1,1
0.8004177558306679,-0.9085166221651141,1.526037520892173,1,1,1,0,2.104434114853687,1,0,0.8450105650162265,0.6040643376485122,0.6469997958138907,1,1
-0.565451733342684,-0.9085166221651141,-0.22632910158421599,0,0,0,0,1.1538789036525297,1,0,-0.9324622263515198,-0.44329472199346825,-0.617609747763523,0,0
-0.6180281823168473,-0.9085166221651141,-0.9929894989176362,0,0,0,0,-0.5213570131178268,1,0,-0.5769676680779705,-0.44329472199346825,-0.01328306322210408,0,0
-0.38090943683493916,3.074021995544975,2.8403124877494643,1,1,0,0,-0.9986513553758337,0,1,1.9114942398368742,0.6040643376485122,2.1540860955344665,1,1
-0.5991218732151439,-0.9085166221651141,-0.5548978432985389,0,0,0,0,-0.4097642514067999,1,0,-0.5769676680779705,-0.44329472199346825,-0.8563560922737132,0,0
0.3873082241470287,0.4189962504049157,0.5403312957492042,1,0,1,0,0.36735160725553245,1,0,1.2005051232897757,-0.44329472199346825,0.669382265611721,0,1
0.020353825033814714,-0.24476018588009918,-0.44537492939376466,0,0,1,0,-1.0040293197956422,0,1,1.555999681563325,0.6040643376485122,1.8556531648967287,1,1
1.885173736738202,1.7465091229749454,1.3617531500350115,1,0,0,0,-0.8978145225044238,1,0,0.134021448469128,-0.44329472199346825,-0.13265623547719915,0,0
-0.6267870121238434,-0.9085166221651141,-1.0477509558700233,1,1,1,1,-1.0026848286906902,0,1,-0.9324622263515198,-0.44329472199346825,-0.05804800281776471,1,1
0.24327034647943307,1.7465091229749454,1.4165146069873986,0,0,0,0,-0.7431980454349286,1,0,0.134021448469128,-0.44329472199346825,-0.2520294077322943,0,0
-0.6184159983105985,-0.24476018588009918,-0.1715676446318288,0,0,0,0,0.8755692449274384,1,0,-0.9324622263515198,-0.44329472199346825,-0.5952272779656927,0,0
-0.6044345052793976,3.074021995544975,0.21176255403488134,1,1,1,1,-1.0080627931104986,0,1,0.8450105650162265,1.6514233972904928,2.3517979120819676,1,1
-0.4595248798448685,-0.24476018588009918,-0.22632910158421599,0,0,0,0,1.7373880432017548,1,0,-0.9324622263515198,-0.44329472199346825,-1.0689895553531013,0,0
-0.580625732614036,-0.24476018588009918,-0.9929894989176362,0,0,0,0,1.5935274949718767,1,0,-0.5769676680779705,-0.44329472199346825,-0.6996788036889009,0,0
-0.602919005315344,-0.24476018588009918,-0.6644207572033133,0,0,0,0,-0.8884030847697589,0,0,-0.5769676680779705,-0.44329472199346825,0.06132516943733022,0,0
-0.6300035378587591,-0.24476018588009918,-0.44537492939376466,0,0,0,0,1.2856390319378386,1,0,-0.5769676680779705,-0.44329472199346825,-0.8638169155396567,0,0
-0.6267870121238434,-0.9085166221651141,-1.0477509558700233,1,1,1,1,-1.0174742308451636,0,1,-0.9324622263515198,-0.44329472199346825,-0.550462338370032,1,1
3.0703327078896185,1.7465091229749454,1.19746877917785,1,0,1,0,-0.7203416966507423,1,0,-0.5769676680779705,-0.44329472199346825,-0.5019669871413996,1,0
3.8948926564363675,0.4189962504049157,1.7450833487017219,0,0,1,0,-0.6571506147179922,0,0,-0.22147310980442125,-0.44329472199346825,-0.20726446813663357,0,0
-0.5996560981287261,-0.24476018588009918,-0.062044730727054534,0,0,0,0,-0.6114379171496197,1,0,-0.22147310980442125,-0.44329472199346825,0.15085504862865176,1,0
-0.4719735497192115,-0.24476018588009918,-0.11680618767944173,0,0,1,1,-0.9878954265362166,0,1,1.555999681563325,0.6040643376485122,1.486342413232528,1,1
-0.5487482637905007,-0.24476018588009918,-1.1572738697747977,0,0,0,0,1.8476363138078298,1,0,-0.5769676680779705,-0.44329472199346825,-0.6959483920559292,0,0
2.4443786943444676,-0.24476018588009918,0.9236614944159144,1,0,0,0,-0.8884030847697589,1,0,-0.22147310980442125,-0.44329472199346825,-0.0990825307804537,0,0
-0.6143847237012026,-0.24476018588009918,-0.6096593002509261,0,0,1,0,-0.9085704513440409,0,1,0.8450105650162265,1.6514233972904928,1.6989758763119163,1,1
-0.5117090423239118,-0.9085166221651141,-0.938228041965249,0,0,0,0,-0.6396722303536144,1,0,-0.22147310980442125,-0.44329472199346825,-0.5691143965348906,0,0
1.4317609587760136,1.0827526866899306,1.8546062626064956,1,0,0,0,-0.7351310988052159,1,0,-0.22147310980442125,-0.44329472199346825,-0.49450616387545626,1,0
0.11346933923373614,-0.24476018588009918,0.04747818317771972,0,0,0,0,0.19122327250680315,1,0,0.8450105650162265,-0.44329472199346825,-0.03193512138696269,0,0
-0.27058360999013675,-0.9085166221651141,-1.0477509558700233,0,0,0,0,0.24096944339003204,1,0,-0.5769676680779705,-0.44329472199346825,-0.778017447981307,0,0
-0.11085147845438459,0.4189962504049157,-0.33585201548899024,0,0,0,0,0.3364283118416334,1,0,1.2005051232897757,-0.44329472199346825,0.2926106906815771,0,0
0.5071802478524228,-0.24476018588009918,2.0736520904160445,1,0,0,0,-0.8668912270905248,1,0,-0.22147310980442125,-0.44329472199346825,0.042673111272471746,0,0
-0.5678272460075775,-0.24476018588009918,-1.2120353267271848,0,0,0,0,0.32029441858220786,1,0,-0.9324622263515198,-0.44329472199346825,-0.6474530408272967,0,0
-0.6318163261638436,-0.24476018588009918,0.48556983879681703,1,1,1,0,-0.9999958464807859,0,1,0.8450105650162265,2.698782456932473,1.7250887577427183,1,1
-0.4757125653016162,-0.24476018588009918,-0.7191822141557004,0,0,0,0,0.1885342902968989,1,0,-0.5769676680779705,-0.44329472199346825,-0.5989576895986644,0,0
0.9715016079673718,-0.24476018588009918,-0.062044730727054534,0,0,0,0,0.2436584255999363,1,0,0.48951600674267726,-0.44329472199346825,0.05759475780435871,0,0
-0.38090943683493916,3.074021995544975,3.059358315559013,1,0,1,0,-1.0094072842154507,0,1,2.2669887981104235,0.6040643376485122,2.2585376212576747,1,1
-0.02923912308928612,0.4189962504049157,-0.39061347244137745,0,0,0,0,-0.9126039246588973,0,1,0.8450105650162265,1.6514233972904928,1.6392892901843683,1,1
1.126612917525706,1.0827526866899306,-0.007283273774667328,0,0,0,0,0.25441435443955335,1,0,0.8450105650162265,-0.44329472199346825,-0.07296964934965168,0,0
0.6062448817489935,-0.24476018588009918,0.5950927527015915,0,0,0,0,-0.13279908378666067,1,0,1.555999681563325,-0.44329472199346825,-0.0692392377166799,0,0
-0.6272390915747723,-0.24476018588009918,-0.33585201548899024,0,0,0,0,-0.26590370317692175,1,0,-0.9324622263515198,-0.44329472199346825,-0.5952272779656927,0,0
0.8539084223347688,1.0827526866899306,0.5950927527015915,0,0,0,0,-0.23229142555311844,1,0,1.9114942398368742,-0.44329472199346825,0.4716704490642196,0,0
2.8057041734215793,-0.24476018588009918,1.6355604347969475,1,0,0,0,-0.8574797893558599,1,0,0.134021448469128,-0.44329472199346825,-0.29679434732795495,0,0
-0.6105188576424556,-0.24476018588009918,-0.39061347244137745,0,0,0,0,0.5703697641033044,1,0,-0.9324622263515198,-0.44329472199346825,-1.005572557592582,0,0
-0.6059919161937843,-0.9085166221651141,-0.6644207572033133,0,0,0,0,2.095022677119022,1,0,-0.5769676680779705,-0.44329472199346825,-0.9645380296298931,0,0
0.863999461549694,1.0827526866899306,0.15700109708249413,0,0,0,0,0.10248685957996244,1,0,1.555999681563325,-0.44329472199346825,-0.19980364487069016,0,0
-0.6146853649182604,-0.24476018588009918,-0.6644207572033133,0,0,0,0,1.9404062000495268,1,0,-0.5769676680779705,-0.44329472199346825,-0.7295220967526747,0,0
-0.6041590106325397,-0.9085166221651141,-1.1025124128224104,0,0,0,0,1.0624535085157847,1,0,-0.5769676680779705,-0.44329472199346825,-0.7630958014494202,0,0
-0.6105093578270467,-0.24476018588009918,-0.5548978432985389,0,0,0,0,-0.9327712912331793,1,0,-0.22147310980442125,-0.44329472199346825,0.25157616271888805,0,0
-0.6318163261638436,-0.9085166221651141,-0.9929894989176362,1,1,1,1,-1.0174742308451636,0,1,-0.9324622263515198,-0.44329472199346825,-0.14384747037611434,1,1
-0.6073146257863045,-0.24476018588009918,-0.9929894989176362,0,0,0,0,2.1030896237487346,1,0,-0.9324622263515198,-0.44329472199346825,-0.8414344457418262,0,0
-0.2518661795712689,-0.24476018588009918,-0.39061347244137745,1,1,1,0,2.1084675881685433,1,0,1.2005051232897757,0.6040643376485122,1.0759971336056386,1,1
-0.18611795712634477,1.7465091229749454,0.5950927527015915,1,0,1,0,-0.8158005651023438,1,0,0.134021448469128,-0.44329472199346825,-0.5653839849019189,0,0
-0.27221813705313685,-0.9085166221651141,1.7450833487017219,1,1,1,1,0.20332369245137236,1,0,0.48951600674267726,0.6040643376485122,1.5161857062963016,0,1
-0.43374908657719574,-0.24476018588009918,-0.9929894989176362,0,0,0,0,-0.7929442163181575,1,0,-0.22147310980442125,-0.44329472199346825,-0.24083817283337916,0,0
-0.6295810754793991,3.73777843182999,1.526037520892173,1,1,1,1,-0.9865509354312645,0,1,0.48951600674267726,0.6040643376485122,1.7959665787691808,1,1
1.2051328035688753,0.4189962504049157,2.1831750043208187,1,0,1,0,-0.8601687715657641,1,0,0.134021448469128,-0.44329472199346825,-0.2930639356949832,0,0
-0.5948022512674547,-0.24476018588009918,-0.5548978432985389,0,0,0,0,1.5814270750273076,1,0,-0.9324622263515198,-0.44329472199346825,-0.9160426784012607,0,0
-0.6044345052793976,3.73777843182999,2.676028116892303,1,1,1,0,-0.991928899851073,1,1,1.2005051232897757,2.698782456932473,1.5907939389557362,1,1
-0.158657343655272,0.4189962504049157,1.526037520892173,1,1,1,1,1.6002499504966374,1,0,0.134021448469128,-0.44329472199346825,1.5609506458919624,1,1
-0.5840747244201341,-0.9085166221651141,-0.8834665850128618,0,0,0,0,1.62713977259568,1,0,-0.9324622263515198,-0.44329472199346825,-1.020494204124469,0,0
-0.21867326571993795,-0.24476018588009918,-0.007283273774667328,0,0,0,0,-0.17178932583027248,1,0,1.2005051232897757,-0.44329472199346825,-0.281872700796068,0,0
-0.4506241116194102,-0.9085166221651141,-0.8287051280604746,0,0,0,0,-0.2511143010224483,1,0,-0.5769676680779705,-0.44329472199346825,-0.7742870363483354,0,0
-0.46093867590277965,-0.9085166221651141,-0.33585201548899024,0,0,0,0,-0.6773179812922742,1,0,-0.22147310980442125,-0.44329472199346825,-0.5056973987743714,0,0
-0.6209340082066253,-0.24476018588009918,-0.8834665850128618,0,0,0,0,1.7642778653007976,1,0,-0.9324622263515198,-0.44329472199346825,-0.8899297969704587,0,0
0.9022272775677364,1.7465091229749454,0.2665240109872685,1,0,0,0,-0.9569721311223176,1,0,0.134021448469128,-0.44329472199346825,0.04640352290544339,0,0
-0.37501061027868987,-0.9085166221651141,-0.8834665850128618,0,0,0,0,-0.6490836680882793,1,1,-0.5769676680779705,-0.44329472199346825,-0.10654335404639712,1,0
-0.5944954631110146,-0.24476018588009918,-0.7191822141557004,0,0,0,0,1.1337115370782478,1,0,-0.5769676680779705,-0.44329472199346825,-0.9831900877947517,0,0
-0.6267870121238434,-0.9085166221651141,-0.6644207572033133,0,0,1,0,-1.0026848286906902,0,1,-0.9324622263515198,-0.44329472199346825,-0.22218611466852053,0,1
-0.6318163261638436,-0.9085166221651141,-0.39061347244137745,1,1,1,0,-1.0040293197956422,0,1,-0.9324622263515198,-0.44329472199346825,-0.18861240997177497,1,1
-0.5898483769380544,-0.9085166221651141,-1.0477509558700233,0,0,0,0,1.29908394298736,1,0,-0.5769676680779705,-0.44329472199346825,-0.8227823875769676,0,0
-0.4876812150914747,-0.9085166221651141,-0.938228041965249,0,0,0,0,1.0678314729355933,1,0,-0.5769676680779705,-0.44329472199346825,-0.8078607410450808,0,0
-0.5710393012411243,-0.24476018588009918,-0.44537492939376466,0,0,0,0,1.2103475300605193,1,0,-0.9324622263515198,-0.44329472199346825,-0.7034092153218726,0,0
-0.6318163261638436,1.0827526866899306,1.4712760639397857,1,1,1,0,-1.0134407575303073,1,1,1.9114942398368742,3.746141516574454,1.7213583461097464,1,1
-0.1944258251077542,-0.24476018588009918,-0.39061347244137745,0,0,0,0,0.7948997786303105,1,0,-0.5769676680779705,-0.44329472199346825,-1.0242246157574406,0,0
-0.38090943683493916,3.074021995544975,0.81413858051114,1,1,0,1,-1.001340337585738,0,1,2.2669887981104235,2.698782456932473,2.2137726816620136,1,1
0.8394832320427057,1.0827526866899306,1.19746877917785,1,0,1,1,1.5894940216570204,1,0,-0.22147310980442125,0.6040643376485122,1.564681057524934,1,1
-0.5772220046342981,-0.9085166221651141,-0.22632910158421599,0,0,0,0,1.227825914424897,1,0,-0.5769676680779705,-0.44329472199346825,-0.6996788036889009,0,0
0.3303082140683496,-0.24476018588009918,0.48556983879681703,0,0,0,0,0.49642275333093716,1,0,1.9114942398368742,-0.44329472199346825,-0.21472529140257712,0,0
-0.6295810754793991,-0.24476018588009918,0.9236614944159144,1,1,1,1,-0.9784839888015517,0,1,2.2669887981104235,0.6040643376485122,2.0981299210398907,0,1
-0.6144881040453581,-0.9085166221651141,-1.1572738697747977,0,0,0,0,0.8567463694581086,1,0,-0.9324622263515198,-0.44329472199346825,-1.0279550273904123,0,0
1.7671513829741858,0.4189962504049157,0.9784229513683013,0,0,1,1,0.9710281133790397,1,0,0.134021448469128,-0.44329472199346825,0.6059652678512016,1,1
-0.5566711098415146,-0.24476018588009918,-0.9929894989176362,0,0,0,0,2.072166328334836,1,0,-0.5769676680779705,-0.44329472199346825,-0.9794596761617801,0,0
-0.3454650667317014,-0.24476018588009918,1.4165146069873986,1,0,0,0,-0.7082412767061732,1,0,-0.5769676680779705,-0.44329472199346825,-0.34528969855658737,0,0
-0.4040180172233984,-0.9085166221651141,-0.6096593002509261,0,0,0,0,1.289672505252695,1,0,-0.5769676680779705,-0.44329472199346825,-0.9346947365661193,0,0
-0.5556931876670701,-0.24476018588009918,-0.5548978432985389,0,0,0,0,0.9696836222740877,1,0,-0.5769676680779705,-0.44329472199346825,-0.6735659222580987,0,0
-0.3749793167691077,-0.9085166221651141,-0.062044730727054534,0,0,0,0,-0.47967778886431073,1,0,-0.5769676680779705,-0.44329472199346825,-0.039395944652906106,1,0
2.568461930339356,1.7465091229749454,1.799844805654109,1,0,0,0,-0.7499205009596893,1,0,-0.22147310980442125,-0.44329472199346825,-0.49823657550842787,0,0
0.23511000504319698,-0.24476018588009918,0.21176255403488134,1,0,1,0,1.7535219364611805,1,0,0.134021448469128,-0.44329472199346825,1.1767182476958753,1,1
0.3389206349555145,1.7465091229749454,1.8546062626064956,1,0,0,0,-0.818489547312248,1,0,-0.5769676680779705,-0.44329472199346825,-0.41243710795007826,1,0
0.7646565389429101,0.4189962504049157,-0.6096593002509261,1,1,1,1,-0.9986513553758337,0,1,0.8450105650162265,3.746141516574454,1.5907939389557362,1,1
0.060628013053466163,-0.24476018588009918,0.37604692489204267,0,1,1,0,0.5891926395726342,1,0,0.8450105650162265,0.6040643376485122,1.4527687085357823,0,1
-0.38090943683493916,0.4189962504049157,2.1284135473684316,1,1,1,1,-0.9999958464807859,0,1,1.555999681563325,2.698782456932473,1.7288191693756898,1,1
-0.31315842977675273,1.0827526866899306,-0.44537492939376466,1,1,1,0,1.3542080782903974,1,0,1.2005051232897757,-0.44329472199346825,0.9305110799197416,0,1
-0.6256984450405189,-0.9085166221651141,-0.7739436711080876,0,0,0,0,-0.6544616325080879,1,0,-0.9324622263515198,-0.44329472199346825,-0.7556349781834768,0,0
0.980306260413399,0.4189962504049157,1.3617531500350115,1,1,0,1,0.1508885393582392,1,0,-0.22147310980442125,0.6040643376485122,1.1021100150364407,1,1
-0.5821054685671384,-0.24476018588009918,-0.39061347244137745,0,0,0,0,1.2358928610546098,1,0,-0.5769676680779705,-0.44329472199346825,-0.6884875687899857,0,0
-0.4106220653705899,-0.9085166221651141,-1.1572738697747977,0,0,0,0,1.4859682065757063,1,0,-0.5769676680779705,-0.44329472199346825,-0.819051975943996,0,0
-0.6217817270287008,-0.9085166221651141,-0.44537492939376466,0,0,0,0,1.0422861419415028,1,0,-0.9324622263515198,-0.44329472199346825,-0.8265127992099395,0,0
1.297149133244721,1.0827526866899306,1.8546062626064956,1,1,1,0,-0.8561352982509077,1,0,-0.5769676680779705,-0.44329472199346825,-0.5094278104073431,0,0
-0.6299957144813636,-0.9085166221651141,-0.6096593002509261,0,0,0,0,0.18315632587709038,1,0,-0.5769676680779705,-0.44329472199346825,-0.9869204994277235,0,0
0.9068358056663901,1.7465091229749454,1.142707322225463,1,0,0,0,-0.7458870276448328,1,0,-0.22147310980442125,-0.44329472199346825,-0.47958451734356927,1,0
-0.6199449097787585,-0.24476018588009918,-0.44537492939376466,0,0,0,0,0.7653209743213636,1,0,-0.5769676680779705,-0.44329472199346825,-0.6362618059283816,0,0
-0.3715437364671163,-0.24476018588009918,-0.33585201548899024,0,0,0,0,-0.8198340384172002,1,0,-0.5769676680779705,-0.44329472199346825,-0.684757157157014,0,0
-0.6295810754793991,1.0827526866899306,0.7046156666063655,1,1,1,1,-0.9999958464807859,0,1,0.8450105650162265,3.746141516574454,2.1242428024706923,1,1
0.4330431295887783,-0.24476018588009918,0.2665240109872685,0,0,0,0,0.09710889516015392,1,0,1.9114942398368742,-0.44329472199346825,-0.0990825307804537,0,0
-0.5178548640807921,-0.24476018588009918,-0.33585201548899024,0,0,0,0,-0.47698880665440646,1,0,-0.9324622263515198,-0.44329472199346825,-0.9346947365661193,0,0
0.9332704390733026,0.4189962504049157,0.9784229513683013,0,1,1,0,0.36600711615058035,1,0,0.134021448469128,0.6040643376485122,1.2065615407596488,0,1
2.619026653697519,1.0827526866899306,0.15700109708249413,1,0,0,0,-0.8480683516211949,1,0,-0.22147310980442125,-0.44329472199346825,-0.6288009826624381,1,0
-0.5485532381682829,-0.9085166221651141,-0.7739436711080876,1,1,1,1,-1.0067183020055466,0,1,-0.9324622263515198,-0.44329472199346825,0.14712463699567999,1,1
-0.5459910820712384,-0.24476018588009918,0.04747818317771972,0,0,0,0,-0.9166373979737537,0,0,0.8450105650162265,0.6040643376485122,1.5497594109930475,0,1
-0.07839955020494693,0.4189962504049157,0.5950927527015915,0,0,1,0,-0.9892399176411688,0,1,0.134021448469128,1.6514233972904928,1.7773145206043222,1,1
-0.6265523108019766,-0.24476018588009918,-0.33585201548899024,0,0,0,0,1.0597645263058804,1,0,-0.5769676680779705,-0.44329472199346825,-0.6213401593964948,0,0
-0.2741432467051147,1.0827526866899306,0.7046156666063655,1,0,0,1,0.2046681835563245,1,0,0.8450105650162265,-0.44329472199346825,1.4266558271049807,1,1
-0.36592208099573825,-0.9085166221651141,-1.1572738697747977,0,0,0,0,-0.2847265786462516,1,0,-0.5769676680779705,-0.44329472199346825,-0.6213401593964948,0,0
-0.39843268457564246,-0.9085166221651141,0.04747818317771972,0,0,0,0,-0.9448717111777484,1,0,-0.22147310980442125,-0.44329472199346825,-0.29679434732795495,0,0
-0.5944161117117168,-0.9085166221651141,-1.1572738697747977,0,0,0,0,-0.1596889058857033,1,0,-0.9324622263515198,-0.44329472199346825,-0.6549138640932402,0,0
-0.630978107157177,-0.9085166221651141,-0.33585201548899024,1,1,1,1,-1.0053738109005943,0,1,-0.9324622263515198,-0.44329472199346825,-0.4870453406095127,1,1
1.99889714462336,-0.24476018588009918,1.142707322225463,1,0,1,0,-0.8063891273676789,0,0,-0.5769676680779705,-0.44329472199346825,-0.17369076343988812,0,0
-0.5571377184218924,-0.24476018588009918,-0.6644207572033133,0,0,0,0,2.0640993817051227,1,0,-0.5769676680779705,-0.44329472199346825,-0.8787385620715434,0,0
0.7646565389429101,-0.24476018588009918,2.621266659939916,1,1,1,1,-1.0026848286906902,0,1,2.977977914657522,2.698782456932473,2.228694328193901,1,1
-0.6106406788047579,-0.24476018588009918,-0.6644207572033133,0,0,0,0,-0.17313381693522462,1,0,-0.5769676680779705,-0.44329472199346825,-0.6922179804229573,0,0
-0.6032358520998641,-0.24476018588009918,-0.5001363863461518,0,0,0,0,0.7048188745985176,1,0,-0.5769676680779705,-0.44329472199346825,-0.9757292645288083,0,0
1.4074989890343812,1.7465091229749454,0.2665240109872685,1,0,0,0,-0.8736136826152854,1,0,-0.5769676680779705,-0.44329472199346825,0.020290641474641363,0,0
-0.6318163261638436,-0.24476018588009918,2.1831750043208187,0,1,0,1,-1.001340337585738,0,1,2.622483356383973,0.6040643376485122,2.236155151459844,1,1
-0.585507520108863,-0.24476018588009918,-0.39061347244137745,0,0,0,0,-0.5979930061000983,1,0,-0.9324622263515198,-0.44329472199346825,-0.7444437432845615,0,0
-0.28556090720125765,1.7465091229749454,0.5403312957492042,1,0,0,0,-0.9475606933876527,0,0,-0.22147310980442125,-0.44329472199346825,-0.07670006098262332,0,0
-0.35317221109166635,-0.9085166221651141,-0.44537492939376466,0,0,0,0,-0.6275718104090453,1,1,-0.5769676680779705,-0.44329472199346825,-0.4049762846841349,0,0
-0.6225730057709943,-0.24476018588009918,-0.5548978432985389,0,0,0,0,-0.20405711234912366,1,0,-0.9324622263515198,-0.44329472199346825,-0.6772963338910706,0,0
-0.07150436065610653,0.4189962504049157,0.48556983879681703,0,0,0,0,-0.18926771019465022,1,0,1.2005051232897757,-0.44329472199346825,0.453018390899361,0,0
-0.6044345052793976,1.7465091229749454,0.4308083818444299,1,0,1,0,-0.9892399176411688,0,1,2.977977914657522,3.746141516574454,1.8593835765297002,1,1
-0.529126115657104,-0.24476018588009918,0.04747818317771972,0,0,0,0,-0.961005604437174,0,0,-0.5769676680779705,-0.44329472199346825,-0.028204709753991045,0,0
-0.6318163261638436,-0.24476018588009918,3.004596858606626,1,1,1,1,-0.9959623731659294,0,0,2.622483356383973,1.6514233972904928,1.7138975228438027,1,1
-0.3631771931552403,-0.9085166221651141,-0.5001363863461518,0,0,0,0,-0.9932733909560252,0,0,0.48951600674267726,2.698782456932473,1.3445867711796027,0,1
-0.6318163261638436,3.73777843182999,3.004596858606626,0,0,0,1,-0.9986513553758337,0,1,1.9114942398368742,1.6514233972904928,2.232424739826872,1,1
0.9315219142253959,1.0827526866899306,-0.5001363863461518,0,0,0,0,-0.052129617489532744,1,0,0.48951600674267726,-0.44329472199346825,-0.23710776120040739,0,0
-0.6242980604867143,-0.24476018588009918,-1.2120353267271848,0,0,0,0,1.0369081775216942,1,0,-0.5769676680779705,-0.44329472199346825,-0.7369829200186182,0,0
-0.023748229782947987,1.7465091229749454,2.2379364612732062,1,0,0,0,-0.7700878675339713,1,0,-0.22147310980442125,-0.44329472199346825,-0.6810267455240423,1,0
-0.5267858081904905,-0.9085166221651141,-0.007283273774667328,0,0,0,0,-0.5294239597475396,1,0,-0.22147310980442125,-0.44329472199346825,-0.4721236940776259,0,0
1.5951656071863083,0.4189962504049157,0.81413858051114,0,0,1,0,-0.65580612361304,1,0,-0.5769676680779705,-0.44329472199346825,-0.7257916851197029,1,0
0.7646565389429101,0.4189962504049157,1.8546062626064956,1,1,1,1,-1.0040293197956422,0,1,1.2005051232897757,2.698782456932473,1.6840542297800292,1,1
1.2342698550532814,-0.24476018588009918,0.8689000374635272,1,1,1,0,2.269806520762799,1,0,-0.22147310980442125,0.6040643376485122,0.7626425564360141,1,1
-0.5885094617780722,-0.24476018588009918,-0.39061347244137745,0,0,0,0,1.8476363138078298,1,0,-0.9324622263515198,-0.44329472199346825,-0.7369829200186182,0,0
-0.07890192279627585,1.0827526866899306,0.32128546793965546,0,0,0,0,-0.4016973047770871,1,0,1.2005051232897757,-0.44329472199346825,0.4418271560004459,0,0
-0.303395972412441,-0.24476018588009918,0.15700109708249413,0,0,0,0,-0.9583166222272698,0,1,1.9114942398368742,2.698782456932473,1.9563742789869647,1,1
1.165805803026757,0.4189962504049157,1.7450833487017219,0,1,1,1,1.4402555090073337,1,0,0.48951600674267726,-0.44329472199346825,0.8074074960316745,0,1
2.0204337849679836,1.0827526866899306,1.4712760639397857,1,1,1,0,-0.8117670917874874,1,0,0.134021448469128,-0.44329472199346825,-0.12519541221125574,0,0
0.22218969727443624,-0.24476018588009918,-0.5548978432985389,0,0,0,0,0.5098676643804585,1,0,0.8450105650162265,-0.44329472199346825,0.6059652678512016,0,0
-0.5053609303800891,-0.24476018588009918,-0.7739436711080876,0,0,0,0,0.6012930595172035,1,0,-0.9324622263515198,-0.44329472199346825,-0.5914968663327209,0,0
4.0012095611786185,-0.24476018588009918,0.6498542096539783,1,0,0,0,-0.92067087128861,1,0,-0.5769676680779705,-0.44329472199346825,-0.29679434732795495,0,0
-0.5485532381682829,-0.9085166221651141,-0.8287051280604746,1,1,1,1,-1.0040293197956422,0,1,-0.9324622263515198,-0.44329472199346825,-0.5728448081678623,1,1
-0.547884898213634,-0.9085166221651141,-0.7191822141557004,0,0,0,0,0.4601214934972296,1,0,-0.9324622263515198,-0.44329472199346825,-0.6399922175613534,0,0
-0.5924541204234457,-0.24476018588009918,-0.39061347244137745,0,0,0,0,1.0678314729355933,1,0,-0.5769676680779705,-0.44329472199346825,-0.7369829200186182,0,0
-0.47649378541582954,-0.9085166221651141,-0.7191822141557004,0,0,0,0,1.5827715661322597,1,0,-0.9324622263515198,-0.44329472199346825,-0.804130329412109,0,0
0.2231961188951074,1.0827526866899306,0.81413858051114,0,0,0,0,-0.6316052837239017,1,0,1.2005051232897757,-0.44329472199346825,-0.23710776120040739,0,0
-0.6318163261638436,-0.9085166221651141,-0.7739436711080876,1,1,0,0,-1.0080627931104986,0,1,-0.9324622263515198,-0.44329472199346825,-0.39751546141819144,1,1
-0.5312211043610996,-0.24476018588009918,-1.2120353267271848,0,0,0,0,-0.3774964648879487,1,0,-0.5769676680779705,-0.44329472199346825,-0.7220612734867312,0,0
1.0262769848023574,-0.24476018588009918,-0.1715676446318288,0,0,0,0,0.2907156142732609,1,0,1.2005051232897757,-0.44329472199346825,-0.2259165263014922,0,0
0.9378510265384008,-0.24476018588009918,-0.11680618767944173,0,0,0,0,-0.5818591128406728,1,0,1.2005051232897757,-0.44329472199346825,-0.20726446813663357,0,0
0.9203976303815863,0.4189962504049157,-0.007283273774667328,0,0,0,0,0.3444952584713462,1,0,0.8450105650162265,-0.44329472199346825,0.11355093229893454,0,0
-0.3821991764798637,-0.9085166221651141,0.10223964013010693,0,0,0,0,-0.8722691915103333,0,1,-0.22147310980442125,-0.44329472199346825,-0.2520294077322943,0,0
0.3154566497082286,1.0827526866899306,1.6355604347969475,1,0,1,1,1.9861188976178994,1,0,-0.22147310980442125,-0.44329472199346825,0.9379719031856848,0,1
-0.6295810754793991,-0.24476018588009918,3.059358315559013,1,1,1,1,-0.9852064443263124,0,1,2.2669887981104235,1.6514233972904928,2.265998444523618,1,1
-0.5968039182553749,-0.9085166221651141,-0.22632910158421599,0,0,0,0,0.17105590593252118,1,0,-0.5769676680779705,-0.44329472199346825,-0.5952272779656927,0,0
-0.49883846888287986,-0.24476018588009918,-0.5548978432985389,0,0,0,0,0.7209527678579432,1,0,-0.9324622263515198,-0.44329472199346825,-0.9421555598320629,0,0
1.2358049134608236,0.4189962504049157,0.7593771235587528,0,0,0,0,-0.248425318812544,1,0,1.2005051232897757,-0.44329472199346825,0.19188957659134048,0,0
-0.5765039303519203,0.4189962504049157,-0.11680618767944173,0,0,0,0,-0.9085704513440409,0,1,1.555999681563325,1.6514233972904928,2.0608258047101735,1,1
0.3697028309436721,-0.24476018588009918,-0.062044730727054534,0,0,0,0,0.5797812018379693,1,0,0.8450105650162265,-0.44329472199346825,0.45674880253233274,0,0
-0.5824793142441117,-0.24476018588009918,-0.938228041965249,0,0,0,0,1.2910169963576472,1,0,-0.9324622263515198,-0.44329472199346825,-0.8153215643110242,0,0
1.1157099234996566,-0.24476018588009918,0.7593771235587528,0,0,0,0,-0.6826959457120827,1,0,0.8450105650162265,-0.44329472199346825,-0.255759819365266,0,0
-0.31007601908290366,0.4189962504049157,0.2665240109872685,0,0,0,0,0.38348550051495806,1,0,1.2005051232897757,-0.44329472199346825,0.5052441537609653,0,0
-0.41430631731122564,-0.24476018588009918,-0.33585201548899024,0,0,0,0,-0.9556276400173654,1,0,-0.5769676680779705,-0.44329472199346825,-0.2930639356949832,0,0
-0.398736678668727,-0.24476018588009918,-0.33585201548899024,0,0,0,0,-0.8642022448806205,1,0,-0.22147310980442125,-0.44329472199346825,-0.43108916611493686,1,0
-0.38090943683493916,1.7465091229749454,3.059358315559013,1,1,1,1,-0.9959623731659294,0,1,2.622483356383973,1.6514233972904928,2.1540860955344665,1,1
1.8030578911564323,1.7465091229749454,0.32128546793965546,1,0,0,0,-0.8440348783063385,1,0,0.134021448469128,-0.44329472199346825,-0.3415592869236156,0,0
2.3522170733741334,1.7465091229749454,2.2926979182255933,1,1,0,0,-0.8776471559301419,1,0,0.134021448469128,-0.44329472199346825,-0.6959483920559292,0,0
-0.572435774106231,-0.9085166221651141,-0.9929894989176362,0,0,0,0,2.0479654884456973,1,0,-0.5769676680779705,-0.44329472199346825,-0.6437226291943251,0,0
3.2292070619752145,-0.24476018588009918,1.4165146069873986,1,0,1,0,-0.6302607926189495,1,0,-0.5769676680779705,-0.44329472199346825,-0.363941756721446,0,0
-0.6007709294075929,-0.24476018588009918,-1.0477509558700233,0,0,0,0,1.7346990609918507,1,0,-0.5769676680779705,-0.44329472199346825,-0.9533467947309779,0,0
1.7553906114979805,1.0827526866899306,1.526037520892173,1,1,0,0,-0.7552984653794979,1,0,-0.22147310980442125,-0.44329472199346825,-0.6735659222580987,0,0
-0.5739881557065779,-0.24476018588009918,-1.1025124128224104,0,0,0,0,1.983429915407995,1,0,-0.9324622263515198,-0.44329472199346825,-0.6922179804229573,0,0
-0.6140678769166825,-0.24476018588009918,-0.9929894989176362,0,0,0,0,0.21542411239594153,1,0,-0.5769676680779705,-0.44329472199346825,-0.9197730900342325,0,0
0.0687335908479333,1.0827526866899306,-0.39061347244137745,0,0,0,0,0.5018007177507456,1,0,0.48951600674267726,-0.44329472199346825,-0.14757788200908611,0,0
-0.17463882723637966,-0.24476018588009918,1.799844805654109,1,1,0,1,0.9844730244285611,1,0,0.48951600674267726,0.6040643376485122,1.1580661895310167,1,1
2.710054443758169,1.0827526866899306,1.142707322225463,1,0,0,0,-0.93949374675794,0,0,-0.5769676680779705,-0.44329472199346825,0.01656022984166972,0,0
-0.2994954599680852,-0.24476018588009918,1.2522302361302373,1,0,0,0,-0.7862217607933969,1,0,-0.5769676680779705,-0.44329472199346825,-0.2632206426312094,1,0
0.08665136033444115,0.4189962504049157,0.8689000374635272,0,0,0,0,-0.054818599699437004,1,0,0.48951600674267726,-0.44329472199346825,0.5723915631544562,0,0
-0.6044345052793976,2.4102655592599604,-0.6096593002509261,1,1,1,1,-1.0080627931104986,0,1,1.555999681563325,1.6514233972904928,2.1615469188004095,1,1
0.9133744727310615,0.4189962504049157,0.48556983879681703,0,0,0,0,0.3996193937743836,1,0,0.48951600674267726,-0.44329472199346825,0.38214056987289835,0,0
-0.5646923069226439,-0.9085166221651141,-0.6096593002509261,0,0,0,0,2.1098120792734956,1,0,-0.5769676680779705,-0.44329472199346825,-1.0652591437201295,0,0
0.44550576977989903,-0.24476018588009918,1.3069916930826242,1,0,0,0,0.03929577764721224,1,0,0.134021448469128,-0.44329472199346825,1.243865657089366,1,1
-0.6232832566759764,-0.24476018588009918,-0.2810905585366032,0,0,0,0,0.780110376475837,1,0,-0.9324622263515198,-0.44329472199346825,-0.6772963338910706,0,0
0.27137024164625706,1.7465091229749454,1.4165146069873986,1,0,1,0,-0.868235718195477,1,0,-0.5769676680779705,-0.44329472199346825,-0.36021134508847424,0,0
0.18156681014801143,-0.24476018588009918,-0.39061347244137745,0,0,0,0,0.3068495075326865,1,0,0.8450105650162265,-0.44329472199346825,-0.09162170751451029,0,0
-0.6197593839719496,-0.24476018588009918,-0.6096593002509261,0,0,0,0,0.800277743050119,1,0,-0.5769676680779705,-0.44329472199346825,-0.804130329412109,0,0
-0.6318163261638436,2.4102655592599604,2.2379364612732062,1,0,0,0,-0.9865509354312645,0,1,1.555999681563325,3.746141516574454,2.0533649814442296,0,1
-0.5765396943628713,-0.9085166221651141,-0.6644207572033133,0,0,0,0,1.4173991602231475,1,0,-0.9324622263515198,-0.44329472199346825,-0.8488952690077698,0,0
-0.6217241693235763,-0.9085166221651141,-0.33585201548899024,0,0,0,0,0.6859959991291877,1,0,-0.9324622263515198,-0.44329472199346825,-0.897390620236402,0,0
1.0173980102710725,0.4189962504049157,0.5950927527015915,0,0,0,0,-0.19195669240455449,1,0,1.9114942398368742,-0.44329472199346825,0.3784101582399266,0,0
3.662083474274068,1.0827526866899306,1.19746877917785,0,0,1,0,-0.8063891273676789,1,0,-0.5769676680779705,-0.44329472199346825,-0.7257916851197029,0,0
0.10984655668692259,-0.24476018588009918,-0.33585201548899024,1,1,0,0,2.1501468124220593,1,0,-0.22147310980442125,0.6040643376485122,1.3371259479136592,0,1
-0.46194062702208194,-0.24476018588009918,-0.007283273774667328,0,0,0,0,0.3364283118416334,1,0,1.555999681563325,-0.44329472199346825,-0.03193512138696269,0,0
1.8095859407803527,1.7465091229749454,1.4165146069873986,1,1,1,0,-0.8104226006825352,0,0,-0.22147310980442125,-0.44329472199346825,-0.7220612734867312,0,0
-0.6044345052793976,0.4189962504049157,0.5403312957492042,1,0,0,1,-0.9946178820609773,0,1,2.977977914657522,0.6040643376485122,2.1876598002312115,1,1
-0.38090943683493916,0.4189962504049157,0.04747818317771972,1,1,0,1,-0.9825174621164081,0,1,2.977977914657522,1.6514233972904928,2.1466252722685226,1,1
-0.20859116750775067,0.4189962504049157,-0.007283273774667328,0,0,0,0,-0.9878954265362166,0,1,0.8450105650162265,2.698782456932473,2.034712923279371,0,1
-0.46308451655984656,-0.24476018588009918,-0.8287051280604746,0,0,0,0,-0.9677280599619347,0,1,0.48951600674267726,1.6514233972904928,1.378160475876348,1,1
-0.5763793151262625,-0.24476018588009918,-0.7739436711080876,0,0,0,0,1.7010867833680474,1,0,-0.9324622263515198,-0.44329472199346825,-0.8787385620715434,0,0
-0.29580841396409385,-0.9085166221651141,-0.44537492939376466,0,0,0,0,-0.940838237862892,0,0,1.9114942398368742,2.698782456932473,1.7027062879448878,1,1
0.39254485768801123,-0.24476018588009918,0.48556983879681703,0,0,0,0,0.4332316713981869,1,0,1.9114942398368742,-0.44329472199346825,0.19561998822431226,0,0
-0.5915896372212367,-0.24476018588009918,-0.6644207572033133,0,0,0,0,0.6201159349865333,1,0,-0.5769676680779705,-0.44329472199346825,-0.7295220967526747,0,0
-0.5456747940993895,-0.9085166221651141,-0.39061347244137745,0,0,0,0,-0.1637223792005597,1,0,-0.9324622263515198,-0.44329472199346825,-0.7705566247153636,0,0
-0.6188630484474874,-0.9085166221651141,-1.2120353267271848,0,0,0,0,0.1213097350492923,1,0,-0.5769676680779705,-0.44329472199346825,-0.9160426784012607,0,0
2.9583203844034025,1.7465091229749454,0.7593771235587528,1,1,1,0,-0.9018479958192802,1,0,-0.5769676680779705,-0.44329472199346825,-0.281872700796068,0,0
-0.5455490612483894,-0.24476018588009918,-0.22632910158421599,0,0,0,0,0.4412986180278997,1,0,-0.5769676680779705,-0.44329472199346825,-0.8003999177791374,0,0
0.5674135480461511,1.0827526866899306,0.7046156666063655,0,0,0,0,0.08904194853044112,1,0,0.48951600674267726,-0.44329472199346825,0.22546328128808618,0,0
-0.580233446118916,-0.24476018588009918,-0.8287051280604746,0,0,0,0,1.3649640071300144,1,0,-0.5769676680779705,-0.44329472199346825,-0.8787385620715434,0,0
-0.526843924708286,-0.9085166221651141,-0.2810905585366032,0,0,0,0,1.2332038788447055,1,0,-0.5769676680779705,-0.44329472199346825,-0.7034092153218726,0,0
-0.49501116089843966,-0.24476018588009918,-1.0477509558700233,0,0,0,0,-0.49715617322868844,1,0,-0.5769676680779705,-0.44329472199346825,-0.11400417731234054,1,0
0.637369629904542,1.0827526866899306,0.04747818317771972,0,0,0,0,-0.6504281591932315,1,0,0.48951600674267726,-0.44329472199346825,0.3858709815058701,0,0
-0.4053999609590562,-0.9085166221651141,-0.8287051280604746,0,0,0,0,-0.6652175613477049,1,0,-0.9324622263515198,-0.44329472199346825,-0.6437226291943251,0,0
-0.10838711457478442,0.4189962504049157,0.32128546793965546,1,0,1,0,-0.9072259602390887,1,0,-0.22147310980442125,-0.44329472199346825,-0.7668262130823918,0,0
0.39397485931338466,0.4189962504049157,-0.11680618767944173,1,0,1,1,0.18181183477213825,1,0,0.48951600674267726,0.6040643376485122,1.150605366265073,1,1
-0.4759047968604784,-0.9085166221651141,-0.2810905585366032,0,0,0,0,1.4012652669637218,1,0,-0.5769676680779705,-0.44329472199346825,-0.7668262130823918,0,0
-0.6295810754793991,-0.24476018588009918,2.676028116892303,1,0,0,0,-1.0053738109005943,0,1,2.2669887981104235,0.6040643376485122,2.3107633841192783,1,1
-0.5112508159336006,-0.24476018588009918,-0.1715676446318288,0,0,0,0,-0.7324421165953116,1,0,-0.5769676680779705,-0.44329472199346825,-0.8377040341088546,0,0
-0.10904148421265553,-0.24476018588009918,0.5403312957492042,0,0,0,0,-0.37884095599290085,1,0,1.2005051232897757,-0.44329472199346825,-0.270681465897153,0,0
-0.32121147918013543,-0.24476018588009918,0.8689000374635272,1,1,1,0,1.7252876232571857,1,0,0.8450105650162265,0.6040643376485122,0.7439904982711555,1,1
4.112613337665994,1.0827526866899306,0.81413858051114,1,0,0,0,-0.8803361381400461,1,0,-0.22147310980442125,-0.44329472199346825,-0.20726446813663357,0,0
0.1576160990641877,0.4189962504049157,0.37604692489204267,1,0,1,0,0.9280043980205716,1,0,0.134021448469128,0.6040643376485122,0.7365296750052119,1,1
-0.6044345052793976,1.0827526866899306,-0.007283273774667328,1,1,1,1,-1.0067183020055466,0,0,0.8450105650162265,2.698782456932473,1.9116093393913045,1,1
-0.3968925968540602,-0.9085166221651141,-0.7191822141557004,0,0,0,0,-0.9247043446034664,0,1,1.9114942398368742,1.6514233972904928,1.8854964579605022,1,1
-0.489763909916706,-0.24476018588009918,-0.44537492939376466,0,0,0,0,-0.8978145225044238,1,1,-0.22147310980442125,-0.44329472199346825,0.13220299046379314,1,0
-0.6318163261638436,1.0827526866899306,1.526037520892173,1,1,1,0,-1.0080627931104986,0,1,0.8450105650162265,2.698782456932473,2.0309825116463993,1,1
-0.5834052668401429,-0.9085166221651141,-0.938228041965249,0,0,0,0,0.10248685957996244,1,0,-0.5769676680779705,-0.44329472199346825,-1.057798320454186,0,0
-0.5754405098387957,-0.9085166221651141,-1.1572738697747977,0,0,0,0,0.6604506681350972,1,0,-0.5769676680779705,-0.44329472199346825,-0.8787385620715434,0,0
-0.5173659029935699,-0.9085166221651141,0.04747818317771972,0,0,0,0,-0.5764811484208643,1,1,-0.5769676680779705,-0.44329472199346825,0.042673111272471746,0,0
-0.6271066529717189,-0.24476018588009918,-0.5548978432985389,0,0,0,0,1.585460548342164,1,0,-0.5769676680779705,-0.44329472199346825,-0.8488952690077698,0,0
1.539929209897656,1.0827526866899306,0.32128546793965546,1,0,0,0,2.2523281363984213,1,0,-0.22147310980442125,0.6040643376485122,1.1468749546321013,1,1
-0.6318163261638436,1.0827526866899306,3.278404143368562,1,1,0,1,-0.990584408746121,0,1,1.555999681563325,2.698782456932473,2.0123304534815407,1,1
-0.5062170313922314,-0.9085166221651141,-0.5001363863461518,0,0,0,0,-0.9126039246588973,1,1,-0.5769676680779705,-0.44329472199346825,0.21427204638917086,0,0
-0.6064132609478021,0.4189962504049157,-0.7739436711080876,0,0,0,0,-0.9448717111777484,0,1,1.2005051232897757,0.6040643376485122,1.393082122408235,1,1
-0.5286455367599484,-0.9085166221651141,-0.8287051280604746,0,0,0,0,0.6873404902341399,1,0,-0.9324622263515198,-0.44329472199346825,-0.6661050989921554,0,0
-0.5731812302094933,-0.9085166221651141,-0.938228041965249,0,0,0,0,0.08500847521558473,1,0,-0.9324622263515198,-0.44329472199346825,-0.9011210318693739,0,0
-0.5815997430997828,-0.24476018588009918,-0.44537492939376466,0,0,0,0,0.3969304115644794,1,0,-0.9324622263515198,-0.44329472199346825,-0.7817478596142788,0,0
-0.47838592512021194,0.4189962504049157,0.81413858051114,0,0,0,0,0.4856668244913201,1,0,1.2005051232897757,-0.44329472199346825,-0.08416088424856687,0,0
0.34852830120992845,1.0827526866899306,0.21176255403488134,0,0,0,0,0.32567238300201634,1,0,1.9114942398368742,-0.44329472199346825,0.28514986741563353,0,0
0.9917742140499419,-0.24476018588009918,1.19746877917785,1,1,0,0,-0.052129617489532744,1,0,0.48951600674267726,0.6040643376485122,0.6395389725479471,1,1
-0.524651702599517,-0.24476018588009918,-0.5548978432985389,0,0,0,0,-0.9435272200727963,1,1,-0.22147310980442125,-0.44329472199346825,-0.07296964934965168,0,0
0.9115242439770125,1.0827526866899306,-0.22632910158421599,0,0,0,0,-0.3586735894186189,1,0,1.555999681563325,-0.44329472199346825,0.03894269963949997,0,0
-0.28198227085546185,0.4189962504049157,0.4308083818444299,0,0,0,0,-0.08843087732324031,1,0,1.2005051232897757,-0.44329472199346825,0.6395389725479471,0,0
-0.595678469535757,-0.24476018588009918,-0.5001363863461518,0,0,0,0,0.8352345117788744,1,0,-0.9324622263515198,-0.44329472199346825,-0.8563560922737132,0,0
-0.6295810754793991,3.73777843182999,-0.11680618767944173,1,1,1,1,-0.9838619532213603,0,1,0.48951600674267726,1.6514233972904928,1.740010404274605,1,1
0.46965541817463835,0.4189962504049157,0.81413858051114,1,0,0,0,-0.7055522944962689,1,0,-0.5769676680779705,-0.44329472199346825,-0.39751546141819144,1,0
0.2605119526338964,-0.24476018588009918,-0.7191822141557004,0,0,0,0,0.4735664045467509,1,0,1.555999681563325,-0.44329472199346825,-0.363941756721446,0,0
-0.6295810754793991,0.4189962504049157,0.9236614944159144,1,1,0,1,-0.9784839888015517,0,1,2.977977914657522,1.6514233972904928,1.915339751024276,1,1
0.9810668044587812,1.0827526866899306,0.2665240109872685,0,0,0,0,0.5085231732755063,1,0,1.2005051232897757,-0.44329472199346825,0.3858709815058701,0,0
-0.6189546937255496,-0.24476018588009918,-0.5548978432985389,0,0,0,0,-0.8400014049914821,1,0,-0.22147310980442125,-0.44329472199346825,0.25157616271888805,1,0
-0.38090943683493916,1.0827526866899306,1.142707322225463,0,1,1,1,-0.9932733909560252,0,1,1.2005051232897757,1.6514233972904928,2.127973214103664,1,1
-0.6022020486583085,-0.9085166221651141,-0.44537492939376466,0,0,0,0,0.1925677636117553,1,0,-0.9324622263515198,-0.44329472199346825,-0.7146004502207878,0,0
-0.4628576386153753,0.4189962504049157,-0.5548978432985389,0,0,0,0,-0.696140856761604,1,0,1.555999681563325,-0.44329472199346825,0.3709493349739833,0,0
-0.624683641229781,-0.24476018588009918,-0.2810905585366032,0,0,0,0,1.8973824846910585,1,0,-0.9324622263515198,-0.44329472199346825,-0.6884875687899857,0,0
2.63386313011552,0.4189962504049157,2.1284135473684316,1,0,1,0,-0.675973490187322,1,0,-0.22147310980442125,-0.44329472199346825,-0.09535211914748193,0,0
-0.5536585507315545,-0.9085166221651141,-0.2810905585366032,0,0,0,0,1.0785874017752104,1,0,-0.9324622263515198,-0.44329472199346825,-0.8414344457418262,0,0
0.058831989128514874,0.4189962504049157,2.2926979182255933,0,0,0,0,-0.9139484157638494,1,0,-0.22147310980442125,-0.44329472199346825,0.01656022984166972,0,0
0.13556926275083972,-0.24476018588009918,0.32128546793965546,0,0,0,0,-0.909914942448993,0,0,-0.22147310980442125,-0.44329472199346825,-0.43481957774790864,0,0
-0.6295810754793991,0.4189962504049157,0.5950927527015915,1,1,1,1,-0.9825174621164081,0,1,1.9114942398368742,3.746141516574454,2.0832082745080034,1,1
-0.6292971986424747,-0.24476018588009918,-1.1572738697747977,0,0,0,0,1.6715079790591003,1,0,-0.5769676680779705,-0.44329472199346825,-0.9421555598320629,0,0
-0.5702647868789643,-0.9085166221651141,-0.6644207572033133,0,0,0,0,1.666130014639292,1,0,-0.9324622263515198,-0.44329472199346825,-0.7817478596142788,0,0
-0.5186517309497967,0.4189962504049157,0.37604692489204267,0,0,0,1,-0.9946178820609773,1,1,1.9114942398368742,1.6514233972904928,2.101860332672862,1,1
0.0005757681651779092,0.4189962504049157,-0.2810905585366032,0,0,0,0,-0.09111985953314457,1,0,1.9114942398368742,-0.44329472199346825,-0.255759819365266,0,0
-0.366232780840876,-0.9085166221651141,-0.1715676446318288,0,0,0,0,2.002252790877325,1,0,-0.9324622263515198,-0.44329472199346825,-0.8787385620715434,0,0
-0.1272811297977233,-0.9085166221651141,-0.8287051280604746,0,0,1,1,-0.9152929068688015,0,1,1.555999681563325,0.6040643376485122,1.9712959255188518,1,1
-0.28095517316595964,-0.24476018588009918,-0.062044730727054534,0,0,0,0,-0.15431094146589477,1,0,1.555999681563325,-0.44329472199346825,-0.270681465897153,0,0
0.6091652367682204,-0.24476018588009918,1.909367719558883,1,0,1,0,-0.6490836680882793,0,0,0.134021448469128,-0.44329472199346825,-0.27814228916309636,1,0
-0.6295810754793991,3.73777843182999,1.142707322225463,1,1,1,1,-1.0067183020055466,0,1,2.2669887981104235,0.6040643376485122,2.321954619018194,1,1
-0.6267870121238434,-0.9085166221651141,-0.6644207572033133,1,1,0,0,-1.0080627931104986,0,1,-0.9324622263515198,-0.44329472199346825,-0.6661050989921554,0,1
-0.629912451393368,-0.9085166221651141,-0.22632910158421599,0,0,0,0,0.7827993586857412,1,0,-0.5769676680779705,-0.44329472199346825,-0.9309643249331476,0,0
-0.5852426429027563,-0.9085166221651141,-0.33585201548899024,0,0,0,0,-0.18926771019465022,1,0,-0.9324622263515198,-0.44329472199346825,-1.057798320454186,0,0
-0.5044785651724046,0.4189962504049157,-0.938228041965249,0,0,1,1,-0.9489051844926049,0,0,1.555999681563325,0.6040643376485122,2.0608258047101735,0,1
-0.4171881142561459,-0.9085166221651141,-0.1715676446318288,0,0,0,0,-0.8050446362627267,1,0,-0.5769676680779705,-0.44329472199346825,-0.6623746873591837,0,0
-0.6262695515903944,-0.24476018588009918,-0.938228041965249,0,0,0,0,1.7736893030354624,1,0,-0.5769676680779705,-0.44329472199346825,-0.9794596761617801,0,0
0.5126437593378765,1.0827526866899306,-0.6644207572033133,0,0,0,0,-0.553624799636678,1,0,1.555999681563325,-0.44329472199346825,-0.14757788200908611,0,0
0.22292733000030288,0.4189962504049157,0.5403312957492042,1,1,1,0,-0.6477391769833273,1,0,-0.5769676680779705,-0.44329472199346825,-0.5056973987743714,1,0
-0.6295810754793991,1.0827526866899306,-0.6644207572033133,1,0,1,1,-1.010751775320403,0,1,1.9114942398368742,3.746141516574454,1.6206372320195097,1,1
2.7515557844035805,1.0827526866899306,1.6355604347969475,1,1,0,0,-0.8521018249360514,1,0,-0.22147310980442125,-0.44329472199346825,-0.5541927500030037,0,0
0.2277705594208232,0.4189962504049157,0.10223964013010693,0,0,0,0,-0.8857141025598546,1,0,0.134021448469128,-0.44329472199346825,-0.5691143965348906,0,0
0.26293384675049203,1.7465091229749454,0.37604692489204267,1,0,0,0,-0.7230306788606466,1,0,-0.5769676680779705,-0.44329472199346825,-0.5765752198008341,1,0
-0.5398894065153758,-0.24476018588009918,-0.6644207572033133,0,0,0,0,0.210046147976133,1,0,-0.9324622263515198,-0.44329472199346825,-0.897390620236402,0,0
-0.5843563660063741,-0.9085166221651141,-0.6096593002509261,0,0,0,0,1.2036250745357586,1,0,-0.5769676680779705,-0.44329472199346825,-1.0503374971882427,0,0
0.47581968074966546,0.4189962504049157,0.37604692489204267,0,1,1,1,1.4268105979578123,1,0,0.134021448469128,-0.44329472199346825,1.0275017823770063,1,1
-0.596045609460677,-0.9085166221651141,-0.7191822141557004,0,0,0,0,1.921583324580197,1,0,-0.9324622263515198,-0.44329472199346825,-0.8936602086034304,0,0
-0.6044345052793976,1.7465091229749454,-0.11680618767944173,1,1,1,0,-0.9999958464807859,0,1,2.977977914657522,1.6514233972904928,1.9190701626572475,1,1
-0.48364211710468336,-0.24476018588009918,-0.7739436711080876,0,0,0,0,1.6056279149164459,1,0,-0.5769676680779705,-0.44329472199346825,-0.7817478596142788,0,0
0.6223219222968611,0.4189962504049157,1.6355604347969475,1,0,1,0,-0.787566251898349,1,0,0.134021448469128,-0.44329472199346825,-0.617609747763523,1,0
-0.5132116895965296,-0.24476018588009918,-0.1715676446318288,0,0,0,0,1.003295899897891,1,0,-0.5769676680779705,-0.44329472199346825,-0.6026881012316361,0,0
0.7646565389429101,0.4189962504049157,-0.44537492939376466,1,1,1,1,-0.9892399176411688,0,1,2.622483356383973,0.6040643376485122,2.1913902118641837,1,1
-0.6295810754793991,1.0827526866899306,-0.33585201548899024,1,1,1,1,-0.9838619532213603,0,1,2.622483356383973,3.746141516574454,1.5609506458919624,1,1
0.3031761824478902,0.4189962504049157,1.8546062626064956,0,0,0,1,0.4789443689665594,1,0,0.48951600674267726,0.6040643376485122,1.2774393617861117,0,1
1.6800978686304782,1.7465091229749454,1.4712760639397857,1,0,0,0,-0.9139484157638494,1,0,-0.22147310980442125,-0.44329472199346825,-0.04685676791884966,0,0
1.0001379632984624,1.0827526866899306,-0.39061347244137745,0,0,0,0,0.495078262225985,1,0,0.48951600674267726,-0.44329472199346825,-0.009552651589132438,0,0
-0.13466807449714158,0.4189962504049157,0.10223964013010693,0,0,0,0,0.58650365736273,1,0,1.2005051232897757,-0.44329472199346825,0.042673111272471746,0,0
-0.4799355126572031,-0.24476018588009918,-1.2120353267271848,0,0,0,0,-0.6235383370941888,1,0,-0.5769676680779705,-0.44329472199346825,-0.6772963338910706,0,0
-0.6247764041331855,-0.9085166221651141,-0.8834665850128618,0,0,0,0,0.47625538675665513,1,0,-0.5769676680779705,-0.44329472199346825,-1.020494204124469,0,0
-0.5726084472216044,-0.9085166221651141,-1.2120353267271848,0,0,0,0,-0.04540716196477208,1,0,-0.9324622263515198,-0.44329472199346825,-1.031685439023384,0,0
0.30220049552413014,1.0827526866899306,0.5950927527015915,0,0,0,0,-0.029273268705346498,1,0,0.48951600674267726,-0.44329472199346825,-0.29679434732795495,0,0
-0.5851727913188675,-0.24476018588009918,-1.2120353267271848,0,0,0,0,1.0422861419415028,1,0,-0.9324622263515198,-0.44329472199346825,-0.8451648573747981,0,0
-0.5352892606067887,-0.24476018588009918,-0.7739436711080876,0,0,0,0,-0.9865509354312645,0,1,1.555999681563325,2.698782456932473,1.743740815907577,1,1
-0.6318163261638436,-0.9085166221651141,-0.5548978432985389,1,1,1,1,-1.0067183020055466,0,1,-0.9324622263515198,-0.44329472199346825,-0.41243710795007826,1,1
-0.5850872929801875,-0.24476018588009918,-0.5001363863461518,0,0,0,0,-0.5993374972050505,1,0,-0.5769676680779705,-0.44329472199346825,-1.0130333808585255,0,0
-0.11029769509731335,0.4189962504049157,-0.11680618767944173,0,0,0,0,0.09576440405520179,1,0,0.48951600674267726,-0.44329472199346825,-0.2632206426312094,0,0
-0.46800039162761126,-0.9085166221651141,-1.1025124128224104,0,0,0,0,-0.716308223335886,1,0,-0.22147310980442125,-0.44329472199346825,-0.6922179804229573,1,0
-0.5884021697452188,-0.24476018588009918,-1.0477509558700233,0,0,0,0,1.5773936017124512,1,0,-0.5769676680779705,-0.44329472199346825,-0.8675473271726284,0,0
1.311171419600913,-0.24476018588009918,1.7450833487017219,1,0,1,1,1.2963949607774556,1,0,1.2005051232897757,0.6040643376485122,1.471420766700641,1,1
1.4576049271895621,0.4189962504049157,0.21176255403488134,1,1,1,0,-0.9327712912331793,1,0,-0.22147310980442125,-0.44329472199346825,-0.09535211914748193,1,0
-0.5474093486305185,0.4189962504049157,1.3617531500350115,0,1,1,0,1.7145316944175686,1,0,0.8450105650162265,0.6040643376485122,1.4117341805730936,0,1
-0.4809396990271899,1.0827526866899306,-0.1715676446318288,0,0,0,0,-0.5603472551614387,1,0,1.555999681563325,-0.44329472199346825,-0.21099487976960535,0,0
-0.5485532381682829,-0.9085166221651141,-0.7191822141557004,1,1,1,1,-1.0080627931104986,0,1,-0.9324622263515198,-0.44329472199346825,0.0837076392351606,0,1
-0.6013174481999395,-0.24476018588009918,-0.22632910158421599,0,0,1,0,-0.9341157823381314,1,1,0.134021448469128,1.6514233972904928,1.6243676436524819,1,1
-0.5485532381682829,-0.9085166221651141,-1.1025124128224104,1,0,1,0,-0.9986513553758337,0,1,-0.9324622263515198,-0.44329472199346825,-0.658644275726212,1,1
-0.17387772437832624,-0.24476018588009918,-0.062044730727054534,0,0,0,0,0.4681884401269424,1,0,1.555999681563325,-0.44329472199346825,0.6134260911171452,0,0
2.7910733400665473,-0.24476018588009918,0.6498542096539783,1,0,0,0,-0.92067087128861,1,0,-0.22147310980442125,-0.44329472199346825,-0.5765752198008341,0,0
-0.6207613350912519,-0.9085166221651141,-0.6644207572033133,0,0,0,0,-0.6114379171496197,1,0,-0.5769676680779705,-0.44329472199346825,-0.9981117343266387,0,0
-0.16853044592846364,0.4189962504049157,0.6498542096539783,0,0,0,0,-0.7055522944962689,1,0,0.48951600674267726,-0.44329472199346825,-0.14384747037611434,0,0
-0.6282058374957945,-0.24476018588009918,-0.8287051280604746,0,0,0,0,1.9807409331980907,1,0,-0.5769676680779705,-0.44329472199346825,-0.9011210318693739,0,0
-0.551499857383052,-0.9085166221651141,-0.8287051280604746,0,0,0,0,1.9054494313207715,1,0,-0.5769676680779705,-0.44329472199346825,-0.7892086828802222,0,0
-0.20192285590338135,1.0827526866899306,0.7593771235587528,0,0,0,0,0.2759262121187875,1,0,1.9114942398368742,-0.44329472199346825,-0.06550882608370827,0,0
1.1516203433706007,-0.24476018588009918,2.0736520904160445,1,0,0,0,-0.8440348783063385,1,0,-0.22147310980442125,-0.44329472199346825,-0.3863242265192762,1,0
-0.4464112228919032,-0.9085166221651141,-0.44537492939376466,0,0,0,0,1.278916576413078,1,0,-0.9324622263515198,-0.44329472199346825,-0.6138793361305513,0,0
0.33998573190665243,-0.24476018588009918,-0.1715676446318288,0,0,0,0,-0.7660543942191149,1,0,0.8450105650162265,-0.44329472199346825,-0.22964693793446397,0,0
0.9332207047455738,0.4189962504049157,-0.6644207572033133,0,0,0,0,-0.2538032832323526,1,0,1.555999681563325,-0.44329472199346825,-0.2520294077322943,0,0
-0.5022215207937867,-0.9085166221651141,-0.8834665850128618,0,0,0,0,1.3058063985121207,1,0,-0.9324622263515198,-0.44329472199346825,-0.8563560922737132,0,0
-0.08303378368647168,-0.9085166221651141,-0.33585201548899024,0,0,0,0,0.4144087959288571,1,0,-0.5769676680779705,-0.44329472199346825,-0.8153215643110242,0,0
0.39740708673934944,0.4189962504049157,0.4308083818444299,0,0,0,0,-0.009105902131064518,1,0,1.555999681563325,-0.44329472199346825,0.28514986741563353,0,0
-0.5551896974503989,-0.9085166221651141,-0.44537492939376466,0,0,0,0,1.9484731466792395,1,0,-0.5769676680779705,-0.44329472199346825,-0.9421555598320629,0,0
-0.5514361527385454,-0.24476018588009918,-0.8287051280604746,0,0,0,0,0.5959150950973949,1,0,-0.9324622263515198,-0.44329472199346825,-1.005572557592582,0,0
-0.5383286427249624,-0.24476018588009918,-0.8834665850128618,0,0,0,0,0.28668214095840455,1,0,-0.9324622263515198,-0.44329472199346825,-0.6064185128646079,0,0
-0.48216741046562106,-0.24476018588009918,-0.6096593002509261,0,0,0,0,2.128634954742825,1,0,-0.9324622263515198,-0.44329472199346825,-0.6138793361305513,0,0
-0.5771393003589735,-0.24476018588009918,-0.9929894989176362,0,0,0,0,-0.29548250748586863,1,0,-0.9324622263515198,-0.44329472199346825,-0.8712777388056001,0,0
-0.42728418278511093,1.0827526866899306,0.10223964013010693,0,0,1,1,0.5313795220596925,1,0,1.2005051232897757,0.6040643376485122,0.8932069635900243,1,1
-0.6318163261638436,3.074021995544975,-0.5001363863461518,0,1,0,1,-1.0147852486352593,0,1,0.8450105650162265,3.746141516574454,1.997408806949654,1,1
-0.2661661958250031,0.4189962504049157,1.96412917651127,1,0,0,1,2.1689696878913893,1,0,-0.22147310980442125,0.6040643376485122,1.0125801358451192,1,1
0.0007260887737068359,0.4189962504049157,0.32128546793965546,0,0,0,0,0.05811865311654209,1,0,1.555999681563325,-0.44329472199346825,0.050133934538415165,0,0
0.4765059027097899,1.0827526866899306,-0.7191822141557004,0,0,0,0,0.2678592654890747,1,0,1.9114942398368742,-0.44329472199346825,0.09489887413407593,0,0
-0.5485532381682829,-0.9085166221651141,-0.8287051280604746,1,1,1,1,-1.0080627931104986,0,1,-0.9324622263515198,-0.44329472199346825,-0.7556349781834768,1,1
-0.49202933648539054,-0.9085166221651141,-0.5548978432985389,0,0,0,0,0.1347546460988136,1,0,-0.9324622263515198,-0.44329472199346825,-0.9346947365661193,0,0
1.129384069561746,1.0827526866899306,-0.1715676446318288,0,0,0,0,0.20870165687118086,1,0,1.9114942398368742,-0.44329472199346825,-0.1401170587431427,0,0
-0.5759367354907424,-0.9085166221651141,-0.5001363863461518,0,0,0,0,1.6795749256888133,1,0,-0.9324622263515198,-0.44329472199346825,-0.886199385337487,0,0
-0.49017519604264376,-0.9085166221651141,-0.7739436711080876,0,0,0,0,0.6201159349865333,1,0,-0.5769676680779705,-0.44329472199346825,-0.9309643249331476,0,0
-0.5797377792796404,-0.24476018588009918,-0.007283273774667328,0,0,0,0,-0.42589814466622544,1,0,-0.22147310980442125,-0.44329472199346825,0.1433942253627082,0,0
0.7176207176028139,1.0827526866899306,0.15700109708249413,0,0,0,0,-0.5872370772604814,1,0,0.8450105650162265,-0.44329472199346825,-0.024474298121019273,0,0
0.3331771583218342,1.0827526866899306,-0.33585201548899024,1,1,1,1,1.106821714979205,1,0,1.2005051232897757,0.6040643376485122,0.5500090933566258,0,1
-0.5534652015473499,-0.24476018588009918,-0.44537492939376466,0,0,0,0,1.3219402917715461,1,0,-0.5769676680779705,-0.44329472199346825,-0.819051975943996,0,0
3.115336686357554,1.0827526866899306,1.526037520892173,1,0,0,0,-0.7230306788606466,0,0,0.134021448469128,-0.44329472199346825,-0.7220612734867312,0,0
-0.5489181428425186,-0.24476018588009918,-0.2810905585366032,0,0,0,0,2.167625196786437,1,0,-0.5769676680779705,-0.44329472199346825,-0.9085818551353173,0,0
0.7646565389429101,3.73777843182999,-0.1715676446318288,1,1,1,1,-0.991928899851073,0,1,2.977977914657522,1.6514233972904928,1.6392892901843683,1,1
-0.5616970710054883,-0.9085166221651141,-0.938228041965249,0,0,0,1,-0.93949374675794,0,0,0.134021448469128,1.6514233972904928,2.0720170396090882,1,1
-0.6318163261638436,1.0827526866899306,-0.062044730727054534,1,1,1,0,-1.012096266425355,0,1,0.48951600674267726,3.746141516574454,1.6243676436524819,1,1
-0.44454590619573425,-0.24476018588009918,-0.7739436711080876,0,0,0,0,1.830157929443452,1,0,-0.5769676680779705,-0.44329472199346825,-0.7295220967526747,0,0
-0.5071061023519693,-0.9085166221651141,-1.0477509558700233,0,0,0,0,-0.6746289990823698,1,0,-0.22147310980442125,-0.44329472199346825,-0.5355406918381451,0,0
-0.606498200473811,-0.24476018588009918,-0.7191822141557004,0,0,0,0,-0.31296089185024634,1,0,-0.9324622263515198,-0.44329472199346825,-0.8526256806407414,0,0
-0.6150010940774382,-0.9085166221651141,-0.2810905585366032,0,0,0,0,1.9269612890000054,1,0,-0.5769676680779705,-0.44329472199346825,-0.7966695061461656,0,0
-0.5322414962985487,-0.9085166221651141,-0.39061347244137745,0,0,0,0,0.0755970374809198,1,0,-0.9324622263515198,-0.44329472199346825,-0.5914968663327209,0,0
-0.39489260630415335,-0.24476018588009918,0.04747818317771972,0,0,1,1,-0.9126039246588973,0,0,1.9114942398368742,2.698782456932473,1.915339751024276,1,1
0.10666803021364234,1.0827526866899306,0.5950927527015915,0,0,0,0,-0.7741213408488277,1,0,1.9114942398368742,-0.44329472199346825,-0.017013474855075855,0,0
3.4515781822538285,1.7465091229749454,2.2926979182255933,0,0,0,0,-0.8709247004053812,1,0,-0.5769676680779705,-0.44329472199346825,-0.005822239956160663,0,0
1.064228747360871,1.0827526866899306,0.21176255403488134,0,0,0,0,-0.3694295182582359,1,0,1.2005051232897757,-0.44329472199346825,-0.05058717955182129,0,0
-0.4972341177041197,-0.24476018588009918,-0.39061347244137745,0,0,0,0,-0.35329562499881034,1,0,-0.5769676680779705,-0.44329472199346825,-0.9906509110606951,0,0
-0.568040712447942,-0.9085166221651141,-0.7191822141557004,0,0,0,0,1.311184362931929,1,0,-0.5769676680779705,-0.44329472199346825,-0.8936602086034304,0,0
1.5035616812617425,-0.24476018588009918,2.0736520904160445,1,0,1,0,-0.7620209209042584,1,0,0.134021448469128,-0.44329472199346825,-0.45347163591276723,0,0
-0.6121807665263402,-0.24476018588009918,-0.5548978432985389,0,0,0,0,-0.42993161798108187,1,1,-0.22147310980442125,-0.44329472199346825,-0.4609324591787107,0,0
1.0268972668672907,-0.24476018588009918,-0.5001363863461518,0,0,0,0,0.40365286708924003,1,0,0.8450105650162265,-0.44329472199346825,0.065055581070302,0,0
-0.5248355519683126,-0.24476018588009918,-0.1715676446318288,0,0,0,0,-0.006416919921160253,1,0,-0.9324622263515198,-0.44329472199346825,-1.0130333808585255,0,0
0.44000314140746755,-0.24476018588009918,-0.6644207572033133,0,0,0,0,-0.5711031840010558,1,0,0.48951600674267726,-0.44329472199346825,-0.3825938148863046,0,0
-0.4732403780446205,-0.24476018588009918,-1.0477509558700233,0,0,0,0,-0.4474100023454596,1,0,-0.22147310980442125,-0.44329472199346825,-0.6661050989921554,1,0
0.6087796560251536,0.4189962504049157,2.1831750043208187,1,1,0,0,-0.8964700313994717,1,0,0.134021448469128,-0.44329472199346825,-0.14384747037611434,0,0
0.4792541434263145,1.0827526866899306,0.6498542096539783,0,1,0,0,2.1998929833052885,1,0,0.48951600674267726,-0.44329472199346825,1.3632388293444613,1,1
-0.6052280192723754,0.4189962504049157,-0.6096593002509261,0,0,0,0,-0.9112594335539451,1,1,0.8450105650162265,2.698782456932473,1.997408806949654,1,1
-0.5515261215785943,-0.9085166221651141,-0.39061347244137745,0,0,0,0,-0.040029197544963556,1,0,-0.5769676680779705,-0.44329472199346825,-0.8265127992099395,0,0
-0.5782094266241515,-0.9085166221651141,-1.1025124128224104,0,0,0,0,1.0920323128247316,1,0,-0.5769676680779705,-0.44329472199346825,-0.9943813226936669,0,0
0.08365221272858762,1.0827526866899306,0.48556983879681703,0,0,0,0,-0.6934518745516998,1,0,1.2005051232897757,-0.44329472199346825,0.6208869143830885,0,0
-0.6044345052793976,3.73777843182999,-0.22632910158421599,1,1,1,1,-0.9946178820609773,0,1,1.2005051232897757,1.6514233972904928,2.355528323714939,1,1
-0.5158001098891164,-0.24476018588009918,-0.6644207572033133,0,0,0,0,1.6459626480650098,1,0,-0.9324622263515198,-0.44329472199346825,-0.7407133316515898,0,0
1.9133999235686971,1.7465091229749454,1.0331844083206885,1,0,0,0,-0.8467238605162428,1,0,-0.22147310980442125,-0.44329472199346825,-0.04312635628587788,0,0
-0.6318163261638436,-0.9085166221651141,-1.2120353267271848,0,0,1,0,-1.0094072842154507,0,1,-0.9324622263515198,-0.44329472199346825,-0.12519541221125574,1,1
1.0398315449528293,0.4189962504049157,0.04747818317771972,1,0,1,0,1.4698343133162806,1,0,-0.22147310980442125,0.6040643376485122,1.1170316615683276,1,1
-0.43288851506368464,-0.9085166221651141,-1.1025124128224104,0,0,0,0,-0.798322180737966,0,0,-0.22147310980442125,-0.44329472199346825,-0.30798558222687017,0,0
1.1108231066907892,-0.9085166221651141,0.7046156666063655,1,1,0,1,1.9847744065129471,1,0,1.2005051232897757,0.6040643376485122,1.5907939389557362,1,1
-0.5485532381682829,-0.9085166221651141,-0.6644207572033133,1,0,1,0,-1.0161297397402114,0,1,-0.9324622263515198,-0.44329472199346825,0.11355093229893454,1,1
-0.5776975542174136,-0.24476018588009918,-0.8287051280604746,0,0,0,0,1.6916753456333824,1,0,-0.9324622263515198,-0.44329472199346825,-1.005572557592582,0,0
0.51582396224917,0.4189962504049157,0.4308083818444299,0,0,0,0,-0.3237168206898634,1,0,1.9114942398368742,-0.44329472199346825,-0.24829899609932257,0,0
-0.6229066169356475,-0.24476018588009918,-0.2810905585366032,0,0,0,0,0.37541855388524525,1,0,-0.5769676680779705,-0.44329472199346825,-0.6250705710294665,0,0
-0.620711600763523,-0.9085166221651141,-0.7739436711080876,0,0,0,0,0.9683391311691355,1,0,-0.9324622263515198,-0.44329472199346825,-0.9757292645288083,0,0
-0.6318163261638436,-0.9085166221651141,-0.5548978432985389,1,0,1,0,-1.0134407575303073,0,1,-0.9324622263515198,-0.44329472199346825,-0.19980364487069016,1,1
-0.41262484998385224,-0.9085166221651141,-1.0477509558700233,0,0,0,0,1.9511621288891439,1,0,-0.5769676680779705,-0.44329472199346825,-0.6250705710294665,0,0
-0.47995562991336316,-0.24476018588009918,-0.7191822141557004,0,0,0,0,0.16164446819785624,1,0,-0.5769676680779705,-0.44329472199346825,-1.0167637924914972,0,0
-0.5472841745921895,-0.9085166221651141,-0.33585201548899024,0,0,0,0,1.0409416508365505,1,0,-0.9324622263515198,-0.44329472199346825,-0.6810267455240423,0,0
-0.47852451066264745,-0.9085166221651141,-0.5001363863461518,0,0,0,0,1.6446181569600578,1,0,-0.9324622263515198,-0.44329472199346825,-0.7332525083856464,0,0
-0.5818724436832851,-0.9085166221651141,-0.8834665850128618,0,0,0,0,0.004339008918456804,1,0,-0.5769676680779705,-0.44329472199346825,-0.6213401593964948,0,0
-0.40084284362614486,-0.24476018588009918,-1.0477509558700233,0,0,0,0,0.9979179354780824,1,0,-0.9324622263515198,-0.44329472199346825,-0.8153215643110242,0,0
-0.3901656099192242,1.0827526866899306,-0.39061347244137745,1,0,1,0,1.5101690464648445,1,0,-0.22147310980442125,-0.44329472199346825,1.6094459971205948,0,1
-0.6318163261638436,1.7465091229749454,0.9784229513683013,1,1,0,0,-0.9932733909560252,0,1,1.9114942398368742,0.6040643376485122,1.7810449322372943,1,1
0.3446132596361239,0.4189962504049157,-0.1715676446318288,0,0,0,0,-0.3936303581473743,1,0,1.2005051232897757,-0.44329472199346825,0.13966381372973644,0,0
1.1818252858695006,-0.9085166221651141,0.15700109708249413,1,1,0,0,0.9159039780760023,1,0,0.48951600674267726,-0.44329472199346825,1.2065615407596488,0,1
-0.5154268230248141,-0.9085166221651141,-0.9929894989176362,0,0,0,0,0.10248685957996244,1,0,-0.5769676680779705,-0.44329472199346825,-0.6772963338910706,0,0
1.080829954194241,1.0827526866899306,-0.6644207572033133,0,0,0,0,-0.014483866550873045,1,0,1.2005051232897757,-0.44329472199346825,0.6208869143830885,0,0
-0.630978107157177,-0.9085166221651141,-0.5001363863461518,1,0,1,1,-1.010751775320403,0,1,-0.9324622263515198,-0.44329472199346825,-0.5653839849019189,1,1
-0.32433300676096233,-0.24476018588009918,-1.0477509558700233,0,0,0,0,-0.2618702298620653,1,0,-0.5769676680779705,-0.44329472199346825,-0.8526256806407414,0,0
-0.6024373087928463,-0.24476018588009918,-0.8287051280604746,0,0,0,0,1.6177283348610152,1,0,-0.5769676680779705,-0.44329472199346825,-0.7295220967526747,0,0
0.81756827551974,-0.24476018588009918,0.21176255403488134,0,0,0,0,-0.5065676109633533,1,0,1.555999681563325,-0.44329472199346825,0.6022348562182298,0,0
-0.6152072959530782,-0.24476018588009918,-0.5001363863461518,0,0,0,0,2.189137054465671,1,0,-0.5769676680779705,-0.44329472199346825,-0.6437226291943251,0,0
-0.5830006864662585,-0.9085166221651141,-0.9929894989176362,0,0,0,0,-0.04406267085981995,1,0,-0.9324622263515198,-0.44329472199346825,-0.9346947365661193,0,0
2.416716349499124,1.0827526866899306,2.1284135473684316,1,1,0,0,-0.7512649920646414,1,0,-0.5769676680779705,-0.44329472199346825,-0.6549138640932402,0,0
-0.41310095837963895,-0.24476018588009918,-0.11680618767944173,0,0,0,0,-0.4353095824008904,1,0,-0.5769676680779705,-0.44329472199346825,-0.18115158670583156,0,0
-0.4190294020074571,-0.9085166221651141,-1.1572738697747977,0,0,0,0,0.423820233663522,1,0,-0.5769676680779705,-0.44329472199346825,-0.6735659222580987,0,0
-0.3107678291697393,-0.9085166221651141,-1.1572738697747977,0,0,0,0,2.189137054465671,1,0,-0.5769676680779705,-0.44329472199346825,-0.7556349781834768,0,0
0.6850302038109407,1.0827526866899306,1.0879458652730758,1,0,0,0,-0.7606764297993064,1,0,-0.5769676680779705,-0.44329472199346825,-0.710870038587816,0,0
-0.23869328847516583,0.4189962504049157,-0.062044730727054534,0,0,0,0,-0.5818591128406728,1,0,0.48951600674267726,-0.44329472199346825,0.5425482700906825,0,0
-0.6295810754793991,3.73777843182999,-0.22632910158421599,1,1,1,1,-1.0040293197956422,0,1,1.2005051232897757,2.698782456932473,2.1615469188004095,1,1
-0.5219705194035257,-0.9085166221651141,-0.9929894989176362,0,0,0,0,-0.624882828199141,1,0,-0.5769676680779705,-0.44329472199346825,-0.22964693793446397,0,0
-0.3550196457823597,-0.24476018588009918,-0.938228041965249,0,0,0,0,-0.9112594335539451,0,0,0.134021448469128,1.6514233972904928,1.6243676436524819,0,1
0.3783895739160949,-0.24476018588009918,1.96412917651127,1,0,1,0,1.3421076583458282,1,0,-0.22147310980442125,0.6040643376485122,1.6355588785513968,0,1
-0.6084998674617311,-0.9085166221651141,-1.1572738697747977,0,0,0,0,1.393198320334009,1,0,-0.9324622263515198,-0.44329472199346825,-0.8675473271726284,0,0
-0.19491478619497643,-0.9085166221651141,0.37604692489204267,0,0,0,0,-0.9569721311223176,0,1,1.2005051232897757,1.6514233972904928,1.4266558271049807,0,1
-0.3485145074779549,-0.9085166221651141,-0.8834665850128618,0,0,0,0,0.4695329312318945,1,0,-0.9324622263515198,-0.44329472199346825,-0.9645380296298931,0,0
2.580716133404152,0.4189962504049157,0.81413858051114,1,0,1,0,-0.7405090632250244,1,0,-0.5769676680779705,-0.44329472199346825,-0.17369076343988812,0,0
0.5570894839473727,-0.24476018588009918,1.6903218917493346,1,0,1,0,1.666130014639292,1,0,-0.22147310980442125,-0.44329472199346825,0.6134260911171452,0,1
-0.48934256516268815,-0.24476018588009918,-1.1025124128224104,0,0,0,0,-0.5294239597475396,1,0,-0.5769676680779705,-0.44329472199346825,-1.031685439023384,0,0
1.0089929088848895,0.4189962504049157,0.7046156666063655,0,0,0,0,-0.6773179812922742,1,0,1.555999681563325,-0.44329472199346825,0.12101175556487782,0,0
2.201271712278933,0.4189962504049157,0.7046156666063655,1,1,1,0,-0.7566429564844499,1,0,-0.22147310980442125,-0.44329472199346825,0.01656022984166972,0,0
2.3019596969850813,-0.24476018588009918,1.799844805654109,1,0,0,0,-0.6544616325080879,1,0,-0.22147310980442125,-0.44329472199346825,-0.7332525083856464,0,0
-0.6050022589532464,-0.9085166221651141,-0.5001363863461518,0,0,0,0,0.4870113155962722,1,0,-0.9324622263515198,-0.44329472199346825,-0.9981117343266387,0,0
-0.587528745540272,-0.24476018588009918,-0.8834665850128618,0,0,0,0,-0.11800968163218721,1,0,-0.9324622263515198,-0.44329472199346825,-0.8488952690077698,0,0
3.25842905298563,1.0827526866899306,2.0188906334636574,1,0,0,0,-0.6746289990823698,1,0,-0.22147310980442125,-0.44329472199346825,-0.457202047545739,0,0
-0.5953521229358281,-0.24476018588009918,-0.5548978432985389,0,0,0,0,0.004339008918456804,1,0,-0.5769676680779705,-0.44329472199346825,-0.6661050989921554,0,0
2.2286334159072188,1.0827526866899306,0.5950927527015915,1,0,0,0,-0.6746289990823698,1,0,-0.5769676680779705,-0.44329472199346825,-0.3154464054928136,0,0
0.7082427233562266,1.0827526866899306,0.81413858051114,0,1,0,0,-0.8319344583617694,1,0,-0.5769676680779705,-0.44329472199346825,-0.6549138640932402,0,0
-0.4591409755398152,-0.24476018588009918,-0.22632910158421599,0,0,0,0,1.0624535085157847,1,0,-0.5769676680779705,-0.44329472199346825,-0.8078607410450808,0,0
0.9606986414094512,-0.24476018588009918,1.8546062626064956,1,0,0,0,-0.8050446362627267,1,0,0.134021448469128,-0.44329472199346825,-0.10654335404639712,1,0
-0.62633772673627,-0.24476018588009918,-0.8287051280604746,0,0,0,0,-0.08036393069352751,1,0,-0.5769676680779705,-0.44329472199346825,-0.8712777388056001,0,0
-0.5403297509002113,-0.24476018588009918,-1.1025124128224104,0,0,0,0,1.5384033596688393,1,0,-0.5769676680779705,-0.44329472199346825,-0.5989576895986644,0,0
-0.6261477304280922,-0.24476018588009918,-1.0477509558700233,0,0,0,0,1.688986363423478,1,0,-0.9324622263515198,-0.44329472199346825,-0.7332525083856464,0,0
-0.2303267451632898,0.4189962504049157,1.3617531500350115,1,0,1,0,-0.8655467359855726,1,0,0.134021448469128,-0.44329472199346825,-0.5392711034711168,0,0
0.0655830050082087,1.0827526866899306,0.7046156666063655,0,0,0,0,0.11458727952453163,1,0,0.48951600674267726,-0.44329472199346825,0.4754008606971914,0,0
-0.6248233443975588,-0.24476018588009918,-0.938228041965249,0,0,0,0,-0.23766938997292697,1,0,-0.5769676680779705,-0.44329472199346825,-0.9235035016672043,0,0
2.879606031550686,-0.24476018588009918,0.81413858051114,1,0,0,0,-0.9018479958192802,1,0,-0.22147310980442125,-0.44329472199346825,0.012829818208697946,1,0
0.3600309012320803,0.4189962504049157,1.5807989778445601,0,0,1,0,-0.8238675117320565,1,0,0.134021448469128,-0.44329472199346825,-0.41616751958305004,0,0
0.7586817138633898,0.4189962504049157,0.48556983879681703,0,0,0,0,-0.20405711234912366,1,0,0.8450105650162265,-0.44329472199346825,-0.24829899609932257,0,0
-0.6310004596640214,-0.24476018588009918,-0.5548978432985389,0,0,0,0,-0.2793486142264431,1,0,-0.5769676680779705,-0.44329472199346825,-0.5877664546997492,0,0
-0.38507091479670386,-0.24476018588009918,-0.39061347244137745,0,0,0,0,0.7209527678579432,1,0,-0.5769676680779705,-0.44329472199346825,-0.6772963338910706,0,0
-0.1987733876889989,-0.24476018588009918,1.2522302361302373,0,1,1,1,0.5488579064240703,1,0,0.134021448469128,0.6040643376485122,1.471420766700641,1,1
-0.5894208852446544,-0.24476018588009918,-0.7739436711080876,0,0,0,1,-0.8991590136093759,0,1,1.9114942398368742,0.6040643376485122,1.4378470620038957,1,1
-0.6062797047194065,-0.24476018588009918,-0.22632910158421599,0,0,0,0,-0.462199404499933,1,0,-0.5769676680779705,-0.44329472199346825,-0.710870038587816,0,0
0.43433007517034716,-0.24476018588009918,0.7046156666063655,0,0,0,0,-0.6921073834467476,1,0,1.2005051232897757,-0.44329472199346825,0.5425482700906825,0,0
-0.11377574516230922,1.0827526866899306,1.142707322225463,1,1,1,0,-0.8749581737202375,1,0,-0.5769676680779705,-0.44329472199346825,-0.005822239956160663,0,0
-0.14694910057015126,0.4189962504049157,0.5403312957492042,0,0,0,0,0.2181130946058458,1,0,0.8450105650162265,-0.44329472199346825,-0.16249952854097294,0,0
0.6557014795803433,1.7465091229749454,2.1831750043208187,0,1,1,0,-0.9152929068688015,1,0,-0.5769676680779705,-0.44329472199346825,-0.7481741549175333,0,0
2.808974903985593,1.0827526866899306,0.9236614944159144,1,0,1,0,-0.8090781095775831,1,0,0.134021448469128,-0.44329472199346825,-0.28933352406201157,0,0
2.439385144315419,1.0827526866899306,1.96412917651127,1,1,1,0,-0.6732845079774178,1,0,-0.22147310980442125,-0.44329472199346825,-0.52434945693923,0,0
-0.630978107157177,-0.9085166221651141,-0.9929894989176362,1,1,1,0,-1.0053738109005943,0,1,-0.9324622263515198,-0.44329472199346825,-0.44601081264682385,1,1
1.8990261440423761,1.7465091229749454,1.526037520892173,1,1,0,0,-0.706896785601221,1,0,-0.22147310980442125,-0.44329472199346825,-0.6288009826624381,0,0
-0.5485532381682829,-0.9085166221651141,-1.1025124128224104,1,1,1,0,-1.0094072842154507,0,1,-0.9324622263515198,-0.44329472199346825,-0.7295220967526747,1,1
-0.5997421552800772,-0.9085166221651141,-1.1025124128224104,0,0,0,0,1.6338622281204407,1,0,-0.5769676680779705,-0.44329472199346825,-0.684757157157014,0,0
-0.5468399185186562,-0.9085166221651141,-0.44537492939376466,0,0,0,0,1.6284842637006323,1,0,-0.5769676680779705,-0.44329472199346825,-1.046607085555271,0,0
-0.6044345052793976,1.7465091229749454,0.04747818317771972,1,1,1,0,-1.001340337585738,0,1,2.622483356383973,2.698782456932473,2.329415442284137,1,1
-0.6274961454034834,-0.24476018588009918,-0.7739436711080876,0,0,0,0,1.2950504696725036,1,0,-0.9324622263515198,-0.44329472199346825,-0.5989576895986644,0,0
-0.630978107157177,-0.9085166221651141,-0.7191822141557004,1,1,1,0,-0.9986513553758337,0,1,-0.9324622263515198,-0.44329472199346825,0.0837076392351606,1,1
0.2701928233482259,0.4189962504049157,-0.44537492939376466,1,1,0,1,0.9185929602859066,1,0,0.8450105650162265,-0.44329472199346825,1.2662481268871961,1,1
-0.630978107157177,-0.9085166221651141,-0.7191822141557004,1,1,1,0,-1.001340337585738,0,1,-0.9324622263515198,-0.44329472199346825,-0.14757788200908611,1,1
-0.5890967738954099,-0.24476018588009918,-0.22632910158421599,0,0,0,0,2.0291426129763677,1,0,-0.9324622263515198,-0.44329472199346825,-0.9608076179969215,0,0
-0.6192251590583674,-0.9085166221651141,-0.6096593002509261,0,0,0,0,-0.18792321908969808,1,0,-0.5769676680779705,-0.44329472199346825,-0.9981117343266387,0,0
-0.40385931442480283,-0.24476018588009918,-0.2810905585366032,0,0,0,0,0.13206566388890936,1,0,-0.9324622263515198,-0.44329472199346825,-0.6101489244975795,0,0
2.992829860907871,1.7465091229749454,0.81413858051114,1,0,0,0,-0.7243751699655988,1,0,-0.5769676680779705,-0.44329472199346825,-0.52434945693923,0,0
2.289475263099787,1.0827526866899306,0.32128546793965546,1,0,0,0,-0.7001743300764603,1,0,0.134021448469128,-0.44329472199346825,-0.457202047545739,0,0
-0.4773130047916785,-0.24476018588009918,-1.0477509558700233,0,0,0,0,-0.6773179812922742,1,0,-0.5769676680779705,-0.44329472199346825,-0.3527505218225308,0,0
-0.38090943683493916,0.4189962504049157,0.4308083818444299,1,0,1,1,-1.0053738109005943,0,1,1.2005051232897757,1.6514233972904928,1.7810449322372943,1,1
-0.3959454093765267,-0.9085166221651141,-0.9929894989176362,0,0,0,0,0.6187714438815811,1,0,-0.9324622263515198,-0.44329472199346825,-0.7966695061461656,0,0
0.1474417967612671,1.0827526866899306,0.2665240109872685,0,0,0,0,-0.6154713904644761,1,0,0.8450105650162265,-0.44329472199346825,0.19935039985728403,0,0
-0.6032665867967753,-0.9085166221651141,-0.22632910158421599,0,0,0,0,0.6833070169192835,1,0,-0.9324622263515198,-0.44329472199346825,-0.6213401593964948,0,0
-0.6143629300070292,-0.9085166221651141,-0.6644207572033133,0,0,0,0,-0.940838237862892,1,0,-0.22147310980442125,-0.44329472199346825,-0.08416088424856687,1,0
-0.5295776362953618,-0.9085166221651141,-1.0477509558700233,0,0,0,0,0.993884462163226,1,0,-0.9324622263515198,-0.44329472199346825,-0.6810267455240423,0,0
0.2908996268762495,0.4189962504049157,-0.39061347244137745,0,0,0,0,-0.7593319386943542,1,0,0.8450105650162265,-0.44329472199346825,0.07624681596921731,0,0
-0.5838260527814897,-0.24476018588009918,-0.8287051280604746,0,0,0,0,2.123256990323017,1,0,-0.5769676680779705,-0.44329472199346825,-0.6362618059283816,0,0
-0.6015342675163307,-0.24476018588009918,-1.0477509558700233,0,0,0,0,2.174347652311198,1,0,-0.5769676680779705,-0.44329472199346825,-0.792939094513194,0,0
0.776018876984613,0.4189962504049157,0.04747818317771972,0,0,0,0,0.21676860350089366,1,0,1.2005051232897757,-0.44329472199346825,0.065055581070302,0,0
0.053229333287954615,0.4189962504049157,-0.5548978432985389,0,0,0,0,-0.22556897002835777,1,0,1.9114942398368742,-0.44329472199346825,0.6432693841809188,0,0
1.1892239656350119,1.0827526866899306,-0.44537492939376466,0,0,0,0,-0.054818599699437004,1,0,1.555999681563325,-0.44329472199346825,-0.21472529140257712,0,0
-0.6246003781417855,-0.24476018588009918,-0.33585201548899024,0,0,0,0,-0.07364147516876686,1,0,-0.5769676680779705,-0.44329472199346825,-0.684757157157014,0,0
0.7646565389429101,2.4102655592599604,2.0736520904160445,1,1,1,0,-1.012096266425355,1,1,2.2669887981104235,1.6514233972904928,1.7959665787691808,1,1
-0.6111357868313624,-0.24476018588009918,-0.7191822141557004,0,0,0,0,0.8043112163649754,1,0,-0.5769676680779705,-0.44329472199346825,-0.6474530408272967,0,0
-0.16761064027181474,1.7465091229749454,0.48556983879681703,1,0,1,0,-0.9502496755975569,0,0,-0.5769676680779705,-0.44329472199346825,-0.281872700796068,0,0
0.4066459366308299,1.0827526866899306,0.7593771235587528,1,0,0,0,0.301471543112878,1,0,0.8450105650162265,0.6040643376485122,1.2401352454563943,1,1
-0.615537554241705,-0.9085166221651141,-1.1025124128224104,0,0,0,0,1.2762275942031738,1,0,-0.9324622263515198,-0.44329472199346825,-0.7556349781834768,0,0
-0.5730281155376089,-0.9085166221651141,-0.8834665850128618,0,0,0,0,-0.12069866384209148,1,0,-0.9324622263515198,-0.44329472199346825,-0.6288009826624381,0,0
-0.5630683973003949,-0.24476018588009918,-0.9929894989176362,0,0,0,0,0.3310503474218249,1,0,-0.9324622263515198,-0.44329472199346825,-0.6511834524602685,0,0
-0.5131764843982496,-0.9085166221651141,-0.22632910158421599,0,0,0,0,1.483279224365802,1,0,-0.5769676680779705,-0.44329472199346825,-0.6138793361305513,0,0
-0.36782539695354277,0.4189962504049157,1.7450833487017219,1,1,0,1,0.49238928001608073,1,0,1.2005051232897757,0.6040643376485122,1.4527687085357823,0,1
-0.5405068945169536,-0.9085166221651141,-0.8287051280604746,0,0,0,0,2.13804639247749,1,0,-0.9324622263515198,-0.44329472199346825,-0.8153215643110242,0,0
0.8830359740037663,1.7465091229749454,1.4165146069873986,0,0,0,0,-0.8131115828924395,1,0,-0.22147310980442125,-0.44329472199346825,0.01656022984166972,0,0
-0.20351100151467919,-0.24476018588009918,-0.1715676446318288,0,0,0,0,-0.6235383370941888,1,0,0.8450105650162265,-0.44329472199346825,0.21054163475619908,0,0
0.5086281314832718,0.4189962504049157,-0.44537492939376466,0,0,0,0,0.4533990379724689,1,0,1.2005051232897757,-0.44329472199346825,0.3858709815058701,0,0
-0.5242124758400236,-0.9085166221651141,-0.6096593002509261,0,0,0,0,1.8288134383385,1,0,-0.9324622263515198,-0.44329472199346825,-0.7034092153218726,0,0
-0.3566491435313198,-0.24476018588009918,-0.6096593002509261,0,0,0,0,-0.7606764297993064,1,0,-0.22147310980442125,-0.44329472199346825,0.2030808114902558,0,0
1.5693948432326756,-0.24476018588009918,1.8546062626064956,1,0,0,0,-0.6719400168724656,1,0,0.134021448469128,-0.44329472199346825,-0.11773458894531232,0,0
-0.559403144990577,0.4189962504049157,-0.6644207572033133,0,0,0,0,-0.9045369780291844,0,0,0.134021448469128,0.6040643376485122,1.3595084177114893,1,1
-0.5567543729295101,-0.9085166221651141,-1.1572738697747977,0,0,0,0,0.7760769031609807,1,0,-0.5769676680779705,-0.44329472199346825,-0.5877664546997492,0,0
3.4900904339214662,1.0827526866899306,0.9236614944159144,1,0,0,0,-0.7620209209042584,1,0,-0.22147310980442125,-0.44329472199346825,-0.1401170587431427,1,0
-0.630978107157177,-0.9085166221651141,-0.938228041965249,1,0,1,0,-1.0174742308451636,0,1,-0.9324622263515198,-0.44329472199346825,-0.4049762846841349,1,1
2.963456990476256,1.0827526866899306,0.2665240109872685,1,1,0,0,-0.8763026648251897,1,0,-0.22147310980442125,-0.44329472199346825,-0.39378504978521967,0,0
-0.4958560856571596,-0.24476018588009918,-0.5548978432985389,0,0,0,0,-0.5966485149951463,1,0,-0.5769676680779705,-0.44329472199346825,-0.7183308618537596,0,0
-0.5823278760102406,-0.9085166221651141,-0.6644207572033133,0,0,0,0,1.2654716653635567,1,0,-0.5769676680779705,-0.44329472199346825,-0.7593653898164484,0,0
-0.602586511776033,-0.9085166221651141,-0.938228041965249,0,0,0,0,-0.5522803085317258,1,0,-0.22147310980442125,-0.44329472199346825,-0.6026881012316361,0,0
-0.6318163261638436,-0.9085166221651141,-0.7191822141557004,1,1,1,0,-1.0040293197956422,0,1,-0.9324622263515198,-0.44329472199346825,0.020290641474641363,0,1
-0.1463416711966534,0.4189962504049157,1.3069916930826242,1,1,1,0,-0.8561352982509077,0,0,-0.22147310980442125,-0.44329472199346825,-0.08043047261559509,0,0
-0.4408689188198229,-0.24476018588009918,-0.062044730727054534,0,0,0,0,-0.7593319386943542,1,1,-0.22147310980442125,-0.44329472199346825,-0.5691143965348906,0,0
-0.6267870121238434,-0.9085166221651141,-0.6644207572033133,1,1,1,0,-1.0080627931104986,0,1,-0.9324622263515198,-0.44329472199346825,0.13220299046379314,1,1
-0.6318163261638436,-0.9085166221651141,-0.39061347244137745,1,1,0,0,-1.0147852486352593,0,1,-0.9324622263515198,-0.44329472199346825,-0.550462338370032,0,1
-0.5393445641610424,-0.24476018588009918,-0.8834665850128618,0,0,0,0,-0.4151422158266084,1,1,-0.22147310980442125,-0.44329472199346825,-0.6288009826624381,1,0
-0.2372671985384902,-0.24476018588009918,0.37604692489204267,0,0,0,0,-1.001340337585738,0,1,1.9114942398368742,0.6040643376485122,2.086938686140975,1,1
-0.12075810948784292,0.4189962504049157,-0.7191822141557004,0,0,0,0,0.2665147743841226,1,0,0.8450105650162265,-0.44329472199346825,0.24038492781997303,0,0
-0.5751901617621379,-0.9085166221651141,-0.44537492939376466,0,0,0,0,0.8016222341550712,1,0,-0.9324622263515198,-0.44329472199346825,-0.6325313942954099,0,0
-0.5552159616459411,-0.24476018588009918,-0.2810905585366032,0,0,0,0,0.18181183477213825,1,0,-0.5769676680779705,-0.44329472199346825,-0.8526256806407414,0,0
-0.4312981342017023,-0.24476018588009918,-0.33585201548899024,0,0,0,0,-0.1637223792005597,1,0,-0.9324622263515198,-0.44329472199346825,-0.8824689737045153,0,0
-0.3034870588778321,-0.24476018588009918,-1.1572738697747977,0,0,0,0,0.47625538675665513,1,0,-0.5769676680779705,-0.44329472199346825,-0.8750081504385718,0,0
-0.602416073911344,-0.9085166221651141,-0.9929894989176362,0,0,0,0,1.0799318928801624,1,0,-0.5769676680779705,-0.44329472199346825,-0.8115911526780526,0,0
-0.45135671503123687,-0.24476018588009918,-0.8287051280604746,0,0,0,0,0.0755970374809198,1,0,-0.5769676680779705,-0.44329472199346825,-0.8227823875769676,0,0
-0.49028863501487935,-0.9085166221651141,-0.6644207572033133,0,0,0,0,0.3969304115644794,1,0,-0.5769676680779705,-0.44329472199346825,-0.8787385620715434,0,0
-0.5291691442327796,-0.24476018588009918,-0.33585201548899024,0,0,0,0,-0.3156498740601506,1,0,-0.9324622263515198,-0.44329472199346825,-0.9719988528958365,0,0
-0.559292500081697,-0.24476018588009918,-0.5001363863461518,0,0,0,0,1.676885943478909,1,0,-0.9324622263515198,-0.44329472199346825,-0.9458859714650345,0,0
0.7646565389429101,2.4102655592599604,-0.6096593002509261,1,0,1,1,-0.9852064443263124,0,1,2.977977914657522,2.698782456932473,2.0570953930772014,1,1
-0.27947990771422615,-0.9085166221651141,-0.007283273774667328,0,0,0,1,-0.9986513553758337,0,0,0.48951600674267726,0.6040643376485122,1.6131764087535667,0,1
-0.6012464789907085,-0.9085166221651141,-0.33585201548899024,0,0,0,0,-0.5549692907416302,1,0,-0.9324622263515198,-0.44329472199346825,-0.9496163830980062,0,0
-0.5775114695979336,-0.9085166221651141,-1.0477509558700233,0,0,0,0,-0.11263171721237869,1,0,-0.5769676680779705,-0.44329472199346825,-0.6437226291943251,0,0
-0.6243707061339588,-0.24476018588009918,-0.8834665850128618,0,0,0,0,0.3633181339406761,1,0,-0.5769676680779705,-0.44329472199346825,-0.6437226291943251,0,0
-0.07846549010013806,1.0827526866899306,-0.007283273774667328,1,0,1,0,1.5921830038669247,1,0,0.8450105650162265,0.6040643376485122,1.0125801358451192,0,1
-0.5801652709730405,-0.24476018588009918,-0.22632910158421599,0,0,0,0,1.9162053601603883,1,0,-0.5769676680779705,-0.44329472199346825,-0.6437226291943251,0,0
2.5349337288853584,1.7465091229749454,0.5950927527015915,1,0,0,0,-0.7714323586389233,1,0,0.134021448469128,-0.44329472199346825,-0.3340984636576722,0,0
-0.6318163261638436,-0.9085166221651141,-0.2810905585366032,1,1,1,0,-1.0067183020055466,0,1,-0.9324622263515198,-0.44329472199346825,0.05386434617138694,1,1
-0.5485532381682829,-0.9085166221651141,-0.6096593002509261,1,1,1,0,-1.001340337585738,0,1,-0.9324622263515198,-0.44329472199346825,-0.04312635628587788,1,1
0.96209120258586,0.4189962504049157,1.4712760639397857,1,0,0,0,-0.7741213408488277,1,0,-0.5769676680779705,-0.44329472199346825,-0.05804800281776471,1,0
-0.6214330279219276,-0.9085166221651141,-0.8287051280604746,0,0,0,0,0.4735664045467509,1,0,-0.5769676680779705,-0.44329472199346825,-0.6288009826624381,0,0
-0.5670627902734974,-0.24476018588009918,-0.7191822141557004,0,0,0,0,1.6096613882313022,1,0,-0.5769676680779705,-0.44329472199346825,-0.8078607410450808,0,0
-0.6318163261638436,-0.9085166221651141,-0.6644207572033133,1,1,0,0,-1.012096266425355,0,1,-0.9324622263515198,-0.44329472199346825,-0.7630958014494202,0,1
-0.5757227102377069,-0.24476018588009918,-0.938228041965249,0,0,0,0,1.5572262351381692,1,0,-0.5769676680779705,-0.44329472199346825,-0.8265127992099395,0,0
-0.1214482431366652,0.4189962504049157,-0.6644207572033133,0,0,0,0,-0.940838237862892,1,0,0.134021448469128,2.698782456932473,1.8183490485670115,0,1
-0.5594428206902259,-0.9085166221651141,-0.6644207572033133,0,0,0,0,-0.9112594335539451,1,0,-0.5769676680779705,-0.44329472199346825,0.06132516943733022,0,0
-0.6217934620947941,-0.9085166221651141,-0.938228041965249,0,0,0,0,0.40096388487933576,1,0,-0.5769676680779705,-0.44329472199346825,-0.804130329412109,0,0
-0.5472025879422073,-0.9085166221651141,-0.8287051280604746,0,0,0,0,-0.7189972055457903,1,0,-0.5769676680779705,-0.44329472199346825,-0.8227823875769676,0,0
-0.630978107157177,-0.9085166221651141,-0.7739436711080876,1,1,0,1,-1.0026848286906902,0,1,-0.9324622263515198,-0.44329472199346825,-0.16996035180691638,1,1
0.4415275823742589,0.4189962504049157,0.48556983879681703,0,0,0,0,0.1683669237226169,1,0,0.48951600674267726,-0.44329472199346825,-0.3415592869236156,0,0
-0.43106957981921784,-0.24476018588009918,-0.007283273774667328,0,0,0,0,-0.6490836680882793,1,0,-0.5769676680779705,-0.44329472199346825,-0.6325313942954099,0,0
0.6440854405859558,1.0827526866899306,-0.5548978432985389,0,0,0,0,0.17105590593252118,1,0,1.555999681563325,-0.44329472199346825,0.359758100075068,0,0
-0.5659541059340129,-0.9085166221651141,-0.39061347244137745,0,0,0,0,0.45474352907742105,1,0,-0.9324622263515198,-0.44329472199346825,-0.6772963338910706,0,0
-0.4995788956721021,-0.9085166221651141,-0.39061347244137745,0,0,0,0,1.5800825839223553,1,0,-0.5769676680779705,-0.44329472199346825,-0.8600865039066848,0,0
-0.5475803453078785,-0.9085166221651141,-1.1572738697747977,0,0,0,0,-0.39766383146223067,1,0,-0.9324622263515198,-0.44329472199346825,-0.6661050989921554,0,0
-0.4802613004444609,-0.9085166221651141,-0.39061347244137745,0,0,0,0,1.0476641063613112,1,0,-0.9324622263515198,-0.44329472199346825,-0.6250705710294665,0,0
2.7901999158616007,-0.24476018588009918,0.8689000374635272,1,0,0,0,-0.9031924869242324,0,0,-0.22147310980442125,-0.44329472199346825,0.005368994942754528,0,0
0.7646565389429101,1.0827526866899306,2.2926979182255933,1,1,1,1,-0.991928899851073,0,0,0.48951600674267726,2.698782456932473,1.822079460199983,1,1
3.9391265910435127,0.4189962504049157,1.3617531500350115,1,0,1,0,-0.7889107430033011,1,0,-0.5769676680779705,-0.44329472199346825,-0.322907228758757,1,0
-0.6097102557073578,-0.9085166221651141,-0.44537492939376466,0,0,0,0,1.8973824846910585,1,0,-0.9324622263515198,-0.44329472199346825,-0.8339736224758828,0,0
-0.5812622202464316,-0.24476018588009918,0.32128546793965546,0,0,1,0,-0.9381492556529878,0,1,1.2005051232897757,2.698782456932473,1.900418104492389,1,1
-0.594361348069948,-0.24476018588009918,-1.1025124128224104,0,0,0,0,0.5676807818934001,1,0,-0.5769676680779705,-0.44329472199346825,-0.7854782712472504,0,0
-0.5779926073077604,-0.24476018588009918,-0.39061347244137745,0,0,0,0,1.0382526686266464,1,0,-0.5769676680779705,-0.44329472199346825,-0.8339736224758828,0,0
-0.6176940123395228,-0.9085166221651141,-0.5001363863461518,0,0,0,0,1.80999056286917,1,0,-0.5769676680779705,-0.44329472199346825,-0.5914968663327209,0,0
-0.4152138290891102,-0.24476018588009918,-0.007283273774667328,0,0,0,0,-0.431276109086034,1,0,-0.22147310980442125,-0.44329472199346825,0.19188957659134048,0,0
-0.5710806533787866,-0.24476018588009918,-1.1025124128224104,0,0,0,0,1.8758706270118244,1,0,-0.9324622263515198,-0.44329472199346825,-0.5914968663327209,0,0
-0.41637783588303473,-0.24476018588009918,-0.7739436711080876,0,0,0,0,-0.6773179812922742,1,0,-0.9324622263515198,-0.44329472199346825,-1.0167637924914972,0,0
-0.5798696590700226,-0.24476018588009918,-0.7739436711080876,0,0,0,0,-0.9623500955421261,0,1,0.134021448469128,2.698782456932473,2.0160608651145124,1,1
3.6499181224239785,-0.24476018588009918,1.0879458652730758,1,0,1,0,-0.7257196610705509,1,0,0.134021448469128,-0.44329472199346825,-0.5467319267370603,0,0
3.037869603386758,-0.24476018588009918,0.5950927527015915,1,0,0,0,-0.8655467359855726,1,0,0.134021448469128,-0.44329472199346825,0.042673111272471746,0,0
-0.2983554821190184,-0.9085166221651141,-0.5001363863461518,0,0,0,1,-0.9018479958192802,0,0,0.134021448469128,2.698782456932473,1.8854964579605022,1,1
-0.5612354917391504,-0.9085166221651141,-0.2810905585366032,0,0,0,0,1.3864758648092483,1,0,-0.9324622263515198,-0.44329472199346825,-0.6474530408272967,0,0
-0.6189653111663007,-0.24476018588009918,-0.22632910158421599,0,0,0,0,0.9844730244285611,1,0,-0.5769676680779705,-0.44329472199346825,-0.658644275726212,0,0
0.7012760057854838,0.4189962504049157,1.3069916930826242,0,0,0,0,-0.8574797893558599,0,0,0.134021448469128,-0.44329472199346825,-0.01328306322210408,0,0
1.2196233749434582,-0.24476018588009918,0.32128546793965546,0,0,0,0,-0.7458870276448328,1,0,1.2005051232897757,-0.44329472199346825,0.5910436213193148,0,0
-0.6318163261638436,-0.9085166221651141,-1.1572738697747977,1,1,1,1,-1.0053738109005943,0,1,-0.9324622263515198,-0.44329472199346825,-0.5691143965348906,1,1
1.8526882797284976,-0.24476018588009918,1.7450833487017219,1,1,1,0,1.0167408109474123,1,0,0.48951600674267726,0.6040643376485122,0.964084784616487,1,1
-0.39340504697365547,0.4189962504049157,0.2665240109872685,1,1,1,0,1.126989081553487,1,0,1.2005051232897757,-0.44329472199346825,0.7029559703084665,1,1
-0.6244640278500344,-0.24476018588009918,-0.33585201548899024,0,0,0,0,-0.4366540735058425,1,0,-0.9324622263515198,-0.44329472199346825,-0.8003999177791374,0,0
-0.5616993062561727,-0.9085166221651141,-1.0477509558700233,0,0,0,0,0.6053265328320598,1,0,-0.5769676680779705,-0.44329472199346825,-0.6399922175613534,0,0
-0.5330283045394731,-0.9085166221651141,-0.7739436711080876,0,0,0,0,0.6039820417271077,1,0,-0.5769676680779705,-0.44329472199346825,-0.8153215643110242,0,0
-0.09743550384634811,0.4189962504049157,1.909367719558883,1,0,1,0,-0.9247043446034664,0,0,-0.5769676680779705,-0.44329472199346825,-0.08789129588153852,0,0
-0.630978107157177,-0.9085166221651141,-0.6644207572033133,1,1,1,1,-1.0067183020055466,0,1,-0.9324622263515198,-0.44329472199346825,0.05759475780435871,1,1
-0.3586318108884222,-0.9085166221651141,-0.5001363863461518,0,0,0,0,-0.5912705505753377,1,0,-0.22147310980442125,-0.44329472199346825,-0.4422804010138521,1,0
-0.6318163261638436,3.074021995544975,3.333165600320949,1,1,0,1,-1.0094072842154507,0,0,0.8450105650162265,0.6040643376485122,1.9489134557210217,1,1
-0.4947501953810307,-0.24476018588009918,-1.2120353267271848,0,0,0,0,1.9457841644693354,1,0,-0.5769676680779705,-0.44329472199346825,-0.6064185128646079,0,0
3.1189544395903277,1.0827526866899306,2.0188906334636574,1,1,1,0,-0.9354602734430835,1,0,-0.5769676680779705,-0.44329472199346825,-0.03193512138696269,0,0
-0.5708643928750665,-0.24476018588009918,0.04747818317771972,0,0,0,0,-0.5576582729515344,1,0,-0.22147310980442125,-0.44329472199346825,0.07624681596921731,0,0
3.2994878139955217,1.0827526866899306,2.1284135473684316,1,0,1,0,-0.8010111629478703,1,0,-0.22147310980442125,-0.44329472199346825,-0.1587691169080013,1,0
-0.6318163261638436,-0.9085166221651141,-0.6644207572033133,1,0,1,1,-1.0026848286906902,0,1,-0.9324622263515198,-0.44329472199346825,-0.6922179804229573,1,1
-0.6044345052793976,3.074021995544975,-0.007283273774667328,1,1,1,1,-1.0040293197956422,1,1,1.2005051232897757,3.746141516574454,2.079477862875032,1,1
-0.38090943683493916,3.73777843182999,1.0331844083206885,1,1,1,1,-0.9932733909560252,0,1,0.8450105650162265,2.698782456932473,2.236155151459844,1,1
0.3758883284002013,0.4189962504049157,0.32128546793965546,0,0,0,0,0.32029441858220786,1,0,0.8450105650162265,-0.44329472199346825,-0.27814228916309636,0,0
-0.3887132557870063,0.4189962504049157,0.7046156666063655,0,0,0,0,0.33239483852677704,1,0,0.48951600674267726,-0.44329472199346825,-0.39378504978521967,0,0
1.9152881515843818,0.4189962504049157,2.1284135473684316,1,0,0,0,-0.909914942448993,1,0,0.134021448469128,-0.44329472199346825,-0.5168886336732865,0,0
-0.6318163261638436,3.074021995544975,2.621266659939916,1,1,1,0,-1.012096266425355,0,1,0.48951600674267726,1.6514233972904928,2.0832082745080034,1,1
1.404200317836812,0.4189962504049157,1.6903218917493346,1,1,1,0,-0.7539539742745457,1,0,0.134021448469128,-0.44329472199346825,-0.322907228758757,0,0
-0.18278016904179792,-0.24476018588009918,0.2665240109872685,0,0,0,0,-0.3653960449433795,1,0,0.48951600674267726,-0.44329472199346825,0.10609010903299099,0,0
-0.6295810754793991,3.73777843182999,1.4712760639397857,1,1,0,1,-0.9959623731659294,1,1,2.622483356383973,1.6514233972904928,1.8593835765297002,1,1
1.4768493179572877,1.7465091229749454,2.1831750043208187,1,0,0,0,-0.6544616325080879,1,0,-0.5769676680779705,-0.44329472199346825,-0.18115158670583156,0,0
-0.5962763990938459,-0.9085166221651141,-0.2810905585366032,0,0,0,0,-0.5321129419574439,1,0,-0.9324622263515198,-0.44329472199346825,-0.9272339133001759,0,0
-0.5485532381682829,-0.9085166221651141,-0.2810905585366032,1,1,1,1,-1.0094072842154507,0,1,-0.9324622263515198,-0.44329472199346825,-0.6138793361305513,0,1
0.7646565389429101,2.4102655592599604,2.566505202987529,1,1,1,1,-0.9784839888015517,0,1,2.977977914657522,0.6040643376485122,2.1764685653322964,1,1
1.0800643808348185,1.7465091229749454,1.7450833487017219,1,0,1,0,-0.8225230206271044,1,0,0.134021448469128,-0.44329472199346825,-0.4198979312160218,0,0
-0.5476725493986118,-0.9085166221651141,-0.2810905585366032,0,0,0,0,1.0490085974662635,1,0,-0.5769676680779705,-0.44329472199346825,-0.9831900877947517,0,0
3.5636055936821642,0.4189962504049157,0.7046156666063655,1,0,0,0,-0.6719400168724656,0,0,-0.22147310980442125,-0.44329472199346825,-0.5168886336732865,1,0
-0.6097734015391935,-0.9085166221651141,-0.2810905585366032,0,0,0,0,0.03257332212245158,1,0,-0.9324622263515198,-0.44329472199346825,-0.6362618059283816,0,0
-0.4983053615946398,-0.9085166221651141,-0.5548978432985389,0,0,0,0,-0.7566429564844499,0,0,-0.5769676680779705,-0.44329472199346825,-0.005822239956160663,0,0
0.7559077677639938,0.4189962504049157,1.6903218917493346,0,0,1,0,1.535714377458935,1,0,1.2005051232897757,0.6040643376485122,0.71041679357441,0,1
0.7646565389429101,3.73777843182999,2.949835401654239,0,1,0,1,-1.0147852486352593,1,1,0.8450105650162265,2.698782456932473,1.7698536973383787,1,1
-0.499573307545391,-0.24476018588009918,-0.9929894989176362,0,0,0,0,-0.716308223335886,1,0,-0.9324622263515198,-0.44329472199346825,-0.9831900877947517,0,0
1.3490136548758886,0.4189962504049157,1.19746877917785,1,1,1,1,0.800277743050119,1,0,1.2005051232897757,-0.44329472199346825,1.072266721972667,1,1
-0.6142070212717892,-0.24476018588009918,-0.7739436711080876,0,0,0,0,1.0974102772445402,1,0,-0.9324622263515198,-0.44329472199346825,-0.7593653898164484,0,0
-0.6286037121176257,-0.24476018588009918,-0.1715676446318288,0,0,0,0,0.1011423684750103,1,0,-0.9324622263515198,-0.44329472199346825,-0.6511834524602685,0,0
3.5896971161090145,1.7465091229749454,0.37604692489204267,1,0,0,0,-0.8373124227815779,1,0,-0.22147310980442125,-0.44329472199346825,-0.37513299162036107,0,0
-0.6318163261638436,1.7465091229749454,1.526037520892173,1,1,1,1,-0.9784839888015517,0,1,1.2005051232897757,0.6040643376485122,1.9563742789869647,1,1
-0.630978107157177,-0.9085166221651141,-0.7739436711080876,0,1,1,1,-1.0040293197956422,0,1,-0.9324622263515198,-0.44329472199346825,-0.5914968663327209,1,1
-0.5216626136217435,-0.24476018588009918,-0.5548978432985389,0,0,0,0,-0.5616917462663908,1,1,-0.22147310980442125,-0.44329472199346825,-0.41243710795007826,1,0
-0.38090943683493916,3.074021995544975,-0.5548978432985389,1,1,0,0,-0.9798284799065039,0,1,2.622483356383973,1.6514233972904928,1.8631139881626717,1,1
1.0546233163571415,-0.24476018588009918,-0.5001363863461518,0,0,0,0,-0.06826351074895833,1,0,0.8450105650162265,-0.44329472199346825,0.4455575676334177,0,0
2.0986630884221755,1.0827526866899306,2.0736520904160445,1,0,1,0,-0.7526094831695935,0,0,-0.22147310980442125,-0.44329472199346825,-0.1587691169080013,0,0
-0.5997293025886417,-0.9085166221651141,-0.2810905585366032,0,0,0,0,1.8422583493880211,1,0,-0.5769676680779705,-0.44329472199346825,-0.7257916851197029,0,0
-0.5937237428122102,-0.9085166221651141,-0.6644207572033133,0,0,0,0,0.01509493775807386,1,0,-0.5769676680779705,-0.44329472199346825,-0.9869204994277235,0,0
0.11938660660813204,0.4189962504049157,0.5950927527015915,1,0,0,0,-0.8198340384172002,1,0,-0.5769676680779705,-0.44329472199346825,-0.7146004502207878,0,0
-0.630978107157177,-0.9085166221651141,-0.8834665850128618,1,1,0,1,-1.0161297397402114,0,1,-0.9324622263515198,-0.44329472199346825,-0.028204709753991045,1,1
-0.5713371483948265,-0.24476018588009918,-0.39061347244137745,0,0,0,0,0.5999485684122513,1,0,-0.9324622263515198,-0.44329472199346825,-0.6735659222580987,0,0
-0.6086708641390911,-0.24476018588009918,-0.22632910158421599,0,0,0,0,2.0251091396615113,1,0,-0.5769676680779705,-0.44329472199346825,-0.7668262130823918,0,0
-0.5806659671263561,-0.24476018588009918,-0.9929894989176362,0,0,0,0,-0.2013681301392194,1,0,-0.5769676680779705,-0.44329472199346825,-0.8153215643110242,0,0
0.5865366764642456,1.0827526866899306,2.2379364612732062,1,0,1,0,-0.8346234405716736,1,0,0.134021448469128,-0.44329472199346825,0.020290641474641363,0,0
0.7646565389429101,1.0827526866899306,2.566505202987529,1,1,1,0,-1.001340337585738,0,1,1.555999681563325,2.698782456932473,1.8407315183648416,1,1
3.605166168470714,1.0827526866899306,1.96412917651127,1,0,1,0,-0.8090781095775831,1,0,0.134021448469128,-0.44329472199346825,-0.4870453406095127,1,0
-0.5076822382158849,-0.24476018588009918,-0.938228041965249,0,0,0,0,-0.6947963656566518,0,0,-0.5769676680779705,-0.44329472199346825,-0.47585410571059766,0,0
-0.46762319307461125,-0.24476018588009918,-0.8287051280604746,0,0,0,0,-0.11666519052723508,1,0,-0.5769676680779705,-0.44329472199346825,-0.6959483920559292,0,0
2.2816446211395065,0.4189962504049157,0.2665240109872685,1,1,1,0,-0.7458870276448328,0,0,0.134021448469128,-0.44329472199346825,0.024021053107613138,1,0
-0.43567587266718705,-0.9085166221651141,-0.22632910158421599,0,0,0,0,-0.5832036039456249,1,0,-0.22147310980442125,-0.44329472199346825,0.13220299046379314,0,0
-0.5856287824584941,-0.9085166221651141,-0.938228041965249,0,0,0,0,2.0761998016496923,1,0,-0.9324622263515198,-0.44329472199346825,-0.7892086828802222,0,0
-0.5461414026797673,-0.9085166221651141,-0.2810905585366032,0,0,0,0,1.4873126976806583,1,0,-0.5769676680779705,-0.44329472199346825,-1.0167637924914972,0,0
-0.4710839199468026,-0.24476018588009918,-0.6644207572033133,0,0,0,0,0.8984255937116247,1,0,-0.5769676680779705,-0.44329472199346825,-0.6325313942954099,0,0
1.2739159376306037,1.0827526866899306,2.1831750043208187,1,0,1,0,-0.787566251898349,1,0,0.134021448469128,-0.44329472199346825,-0.4049762846841349,0,0
2.700161783041488,-0.24476018588009918,0.5950927527015915,1,0,0,0,-0.7633654120092106,1,0,-0.5769676680779705,-0.44329472199346825,-0.25949023099823776,0,0
-0.5596518166292215,-0.24476018588009918,-0.062044730727054534,0,0,0,1,-0.9139484157638494,0,1,0.134021448469128,0.6040643376485122,1.6206372320195097,1,1
3.0747473279913966,1.7465091229749454,1.8546062626064956,1,1,0,0,-0.6208493548842846,1,0,-0.22147310980442125,-0.44329472199346825,-0.009552651589132438,0,0
-0.6318163261638436,1.7465091229749454,2.949835401654239,1,1,1,0,-1.0134407575303073,0,1,0.48951600674267726,3.746141516574454,1.799696990402153,1,1
-0.5485532381682829,-0.9085166221651141,-0.33585201548899024,1,1,1,0,-1.0040293197956422,0,1,-0.9324622263515198,-0.44329472199346825,-0.1662299401739447,1,1
1.4433160871892499,0.4189962504049157,0.15700109708249413,1,0,0,0,-0.787566251898349,1,0,0.134021448469128,-0.44329472199346825,-0.20726446813663357,0,0
-0.506275147910027,-0.9085166221651141,-1.0477509558700233,0,0,0,0,1.7871342140849837,1,0,-0.5769676680779705,-0.44329472199346825,-0.6884875687899857,0,0
-0.4735667246445494,-0.9085166221651141,-0.8287051280604746,0,0,0,0,0.8822917004521991,1,0,-0.5769676680779705,-0.44329472199346825,-0.7034092153218726,0,0
1.7335404772448637,0.4189962504049157,-0.007283273774667328,1,1,0,1,1.257404718733844,1,0,-0.22147310980442125,-0.44329472199346825,1.5012640597644151,1,1
0.6735527503589888,-0.9085166221651141,0.2665240109872685,0,0,1,0,-0.9031924869242324,1,1,1.555999681563325,0.6040643376485122,1.5161857062963016,1,1
-0.5411852930996824,-0.9085166221651141,-0.5548978432985389,0,0,0,0,-0.6383277392486624,1,0,-0.5769676680779705,-0.44329472199346825,-0.6884875687899857,0,0
-0.6318163261638436,2.4102655592599604,1.19746877917785,1,1,1,1,-1.0147852486352593,0,0,1.9114942398368742,3.746141516574454,1.754932050806492,1,1
-0.3534460293005108,-0.9085166221651141,0.15700109708249413,0,0,0,0,-1.0053738109005943,0,1,1.2005051232897757,0.6040643376485122,2.0384433349123428,1,1
-0.6318163261638436,1.7465091229749454,-0.7191822141557004,1,1,1,0,-1.010751775320403,0,1,2.977977914657522,0.6040643376485122,2.135434037369608,1,1
-0.41051756740109213,-0.9085166221651141,-0.39061347244137745,0,0,0,0,-0.9502496755975569,1,1,1.9114942398368742,2.698782456932473,1.672862994881114,1,1
-0.38090943683493916,3.73777843182999,1.799844805654109,1,0,1,1,-1.0067183020055466,0,1,0.48951600674267726,2.698782456932473,1.8817660463275303,1,1
0.7729565835469239,-0.24476018588009918,-0.39061347244137745,0,0,0,0,0.40230837598428787,1,0,1.2005051232897757,-0.44329472199346825,-0.24083817283337916,0,0
-0.6318163261638436,1.0827526866899306,2.785551030797077,1,1,1,1,-0.9986513553758337,0,1,2.2669887981104235,1.6514233972904928,2.1205123908377206,1,1
-0.5869850208112809,-0.24476018588009918,-0.8287051280604746,0,0,0,0,1.29908394298736,1,0,-0.9324622263515198,-0.44329472199346825,-0.9794596761617801,0,0
-0.5867905540017342,-0.24476018588009918,-0.8834665850128618,0,0,0,0,0.6873404902341399,1,0,-0.5769676680779705,-0.44329472199346825,-0.6810267455240423,0,0
-0.6278442856975857,-0.9085166221651141,-1.1025124128224104,0,0,0,0,0.5327240131646447,1,0,-0.9324622263515198,-0.44329472199346825,-0.7220612734867312,0,0
-0.38090943683493916,3.73777843182999,0.5950927527015915,1,1,1,0,-1.0080627931104986,0,1,2.622483356383973,2.698782456932473,2.262268032890646,1,1
0.46863949673855826,1.0827526866899306,1.6355604347969475,0,0,1,0,-0.7042078033913168,0,0,-0.5769676680779705,-0.44329472199346825,-0.617609747763523,1,0
-0.6172396976379094,-0.24476018588009918,-0.22632910158421599,0,0,0,0,1.8637702070672553,1,0,-0.9324622263515198,-0.44329472199346825,-0.886199385337487,0,0
-0.6241309754980521,-0.24476018588009918,-0.44537492939376466,0,0,0,0,1.4416000001122857,1,0,-0.5769676680779705,-0.44329472199346825,-0.9943813226936669,0,0
-0.48232834851490103,-0.24476018588009918,-0.938228041965249,0,0,0,0,0.2140796212909894,1,0,-0.9324622263515198,-0.44329472199346825,-0.7220612734867312,0,0
-0.006416095975764692,-0.24476018588009918,0.7046156666063655,1,1,0,0,2.144768848002251,1,0,0.8450105650162265,0.6040643376485122,0.7402600866381837,0,1
2.332829067749932,1.0827526866899306,0.48556983879681703,1,0,0,0,-0.7431980454349286,1,0,-0.5769676680779705,-0.44329472199346825,0.024021053107613138,0,0
-0.6171262586656739,-0.24476018588009918,-0.5001363863461518,0,0,0,0,-0.38825239372756576,1,0,-0.5769676680779705,-0.44329472199346825,-0.7146004502207878,0,0
-0.6234140188410164,-0.9085166221651141,-0.1715676446318288,0,0,0,0,0.9199374513908587,1,0,-0.5769676680779705,-0.44329472199346825,-0.7444437432845615,0,0
0.7941579362888808,0.4189962504049157,0.8689000374635272,0,0,0,0,-0.2632147209670175,1,0,0.8450105650162265,-0.44329472199346825,0.3224539837453507,0,0
-0.3018296204953164,-0.24476018588009918,-0.44537492939376466,0,0,0,1,-0.9381492556529878,0,1,1.2005051232897757,1.6514233972904928,1.8295402834659265,0,1
-0.6295810754793991,-0.24476018588009918,-0.11680618767944173,1,1,1,1,-0.9865509354312645,0,1,1.555999681563325,0.6040643376485122,1.743740815907577,1,1
-0.5331814192113575,-0.24476018588009918,-0.11680618767944173,0,0,0,0,-0.7297531343854073,1,0,-0.22147310980442125,-0.44329472199346825,-0.15503870527502953,1,0
-0.6318163261638436,-0.9085166221651141,-0.2810905585366032,1,1,1,0,-1.0053738109005943,0,1,-0.9324622263515198,-0.44329472199346825,0.042673111272471746,1,1
1.0742711698734093,1.0827526866899306,0.4308083818444299,0,0,0,0,0.11862075283938803,1,0,1.2005051232897757,-0.44329472199346825,-0.22964693793446397,0,0
-0.622244982733052,-0.24476018588009918,-0.8287051280604746,0,0,0,0,0.2140796212909894,1,0,-0.5769676680779705,-0.44329472199346825,-0.9496163830980062,0,0
0.9776653117297279,1.0827526866899306,0.8689000374635272,0,0,0,0,0.5421354508993096,1,0,0.48951600674267726,-0.44329472199346825,0.09489887413407593,0,0
-0.6304489115576347,-0.24476018588009918,-0.6096593002509261,0,0,0,0,1.9659515310436173,1,0,-0.9324622263515198,-0.44329472199346825,-0.9458859714650345,0,0
2.7459246291167934,1.0827526866899306,0.32128546793965546,1,0,1,0,-0.8521018249360514,1,0,-0.22147310980442125,-0.44329472199346825,-0.2520294077322943,1,0
1.091717301465499,0.4189962504049157,-0.39061347244137745,0,0,0,0,-0.5966485149951463,1,0,0.8450105650162265,-0.44329472199346825,0.6208869143830885,0,0
-0.408993685246972,-0.9085166221651141,-0.5548978432985389,0,0,0,0,0.7061633657034697,1,0,-0.9324622263515198,-0.44329472199346825,-0.9943813226936669,0,0
-0.5357340754929932,-0.24476018588009918,-0.39061347244137745,0,0,0,0,-0.4662328778147894,1,0,-0.5769676680779705,-0.44329472199346825,-1.0279550273904123,0,0
-0.26824050846016767,-0.24476018588009918,-0.22632910158421599,0,0,0,0,1.6862973812135738,1,0,-0.5769676680779705,-0.44329472199346825,-0.6661050989921554,0,0
1.0743114043857294,0.4189962504049157,0.7593771235587528,0,0,0,0,-0.7189972055457903,1,0,1.9114942398368742,-0.44329472199346825,-0.21845570303554876,0,0
0.8139141994633443,1.0827526866899306,0.48556983879681703,0,0,0,0,-0.5065676109633533,1,0,1.2005051232897757,-0.44329472199346825,0.05386434617138694,0,0
-0.6293117277719236,-0.24476018588009918,-0.39061347244137745,0,0,0,0,-0.5307684508524918,1,0,-0.5769676680779705,-0.44329472199346825,-0.7556349781834768,0,0
-0.4475344363608367,-0.9085166221651141,-0.22632910158421599,0,0,0,0,-0.29951598080072506,1,0,-0.5769676680779705,-0.44329472199346825,-1.0167637924914972,0,0
-0.5144159309027742,-0.24476018588009918,-0.5548978432985389,0,0,0,0,1.2950504696725036,1,0,-0.5769676680779705,-0.44329472199346825,-0.6810267455240423,0,0
0.0012832250068047135,-0.24476018588009918,-0.2810905585366032,0,0,0,0,0.5649917996834959,1,0,1.9114942398368742,-0.44329472199346825,0.2590369859848316,0,0
0.8157722515947888,0.4189962504049157,0.04747818317771972,1,0,1,0,2.186448072255767,1,0,0.8450105650162265,-0.44329472199346825,1.471420766700641,0,1
-0.09476214402775247,0.4189962504049157,0.21176255403488134,1,0,0,0,-0.6907628923417954,1,0,0.134021448469128,-0.44329472199346825,0.012829818208697946,1,0
-0.6075856499317932,-0.24476018588009918,-0.7191822141557004,0,0,0,0,-0.6786624723972263,1,0,-0.5769676680779705,-0.44329472199346825,-0.6735659222580987,0,0
0.33817014953821245,0.4189962504049157,-0.44537492939376466,0,0,0,0,0.27861519432869175,1,0,1.2005051232897757,-0.44329472199346825,0.5127049770269086,0,0
1.3790235717525705,1.0827526866899306,2.1284135473684316,1,0,0,0,-0.7687433764290191,0,0,0.134021448469128,-0.44329472199346825,-0.05058717955182129,0,0
-0.5440089735268071,-0.24476018588009918,-0.44537492939376466,0,0,0,0,0.9320378713354279,1,0,-0.9324622263515198,-0.44329472199346825,-0.8488952690077698,0,0
-0.6318163261638436,1.7465091229749454,-0.39061347244137745,0,1,1,0,-1.010751775320403,0,1,1.555999681563325,3.746141516574454,2.299572149220363,1,1
-0.5929039646236901,-0.24476018588009918,-1.1025124128224104,0,0,0,0,0.1172762617344359,1,0,-0.9324622263515198,-0.44329472199346825,-0.5989576895986644,0,0
1.0754195299125429,-0.24476018588009918,1.19746877917785,0,1,1,0,1.6150393526511109,1,0,0.48951600674267726,-0.44329472199346825,1.6169068203865382,1,1
-0.6267870121238434,-0.9085166221651141,-0.33585201548899024,1,0,0,1,-1.0026848286906902,0,1,-0.9324622263515198,-0.44329472199346825,0.15458546026162326,1,1
-0.4709162761454692,-0.24476018588009918,-0.007283273774667328,0,0,0,0,-0.5764811484208643,1,0,-0.22147310980442125,-0.44329472199346825,-0.6101489244975795,0,0
2.7474775695298113,1.0827526866899306,0.37604692489204267,1,0,1,0,-0.9300823090232749,1,0,-0.5769676680779705,-0.44329472199346825,-0.36021134508847424,0,0
-0.5895265008394943,-0.9085166221651141,-0.8287051280604746,0,0,0,0,-0.1005312972678095,1,0,-0.9324622263515198,-0.44329472199346825,-0.8936602086034304,0,0
-0.6318163261638436,-0.9085166221651141,-1.1025124128224104,1,1,1,1,-1.0067183020055466,0,1,-0.9324622263515198,-0.44329472199346825,-0.4609324591787107,1,1
-0.6318163261638436,-0.9085166221651141,-1.0477509558700233,1,1,0,1,-1.012096266425355,0,1,-0.9324622263515198,-0.44329472199346825,0.15085504862865176,1,1
-0.6295810754793991,1.0827526866899306,0.7593771235587528,1,1,1,0,-1.0094072842154507,0,1,1.555999681563325,0.6040643376485122,2.1913902118641837,1,1
-0.5035274660061735,-0.9085166221651141,-0.2810905585366032,0,0,0,0,1.382442391494392,1,0,-0.9324622263515198,-0.44329472199346825,-1.0615287320871578,0,0
-0.5460458457130072,-0.9085166221651141,-0.938228041965249,0,0,0,0,0.4426431091328519,1,0,-0.5769676680779705,-0.44329472199346825,-0.9011210318693739,0,0
-0.46333542344917544,-0.24476018588009918,-1.0477509558700233,0,0,0,0,0.6214604260914854,1,0,-0.9324622263515198,-0.44329472199346825,-0.8824689737045153,0,0
-0.3918509889352954,0.4189962504049157,-0.22632910158421599,0,0,0,0,-0.9690725510668868,0,0,1.9114942398368742,1.6514233972904928,1.4341166503709237,1,1
-0.43581557583496483,0.4189962504049157,0.81413858051114,0,0,0,0,0.474910895651703,1,0,1.9114942398368742,-0.44329472199346825,0.3896013931388419,0,0
0.8093218769321529,-0.24476018588009918,-0.2810905585366032,0,0,0,0,0.2893711231683088,1,0,1.2005051232897757,-0.44329472199346825,-0.14384747037611434,0,0
-0.6318163261638436,1.7465091229749454,-0.39061347244137745,1,1,1,1,-0.9838619532213603,0,1,0.8450105650162265,2.698782456932473,1.564681057524934,1,1
-0.5561983543217545,-0.9085166221651141,-0.7739436711080876,0,0,0,0,1.5948719860768288,1,0,-0.9324622263515198,-0.44329472199346825,-1.0503374971882427,0,0
-0.6301041241395592,-0.24476018588009918,-0.22632910158421599,0,0,0,0,1.8839375736415374,1,0,-0.5769676680779705,-0.44329472199346825,-0.9197730900342325,0,0
-0.6318163261638436,-0.9085166221651141,-0.6644207572033133,1,1,1,0,-1.0040293197956422,0,1,-0.9324622263515198,-0.44329472199346825,-0.009552651589132438,1,1
1.100509101220091,0.4189962504049157,1.6903218917493346,1,1,1,0,0.4426431091328519,1,0,-0.22147310980442125,-0.44329472199346825,1.1543357778980448,0,1
-0.5794924605170226,-0.9085166221651141,-0.2810905585366032,0,0,0,0,1.494035153205419,1,0,-0.5769676680779705,-0.44329472199346825,-0.8488952690077698,0,0
-0.5503805556028164,-0.24476018588009918,-0.6096593002509261,0,0,0,0,1.2318593877397535,1,0,-0.5769676680779705,-0.44329472199346825,-0.8526256806407414,0,0
-0.5667884132519818,-0.24476018588009918,-0.2810905585366032,0,0,0,0,-0.44203203792565104,1,0,-0.9324622263515198,-0.44329472199346825,-0.7593653898164484,0,0
1.2302983733996944,-0.24476018588009918,-0.11680618767944173,1,1,1,0,0.7612875010065071,1,0,0.134021448469128,-0.44329472199346825,1.4938032364984715,1,1
0.6102225103419626,1.0827526866899306,1.0879458652730758,1,0,0,0,-0.6907628923417954,1,0,-0.22147310980442125,-0.44329472199346825,-0.20726446813663357,0,0
1.395271050165127,0.4189962504049157,0.7593771235587528,0,1,1,0,0.3565956784159154,1,0,0.134021448469128,0.6040643376485122,1.6094459971205948,1,1
-0.6293446977195191,-0.9085166221651141,-0.5548978432985389,0,0,0,0,2.13804639247749,1,0,-0.5769676680779705,-0.44329472199346825,-0.9160426784012607,0,0
-0.6137197366225803,-0.24476018588009918,-1.1025124128224104,0,0,0,0,0.922626433600763,1,0,-0.5769676680779705,-0.44329472199346825,-0.9458859714650345,0,0
-0.4928591733019906,-0.9085166221651141,-1.2120353267271848,0,0,0,0,0.5300350309547405,1,0,-0.5769676680779705,-0.44329472199346825,-0.912312266768289,0,0
-0.08388373775923179,1.0827526866899306,1.96412917651127,1,0,0,0,-0.6652175613477049,1,0,-0.5769676680779705,-0.44329472199346825,-0.5765752198008341,0,0
0.13875617141418653,-0.9085166221651141,-0.7739436711080876,0,0,1,0,-1.001340337585738,0,1,0.48951600674267726,1.6514233972904928,2.019791276747484,0,1
-0.6246808471664255,-0.9085166221651141,-0.8834665850128618,0,0,0,0,1.4994131176252274,1,0,-0.5769676680779705,-0.44329472199346825,-1.0428766739222992,0,0
-0.41055891953875434,-0.24476018588009918,-0.6096593002509261,0,0,0,0,1.7145316944175686,1,0,-0.5769676680779705,-0.44329472199346825,-0.7556349781834768,0,0
-0.5101410139687739,-0.24476018588009918,-0.7739436711080876,0,0,0,0,-0.4662328778147894,0,0,-0.22147310980442125,-0.44329472199346825,-0.5467319267370603,1,0
-0.5041449540077513,-0.9085166221651141,-0.6644207572033133,0,0,0,0,-0.5818591128406728,1,1,-0.22147310980442125,-0.44329472199346825,-0.6959483920559292,0,0
-0.15960508994547645,-0.24476018588009918,0.37604692489204267,0,0,0,0,-0.11128722610742656,1,0,1.2005051232897757,-0.44329472199346825,0.5164353886598804,0,0
2.6561580792548414,1.0827526866899306,1.8546062626064956,1,0,0,0,-0.7647099031141628,1,0,-0.5769676680779705,-0.44329472199346825,-0.22218611466852053,1,0
-0.5577971173738036,0.4189962504049157,0.2665240109872685,0,0,0,0,-0.9999958464807859,0,1,1.2005051232897757,1.6514233972904928,1.497533648131443,1,1
-0.5926826748059302,-0.24476018588009918,-0.7739436711080876,0,0,0,0,2.1313239369527297,1,0,-0.5769676680779705,-0.44329472199346825,-0.9645380296298931,0,0
-0.6095113183964423,-0.24476018588009918,-0.5001363863461518,0,0,0,0,-0.482366771074215,1,0,-0.9324622263515198,-0.44329472199346825,-0.9682684412628649,0,0
3.8992351897035724,1.0827526866899306,2.1831750043208187,1,1,1,0,-0.9058814691341366,1,0,-0.5769676680779705,-0.44329472199346825,-0.3527505218225308,0,0
-0.4159251976194347,-0.24476018588009918,-0.22632910158421599,0,0,0,0,-0.9448717111777484,1,0,-0.22147310980442125,-0.44329472199346825,0.10982052066596276,0,0
-0.6248233443975588,-0.24476018588009918,-0.22632910158421599,0,0,0,0,1.7091537299977602,1,0,-0.9324622263515198,-0.44329472199346825,-0.9570772063639497,0,0
0.7646565389429101,3.73777843182999,-0.5548978432985389,0,1,1,1,-0.9986513553758337,0,1,2.2669887981104235,2.698782456932473,1.822079460199983,1,1
-0.612461290487238,-0.24476018588009918,-0.8287051280604746,0,0,0,0,0.8769137360323905,1,0,-0.5769676680779705,-0.44329472199346825,-0.8936602086034304,0,0
-0.4733918162784916,0.4189962504049157,-0.8287051280604746,0,0,0,1,-0.9085704513440409,1,1,1.555999681563325,0.6040643376485122,1.844461929997813,1,1
-0.4951251586833463,-0.9085166221651141,-0.6096593002509261,0,0,0,0,-0.9475606933876527,1,0,-0.5769676680779705,-0.44329472199346825,-0.35648093345550247,0,0
2.2828421566936976,1.0827526866899306,0.37604692489204267,1,1,0,0,-0.9515941667025091,1,0,0.134021448469128,-0.44329472199346825,-0.20726446813663357,0,0
1.2606066962427498,-0.24476018588009918,1.526037520892173,1,0,0,0,-0.8090781095775831,1,0,-0.22147310980442125,-0.44329472199346825,-0.7593653898164484,0,0
-0.6303282080206748,-0.24476018588009918,-0.22632910158421599,0,0,0,0,0.07425254637596768,1,0,-0.9324622263515198,-0.44329472199346825,-0.9309643249331476,0,0
-0.5254664514739971,-0.24476018588009918,1.19746877917785,1,1,1,0,1.6822639078987174,1,0,0.48951600674267726,-0.44329472199346825,0.814868319297618,1,1
-0.6044345052793976,-0.24476018588009918,-0.2810905585366032,1,1,1,1,-0.9865509354312645,0,0,0.8450105650162265,1.6514233972904928,2.2212335049279575,1,1
-0.5444800526085538,-0.9085166221651141,-0.2810905585366032,0,0,0,0,1.2453042987892746,1,0,-0.9324622263515198,-0.44329472199346825,-0.9309643249331476,0,0
-0.4991268162211732,-0.9085166221651141,-0.9929894989176362,0,0,0,0,-0.17313381693522462,1,0,-0.9324622263515198,-0.44329472199346825,-0.5952272779656927,0,0
1.2415355374030685,1.7465091229749454,1.0879458652730758,1,1,0,0,-0.7499205009596893,1,0,0.134021448469128,-0.44329472199346825,-0.43481957774790864,0,0
-0.17799114445037542,-0.24476018588009918,0.21176255403488134,0,0,0,0,-0.4554769489751724,1,0,0.8450105650162265,-0.44329472199346825,0.1620462835275668,0,0
0.2121550981392934,0.4189962504049157,0.15700109708249413,1,0,1,0,-0.6316052837239017,1,0,0.134021448469128,-0.44329472199346825,-0.0020918283231888884,0,0
-0.6260326150178434,-0.24476018588009918,-0.44537492939376466,0,0,0,0,1.5706711461876905,1,0,-0.5769676680779705,-0.44329472199346825,-0.6623746873591837,0,0
-0.6295810754793991,-0.24476018588009918,1.4165146069873986,1,1,1,0,-1.0026848286906902,1,1,1.9114942398368742,2.698782456932473,2.090669097773947,1,1
-0.6044345052793976,3.074021995544975,2.1284135473684316,1,0,1,1,-0.9878954265362166,0,1,2.977977914657522,0.6040643376485122,1.8183490485670115,1,1
-0.5221644274004014,-0.9085166221651141,-0.33585201548899024,0,0,0,0,1.370341971549823,1,0,-0.9324622263515198,-0.44329472199346825,-0.9421555598320629,0,0
-0.6002126755491529,-0.24476018588009918,-0.8834665850128618,0,0,0,0,-0.3022049630106293,1,0,-0.5769676680779705,-0.44329472199346825,-0.8638169155396567,0,0
-0.6255699181261632,-0.24476018588009918,-0.5548978432985389,0,0,0,0,1.3071508896170727,1,0,-0.9324622263515198,-0.44329472199346825,-0.8488952690077698,0,0
2.027168036467544,-0.24476018588009918,0.9784229513683013,1,0,0,0,-0.6665620524526571,1,0,0.134021448469128,-0.44329472199346825,-0.4870453406095127,0,0
0.049014209309763225,1.0827526866899306,0.48556983879681703,0,0,0,0,-0.6571506147179922,1,0,1.9114942398368742,-0.44329472199346825,-0.34902011018955903,0,0
-0.48419254758572783,-0.9085166221651141,-1.0477509558700233,0,0,0,0,-0.24976980991749614,1,0,-0.5769676680779705,-0.44329472199346825,-1.0652591437201295,0,0
-0.6288814420151679,-0.9085166221651141,-0.39061347244137745,0,0,0,0,1.6836083990036697,1,0,-0.5769676680779705,-0.44329472199346825,-0.7332525083856464,0,0
-0.6267870121238434,-0.9085166221651141,-0.938228041965249,1,1,1,0,-1.0080627931104986,0,1,-0.9324622263515198,-0.44329472199346825,-0.6549138640932402,0,1
-0.5171781419360765,-0.9085166221651141,-0.1715676446318288,0,0,0,0,-0.33581724063443263,1,0,-0.9324622263515198,-0.44329472199346825,-1.0279550273904123,0,0
-0.6318163261638436,3.074021995544975,-0.22632910158421599,1,1,1,0,-0.9878954265362166,0,1,1.2005051232897757,0.6040643376485122,2.3107633841192783,0,1
2.4264134257809156,-0.24476018588009918,1.526037520892173,0,0,1,0,-0.6531171414031358,1,0,-0.22147310980442125,-0.44329472199346825,-0.18488199833880334,0,0
-0.35285257024379074,-0.24476018588009918,-0.938228041965249,0,0,0,0,0.4399541269229476,1,0,-0.9324622263515198,-0.44329472199346825,-0.5989576895986644,0,0
-0.6318163261638436,0.4189962504049157,0.7046156666063655,1,1,1,0,-1.0094072842154507,0,1,1.9114942398368742,3.746141516574454,1.8556531648967287,1,1
2.9825097084977905,1.0827526866899306,1.5807989778445601,1,0,1,0,-0.8346234405716736,1,0,0.134021448469128,-0.44329472199346825,-0.49450616387545626,1,0
-0.4417630190936007,0.4189962504049157,-0.7191822141557004,0,0,1,1,-0.9757950065916474,0,1,1.2005051232897757,1.6514233972904928,1.4602295318017258,0,1
2.3964269790364203,1.7465091229749454,1.142707322225463,1,0,0,0,-0.6490836680882793,0,0,0.134021448469128,-0.44329472199346825,-0.23710776120040739,0,0
-0.45245478192997024,-0.24476018588009918,-0.6644207572033133,0,0,0,0,1.6405846836452014,1,0,-0.5769676680779705,-0.44329472199346825,-0.8787385620715434,0,0
-0.51865340738781,-0.24476018588009918,-0.7191822141557004,0,0,0,0,0.4870113155962722,1,0,-0.9324622263515198,-0.44329472199346825,-0.8377040341088546,0,0
1.3326650313698607,1.0827526866899306,1.799844805654109,1,0,0,0,-0.6813514546071305,1,0,-0.5769676680779705,-0.44329472199346825,-0.5803056314338058,0,0
-0.6318163261638436,-0.9085166221651141,-1.1025124128224104,1,0,1,0,-1.0147852486352593,0,1,-0.9324622263515198,-0.44329472199346825,-0.5653839849019189,1,1
-0.5814337757364627,-0.9085166221651141,-0.8287051280604746,0,0,0,0,0.7854883408956456,1,0,-0.5769676680779705,-0.44329472199346825,-0.778017447981307,0,0
-0.49420088252532846,-0.9085166221651141,-0.8287051280604746,0,0,0,0,2.1111565703784474,1,0,-0.5769676680779705,-0.44329472199346825,-0.7295220967526747,0,0
2.073747866668014,1.7465091229749454,0.7593771235587528,1,0,0,0,-0.9233598534985143,1,0,-0.22147310980442125,-0.44329472199346825,-0.3191768171257852,1,0
0.7646565389429101,3.074021995544975,1.2522302361302373,1,1,1,1,-0.9784839888015517,0,1,2.977977914657522,2.698782456932473,2.2921113259544197,1,1
0.10337830001881108,-0.24476018588009918,-0.33585201548899024,0,0,0,0,-0.3425396961591933,1,0,1.9114942398368742,-0.44329472199346825,-0.11400417731234054,0,0
-0.53611965623606,-0.9085166221651141,-1.2120353267271848,0,0,0,0,2.144768848002251,1,0,-0.5769676680779705,-0.44329472199346825,-0.6922179804229573,0,0
-0.4162465149053236,-0.9085166221651141,-0.6644207572033133,0,0,0,0,-0.47698880665440646,1,0,-0.22147310980442125,-0.44329472199346825,0.2553065743518598,1,0
-0.630978107157177,-0.9085166221651141,-0.8834665850128618,1,1,1,0,-1.0147852486352593,0,1,-0.9324622263515198,-0.44329472199346825,-0.09535211914748193,1,1
-0.6044345052793976,0.4189962504049157,2.5117437460351413,1,1,1,1,-0.990584408746121,0,1,2.2669887981104235,0.6040643376485122,2.1652773304333817,1,1
-0.6155615831865627,-0.24476018588009918,-0.33585201548899024,0,0,0,0,2.19451501888548,1,0,-0.5769676680779705,-0.44329472199346825,-0.8638169155396567,0,0
-0.4675091952897046,-0.24476018588009918,-0.7191822141557004,0,0,0,0,2.2025819655151926,1,0,-0.5769676680779705,-0.44329472199346825,-1.0615287320871578,0,0
0.9192341824003329,0.4189962504049157,-0.7191822141557004,0,0,0,0,0.30819399863763863,1,0,0.48951600674267726,-0.44329472199346825,0.3187235721123792,0,0
-0.4913084681396572,-0.9085166221651141,-0.8834665850128618,0,0,0,0,-0.49446719101878417,1,0,-0.5769676680779705,-0.44329472199346825,-0.6138793361305513,0,0
0.7646565389429101,3.074021995544975,-0.007283273774667328,1,1,1,1,-1.0067183020055466,0,1,1.9114942398368742,0.6040643376485122,1.6131764087535667,1,1
-0.3705842551108185,1.0827526866899306,-0.1715676446318288,1,0,1,0,1.4496669467419987,1,0,1.2005051232897757,-0.44329472199346825,1.579602704056821,0,1
0.7646565389429101,2.4102655592599604,-0.5548978432985389,1,0,1,0,-0.9973068642708816,0,1,1.9114942398368742,3.746141516574454,1.6654021716151706,1,1
-0.5128568435503741,-0.24476018588009918,-1.1572738697747977,0,0,0,0,1.3447966405557326,1,0,-0.5769676680779705,-0.44329472199346825,-0.684757157157014,0,0
-0.4001594157293759,-0.24476018588009918,-0.7191822141557004,0,0,0,0,-0.5791701306307685,1,0,-0.9324622263515198,-0.44329472199346825,-0.5840360430667775,0,0
-0.6318163261638436,-0.9085166221651141,-0.9929894989176362,1,1,1,1,-1.0080627931104986,0,1,-0.9324622263515198,-0.44329472199346825,0.03894269963949997,1,1
-0.3364111838343586,1.7465091229749454,1.142707322225463,1,0,0,0,-0.9112594335539451,1,0,-0.5769676680779705,-0.44329472199346825,-0.45347163591276723,0,0
-0.630978107157177,-0.9085166221651141,-0.938228041965249,1,1,0,0,-1.001340337585738,0,1,-0.9324622263515198,-0.44329472199346825,-0.19234282160474675,0,1
-0.6050715517244643,-0.24476018588009918,-0.6644207572033133,0,0,0,0,0.2046681835563245,1,0,-0.5769676680779705,-0.44329472199346825,-1.0018421459596103,0,0
