id,text,sender_header,threat_category,has_url,has_apk_reference,is_scam
sms-scam-0344,"Dear customer, your parcel #928117241 is held at distribution hub due to address verification. Please update address details at https://bit.ly/sbi-kyc-802 and confirm with ₹10 test transfer.",IN-POST,courier_customs,1,0,1
sms-ham-0108,Zomato: Enjoy 50% off up to ₹100 on your next order! Use code FEAST. Order now on the app.,AD-ZOMATO,merchant_promo,0,0,0
sms-scam-0347,Urgent: Bijli supply kat hoga aaj raat 10 baje. Bill baki hai. Turant payment kare link pe https://bit.ly/sbi-kyc-827 ya UPI refund.desk@paytm pe bhejo. Electricity dept.,VK-DHBVN,utility_disconnection,1,0,1
sms-ham-0169,"Dear SBI UPI User, payment of ₹4500 to swiggy@icici successful. UPI Ref: 492819692079. - SBI",VK-SBIUPI,bank_alert,0,0,0
sms-ham-0664,"Hey, sent you ₹850 for yesterday's dinner. Please check your GPay. Let me know once received.",PERSONAL,organic_p2p,0,0,0
sms-ham-0534,"Dear Customer, ₹4500 debited from your A/c ending 8812 at Apollo Hospitals. Available Balance: ₹31360. - Axis Bank",AD-AXISBK,bank_alert,0,0,0
sms-ham-0703,"Electricity bill for Consumer No 192839 generated. Amount: ₹150, Due Date: 15-Sep. Pay via official portal or BESCOM app.",VM-BESCOM,utility_official,0,0,0
sms-scam-0192,Greetings from HR. Your application for remote data consultant is approved. Please transfer refundable seat reservation fee ₹25000 to coordinator UPI kbc.tax@ybl.,HR-CAREER,job_scam,0,0,1
sms-ham-0417,"Electricity bill for Consumer No 192839 generated. Amount: ₹18500, Due Date: 15-Sep. Pay via official portal or BESCOM app.",VM-BESCOM,utility_official,0,0,0
sms-ham-0539,"Electricity bill for Consumer No 192839 generated. Amount: ₹150, Due Date: 15-Sep. Pay via official portal or BESCOM app.",VM-BESCOM,utility_official,0,0,0
sms-scam-0143,"Customer Support: To resolve your pending UPI refund of ₹499, download our official QuickSupport tool https://tinyurl.com/quicksupport-v5.apk and share code. TeamViewer/AnyDesk.",CP-REFUND,apk_screen_share,1,1,1
sms-ham-0726,"Hi Rohit, sharing the consulting invoice for ₹4500. Please process transfer by end of this week.",PERSONAL,organic_p2p,0,0,0
sms-ham-0213,"Dear Customer, ₹850 debited from your A/c ending 8812 at Apollo Hospitals. Available Balance: ₹113501. - Axis Bank",AD-AXISBK,bank_alert,0,0,0
sms-scam-0158,HDFC Bank Alert: Your debit card & UPI access suspended. Complete mandatory KYC verification within 24 hours to avoid penalty: https://bit.ly/sbi-kyc-176,AD-HDFCBK,bank_kyc,1,0,1
sms-scam-0083,"Dear Customer, Your electricity power will be disconnected tonight at 9.30 PM from electricity office because your previous month bill was not updated. Please immediately pay ₹25000 on UPI customs.fine@okhdfc to avoid cut. Call officer at 9891506018.",VM-POWER,utility_disconnection,0,0,1
sms-scam-0134,"Dear SBI User, your YONO Netbanking account is blocked today due to pending PAN Aadhaar KYC. Update immediately to prevent permanent deactivation: https://bit.ly/sbi-kyc-921",VK-SBIINB,bank_kyc,1,0,1
sms-scam-0053,Urgent: Bijli supply kat hoga aaj raat 10 baje. Bill baki hai. Turant payment kare link pe https://bit.ly/sbi-kyc-955 ya UPI disconnection.officer@sbi pe bhejo. Electricity dept.,VK-DHBVN,utility_disconnection,1,0,1
sms-ham-0025,Zomato: Enjoy 50% off up to ₹100 on your next order! Use code FEAST. Order now on the app.,AD-ZOMATO,merchant_promo,0,0,0
sms-ham-0003,Zomato: Enjoy 50% off up to ₹100 on your next order! Use code FEAST. Order now on the app.,AD-ZOMATO,merchant_promo,0,0,0
sms-scam-0217,"Customer Support: To resolve your pending UPI refund of ₹50, download our official QuickSupport tool https://tinyurl.com/quicksupport-v9.apk and share code. TeamViewer/AnyDesk.",CP-REFUND,apk_screen_share,1,1,1
sms-ham-0467,"Hey, sent you ₹1200 for yesterday's dinner. Please check your GPay. Let me know once received.",PERSONAL,organic_p2p,0,0,0
sms-ham-0360,"Dear Customer, ₹4500 debited from your A/c ending 4921 on 28-Aug-2026 at Amazon Retail. Balance: ₹62172. - HDFC Bank",AD-HDFCBK,bank_alert,0,0,0
sms-scam-0157,"Dear SBI User, your YONO Netbanking account is blocked today due to pending PAN Aadhaar KYC. Update immediately to prevent permanent deactivation: https://bit.ly/sbi-kyc-568",VK-SBIINB,bank_kyc,1,0,1
sms-ham-0152,Zomato: Enjoy 50% off up to ₹100 on your next order! Use code FEAST. Order now on the app.,AD-ZOMATO,merchant_promo,0,0,0
sms-ham-0681,Your Swiggy order #8921 has been placed successfully for ₹1200. Delivery partner will arrive in 25 mins.,AX-SWIGGY,merchant_promo,0,0,0
sms-ham-0304,"Hi Rohit, sharing the consulting invoice for ₹1200. Please process transfer by end of this week.",PERSONAL,organic_p2p,0,0,0
sms-ham-0634,"Your Uber ride OTP is 286367. Do not share this OTP with anyone, including the driver.",VK-UBERIN,otp_service,0,0,0
sms-scam-0287,DISCOM ALERT: Final notice for meter disconnection. Pay processing charge ₹25000 immediately to prevent legal FIR and fine. UPI: disconnection.officer@sbi,AD-BESCOM,utility_disconnection,0,0,1
sms-ham-0532,Zomato: Enjoy 50% off up to ₹100 on your next order! Use code FEAST. Order now on the app.,AD-ZOMATO,merchant_promo,0,0,0
sms-ham-0522,"Hey, sent you ₹1200 for yesterday's dinner. Please check your GPay. Let me know once received.",PERSONAL,organic_p2p,0,0,0
sms-ham-0480,"Dear Customer, ₹4500 debited from your A/c ending 8812 at Apollo Hospitals. Available Balance: ₹34221. - Axis Bank",AD-AXISBK,bank_alert,0,0,0
sms-scam-0100,"Dear Customer, Your electricity power will be disconnected tonight at 9.30 PM from electricity office because your previous month bill was not updated. Please immediately pay ₹2500 on UPI customs.fine@okhdfc to avoid cut. Call officer at 9849678699.",VM-POWER,utility_disconnection,0,0,1
sms-ham-0727,"Dear SBI UPI User, payment of ₹850 to amazon@apl successful. UPI Ref: 492819932046. - SBI",VK-SBIUPI,bank_alert,0,0,0
sms-scam-0038,"Dear customer, your parcel #928135291 is held at distribution hub due to address verification. Please update address details at https://bit.ly/sbi-kyc-546 and confirm with ₹10 test transfer.",IN-POST,courier_customs,1,0,1
sms-scam-0097,"Hello sir, we noticed an accidental overcharge of ₹25000 on your recent utility bill. Kindly authorize the refund voucher on https://bit.ly/sbi-kyc-591 to claim back to your account.",NO-REFUND,subtle_refund_scam,1,0,1
sms-ham-0275,"Dear Customer, ₹850 debited from your A/c ending 8812 at Apollo Hospitals. Available Balance: ₹148962. - Axis Bank",AD-AXISBK,bank_alert,0,0,0
sms-ham-0172,Zomato: Enjoy 50% off up to ₹100 on your next order! Use code FEAST. Order now on the app.,AD-ZOMATO,merchant_promo,0,0,0
sms-scam-0361,"Hello sir, we noticed an accidental overcharge of ₹25000 on your recent utility bill. Kindly authorize the refund voucher on https://bit.ly/sbi-kyc-647 to claim back to your account.",NO-REFUND,subtle_refund_scam,1,0,1
sms-ham-0382,Recharge of ₹850 successful for Jio number ending 9821. Data: 2GB/day for 28 days.,AD-JIOPAY,telecom_recharge,0,0,0
sms-scam-0147,"Congratulations! Your SIM number won ₹25,00,000 cash prize in KBC Lottery 2026. To claim lottery amount, deposit registration tax ₹10 to manager UPI layer1_mule@icici now.",AD-KBCWIN,lottery_kbc,0,0,1
sms-ham-0587,"Dear Customer, ₹150 debited from your A/c ending 8812 at Apollo Hospitals. Available Balance: ₹106602. - Axis Bank",AD-AXISBK,bank_alert,0,0,0
sms-ham-0683,"Dear Customer, ₹350 debited from your A/c ending 4921 on 28-Aug-2026 at Amazon Retail. Balance: ₹110159. - HDFC Bank",AD-HDFCBK,bank_alert,0,0,0
sms-ham-0613,Recharge of ₹350 successful for Jio number ending 9821. Data: 2GB/day for 28 days.,AD-JIOPAY,telecom_recharge,0,0,0
sms-scam-0005,"Dear SBI User, your YONO Netbanking account is blocked today due to pending PAN Aadhaar KYC. Update immediately to prevent permanent deactivation: https://bit.ly/sbi-kyc-611",VK-SBIINB,bank_kyc,1,0,1
sms-ham-0303,"Dear SBI UPI User, payment of ₹4500 to amazon@apl successful. UPI Ref: 492819160941. - SBI",VK-SBIUPI,bank_alert,0,0,0
sms-ham-0314,"Hey, sent you ₹850 for yesterday's dinner. Please check your GPay. Let me know once received.",PERSONAL,organic_p2p,0,0,0
sms-scam-0182,Urgent: Bijli supply kat hoga aaj raat 10 baje. Bill baki hai. Turant payment kare link pe https://bit.ly/sbi-kyc-447 ya UPI disconnection.officer@sbi pe bhejo. Electricity dept.,VK-DHBVN,utility_disconnection,1,0,1
sms-ham-0195,"Hi Rohit, sharing the consulting invoice for ₹850. Please process transfer by end of this week.",PERSONAL,organic_p2p,0,0,0
sms-scam-0381,HDFC Bank Alert: Your debit card & UPI access suspended. Complete mandatory KYC verification within 24 hours to avoid penalty: https://bit.ly/sbi-kyc-478,AD-HDFCBK,bank_kyc,1,0,1
sms-ham-0340,"Hey, sent you ₹18500 for yesterday's dinner. Please check your GPay. Let me know once received.",PERSONAL,organic_p2p,0,0,0
sms-ham-0549,"Hey, sent you ₹1200 for yesterday's dinner. Please check your GPay. Let me know once received.",PERSONAL,organic_p2p,0,0,0
sms-ham-0401,"Dear Customer, ₹850 debited from your A/c ending 8812 at Apollo Hospitals. Available Balance: ₹84798. - Axis Bank",AD-AXISBK,bank_alert,0,0,0
sms-scam-0176,"Dear customer, your parcel #928176839 is held at distribution hub due to address verification. Please update address details at https://bit.ly/sbi-kyc-227 and confirm with ₹10 test transfer.",IN-POST,courier_customs,1,0,1
sms-ham-0346,Zomato: Enjoy 50% off up to ₹100 on your next order! Use code FEAST. Order now on the app.,AD-ZOMATO,merchant_promo,0,0,0
sms-scam-0282,"Congratulations! Your SIM number won ₹25,00,000 cash prize in KBC Lottery 2026. To claim lottery amount, deposit registration tax ₹50 to manager UPI mule_781@axis now.",AD-KBCWIN,lottery_kbc,0,0,1
sms-ham-0699,"Dear Customer, ₹850 debited from your A/c ending 8812 at Apollo Hospitals. Available Balance: ₹51950. - Axis Bank",AD-AXISBK,bank_alert,0,0,0
sms-ham-0572,Recharge of ₹4500 successful for Jio number ending 9821. Data: 2GB/day for 28 days.,AD-JIOPAY,telecom_recharge,0,0,0
sms-ham-0738,"Electricity bill for Consumer No 192839 generated. Amount: ₹150, Due Date: 15-Sep. Pay via official portal or BESCOM app.",VM-BESCOM,utility_official,0,0,0
sms-ham-0138,"Dear SBI UPI User, payment of ₹850 to swiggy@icici successful. UPI Ref: 492819392834. - SBI",VK-SBIUPI,bank_alert,0,0,0
sms-scam-0385,"Congratulations! Your SIM number won ₹25,00,000 cash prize in KBC Lottery 2026. To claim lottery amount, deposit registration tax ₹2500 to manager UPI refund.desk@paytm now.",AD-KBCWIN,lottery_kbc,0,0,1
sms-scam-0363,Greetings from HR. Your application for remote data consultant is approved. Please transfer refundable seat reservation fee ₹10 to coordinator UPI customs.fine@okhdfc.,HR-CAREER,job_scam,0,0,1
sms-scam-0172,"Hello sir, we noticed an accidental overcharge of ₹25 on your recent utility bill. Kindly authorize the refund voucher on https://bit.ly/sbi-kyc-975 to claim back to your account.",NO-REFUND,subtle_refund_scam,1,0,1
sms-scam-0356,"Congratulations! Your SIM number won ₹25,00,000 cash prize in KBC Lottery 2026. To claim lottery amount, deposit registration tax ₹100 to manager UPI kbc.tax@ybl now.",AD-KBCWIN,lottery_kbc,0,0,1
sms-ham-0082,"Hey, sent you ₹1200 for yesterday's dinner. Please check your GPay. Let me know once received.",PERSONAL,organic_p2p,0,0,0
sms-scam-0145,Urgent: Bijli supply kat hoga aaj raat 10 baje. Bill baki hai. Turant payment kare link pe https://bit.ly/sbi-kyc-599 ya UPI refund.desk@paytm pe bhejo. Electricity dept.,VK-DHBVN,utility_disconnection,1,0,1
sms-ham-0667,"Hi Rohit, sharing the consulting invoice for ₹18500. Please process transfer by end of this week.",PERSONAL,organic_p2p,0,0,0
sms-ham-0743,"Dear Customer, ₹18500 debited from your A/c ending 8812 at Apollo Hospitals. Available Balance: ₹66796. - Axis Bank",AD-AXISBK,bank_alert,0,0,0
sms-ham-0137,"Your Uber ride OTP is 283357. Do not share this OTP with anyone, including the driver.",VK-UBERIN,otp_service,0,0,0
sms-scam-0166,"Congratulations! Your SIM number won ₹25,00,000 cash prize in KBC Lottery 2026. To claim lottery amount, deposit registration tax ₹10 to manager UPI disconnection.officer@sbi now.",AD-KBCWIN,lottery_kbc,0,0,1
sms-ham-0665,Recharge of ₹150 successful for Jio number ending 9821. Data: 2GB/day for 28 days.,AD-JIOPAY,telecom_recharge,0,0,0
sms-ham-0221,"Hey, sent you ₹850 for yesterday's dinner. Please check your GPay. Let me know once received.",PERSONAL,organic_p2p,0,0,0
sms-ham-0408,Your Swiggy order #8921 has been placed successfully for ₹1200. Delivery partner will arrive in 25 mins.,AX-SWIGGY,merchant_promo,0,0,0
sms-ham-0016,"Dear Customer, ₹18500 debited from your A/c ending 8812 at Apollo Hospitals. Available Balance: ₹129976. - Axis Bank",AD-AXISBK,bank_alert,0,0,0
sms-ham-0702,Recharge of ₹150 successful for Jio number ending 9821. Data: 2GB/day for 28 days.,AD-JIOPAY,telecom_recharge,0,0,0
sms-ham-0385,"Dear Customer, ₹350 debited from your A/c ending 8812 at Apollo Hospitals. Available Balance: ₹73200. - Axis Bank",AD-AXISBK,bank_alert,0,0,0
sms-ham-0685,"Hi Rohit, sharing the consulting invoice for ₹1200. Please process transfer by end of this week.",PERSONAL,organic_p2p,0,0,0
sms-ham-0497,"Hi Rohit, sharing the consulting invoice for ₹4500. Please process transfer by end of this week.",PERSONAL,organic_p2p,0,0,0
sms-scam-0411,"Congratulations! Your SIM number won ₹25,00,000 cash prize in KBC Lottery 2026. To claim lottery amount, deposit registration tax ₹100 to manager UPI refund.desk@paytm now.",AD-KBCWIN,lottery_kbc,0,0,1
sms-ham-0023,"Hi Rohit, sharing the consulting invoice for ₹850. Please process transfer by end of this week.",PERSONAL,organic_p2p,0,0,0
sms-ham-0227,"Your Uber ride OTP is 556358. Do not share this OTP with anyone, including the driver.",VK-UBERIN,otp_service,0,0,0
sms-scam-0195,"Dear SBI User, your YONO Netbanking account is blocked today due to pending PAN Aadhaar KYC. Update immediately to prevent permanent deactivation: https://bit.ly/sbi-kyc-503",VK-SBIINB,bank_kyc,1,0,1
sms-ham-0363,Zomato: Enjoy 50% off up to ₹100 on your next order! Use code FEAST. Order now on the app.,AD-ZOMATO,merchant_promo,0,0,0
sms-ham-0582,"Hi Rohit, sharing the consulting invoice for ₹1200. Please process transfer by end of this week.",PERSONAL,organic_p2p,0,0,0
sms-ham-0523,Zomato: Enjoy 50% off up to ₹100 on your next order! Use code FEAST. Order now on the app.,AD-ZOMATO,merchant_promo,0,0,0
sms-scam-0048,"Hello sir, we noticed an accidental overcharge of ₹499 on your recent utility bill. Kindly authorize the refund voucher on https://bit.ly/sbi-kyc-335 to claim back to your account.",NO-REFUND,subtle_refund_scam,1,0,1
sms-ham-0059,Zomato: Enjoy 50% off up to ₹100 on your next order! Use code FEAST. Order now on the app.,AD-ZOMATO,merchant_promo,0,0,0
sms-ham-0247,"Hey, sent you ₹4500 for yesterday's dinner. Please check your GPay. Let me know once received.",PERSONAL,organic_p2p,0,0,0
sms-ham-0341,Zomato: Enjoy 50% off up to ₹100 on your next order! Use code FEAST. Order now on the app.,AD-ZOMATO,merchant_promo,0,0,0
sms-ham-0463,Zomato: Enjoy 50% off up to ₹100 on your next order! Use code FEAST. Order now on the app.,AD-ZOMATO,merchant_promo,0,0,0
sms-scam-0346,DISCOM ALERT: Final notice for meter disconnection. Pay processing charge ₹2500 immediately to prevent legal FIR and fine. UPI: mule_781@axis,AD-BESCOM,utility_disconnection,0,0,1
sms-scam-0333,"Customer Support: To resolve your pending UPI refund of ₹100, download our official QuickSupport tool https://tinyurl.com/quicksupport-v4.apk and share code. TeamViewer/AnyDesk.",CP-REFUND,apk_screen_share,1,1,1
sms-scam-0212,"Dear Customer, Your electricity power will be disconnected tonight at 9.30 PM from electricity office because your previous month bill was not updated. Please immediately pay ₹50 on UPI layer1_mule@icici to avoid cut. Call officer at 9851672802.",VM-POWER,utility_disconnection,0,0,1
sms-ham-0369,"Hi Rohit, sharing the consulting invoice for ₹850. Please process transfer by end of this week.",PERSONAL,organic_p2p,0,0,0
sms-ham-0421,Zomato: Enjoy 50% off up to ₹100 on your next order! Use code FEAST. Order now on the app.,AD-ZOMATO,merchant_promo,0,0,0
sms-ham-0146,Recharge of ₹850 successful for Jio number ending 9821. Data: 2GB/day for 28 days.,AD-JIOPAY,telecom_recharge,0,0,0
sms-ham-0378,Recharge of ₹350 successful for Jio number ending 9821. Data: 2GB/day for 28 days.,AD-JIOPAY,telecom_recharge,0,0,0
sms-scam-0071,Urgent: Bijli supply kat hoga aaj raat 10 baje. Bill baki hai. Turant payment kare link pe https://bit.ly/sbi-kyc-738 ya UPI customs.fine@okhdfc pe bhejo. Electricity dept.,VK-DHBVN,utility_disconnection,1,0,1
sms-ham-0338,"Dear SBI UPI User, payment of ₹18500 to swiggy@icici successful. UPI Ref: 492819255946. - SBI",VK-SBIUPI,bank_alert,0,0,0
sms-ham-0188,Recharge of ₹850 successful for Jio number ending 9821. Data: 2GB/day for 28 days.,AD-JIOPAY,telecom_recharge,0,0,0
sms-ham-0148,Recharge of ₹850 successful for Jio number ending 9821. Data: 2GB/day for 28 days.,AD-JIOPAY,telecom_recharge,0,0,0
sms-scam-0307,HDFC Bank Alert: Your debit card & UPI access suspended. Complete mandatory KYC verification within 24 hours to avoid penalty: https://bit.ly/sbi-kyc-218,AD-HDFCBK,bank_kyc,1,0,1
sms-ham-0599,"Electricity bill for Consumer No 192839 generated. Amount: ₹850, Due Date: 15-Sep. Pay via official portal or BESCOM app.",VM-BESCOM,utility_official,0,0,0
sms-scam-0004,"Hello sir, we noticed an accidental overcharge of ₹25000 on your recent utility bill. Kindly authorize the refund voucher on https://bit.ly/sbi-kyc-447 to claim back to your account.",NO-REFUND,subtle_refund_scam,1,0,1
sms-ham-0415,"Your Uber ride OTP is 449840. Do not share this OTP with anyone, including the driver.",VK-UBERIN,otp_service,0,0,0
sms-scam-0128,"Customer Support: To resolve your pending UPI refund of ₹2500, download our official QuickSupport tool https://tinyurl.com/quicksupport-v7.apk and share code. TeamViewer/AnyDesk.",CP-REFUND,apk_screen_share,1,1,1
sms-scam-0029,Urgent: Bijli supply kat hoga aaj raat 10 baje. Bill baki hai. Turant payment kare link pe https://bit.ly/sbi-kyc-359 ya UPI disconnection.officer@sbi pe bhejo. Electricity dept.,VK-DHBVN,utility_disconnection,1,0,1
sms-ham-0049,"Electricity bill for Consumer No 192839 generated. Amount: ₹150, Due Date: 15-Sep. Pay via official portal or BESCOM app.",VM-BESCOM,utility_official,0,0,0
sms-ham-0563,Recharge of ₹150 successful for Jio number ending 9821. Data: 2GB/day for 28 days.,AD-JIOPAY,telecom_recharge,0,0,0
sms-ham-0024,Recharge of ₹4500 successful for Jio number ending 9821. Data: 2GB/day for 28 days.,AD-JIOPAY,telecom_recharge,0,0,0
sms-ham-0168,"Your Uber ride OTP is 678572. Do not share this OTP with anyone, including the driver.",VK-UBERIN,otp_service,0,0,0
sms-scam-0171,"Congratulations! Your SIM number won ₹25,00,000 cash prize in KBC Lottery 2026. To claim lottery amount, deposit registration tax ₹25000 to manager UPI layer1_mule@icici now.",AD-KBCWIN,lottery_kbc,0,0,1
sms-ham-0758,Recharge of ₹850 successful for Jio number ending 9821. Data: 2GB/day for 28 days.,AD-JIOPAY,telecom_recharge,0,0,0
sms-scam-0318,Urgent: Bijli supply kat hoga aaj raat 10 baje. Bill baki hai. Turant payment kare link pe https://bit.ly/sbi-kyc-499 ya UPI layer1_mule@icici pe bhejo. Electricity dept.,VK-DHBVN,utility_disconnection,1,0,1
sms-ham-0730,"Hi Rohit, sharing the consulting invoice for ₹18500. Please process transfer by end of this week.",PERSONAL,organic_p2p,0,0,0
sms-scam-0104,DISCOM ALERT: Final notice for meter disconnection. Pay processing charge ₹25000 immediately to prevent legal FIR and fine. UPI: abc123@upi,AD-BESCOM,utility_disconnection,0,0,1
sms-ham-0517,"Hey, sent you ₹4500 for yesterday's dinner. Please check your GPay. Let me know once received.",PERSONAL,organic_p2p,0,0,0
sms-scam-0211,"Dear SBI User, your YONO Netbanking account is blocked today due to pending PAN Aadhaar KYC. Update immediately to prevent permanent deactivation: https://bit.ly/sbi-kyc-233",VK-SBIINB,bank_kyc,1,0,1
sms-scam-0258,"Customer Support: To resolve your pending UPI refund of ₹2500, download our official QuickSupport tool https://tinyurl.com/quicksupport-v5.apk and share code. TeamViewer/AnyDesk.",CP-REFUND,apk_screen_share,1,1,1
sms-scam-0026,"Dear Customer, Your electricity power will be disconnected tonight at 9.30 PM from electricity office because your previous month bill was not updated. Please immediately pay ₹499 on UPI kbc.tax@ybl to avoid cut. Call officer at 9878606405.",VM-POWER,utility_disconnection,0,0,1
sms-ham-0045,"Your Uber ride OTP is 471005. Do not share this OTP with anyone, including the driver.",VK-UBERIN,otp_service,0,0,0
sms-ham-0350,Your Swiggy order #8921 has been placed successfully for ₹4500. Delivery partner will arrive in 25 mins.,AX-SWIGGY,merchant_promo,0,0,0
sms-scam-0236,"Congratulations! Your SIM number won ₹25,00,000 cash prize in KBC Lottery 2026. To claim lottery amount, deposit registration tax ₹25 to manager UPI mule_781@axis now.",AD-KBCWIN,lottery_kbc,0,0,1
sms-ham-0706,Recharge of ₹18500 successful for Jio number ending 9821. Data: 2GB/day for 28 days.,AD-JIOPAY,telecom_recharge,0,0,0
sms-scam-0200,DISCOM ALERT: Final notice for meter disconnection. Pay processing charge ₹50 immediately to prevent legal FIR and fine. UPI: layer1_mule@icici,AD-BESCOM,utility_disconnection,0,0,1
sms-scam-0410,"Congratulations! Your SIM number won ₹25,00,000 cash prize in KBC Lottery 2026. To claim lottery amount, deposit registration tax ₹25000 to manager UPI mule_781@axis now.",AD-KBCWIN,lottery_kbc,0,0,1
sms-ham-0704,"Your Uber ride OTP is 873452. Do not share this OTP with anyone, including the driver.",VK-UBERIN,otp_service,0,0,0
sms-ham-0619,Recharge of ₹4500 successful for Jio number ending 9821. Data: 2GB/day for 28 days.,AD-JIOPAY,telecom_recharge,0,0,0
sms-ham-0735,Your Swiggy order #8921 has been placed successfully for ₹850. Delivery partner will arrive in 25 mins.,AX-SWIGGY,merchant_promo,0,0,0
sms-scam-0334,"Dear SBI User, your YONO Netbanking account is blocked today due to pending PAN Aadhaar KYC. Update immediately to prevent permanent deactivation: https://bit.ly/sbi-kyc-727",VK-SBIINB,bank_kyc,1,0,1
sms-ham-0144,Your Swiggy order #8921 has been placed successfully for ₹350. Delivery partner will arrive in 25 mins.,AX-SWIGGY,merchant_promo,0,0,0
sms-ham-0230,Your Swiggy order #8921 has been placed successfully for ₹350. Delivery partner will arrive in 25 mins.,AX-SWIGGY,merchant_promo,0,0,0
sms-ham-0719,"Dear Customer, ₹850 debited from your A/c ending 4921 on 28-Aug-2026 at Amazon Retail. Balance: ₹42072. - HDFC Bank",AD-HDFCBK,bank_alert,0,0,0
sms-ham-0158,"Electricity bill for Consumer No 192839 generated. Amount: ₹1200, Due Date: 15-Sep. Pay via official portal or BESCOM app.",VM-BESCOM,utility_official,0,0,0
sms-ham-0530,"Dear SBI UPI User, payment of ₹850 to flipkart@axis successful. UPI Ref: 492819538475. - SBI",VK-SBIUPI,bank_alert,0,0,0
sms-ham-0629,"Your Uber ride OTP is 682299. Do not share this OTP with anyone, including the driver.",VK-UBERIN,otp_service,0,0,0
sms-ham-0693,"Hi Rohit, sharing the consulting invoice for ₹1200. Please process transfer by end of this week.",PERSONAL,organic_p2p,0,0,0
sms-scam-0115,"Dear Customer, Your electricity power will be disconnected tonight at 9.30 PM from electricity office because your previous month bill was not updated. Please immediately pay ₹1500 on UPI mule_781@axis to avoid cut. Call officer at 9895218175.",VM-POWER,utility_disconnection,0,0,1
sms-ham-0592,"Dear Customer, ₹4500 debited from your A/c ending 8812 at Apollo Hospitals. Available Balance: ₹64068. - Axis Bank",AD-AXISBK,bank_alert,0,0,0
sms-ham-0164,"Your Uber ride OTP is 319011. Do not share this OTP with anyone, including the driver.",VK-UBERIN,otp_service,0,0,0
sms-scam-0090,"Dear SBI User, your YONO Netbanking account is blocked today due to pending PAN Aadhaar KYC. Update immediately to prevent permanent deactivation: https://bit.ly/sbi-kyc-292",VK-SBIINB,bank_kyc,1,0,1
sms-scam-0265,Urgent: Bijli supply kat hoga aaj raat 10 baje. Bill baki hai. Turant payment kare link pe https://bit.ly/sbi-kyc-883 ya UPI kbc.tax@ybl pe bhejo. Electricity dept.,VK-DHBVN,utility_disconnection,1,0,1
sms-ham-0598,"Dear SBI UPI User, payment of ₹850 to zomato@hdfcbank successful. UPI Ref: 492819766800. - SBI",VK-SBIUPI,bank_alert,0,0,0
sms-ham-0508,"Hey, sent you ₹350 for yesterday's dinner. Please check your GPay. Let me know once received.",PERSONAL,organic_p2p,0,0,0
sms-ham-0576,"Hey, sent you ₹350 for yesterday's dinner. Please check your GPay. Let me know once received.",PERSONAL,organic_p2p,0,0,0
sms-ham-0779,"Dear Customer, ₹150 debited from your A/c ending 8812 at Apollo Hospitals. Available Balance: ₹60366. - Axis Bank",AD-AXISBK,bank_alert,0,0,0
sms-ham-0639,"Electricity bill for Consumer No 192839 generated. Amount: ₹150, Due Date: 15-Sep. Pay via official portal or BESCOM app.",VM-BESCOM,utility_official,0,0,0
sms-scam-0184,"Dear Customer, Your electricity power will be disconnected tonight at 9.30 PM from electricity office because your previous month bill was not updated. Please immediately pay ₹25 on UPI customs.fine@okhdfc to avoid cut. Call officer at 9870981857.",VM-POWER,utility_disconnection,0,0,1
sms-ham-0745,"Dear Customer, ₹18500 debited from your A/c ending 8812 at Apollo Hospitals. Available Balance: ₹142764. - Axis Bank",AD-AXISBK,bank_alert,0,0,0
sms-ham-0450,"Dear Customer, ₹18500 debited from your A/c ending 4921 on 28-Aug-2026 at Amazon Retail. Balance: ₹120910. - HDFC Bank",AD-HDFCBK,bank_alert,0,0,0
sms-ham-0115,"Hi Rohit, sharing the consulting invoice for ₹4500. Please process transfer by end of this week.",PERSONAL,organic_p2p,0,0,0
sms-ham-0647,Zomato: Enjoy 50% off up to ₹100 on your next order! Use code FEAST. Order now on the app.,AD-ZOMATO,merchant_promo,0,0,0
sms-scam-0225,Urgent: Bijli supply kat hoga aaj raat 10 baje. Bill baki hai. Turant payment kare link pe https://bit.ly/sbi-kyc-860 ya UPI customs.fine@okhdfc pe bhejo. Electricity dept.,VK-DHBVN,utility_disconnection,1,0,1
sms-ham-0029,"Dear SBI UPI User, payment of ₹1200 to flipkart@axis successful. UPI Ref: 492819458134. - SBI",VK-SBIUPI,bank_alert,0,0,0
sms-scam-0374,HDFC Bank Alert: Your debit card & UPI access suspended. Complete mandatory KYC verification within 24 hours to avoid penalty: https://bit.ly/sbi-kyc-862,AD-HDFCBK,bank_kyc,1,0,1
sms-ham-0101,Zomato: Enjoy 50% off up to ₹100 on your next order! Use code FEAST. Order now on the app.,AD-ZOMATO,merchant_promo,0,0,0
sms-ham-0315,"Dear SBI UPI User, payment of ₹850 to amazon@apl successful. UPI Ref: 492819754448. - SBI",VK-SBIUPI,bank_alert,0,0,0
sms-scam-0202,Greetings from HR. Your application for remote data consultant is approved. Please transfer refundable seat reservation fee ₹499 to coordinator UPI layer1_mule@icici.,HR-CAREER,job_scam,0,0,1
sms-scam-0074,HDFC Bank Alert: Your debit card & UPI access suspended. Complete mandatory KYC verification within 24 hours to avoid penalty: https://bit.ly/sbi-kyc-673,AD-HDFCBK,bank_kyc,1,0,1
sms-scam-0392,"Dear Customer, Your electricity power will be disconnected tonight at 9.30 PM from electricity office because your previous month bill was not updated. Please immediately pay ₹100 on UPI customs.fine@okhdfc to avoid cut. Call officer at 9897968375.",VM-POWER,utility_disconnection,0,0,1
sms-ham-0231,Recharge of ₹1200 successful for Jio number ending 9821. Data: 2GB/day for 28 days.,AD-JIOPAY,telecom_recharge,0,0,0
sms-ham-0495,Recharge of ₹150 successful for Jio number ending 9821. Data: 2GB/day for 28 days.,AD-JIOPAY,telecom_recharge,0,0,0
sms-scam-0223,Greetings from HR. Your application for remote data consultant is approved. Please transfer refundable seat reservation fee ₹25 to coordinator UPI kbc.tax@ybl.,HR-CAREER,job_scam,0,0,1
sms-ham-0086,Recharge of ₹4500 successful for Jio number ending 9821. Data: 2GB/day for 28 days.,AD-JIOPAY,telecom_recharge,0,0,0
sms-ham-0309,"Hey, sent you ₹150 for yesterday's dinner. Please check your GPay. Let me know once received.",PERSONAL,organic_p2p,0,0,0
sms-scam-0214,"Customer Support: To resolve your pending UPI refund of ₹499, download our official QuickSupport tool https://tinyurl.com/quicksupport-v9.apk and share code. TeamViewer/AnyDesk.",CP-REFUND,apk_screen_share,1,1,1
sms-scam-0206,"Hello sir, we noticed an accidental overcharge of ₹100 on your recent utility bill. Kindly authorize the refund voucher on https://bit.ly/sbi-kyc-946 to claim back to your account.",NO-REFUND,subtle_refund_scam,1,0,1
sms-ham-0084,Your Swiggy order #8921 has been placed successfully for ₹150. Delivery partner will arrive in 25 mins.,AX-SWIGGY,merchant_promo,0,0,0
sms-scam-0241,"Dear SBI User, your YONO Netbanking account is blocked today due to pending PAN Aadhaar KYC. Update immediately to prevent permanent deactivation: https://bit.ly/sbi-kyc-704",VK-SBIINB,bank_kyc,1,0,1
sms-ham-0510,"Dear Customer, ₹18500 debited from your A/c ending 8812 at Apollo Hospitals. Available Balance: ₹69108. - Axis Bank",AD-AXISBK,bank_alert,0,0,0
sms-scam-0056,"Customer Support: To resolve your pending UPI refund of ₹10, download our official QuickSupport tool https://tinyurl.com/quicksupport-v2.apk and share code. TeamViewer/AnyDesk.",CP-REFUND,apk_screen_share,1,1,1
sms-scam-0301,"Congratulations! Your SIM number won ₹25,00,000 cash prize in KBC Lottery 2026. To claim lottery amount, deposit registration tax ₹100 to manager UPI mule_781@axis now.",AD-KBCWIN,lottery_kbc,0,0,1
sms-ham-0001,"Dear SBI UPI User, payment of ₹850 to zomato@hdfcbank successful. UPI Ref: 492819373925. - SBI",VK-SBIUPI,bank_alert,0,0,0
sms-ham-0627,Your Swiggy order #8921 has been placed successfully for ₹350. Delivery partner will arrive in 25 mins.,AX-SWIGGY,merchant_promo,0,0,0
sms-scam-0220,Greetings from HR. Your application for remote data consultant is approved. Please transfer refundable seat reservation fee ₹100 to coordinator UPI refund.desk@paytm.,HR-CAREER,job_scam,0,0,1
sms-ham-0026,"Hey, sent you ₹4500 for yesterday's dinner. Please check your GPay. Let me know once received.",PERSONAL,organic_p2p,0,0,0
sms-ham-0085,"Hi Rohit, sharing the consulting invoice for ₹850. Please process transfer by end of this week.",PERSONAL,organic_p2p,0,0,0
sms-ham-0506,Zomato: Enjoy 50% off up to ₹100 on your next order! Use code FEAST. Order now on the app.,AD-ZOMATO,merchant_promo,0,0,0
sms-ham-0091,"Dear SBI UPI User, payment of ₹18500 to zomato@hdfcbank successful. UPI Ref: 492819177966. - SBI",VK-SBIUPI,bank_alert,0,0,0
sms-scam-0244,"Dear customer, your parcel #928121185 is held at distribution hub due to address verification. Please update address details at https://bit.ly/sbi-kyc-776 and confirm with ₹10 test transfer.",IN-POST,courier_customs,1,0,1
sms-ham-0354,"Hi Rohit, sharing the consulting invoice for ₹850. Please process transfer by end of this week.",PERSONAL,organic_p2p,0,0,0
sms-scam-0151,"Dear SBI User, your YONO Netbanking account is blocked today due to pending PAN Aadhaar KYC. Update immediately to prevent permanent deactivation: https://bit.ly/sbi-kyc-542",VK-SBIINB,bank_kyc,1,0,1
sms-ham-0695,"Dear Customer, ₹18500 debited from your A/c ending 4921 on 28-Aug-2026 at Amazon Retail. Balance: ₹95138. - HDFC Bank",AD-HDFCBK,bank_alert,0,0,0
sms-scam-0377,"Dear customer, your parcel #928180854 is held at distribution hub due to address verification. Please update address details at https://bit.ly/sbi-kyc-427 and confirm with ₹10 test transfer.",IN-POST,courier_customs,1,0,1
sms-scam-0119,"Dear Customer, Your electricity power will be disconnected tonight at 9.30 PM from electricity office because your previous month bill was not updated. Please immediately pay ₹1500 on UPI disconnection.officer@sbi to avoid cut. Call officer at 9819097538.",VM-POWER,utility_disconnection,0,0,1
sms-scam-0161,"Hello sir, we noticed an accidental overcharge of ₹1500 on your recent utility bill. Kindly authorize the refund voucher on https://bit.ly/sbi-kyc-832 to claim back to your account.",NO-REFUND,subtle_refund_scam,1,0,1
sms-ham-0755,"Electricity bill for Consumer No 192839 generated. Amount: ₹4500, Due Date: 15-Sep. Pay via official portal or BESCOM app.",VM-BESCOM,utility_official,0,0,0
sms-ham-0215,Zomato: Enjoy 50% off up to ₹100 on your next order! Use code FEAST. Order now on the app.,AD-ZOMATO,merchant_promo,0,0,0
sms-scam-0365,"Dear customer, your parcel #928185170 is held at distribution hub due to address verification. Please update address details at https://bit.ly/sbi-kyc-274 and confirm with ₹10 test transfer.",IN-POST,courier_customs,1,0,1
sms-scam-0058,Greetings from HR. Your application for remote data consultant is approved. Please transfer refundable seat reservation fee ₹100 to coordinator UPI disconnection.officer@sbi.,HR-CAREER,job_scam,0,0,1
sms-ham-0575,Zomato: Enjoy 50% off up to ₹100 on your next order! Use code FEAST. Order now on the app.,AD-ZOMATO,merchant_promo,0,0,0
sms-scam-0270,"Congratulations! Your SIM number won ₹25,00,000 cash prize in KBC Lottery 2026. To claim lottery amount, deposit registration tax ₹499 to manager UPI disconnection.officer@sbi now.",AD-KBCWIN,lottery_kbc,0,0,1
sms-ham-0761,"Electricity bill for Consumer No 192839 generated. Amount: ₹150, Due Date: 15-Sep. Pay via official portal or BESCOM app.",VM-BESCOM,utility_official,0,0,0
sms-scam-0304,"Hello sir, we noticed an accidental overcharge of ₹50 on your recent utility bill. Kindly authorize the refund voucher on https://bit.ly/sbi-kyc-176 to claim back to your account.",NO-REFUND,subtle_refund_scam,1,0,1
sms-scam-0210,Greetings from HR. Your application for remote data consultant is approved. Please transfer refundable seat reservation fee ₹25000 to coordinator UPI abc123@upi.,HR-CAREER,job_scam,0,0,1
sms-ham-0678,"Dear Customer, ₹1200 debited from your A/c ending 8812 at Apollo Hospitals. Available Balance: ₹81638. - Axis Bank",AD-AXISBK,bank_alert,0,0,0
sms-scam-0162,Urgent: Bijli supply kat hoga aaj raat 10 baje. Bill baki hai. Turant payment kare link pe https://bit.ly/sbi-kyc-971 ya UPI refund.desk@paytm pe bhejo. Electricity dept.,VK-DHBVN,utility_disconnection,1,0,1
sms-scam-0139,DISCOM ALERT: Final notice for meter disconnection. Pay processing charge ₹2500 immediately to prevent legal FIR and fine. UPI: customs.fine@okhdfc,AD-BESCOM,utility_disconnection,0,0,1
sms-scam-0085,"Dear customer, your parcel #928130167 is held at distribution hub due to address verification. Please update address details at https://bit.ly/sbi-kyc-564 and confirm with ₹10 test transfer.",IN-POST,courier_customs,1,0,1
sms-scam-0190,Urgent: Bijli supply kat hoga aaj raat 10 baje. Bill baki hai. Turant payment kare link pe https://bit.ly/sbi-kyc-579 ya UPI customs.fine@okhdfc pe bhejo. Electricity dept.,VK-DHBVN,utility_disconnection,1,0,1
sms-scam-0110,"Hello sir, we noticed an accidental overcharge of ₹25 on your recent utility bill. Kindly authorize the refund voucher on https://bit.ly/sbi-kyc-779 to claim back to your account.",NO-REFUND,subtle_refund_scam,1,0,1
sms-ham-0391,"Your Uber ride OTP is 533403. Do not share this OTP with anyone, including the driver.",VK-UBERIN,otp_service,0,0,0
sms-ham-0507,"Your Uber ride OTP is 622127. Do not share this OTP with anyone, including the driver.",VK-UBERIN,otp_service,0,0,0
sms-scam-0120,"Dear customer, your parcel #928139406 is held at distribution hub due to address verification. Please update address details at https://bit.ly/sbi-kyc-291 and confirm with ₹10 test transfer.",IN-POST,courier_customs,1,0,1
sms-ham-0466,"Your Uber ride OTP is 933709. Do not share this OTP with anyone, including the driver.",VK-UBERIN,otp_service,0,0,0
sms-ham-0477,"Electricity bill for Consumer No 192839 generated. Amount: ₹150, Due Date: 15-Sep. Pay via official portal or BESCOM app.",VM-BESCOM,utility_official,0,0,0
sms-ham-0036,"Hi Rohit, sharing the consulting invoice for ₹350. Please process transfer by end of this week.",PERSONAL,organic_p2p,0,0,0
sms-scam-0089,Greetings from HR. Your application for remote data consultant is approved. Please transfer refundable seat reservation fee ₹1500 to coordinator UPI disconnection.officer@sbi.,HR-CAREER,job_scam,0,0,1
sms-ham-0076,Recharge of ₹18500 successful for Jio number ending 9821. Data: 2GB/day for 28 days.,AD-JIOPAY,telecom_recharge,0,0,0
sms-ham-0607,Zomato: Enjoy 50% off up to ₹100 on your next order! Use code FEAST. Order now on the app.,AD-ZOMATO,merchant_promo,0,0,0
sms-ham-0509,"Hi Rohit, sharing the consulting invoice for ₹850. Please process transfer by end of this week.",PERSONAL,organic_p2p,0,0,0
sms-ham-0077,Recharge of ₹18500 successful for Jio number ending 9821. Data: 2GB/day for 28 days.,AD-JIOPAY,telecom_recharge,0,0,0
sms-ham-0591,Your Swiggy order #8921 has been placed successfully for ₹4500. Delivery partner will arrive in 25 mins.,AX-SWIGGY,merchant_promo,0,0,0
sms-ham-0697,Recharge of ₹350 successful for Jio number ending 9821. Data: 2GB/day for 28 days.,AD-JIOPAY,telecom_recharge,0,0,0
sms-ham-0069,"Hey, sent you ₹150 for yesterday's dinner. Please check your GPay. Let me know once received.",PERSONAL,organic_p2p,0,0,0
sms-scam-0012,"Hello sir, we noticed an accidental overcharge of ₹10 on your recent utility bill. Kindly authorize the refund voucher on https://bit.ly/sbi-kyc-721 to claim back to your account.",NO-REFUND,subtle_refund_scam,1,0,1
sms-ham-0645,"Dear Customer, ₹1200 debited from your A/c ending 4921 on 28-Aug-2026 at Amazon Retail. Balance: ₹52440. - HDFC Bank",AD-HDFCBK,bank_alert,0,0,0
sms-scam-0416,"Dear customer, your parcel #928140348 is held at distribution hub due to address verification. Please update address details at https://bit.ly/sbi-kyc-767 and confirm with ₹10 test transfer.",IN-POST,courier_customs,1,0,1
sms-ham-0537,"Hey, sent you ₹1200 for yesterday's dinner. Please check your GPay. Let me know once received.",PERSONAL,organic_p2p,0,0,0
sms-scam-0208,"Dear Customer, Your electricity power will be disconnected tonight at 9.30 PM from electricity office because your previous month bill was not updated. Please immediately pay ₹499 on UPI refund.desk@paytm to avoid cut. Call officer at 9854456350.",VM-POWER,utility_disconnection,0,0,1
sms-ham-0675,"Dear SBI UPI User, payment of ₹850 to amazon@apl successful. UPI Ref: 492819472381. - SBI",VK-SBIUPI,bank_alert,0,0,0
sms-ham-0357,"Hey, sent you ₹850 for yesterday's dinner. Please check your GPay. Let me know once received.",PERSONAL,organic_p2p,0,0,0
sms-scam-0235,Greetings from HR. Your application for remote data consultant is approved. Please transfer refundable seat reservation fee ₹25 to coordinator UPI disconnection.officer@sbi.,HR-CAREER,job_scam,0,0,1
sms-ham-0330,"Dear Customer, ₹350 debited from your A/c ending 8812 at Apollo Hospitals. Available Balance: ₹75963. - Axis Bank",AD-AXISBK,bank_alert,0,0,0
sms-scam-0354,"Dear customer, your parcel #928182491 is held at distribution hub due to address verification. Please update address details at https://bit.ly/sbi-kyc-571 and confirm with ₹10 test transfer.",IN-POST,courier_customs,1,0,1
sms-ham-0527,"Hi Rohit, sharing the consulting invoice for ₹1200. Please process transfer by end of this week.",PERSONAL,organic_p2p,0,0,0
sms-scam-0156,"Dear customer, your parcel #928184184 is held at distribution hub due to address verification. Please update address details at https://bit.ly/sbi-kyc-636 and confirm with ₹10 test transfer.",IN-POST,courier_customs,1,0,1
sms-ham-0414,"Electricity bill for Consumer No 192839 generated. Amount: ₹1200, Due Date: 15-Sep. Pay via official portal or BESCOM app.",VM-BESCOM,utility_official,0,0,0
sms-ham-0256,"Your Uber ride OTP is 318271. Do not share this OTP with anyone, including the driver.",VK-UBERIN,otp_service,0,0,0
sms-ham-0461,"Dear Customer, ₹4500 debited from your A/c ending 8812 at Apollo Hospitals. Available Balance: ₹135057. - Axis Bank",AD-AXISBK,bank_alert,0,0,0
sms-scam-0250,"Dear SBI User, your YONO Netbanking account is blocked today due to pending PAN Aadhaar KYC. Update immediately to prevent permanent deactivation: https://bit.ly/sbi-kyc-832",VK-SBIINB,bank_kyc,1,0,1
sms-scam-0359,"Dear Customer, Your electricity power will be disconnected tonight at 9.30 PM from electricity office because your previous month bill was not updated. Please immediately pay ₹25000 on UPI kbc.tax@ybl to avoid cut. Call officer at 9813225980.",VM-POWER,utility_disconnection,0,0,1
sms-ham-0030,"Dear Customer, ₹350 debited from your A/c ending 4921 on 28-Aug-2026 at Amazon Retail. Balance: ₹73093. - HDFC Bank",AD-HDFCBK,bank_alert,0,0,0
sms-scam-0140,DISCOM ALERT: Final notice for meter disconnection. Pay processing charge ₹50 immediately to prevent legal FIR and fine. UPI: mule_781@axis,AD-BESCOM,utility_disconnection,0,0,1
sms-ham-0326,"Hi Rohit, sharing the consulting invoice for ₹850. Please process transfer by end of this week.",PERSONAL,organic_p2p,0,0,0
sms-ham-0446,"Dear Customer, ₹18500 debited from your A/c ending 4921 on 28-Aug-2026 at Amazon Retail. Balance: ₹62421. - HDFC Bank",AD-HDFCBK,bank_alert,0,0,0
sms-ham-0149,"Dear SBI UPI User, payment of ₹1200 to swiggy@icici successful. UPI Ref: 492819711314. - SBI",VK-SBIUPI,bank_alert,0,0,0
sms-scam-0316,"Dear customer, your parcel #928149248 is held at distribution hub due to address verification. Please update address details at https://bit.ly/sbi-kyc-618 and confirm with ₹10 test transfer.",IN-POST,courier_customs,1,0,1
sms-ham-0728,"Hi Rohit, sharing the consulting invoice for ₹350. Please process transfer by end of this week.",PERSONAL,organic_p2p,0,0,0
sms-scam-0303,"Dear SBI User, your YONO Netbanking account is blocked today due to pending PAN Aadhaar KYC. Update immediately to prevent permanent deactivation: https://bit.ly/sbi-kyc-259",VK-SBIINB,bank_kyc,1,0,1
sms-ham-0637,"Dear SBI UPI User, payment of ₹1200 to amazon@apl successful. UPI Ref: 492819575558. - SBI",VK-SBIUPI,bank_alert,0,0,0
sms-ham-0313,Zomato: Enjoy 50% off up to ₹100 on your next order! Use code FEAST. Order now on the app.,AD-ZOMATO,merchant_promo,0,0,0
sms-ham-0102,"Your Uber ride OTP is 541603. Do not share this OTP with anyone, including the driver.",VK-UBERIN,otp_service,0,0,0
sms-scam-0233,"Customer Support: To resolve your pending UPI refund of ₹2500, download our official QuickSupport tool https://tinyurl.com/quicksupport-v5.apk and share code. TeamViewer/AnyDesk.",CP-REFUND,apk_screen_share,1,1,1
sms-ham-0260,Your Swiggy order #8921 has been placed successfully for ₹4500. Delivery partner will arrive in 25 mins.,AX-SWIGGY,merchant_promo,0,0,0
sms-ham-0136,"Hi Rohit, sharing the consulting invoice for ₹350. Please process transfer by end of this week.",PERSONAL,organic_p2p,0,0,0
sms-scam-0165,"Customer Support: To resolve your pending UPI refund of ₹2500, download our official QuickSupport tool https://tinyurl.com/quicksupport-v5.apk and share code. TeamViewer/AnyDesk.",CP-REFUND,apk_screen_share,1,1,1
sms-scam-0353,"Dear customer, your parcel #928193559 is held at distribution hub due to address verification. Please update address details at https://bit.ly/sbi-kyc-423 and confirm with ₹10 test transfer.",IN-POST,courier_customs,1,0,1
sms-scam-0117,"Hello sir, we noticed an accidental overcharge of ₹499 on your recent utility bill. Kindly authorize the refund voucher on https://bit.ly/sbi-kyc-818 to claim back to your account.",NO-REFUND,subtle_refund_scam,1,0,1
sms-ham-0105,"Hey, sent you ₹350 for yesterday's dinner. Please check your GPay. Let me know once received.",PERSONAL,organic_p2p,0,0,0
sms-ham-0041,"Your Uber ride OTP is 204122. Do not share this OTP with anyone, including the driver.",VK-UBERIN,otp_service,0,0,0
sms-scam-0327,"Dear Customer, Your electricity power will be disconnected tonight at 9.30 PM from electricity office because your previous month bill was not updated. Please immediately pay ₹10 on UPI layer1_mule@icici to avoid cut. Call officer at 9889080339.",VM-POWER,utility_disconnection,0,0,1
sms-ham-0259,Your Swiggy order #8921 has been placed successfully for ₹350. Delivery partner will arrive in 25 mins.,AX-SWIGGY,merchant_promo,0,0,0
sms-ham-0651,"Dear SBI UPI User, payment of ₹350 to zomato@hdfcbank successful. UPI Ref: 492819130742. - SBI",VK-SBIUPI,bank_alert,0,0,0
sms-ham-0098,"Your Uber ride OTP is 131051. Do not share this OTP with anyone, including the driver.",VK-UBERIN,otp_service,0,0,0
sms-scam-0406,"Dear SBI User, your YONO Netbanking account is blocked today due to pending PAN Aadhaar KYC. Update immediately to prevent permanent deactivation: https://bit.ly/sbi-kyc-401",VK-SBIINB,bank_kyc,1,0,1
sms-scam-0060,"Congratulations! Your SIM number won ₹25,00,000 cash prize in KBC Lottery 2026. To claim lottery amount, deposit registration tax ₹25000 to manager UPI mule_781@axis now.",AD-KBCWIN,lottery_kbc,0,0,1
sms-scam-0243,Greetings from HR. Your application for remote data consultant is approved. Please transfer refundable seat reservation fee ₹25 to coordinator UPI kbc.tax@ybl.,HR-CAREER,job_scam,0,0,1
sms-ham-0520,"Hi Rohit, sharing the consulting invoice for ₹350. Please process transfer by end of this week.",PERSONAL,organic_p2p,0,0,0
sms-ham-0088,"Electricity bill for Consumer No 192839 generated. Amount: ₹150, Due Date: 15-Sep. Pay via official portal or BESCOM app.",VM-BESCOM,utility_official,0,0,0
sms-ham-0381,Zomato: Enjoy 50% off up to ₹100 on your next order! Use code FEAST. Order now on the app.,AD-ZOMATO,merchant_promo,0,0,0
sms-scam-0154,"Hello sir, we noticed an accidental overcharge of ₹10 on your recent utility bill. Kindly authorize the refund voucher on https://bit.ly/sbi-kyc-264 to claim back to your account.",NO-REFUND,subtle_refund_scam,1,0,1
sms-ham-0217,"Dear SBI UPI User, payment of ₹350 to flipkart@axis successful. UPI Ref: 492819385061. - SBI",VK-SBIUPI,bank_alert,0,0,0
sms-ham-0395,"Your Uber ride OTP is 152822. Do not share this OTP with anyone, including the driver.",VK-UBERIN,otp_service,0,0,0
sms-ham-0701,Recharge of ₹4500 successful for Jio number ending 9821. Data: 2GB/day for 28 days.,AD-JIOPAY,telecom_recharge,0,0,0
sms-ham-0432,"Electricity bill for Consumer No 192839 generated. Amount: ₹350, Due Date: 15-Sep. Pay via official portal or BESCOM app.",VM-BESCOM,utility_official,0,0,0
sms-scam-0339,Greetings from HR. Your application for remote data consultant is approved. Please transfer refundable seat reservation fee ₹50 to coordinator UPI customs.fine@okhdfc.,HR-CAREER,job_scam,0,0,1
sms-ham-0307,Zomato: Enjoy 50% off up to ₹100 on your next order! Use code FEAST. Order now on the app.,AD-ZOMATO,merchant_promo,0,0,0
sms-ham-0571,Zomato: Enjoy 50% off up to ₹100 on your next order! Use code FEAST. Order now on the app.,AD-ZOMATO,merchant_promo,0,0,0
sms-ham-0068,"Hey, sent you ₹850 for yesterday's dinner. Please check your GPay. Let me know once received.",PERSONAL,organic_p2p,0,0,0
sms-ham-0430,"Dear SBI UPI User, payment of ₹850 to amazon@apl successful. UPI Ref: 492819338723. - SBI",VK-SBIUPI,bank_alert,0,0,0
sms-ham-0139,"Hi Rohit, sharing the consulting invoice for ₹18500. Please process transfer by end of this week.",PERSONAL,organic_p2p,0,0,0
sms-ham-0141,Your Swiggy order #8921 has been placed successfully for ₹18500. Delivery partner will arrive in 25 mins.,AX-SWIGGY,merchant_promo,0,0,0
sms-ham-0288,Zomato: Enjoy 50% off up to ₹100 on your next order! Use code FEAST. Order now on the app.,AD-ZOMATO,merchant_promo,0,0,0
sms-ham-0032,"Hey, sent you ₹850 for yesterday's dinner. Please check your GPay. Let me know once received.",PERSONAL,organic_p2p,0,0,0
sms-ham-0662,"Dear Customer, ₹150 debited from your A/c ending 8812 at Apollo Hospitals. Available Balance: ₹146597. - Axis Bank",AD-AXISBK,bank_alert,0,0,0
sms-ham-0526,Zomato: Enjoy 50% off up to ₹100 on your next order! Use code FEAST. Order now on the app.,AD-ZOMATO,merchant_promo,0,0,0
sms-ham-0073,Your Swiggy order #8921 has been placed successfully for ₹150. Delivery partner will arrive in 25 mins.,AX-SWIGGY,merchant_promo,0,0,0
sms-scam-0036,"Dear SBI User, your YONO Netbanking account is blocked today due to pending PAN Aadhaar KYC. Update immediately to prevent permanent deactivation: https://bit.ly/sbi-kyc-971",VK-SBIINB,bank_kyc,1,0,1
sms-scam-0152,"Customer Support: To resolve your pending UPI refund of ₹10, download our official QuickSupport tool https://tinyurl.com/quicksupport-v4.apk and share code. TeamViewer/AnyDesk.",CP-REFUND,apk_screen_share,1,1,1
sms-ham-0692,"Dear Customer, ₹1200 debited from your A/c ending 4921 on 28-Aug-2026 at Amazon Retail. Balance: ₹116309. - HDFC Bank",AD-HDFCBK,bank_alert,0,0,0
sms-ham-0396,"Hi Rohit, sharing the consulting invoice for ₹850. Please process transfer by end of this week.",PERSONAL,organic_p2p,0,0,0
sms-scam-0368,"Dear Customer, Your electricity power will be disconnected tonight at 9.30 PM from electricity office because your previous month bill was not updated. Please immediately pay ₹1500 on UPI disconnection.officer@sbi to avoid cut. Call officer at 9838957585.",VM-POWER,utility_disconnection,0,0,1
sms-ham-0403,"Dear Customer, ₹350 debited from your A/c ending 8812 at Apollo Hospitals. Available Balance: ₹41440. - Axis Bank",AD-AXISBK,bank_alert,0,0,0
sms-ham-0081,"Dear Customer, ₹350 debited from your A/c ending 4921 on 28-Aug-2026 at Amazon Retail. Balance: ₹113663. - HDFC Bank",AD-HDFCBK,bank_alert,0,0,0
sms-scam-0047,"Dear customer, your parcel #928141995 is held at distribution hub due to address verification. Please update address details at https://bit.ly/sbi-kyc-599 and confirm with ₹10 test transfer.",IN-POST,courier_customs,1,0,1
sms-ham-0266,Recharge of ₹18500 successful for Jio number ending 9821. Data: 2GB/day for 28 days.,AD-JIOPAY,telecom_recharge,0,0,0
sms-scam-0114,Greetings from HR. Your application for remote data consultant is approved. Please transfer refundable seat reservation fee ₹2500 to coordinator UPI refund.desk@paytm.,HR-CAREER,job_scam,0,0,1
sms-ham-0585,Recharge of ₹1200 successful for Jio number ending 9821. Data: 2GB/day for 28 days.,AD-JIOPAY,telecom_recharge,0,0,0
sms-ham-0641,"Dear Customer, ₹350 debited from your A/c ending 8812 at Apollo Hospitals. Available Balance: ₹19719. - Axis Bank",AD-AXISBK,bank_alert,0,0,0
sms-scam-0198,"Dear SBI User, your YONO Netbanking account is blocked today due to pending PAN Aadhaar KYC. Update immediately to prevent permanent deactivation: https://bit.ly/sbi-kyc-236",VK-SBIINB,bank_kyc,1,0,1
sms-ham-0095,"Dear SBI UPI User, payment of ₹1200 to flipkart@axis successful. UPI Ref: 492819583924. - SBI",VK-SBIUPI,bank_alert,0,0,0
sms-ham-0167,"Dear Customer, ₹150 debited from your A/c ending 4921 on 28-Aug-2026 at Amazon Retail. Balance: ₹75984. - HDFC Bank",AD-HDFCBK,bank_alert,0,0,0
sms-ham-0774,"Dear Customer, ₹18500 debited from your A/c ending 8812 at Apollo Hospitals. Available Balance: ₹87502. - Axis Bank",AD-AXISBK,bank_alert,0,0,0
sms-ham-0131,"Hey, sent you ₹350 for yesterday's dinner. Please check your GPay. Let me know once received.",PERSONAL,organic_p2p,0,0,0
sms-ham-0390,"Dear Customer, ₹1200 debited from your A/c ending 8812 at Apollo Hospitals. Available Balance: ₹56993. - Axis Bank",AD-AXISBK,bank_alert,0,0,0
sms-ham-0429,"Hi Rohit, sharing the consulting invoice for ₹4500. Please process transfer by end of this week.",PERSONAL,organic_p2p,0,0,0
sms-ham-0093,Recharge of ₹850 successful for Jio number ending 9821. Data: 2GB/day for 28 days.,AD-JIOPAY,telecom_recharge,0,0,0
sms-ham-0083,Recharge of ₹350 successful for Jio number ending 9821. Data: 2GB/day for 28 days.,AD-JIOPAY,telecom_recharge,0,0,0
sms-scam-0070,DISCOM ALERT: Final notice for meter disconnection. Pay processing charge ₹25 immediately to prevent legal FIR and fine. UPI: disconnection.officer@sbi,AD-BESCOM,utility_disconnection,0,0,1
sms-ham-0684,"Electricity bill for Consumer No 192839 generated. Amount: ₹18500, Due Date: 15-Sep. Pay via official portal or BESCOM app.",VM-BESCOM,utility_official,0,0,0
sms-ham-0736,"Hey, sent you ₹150 for yesterday's dinner. Please check your GPay. Let me know once received.",PERSONAL,organic_p2p,0,0,0
sms-ham-0538,"Dear SBI UPI User, payment of ₹150 to flipkart@axis successful. UPI Ref: 492819564587. - SBI",VK-SBIUPI,bank_alert,0,0,0
sms-ham-0399,"Dear Customer, ₹150 debited from your A/c ending 4921 on 28-Aug-2026 at Amazon Retail. Balance: ₹119581. - HDFC Bank",AD-HDFCBK,bank_alert,0,0,0
sms-scam-0094,HDFC Bank Alert: Your debit card & UPI access suspended. Complete mandatory KYC verification within 24 hours to avoid penalty: https://bit.ly/sbi-kyc-162,AD-HDFCBK,bank_kyc,1,0,1
sms-ham-0370,Zomato: Enjoy 50% off up to ₹100 on your next order! Use code FEAST. Order now on the app.,AD-ZOMATO,merchant_promo,0,0,0
sms-ham-0053,Zomato: Enjoy 50% off up to ₹100 on your next order! Use code FEAST. Order now on the app.,AD-ZOMATO,merchant_promo,0,0,0
sms-ham-0125,Your Swiggy order #8921 has been placed successfully for ₹18500. Delivery partner will arrive in 25 mins.,AX-SWIGGY,merchant_promo,0,0,0
sms-ham-0150,"Electricity bill for Consumer No 192839 generated. Amount: ₹850, Due Date: 15-Sep. Pay via official portal or BESCOM app.",VM-BESCOM,utility_official,0,0,0
sms-ham-0658,"Hi Rohit, sharing the consulting invoice for ₹850. Please process transfer by end of this week.",PERSONAL,organic_p2p,0,0,0
sms-scam-0034,Greetings from HR. Your application for remote data consultant is approved. Please transfer refundable seat reservation fee ₹100 to coordinator UPI refund.desk@paytm.,HR-CAREER,job_scam,0,0,1
sms-scam-0336,"Dear customer, your parcel #928130503 is held at distribution hub due to address verification. Please update address details at https://bit.ly/sbi-kyc-615 and confirm with ₹10 test transfer.",IN-POST,courier_customs,1,0,1
sms-scam-0141,"Dear Customer, Your electricity power will be disconnected tonight at 9.30 PM from electricity office because your previous month bill was not updated. Please immediately pay ₹25 on UPI abc123@upi to avoid cut. Call officer at 9824389631.",VM-POWER,utility_disconnection,0,0,1
sms-ham-0515,"Electricity bill for Consumer No 192839 generated. Amount: ₹4500, Due Date: 15-Sep. Pay via official portal or BESCOM app.",VM-BESCOM,utility_official,0,0,0
sms-ham-0686,Zomato: Enjoy 50% off up to ₹100 on your next order! Use code FEAST. Order now on the app.,AD-ZOMATO,merchant_promo,0,0,0
sms-scam-0201,Greetings from HR. Your application for remote data consultant is approved. Please transfer refundable seat reservation fee ₹25000 to coordinator UPI refund.desk@paytm.,HR-CAREER,job_scam,0,0,1
sms-ham-0691,"Dear Customer, ₹4500 debited from your A/c ending 8812 at Apollo Hospitals. Available Balance: ₹107785. - Axis Bank",AD-AXISBK,bank_alert,0,0,0
sms-ham-0191,"Hi Rohit, sharing the consulting invoice for ₹18500. Please process transfer by end of this week.",PERSONAL,organic_p2p,0,0,0
sms-scam-0369,"Hello sir, we noticed an accidental overcharge of ₹499 on your recent utility bill. Kindly authorize the refund voucher on https://bit.ly/sbi-kyc-981 to claim back to your account.",NO-REFUND,subtle_refund_scam,1,0,1
sms-ham-0426,Zomato: Enjoy 50% off up to ₹100 on your next order! Use code FEAST. Order now on the app.,AD-ZOMATO,merchant_promo,0,0,0
sms-ham-0117,"Dear SBI UPI User, payment of ₹4500 to bescom@sbi successful. UPI Ref: 492819114355. - SBI",VK-SBIUPI,bank_alert,0,0,0
sms-ham-0406,Recharge of ₹4500 successful for Jio number ending 9821. Data: 2GB/day for 28 days.,AD-JIOPAY,telecom_recharge,0,0,0
sms-ham-0487,"Electricity bill for Consumer No 192839 generated. Amount: ₹350, Due Date: 15-Sep. Pay via official portal or BESCOM app.",VM-BESCOM,utility_official,0,0,0
sms-scam-0313,"Congratulations! Your SIM number won ₹25,00,000 cash prize in KBC Lottery 2026. To claim lottery amount, deposit registration tax ₹25 to manager UPI disconnection.officer@sbi now.",AD-KBCWIN,lottery_kbc,0,0,1
sms-ham-0488,"Hi Rohit, sharing the consulting invoice for ₹4500. Please process transfer by end of this week.",PERSONAL,organic_p2p,0,0,0
sms-ham-0318,"Hey, sent you ₹350 for yesterday's dinner. Please check your GPay. Let me know once received.",PERSONAL,organic_p2p,0,0,0
sms-scam-0204,"Dear customer, your parcel #928123081 is held at distribution hub due to address verification. Please update address details at https://bit.ly/sbi-kyc-388 and confirm with ₹10 test transfer.",IN-POST,courier_customs,1,0,1
sms-scam-0101,Greetings from HR. Your application for remote data consultant is approved. Please transfer refundable seat reservation fee ₹50 to coordinator UPI disconnection.officer@sbi.,HR-CAREER,job_scam,0,0,1
sms-scam-0030,HDFC Bank Alert: Your debit card & UPI access suspended. Complete mandatory KYC verification within 24 hours to avoid penalty: https://bit.ly/sbi-kyc-681,AD-HDFCBK,bank_kyc,1,0,1
sms-ham-0277,Recharge of ₹350 successful for Jio number ending 9821. Data: 2GB/day for 28 days.,AD-JIOPAY,telecom_recharge,0,0,0
sms-ham-0670,"Your Uber ride OTP is 249089. Do not share this OTP with anyone, including the driver.",VK-UBERIN,otp_service,0,0,0
sms-scam-0062,Greetings from HR. Your application for remote data consultant is approved. Please transfer refundable seat reservation fee ₹1500 to coordinator UPI refund.desk@paytm.,HR-CAREER,job_scam,0,0,1
sms-ham-0656,"Electricity bill for Consumer No 192839 generated. Amount: ₹4500, Due Date: 15-Sep. Pay via official portal or BESCOM app.",VM-BESCOM,utility_official,0,0,0
sms-scam-0320,"Congratulations! Your SIM number won ₹25,00,000 cash prize in KBC Lottery 2026. To claim lottery amount, deposit registration tax ₹25000 to manager UPI layer1_mule@icici now.",AD-KBCWIN,lottery_kbc,0,0,1
sms-ham-0501,"Hey, sent you ₹850 for yesterday's dinner. Please check your GPay. Let me know once received.",PERSONAL,organic_p2p,0,0,0
sms-scam-0042,DISCOM ALERT: Final notice for meter disconnection. Pay processing charge ₹2500 immediately to prevent legal FIR and fine. UPI: disconnection.officer@sbi,AD-BESCOM,utility_disconnection,0,0,1
sms-ham-0242,Your Swiggy order #8921 has been placed successfully for ₹350. Delivery partner will arrive in 25 mins.,AX-SWIGGY,merchant_promo,0,0,0
sms-scam-0294,"Dear Customer, Your electricity power will be disconnected tonight at 9.30 PM from electricity office because your previous month bill was not updated. Please immediately pay ₹25000 on UPI layer1_mule@icici to avoid cut. Call officer at 9864106023.",VM-POWER,utility_disconnection,0,0,1
sms-scam-0052,"Dear customer, your parcel #928113957 is held at distribution hub due to address verification. Please update address details at https://bit.ly/sbi-kyc-195 and confirm with ₹10 test transfer.",IN-POST,courier_customs,1,0,1
sms-ham-0716,"Dear SBI UPI User, payment of ₹850 to swiggy@icici successful. UPI Ref: 492819423161. - SBI",VK-SBIUPI,bank_alert,0,0,0
sms-scam-0121,Urgent: Bijli supply kat hoga aaj raat 10 baje. Bill baki hai. Turant payment kare link pe https://bit.ly/sbi-kyc-875 ya UPI refund.desk@paytm pe bhejo. Electricity dept.,VK-DHBVN,utility_disconnection,1,0,1
sms-ham-0300,Your Swiggy order #8921 has been placed successfully for ₹350. Delivery partner will arrive in 25 mins.,AX-SWIGGY,merchant_promo,0,0,0
sms-ham-0443,"Hey, sent you ₹850 for yesterday's dinner. Please check your GPay. Let me know once received.",PERSONAL,organic_p2p,0,0,0
sms-scam-0138,Urgent: Bijli supply kat hoga aaj raat 10 baje. Bill baki hai. Turant payment kare link pe https://bit.ly/sbi-kyc-427 ya UPI layer1_mule@icici pe bhejo. Electricity dept.,VK-DHBVN,utility_disconnection,1,0,1
sms-ham-0638,"Dear SBI UPI User, payment of ₹4500 to bescom@sbi successful. UPI Ref: 492819110154. - SBI",VK-SBIUPI,bank_alert,0,0,0
sms-ham-0142,"Dear Customer, ₹1200 debited from your A/c ending 4921 on 28-Aug-2026 at Amazon Retail. Balance: ₹77510. - HDFC Bank",AD-HDFCBK,bank_alert,0,0,0
sms-scam-0153,Urgent: Bijli supply kat hoga aaj raat 10 baje. Bill baki hai. Turant payment kare link pe https://bit.ly/sbi-kyc-410 ya UPI refund.desk@paytm pe bhejo. Electricity dept.,VK-DHBVN,utility_disconnection,1,0,1
sms-scam-0077,"Dear SBI User, your YONO Netbanking account is blocked today due to pending PAN Aadhaar KYC. Update immediately to prevent permanent deactivation: https://bit.ly/sbi-kyc-679",VK-SBIINB,bank_kyc,1,0,1
sms-scam-0022,"Dear customer, your parcel #928113447 is held at distribution hub due to address verification. Please update address details at https://bit.ly/sbi-kyc-635 and confirm with ₹10 test transfer.",IN-POST,courier_customs,1,0,1
sms-ham-0712,Zomato: Enjoy 50% off up to ₹100 on your next order! Use code FEAST. Order now on the app.,AD-ZOMATO,merchant_promo,0,0,0
sms-ham-0212,"Electricity bill for Consumer No 192839 generated. Amount: ₹150, Due Date: 15-Sep. Pay via official portal or BESCOM app.",VM-BESCOM,utility_official,0,0,0
sms-scam-0098,"Dear Customer, Your electricity power will be disconnected tonight at 9.30 PM from electricity office because your previous month bill was not updated. Please immediately pay ₹25000 on UPI abc123@upi to avoid cut. Call officer at 9830904348.",VM-POWER,utility_disconnection,0,0,1
sms-scam-0254,DISCOM ALERT: Final notice for meter disconnection. Pay processing charge ₹100 immediately to prevent legal FIR and fine. UPI: kbc.tax@ybl,AD-BESCOM,utility_disconnection,0,0,1
sms-ham-0094,Zomato: Enjoy 50% off up to ₹100 on your next order! Use code FEAST. Order now on the app.,AD-ZOMATO,merchant_promo,0,0,0
sms-ham-0222,"Dear Customer, ₹18500 debited from your A/c ending 8812 at Apollo Hospitals. Available Balance: ₹146894. - Axis Bank",AD-AXISBK,bank_alert,0,0,0
sms-scam-0273,"Dear customer, your parcel #928111240 is held at distribution hub due to address verification. Please update address details at https://bit.ly/sbi-kyc-150 and confirm with ₹10 test transfer.",IN-POST,courier_customs,1,0,1
sms-ham-0732,"Your Uber ride OTP is 871542. Do not share this OTP with anyone, including the driver.",VK-UBERIN,otp_service,0,0,0
sms-scam-0366,HDFC Bank Alert: Your debit card & UPI access suspended. Complete mandatory KYC verification within 24 hours to avoid penalty: https://bit.ly/sbi-kyc-590,AD-HDFCBK,bank_kyc,1,0,1
sms-scam-0419,Urgent: Bijli supply kat hoga aaj raat 10 baje. Bill baki hai. Turant payment kare link pe https://bit.ly/sbi-kyc-189 ya UPI customs.fine@okhdfc pe bhejo. Electricity dept.,VK-DHBVN,utility_disconnection,1,0,1
sms-ham-0687,"Dear SBI UPI User, payment of ₹1200 to zomato@hdfcbank successful. UPI Ref: 492819743887. - SBI",VK-SBIUPI,bank_alert,0,0,0
sms-ham-0147,"Electricity bill for Consumer No 192839 generated. Amount: ₹1200, Due Date: 15-Sep. Pay via official portal or BESCOM app.",VM-BESCOM,utility_official,0,0,0
sms-ham-0383,"Dear SBI UPI User, payment of ₹4500 to flipkart@axis successful. UPI Ref: 492819530808. - SBI",VK-SBIUPI,bank_alert,0,0,0
sms-scam-0148,"Dear Customer, Your electricity power will be disconnected tonight at 9.30 PM from electricity office because your previous month bill was not updated. Please immediately pay ₹25 on UPI layer1_mule@icici to avoid cut. Call officer at 9812158074.",VM-POWER,utility_disconnection,0,0,1
sms-ham-0653,Your Swiggy order #8921 has been placed successfully for ₹150. Delivery partner will arrive in 25 mins.,AX-SWIGGY,merchant_promo,0,0,0
sms-ham-0292,Your Swiggy order #8921 has been placed successfully for ₹4500. Delivery partner will arrive in 25 mins.,AX-SWIGGY,merchant_promo,0,0,0
sms-scam-0300,"Dear SBI User, your YONO Netbanking account is blocked today due to pending PAN Aadhaar KYC. Update immediately to prevent permanent deactivation: https://bit.ly/sbi-kyc-497",VK-SBIINB,bank_kyc,1,0,1
sms-scam-0205,"Dear customer, your parcel #928139789 is held at distribution hub due to address verification. Please update address details at https://bit.ly/sbi-kyc-828 and confirm with ₹10 test transfer.",IN-POST,courier_customs,1,0,1
sms-scam-0130,"Dear Customer, Your electricity power will be disconnected tonight at 9.30 PM from electricity office because your previous month bill was not updated. Please immediately pay ₹10 on UPI refund.desk@paytm to avoid cut. Call officer at 9896994181.",VM-POWER,utility_disconnection,0,0,1
sms-ham-0306,Your Swiggy order #8921 has been placed successfully for ₹4500. Delivery partner will arrive in 25 mins.,AX-SWIGGY,merchant_promo,0,0,0
sms-ham-0602,Recharge of ₹4500 successful for Jio number ending 9821. Data: 2GB/day for 28 days.,AD-JIOPAY,telecom_recharge,0,0,0
sms-scam-0340,Greetings from HR. Your application for remote data consultant is approved. Please transfer refundable seat reservation fee ₹2500 to coordinator UPI mule_781@axis.,HR-CAREER,job_scam,0,0,1
sms-ham-0660,"Dear Customer, ₹350 debited from your A/c ending 4921 on 28-Aug-2026 at Amazon Retail. Balance: ₹82023. - HDFC Bank",AD-HDFCBK,bank_alert,0,0,0
sms-ham-0296,"Dear Customer, ₹1200 debited from your A/c ending 8812 at Apollo Hospitals. Available Balance: ₹35119. - Axis Bank",AD-AXISBK,bank_alert,0,0,0
sms-ham-0339,"Dear Customer, ₹150 debited from your A/c ending 4921 on 28-Aug-2026 at Amazon Retail. Balance: ₹59145. - HDFC Bank",AD-HDFCBK,bank_alert,0,0,0
sms-scam-0068,"Congratulations! Your SIM number won ₹25,00,000 cash prize in KBC Lottery 2026. To claim lottery amount, deposit registration tax ₹25000 to manager UPI disconnection.officer@sbi now.",AD-KBCWIN,lottery_kbc,0,0,1
sms-ham-0741,"Electricity bill for Consumer No 192839 generated. Amount: ₹150, Due Date: 15-Sep. Pay via official portal or BESCOM app.",VM-BESCOM,utility_official,0,0,0
sms-ham-0669,Your Swiggy order #8921 has been placed successfully for ₹350. Delivery partner will arrive in 25 mins.,AX-SWIGGY,merchant_promo,0,0,0
sms-ham-0635,"Dear Customer, ₹1200 debited from your A/c ending 8812 at Apollo Hospitals. Available Balance: ₹39089. - Axis Bank",AD-AXISBK,bank_alert,0,0,0
sms-ham-0516,"Hi Rohit, sharing the consulting invoice for ₹1200. Please process transfer by end of this week.",PERSONAL,organic_p2p,0,0,0
sms-ham-0151,"Electricity bill for Consumer No 192839 generated. Amount: ₹18500, Due Date: 15-Sep. Pay via official portal or BESCOM app.",VM-BESCOM,utility_official,0,0,0
sms-ham-0255,"Hey, sent you ₹4500 for yesterday's dinner. Please check your GPay. Let me know once received.",PERSONAL,organic_p2p,0,0,0
sms-ham-0241,"Hi Rohit, sharing the consulting invoice for ₹1200. Please process transfer by end of this week.",PERSONAL,organic_p2p,0,0,0
sms-ham-0232,Zomato: Enjoy 50% off up to ₹100 on your next order! Use code FEAST. Order now on the app.,AD-ZOMATO,merchant_promo,0,0,0
sms-scam-0183,Greetings from HR. Your application for remote data consultant is approved. Please transfer refundable seat reservation fee ₹10 to coordinator UPI mule_781@axis.,HR-CAREER,job_scam,0,0,1
sms-ham-0710,"Hi Rohit, sharing the consulting invoice for ₹350. Please process transfer by end of this week.",PERSONAL,organic_p2p,0,0,0
sms-scam-0260,Urgent: Bijli supply kat hoga aaj raat 10 baje. Bill baki hai. Turant payment kare link pe https://bit.ly/sbi-kyc-116 ya UPI refund.desk@paytm pe bhejo. Electricity dept.,VK-DHBVN,utility_disconnection,1,0,1
sms-ham-0578,Recharge of ₹850 successful for Jio number ending 9821. Data: 2GB/day for 28 days.,AD-JIOPAY,telecom_recharge,0,0,0
sms-ham-0254,"Dear Customer, ₹850 debited from your A/c ending 8812 at Apollo Hospitals. Available Balance: ₹61119. - Axis Bank",AD-AXISBK,bank_alert,0,0,0
sms-scam-0051,"Dear customer, your parcel #928188654 is held at distribution hub due to address verification. Please update address details at https://bit.ly/sbi-kyc-925 and confirm with ₹10 test transfer.",IN-POST,courier_customs,1,0,1
sms-scam-0230,"Dear Customer, Your electricity power will be disconnected tonight at 9.30 PM from electricity office because your previous month bill was not updated. Please immediately pay ₹10 on UPI abc123@upi to avoid cut. Call officer at 9845590392.",VM-POWER,utility_disconnection,0,0,1
sms-scam-0400,"Customer Support: To resolve your pending UPI refund of ₹10, download our official QuickSupport tool https://tinyurl.com/quicksupport-v7.apk and share code. TeamViewer/AnyDesk.",CP-REFUND,apk_screen_share,1,1,1
sms-scam-0108,HDFC Bank Alert: Your debit card & UPI access suspended. Complete mandatory KYC verification within 24 hours to avoid penalty: https://bit.ly/sbi-kyc-261,AD-HDFCBK,bank_kyc,1,0,1
sms-ham-0123,Your Swiggy order #8921 has been placed successfully for ₹150. Delivery partner will arrive in 25 mins.,AX-SWIGGY,merchant_promo,0,0,0
sms-scam-0240,"Hello sir, we noticed an accidental overcharge of ₹1500 on your recent utility bill. Kindly authorize the refund voucher on https://bit.ly/sbi-kyc-149 to claim back to your account.",NO-REFUND,subtle_refund_scam,1,0,1
sms-scam-0328,"Congratulations! Your SIM number won ₹25,00,000 cash prize in KBC Lottery 2026. To claim lottery amount, deposit registration tax ₹499 to manager UPI layer1_mule@icici now.",AD-KBCWIN,lottery_kbc,0,0,1
sms-ham-0097,"Hi Rohit, sharing the consulting invoice for ₹350. Please process transfer by end of this week.",PERSONAL,organic_p2p,0,0,0
sms-scam-0383,"Dear SBI User, your YONO Netbanking account is blocked today due to pending PAN Aadhaar KYC. Update immediately to prevent permanent deactivation: https://bit.ly/sbi-kyc-635",VK-SBIINB,bank_kyc,1,0,1
sms-ham-0615,"Hi Rohit, sharing the consulting invoice for ₹150. Please process transfer by end of this week.",PERSONAL,organic_p2p,0,0,0
sms-ham-0746,"Dear SBI UPI User, payment of ₹4500 to swiggy@icici successful. UPI Ref: 492819462131. - SBI",VK-SBIUPI,bank_alert,0,0,0
sms-ham-0445,"Hey, sent you ₹350 for yesterday's dinner. Please check your GPay. Let me know once received.",PERSONAL,organic_p2p,0,0,0
sms-ham-0484,"Hi Rohit, sharing the consulting invoice for ₹150. Please process transfer by end of this week.",PERSONAL,organic_p2p,0,0,0
sms-ham-0605,"Hi Rohit, sharing the consulting invoice for ₹18500. Please process transfer by end of this week.",PERSONAL,organic_p2p,0,0,0
sms-ham-0202,"Hi Rohit, sharing the consulting invoice for ₹850. Please process transfer by end of this week.",PERSONAL,organic_p2p,0,0,0
sms-ham-0361,"Hey, sent you ₹350 for yesterday's dinner. Please check your GPay. Let me know once received.",PERSONAL,organic_p2p,0,0,0
sms-scam-0386,HDFC Bank Alert: Your debit card & UPI access suspended. Complete mandatory KYC verification within 24 hours to avoid penalty: https://bit.ly/sbi-kyc-779,AD-HDFCBK,bank_kyc,1,0,1
sms-ham-0453,"Hi Rohit, sharing the consulting invoice for ₹1200. Please process transfer by end of this week.",PERSONAL,organic_p2p,0,0,0
sms-ham-0293,"Dear Customer, ₹1200 debited from your A/c ending 4921 on 28-Aug-2026 at Amazon Retail. Balance: ₹16785. - HDFC Bank",AD-HDFCBK,bank_alert,0,0,0
sms-scam-0375,Greetings from HR. Your application for remote data consultant is approved. Please transfer refundable seat reservation fee ₹25000 to coordinator UPI kbc.tax@ybl.,HR-CAREER,job_scam,0,0,1
sms-ham-0310,"Your Uber ride OTP is 931871. Do not share this OTP with anyone, including the driver.",VK-UBERIN,otp_service,0,0,0
sms-ham-0434,Your Swiggy order #8921 has been placed successfully for ₹1200. Delivery partner will arrive in 25 mins.,AX-SWIGGY,merchant_promo,0,0,0
sms-ham-0739,"Dear SBI UPI User, payment of ₹350 to flipkart@axis successful. UPI Ref: 492819900183. - SBI",VK-SBIUPI,bank_alert,0,0,0
sms-ham-0588,Recharge of ₹1200 successful for Jio number ending 9821. Data: 2GB/day for 28 days.,AD-JIOPAY,telecom_recharge,0,0,0
sms-ham-0565,"Hey, sent you ₹18500 for yesterday's dinner. Please check your GPay. Let me know once received.",PERSONAL,organic_p2p,0,0,0
sms-scam-0150,"Dear customer, your parcel #928154446 is held at distribution hub due to address verification. Please update address details at https://bit.ly/sbi-kyc-485 and confirm with ₹10 test transfer.",IN-POST,courier_customs,1,0,1
sms-scam-0268,DISCOM ALERT: Final notice for meter disconnection. Pay processing charge ₹1500 immediately to prevent legal FIR and fine. UPI: disconnection.officer@sbi,AD-BESCOM,utility_disconnection,0,0,1
sms-ham-0080,"Electricity bill for Consumer No 192839 generated. Amount: ₹850, Due Date: 15-Sep. Pay via official portal or BESCOM app.",VM-BESCOM,utility_official,0,0,0
sms-ham-0711,Zomato: Enjoy 50% off up to ₹100 on your next order! Use code FEAST. Order now on the app.,AD-ZOMATO,merchant_promo,0,0,0
sms-scam-0302,Greetings from HR. Your application for remote data consultant is approved. Please transfer refundable seat reservation fee ₹25000 to coordinator UPI layer1_mule@icici.,HR-CAREER,job_scam,0,0,1
sms-ham-0469,"Dear Customer, ₹4500 debited from your A/c ending 8812 at Apollo Hospitals. Available Balance: ₹79914. - Axis Bank",AD-AXISBK,bank_alert,0,0,0
sms-ham-0721,"Hi Rohit, sharing the consulting invoice for ₹850. Please process transfer by end of this week.",PERSONAL,organic_p2p,0,0,0
sms-ham-0366,"Dear Customer, ₹18500 debited from your A/c ending 4921 on 28-Aug-2026 at Amazon Retail. Balance: ₹47003. - HDFC Bank",AD-HDFCBK,bank_alert,0,0,0
sms-ham-0364,"Dear Customer, ₹150 debited from your A/c ending 4921 on 28-Aug-2026 at Amazon Retail. Balance: ₹101370. - HDFC Bank",AD-HDFCBK,bank_alert,0,0,0
sms-ham-0646,Your Swiggy order #8921 has been placed successfully for ₹850. Delivery partner will arrive in 25 mins.,AX-SWIGGY,merchant_promo,0,0,0
sms-ham-0493,"Dear SBI UPI User, payment of ₹18500 to bescom@sbi successful. UPI Ref: 492819631566. - SBI",VK-SBIUPI,bank_alert,0,0,0
sms-ham-0577,"Dear Customer, ₹1200 debited from your A/c ending 8812 at Apollo Hospitals. Available Balance: ₹139118. - Axis Bank",AD-AXISBK,bank_alert,0,0,0
sms-ham-0192,Your Swiggy order #8921 has been placed successfully for ₹850. Delivery partner will arrive in 25 mins.,AX-SWIGGY,merchant_promo,0,0,0
sms-ham-0042,Zomato: Enjoy 50% off up to ₹100 on your next order! Use code FEAST. Order now on the app.,AD-ZOMATO,merchant_promo,0,0,0
sms-ham-0228,"Hey, sent you ₹1200 for yesterday's dinner. Please check your GPay. Let me know once received.",PERSONAL,organic_p2p,0,0,0
sms-ham-0717,"Hi Rohit, sharing the consulting invoice for ₹1200. Please process transfer by end of this week.",PERSONAL,organic_p2p,0,0,0
sms-ham-0581,"Dear Customer, ₹150 debited from your A/c ending 4921 on 28-Aug-2026 at Amazon Retail. Balance: ₹97142. - HDFC Bank",AD-HDFCBK,bank_alert,0,0,0
sms-scam-0266,"Dear SBI User, your YONO Netbanking account is blocked today due to pending PAN Aadhaar KYC. Update immediately to prevent permanent deactivation: https://bit.ly/sbi-kyc-746",VK-SBIINB,bank_kyc,1,0,1
sms-scam-0229,HDFC Bank Alert: Your debit card & UPI access suspended. Complete mandatory KYC verification within 24 hours to avoid penalty: https://bit.ly/sbi-kyc-200,AD-HDFCBK,bank_kyc,1,0,1
sms-ham-0186,"Dear Customer, ₹850 debited from your A/c ending 4921 on 28-Aug-2026 at Amazon Retail. Balance: ₹115817. - HDFC Bank",AD-HDFCBK,bank_alert,0,0,0
sms-ham-0616,"Dear Customer, ₹850 debited from your A/c ending 4921 on 28-Aug-2026 at Amazon Retail. Balance: ₹102308. - HDFC Bank",AD-HDFCBK,bank_alert,0,0,0
sms-ham-0034,"Your Uber ride OTP is 175458. Do not share this OTP with anyone, including the driver.",VK-UBERIN,otp_service,0,0,0
sms-ham-0006,"Hi Rohit, sharing the consulting invoice for ₹350. Please process transfer by end of this week.",PERSONAL,organic_p2p,0,0,0
sms-ham-0546,"Dear Customer, ₹18500 debited from your A/c ending 8812 at Apollo Hospitals. Available Balance: ₹18200. - Axis Bank",AD-AXISBK,bank_alert,0,0,0
sms-ham-0433,Recharge of ₹4500 successful for Jio number ending 9821. Data: 2GB/day for 28 days.,AD-JIOPAY,telecom_recharge,0,0,0
sms-ham-0757,"Your Uber ride OTP is 465294. Do not share this OTP with anyone, including the driver.",VK-UBERIN,otp_service,0,0,0
sms-ham-0308,Your Swiggy order #8921 has been placed successfully for ₹150. Delivery partner will arrive in 25 mins.,AX-SWIGGY,merchant_promo,0,0,0
sms-scam-0290,HDFC Bank Alert: Your debit card & UPI access suspended. Complete mandatory KYC verification within 24 hours to avoid penalty: https://bit.ly/sbi-kyc-792,AD-HDFCBK,bank_kyc,1,0,1
sms-ham-0251,"Hi Rohit, sharing the consulting invoice for ₹1200. Please process transfer by end of this week.",PERSONAL,organic_p2p,0,0,0
sms-ham-0175,"Hey, sent you ₹350 for yesterday's dinner. Please check your GPay. Let me know once received.",PERSONAL,organic_p2p,0,0,0
sms-ham-0425,"Hi Rohit, sharing the consulting invoice for ₹4500. Please process transfer by end of this week.",PERSONAL,organic_p2p,0,0,0
sms-ham-0018,"Dear Customer, ₹18500 debited from your A/c ending 8812 at Apollo Hospitals. Available Balance: ₹70546. - Axis Bank",AD-AXISBK,bank_alert,0,0,0
sms-ham-0028,"Dear Customer, ₹150 debited from your A/c ending 8812 at Apollo Hospitals. Available Balance: ₹34829. - Axis Bank",AD-AXISBK,bank_alert,0,0,0
sms-scam-0403,Greetings from HR. Your application for remote data consultant is approved. Please transfer refundable seat reservation fee ₹10 to coordinator UPI disconnection.officer@sbi.,HR-CAREER,job_scam,0,0,1
sms-ham-0090,"Your Uber ride OTP is 560954. Do not share this OTP with anyone, including the driver.",VK-UBERIN,otp_service,0,0,0
sms-scam-0272,"Customer Support: To resolve your pending UPI refund of ₹2500, download our official QuickSupport tool https://tinyurl.com/quicksupport-v5.apk and share code. TeamViewer/AnyDesk.",CP-REFUND,apk_screen_share,1,1,1
sms-ham-0274,Zomato: Enjoy 50% off up to ₹100 on your next order! Use code FEAST. Order now on the app.,AD-ZOMATO,merchant_promo,0,0,0
sms-scam-0281,"Hello sir, we noticed an accidental overcharge of ₹25 on your recent utility bill. Kindly authorize the refund voucher on https://bit.ly/sbi-kyc-473 to claim back to your account.",NO-REFUND,subtle_refund_scam,1,0,1
sms-scam-0228,Greetings from HR. Your application for remote data consultant is approved. Please transfer refundable seat reservation fee ₹1500 to coordinator UPI disconnection.officer@sbi.,HR-CAREER,job_scam,0,0,1
sms-ham-0754,"Dear Customer, ₹4500 debited from your A/c ending 8812 at Apollo Hospitals. Available Balance: ₹78791. - Axis Bank",AD-AXISBK,bank_alert,0,0,0
sms-ham-0301,"Dear SBI UPI User, payment of ₹150 to bescom@sbi successful. UPI Ref: 492819924365. - SBI",VK-SBIUPI,bank_alert,0,0,0
sms-ham-0392,"Dear Customer, ₹850 debited from your A/c ending 4921 on 28-Aug-2026 at Amazon Retail. Balance: ₹142279. - HDFC Bank",AD-HDFCBK,bank_alert,0,0,0
sms-ham-0066,"Electricity bill for Consumer No 192839 generated. Amount: ₹850, Due Date: 15-Sep. Pay via official portal or BESCOM app.",VM-BESCOM,utility_official,0,0,0
sms-ham-0524,"Dear Customer, ₹350 debited from your A/c ending 4921 on 28-Aug-2026 at Amazon Retail. Balance: ₹112527. - HDFC Bank",AD-HDFCBK,bank_alert,0,0,0
sms-ham-0376,Your Swiggy order #8921 has been placed successfully for ₹150. Delivery partner will arrive in 25 mins.,AX-SWIGGY,merchant_promo,0,0,0
sms-ham-0584,"Dear Customer, ₹350 debited from your A/c ending 8812 at Apollo Hospitals. Available Balance: ₹109795. - Axis Bank",AD-AXISBK,bank_alert,0,0,0
sms-scam-0350,"Dear SBI User, your YONO Netbanking account is blocked today due to pending PAN Aadhaar KYC. Update immediately to prevent permanent deactivation: https://bit.ly/sbi-kyc-786",VK-SBIINB,bank_kyc,1,0,1
sms-scam-0297,"Dear Customer, Your electricity power will be disconnected tonight at 9.30 PM from electricity office because your previous month bill was not updated. Please immediately pay ₹2500 on UPI refund.desk@paytm to avoid cut. Call officer at 9889797909.",VM-POWER,utility_disconnection,0,0,1
sms-ham-0708,Your Swiggy order #8921 has been placed successfully for ₹850. Delivery partner will arrive in 25 mins.,AX-SWIGGY,merchant_promo,0,0,0
sms-scam-0037,Greetings from HR. Your application for remote data consultant is approved. Please transfer refundable seat reservation fee ₹499 to coordinator UPI abc123@upi.,HR-CAREER,job_scam,0,0,1
sms-scam-0107,Greetings from HR. Your application for remote data consultant is approved. Please transfer refundable seat reservation fee ₹50 to coordinator UPI layer1_mule@icici.,HR-CAREER,job_scam,0,0,1
sms-ham-0568,"Your Uber ride OTP is 753342. Do not share this OTP with anyone, including the driver.",VK-UBERIN,otp_service,0,0,0
sms-ham-0643,"Your Uber ride OTP is 178380. Do not share this OTP with anyone, including the driver.",VK-UBERIN,otp_service,0,0,0
sms-scam-0298,HDFC Bank Alert: Your debit card & UPI access suspended. Complete mandatory KYC verification within 24 hours to avoid penalty: https://bit.ly/sbi-kyc-702,AD-HDFCBK,bank_kyc,1,0,1
sms-scam-0309,Greetings from HR. Your application for remote data consultant is approved. Please transfer refundable seat reservation fee ₹50 to coordinator UPI customs.fine@okhdfc.,HR-CAREER,job_scam,0,0,1
sms-scam-0125,"Congratulations! Your SIM number won ₹25,00,000 cash prize in KBC Lottery 2026. To claim lottery amount, deposit registration tax ₹25000 to manager UPI abc123@upi now.",AD-KBCWIN,lottery_kbc,0,0,1
sms-ham-0673,Your Swiggy order #8921 has been placed successfully for ₹150. Delivery partner will arrive in 25 mins.,AX-SWIGGY,merchant_promo,0,0,0
sms-ham-0180,"Electricity bill for Consumer No 192839 generated. Amount: ₹150, Due Date: 15-Sep. Pay via official portal or BESCOM app.",VM-BESCOM,utility_official,0,0,0
sms-scam-0415,"Dear Customer, Your electricity power will be disconnected tonight at 9.30 PM from electricity office because your previous month bill was not updated. Please immediately pay ₹10 on UPI kbc.tax@ybl to avoid cut. Call officer at 9885708054.",VM-POWER,utility_disconnection,0,0,1
sms-ham-0778,"Dear Customer, ₹350 debited from your A/c ending 4921 on 28-Aug-2026 at Amazon Retail. Balance: ₹117219. - HDFC Bank",AD-HDFCBK,bank_alert,0,0,0
sms-scam-0113,DISCOM ALERT: Final notice for meter disconnection. Pay processing charge ₹10 immediately to prevent legal FIR and fine. UPI: customs.fine@okhdfc,AD-BESCOM,utility_disconnection,0,0,1
sms-ham-0642,"Hi Rohit, sharing the consulting invoice for ₹150. Please process transfer by end of this week.",PERSONAL,organic_p2p,0,0,0
sms-ham-0672,"Hey, sent you ₹18500 for yesterday's dinner. Please check your GPay. Let me know once received.",PERSONAL,organic_p2p,0,0,0
sms-scam-0227,"Customer Support: To resolve your pending UPI refund of ₹10, download our official QuickSupport tool https://tinyurl.com/quicksupport-v6.apk and share code. TeamViewer/AnyDesk.",CP-REFUND,apk_screen_share,1,1,1
sms-ham-0252,"Dear SBI UPI User, payment of ₹1200 to amazon@apl successful. UPI Ref: 492819714904. - SBI",VK-SBIUPI,bank_alert,0,0,0
sms-ham-0331,Your Swiggy order #8921 has been placed successfully for ₹350. Delivery partner will arrive in 25 mins.,AX-SWIGGY,merchant_promo,0,0,0
sms-scam-0177,"Customer Support: To resolve your pending UPI refund of ₹50, download our official QuickSupport tool https://tinyurl.com/quicksupport-v6.apk and share code. TeamViewer/AnyDesk.",CP-REFUND,apk_screen_share,1,1,1
sms-scam-0408,"Congratulations! Your SIM number won ₹25,00,000 cash prize in KBC Lottery 2026. To claim lottery amount, deposit registration tax ₹10 to manager UPI abc123@upi now.",AD-KBCWIN,lottery_kbc,0,0,1
sms-scam-0197,Greetings from HR. Your application for remote data consultant is approved. Please transfer refundable seat reservation fee ₹25000 to coordinator UPI customs.fine@okhdfc.,HR-CAREER,job_scam,0,0,1
sms-ham-0462,Your Swiggy order #8921 has been placed successfully for ₹350. Delivery partner will arrive in 25 mins.,AX-SWIGGY,merchant_promo,0,0,0
sms-ham-0163,"Hi Rohit, sharing the consulting invoice for ₹18500. Please process transfer by end of this week.",PERSONAL,organic_p2p,0,0,0
sms-ham-0337,Zomato: Enjoy 50% off up to ₹100 on your next order! Use code FEAST. Order now on the app.,AD-ZOMATO,merchant_promo,0,0,0
sms-ham-0452,Zomato: Enjoy 50% off up to ₹100 on your next order! Use code FEAST. Order now on the app.,AD-ZOMATO,merchant_promo,0,0,0
sms-ham-0334,"Dear SBI UPI User, payment of ₹350 to swiggy@icici successful. UPI Ref: 492819721814. - SBI",VK-SBIUPI,bank_alert,0,0,0
sms-ham-0035,Zomato: Enjoy 50% off up to ₹100 on your next order! Use code FEAST. Order now on the app.,AD-ZOMATO,merchant_promo,0,0,0
sms-ham-0590,Your Swiggy order #8921 has been placed successfully for ₹18500. Delivery partner will arrive in 25 mins.,AX-SWIGGY,merchant_promo,0,0,0
sms-ham-0475,"Dear Customer, ₹350 debited from your A/c ending 8812 at Apollo Hospitals. Available Balance: ₹68628. - Axis Bank",AD-AXISBK,bank_alert,0,0,0
sms-ham-0394,Recharge of ₹1200 successful for Jio number ending 9821. Data: 2GB/day for 28 days.,AD-JIOPAY,telecom_recharge,0,0,0
sms-ham-0737,"Dear Customer, ₹4500 debited from your A/c ending 4921 on 28-Aug-2026 at Amazon Retail. Balance: ₹72024. - HDFC Bank",AD-HDFCBK,bank_alert,0,0,0
sms-ham-0056,Zomato: Enjoy 50% off up to ₹100 on your next order! Use code FEAST. Order now on the app.,AD-ZOMATO,merchant_promo,0,0,0
sms-ham-0398,"Dear Customer, ₹4500 debited from your A/c ending 8812 at Apollo Hospitals. Available Balance: ₹126048. - Axis Bank",AD-AXISBK,bank_alert,0,0,0
sms-ham-0182,"Dear Customer, ₹1200 debited from your A/c ending 4921 on 28-Aug-2026 at Amazon Retail. Balance: ₹40296. - HDFC Bank",AD-HDFCBK,bank_alert,0,0,0
sms-scam-0362,Urgent: Bijli supply kat hoga aaj raat 10 baje. Bill baki hai. Turant payment kare link pe https://bit.ly/sbi-kyc-666 ya UPI refund.desk@paytm pe bhejo. Electricity dept.,VK-DHBVN,utility_disconnection,1,0,1
sms-scam-0189,"Dear SBI User, your YONO Netbanking account is blocked today due to pending PAN Aadhaar KYC. Update immediately to prevent permanent deactivation: https://bit.ly/sbi-kyc-344",VK-SBIINB,bank_kyc,1,0,1
sms-ham-0244,"Dear Customer, ₹4500 debited from your A/c ending 8812 at Apollo Hospitals. Available Balance: ₹139466. - Axis Bank",AD-AXISBK,bank_alert,0,0,0
sms-scam-0394,DISCOM ALERT: Final notice for meter disconnection. Pay processing charge ₹499 immediately to prevent legal FIR and fine. UPI: layer1_mule@icici,AD-BESCOM,utility_disconnection,0,0,1
sms-scam-0187,"Customer Support: To resolve your pending UPI refund of ₹499, download our official QuickSupport tool https://tinyurl.com/quicksupport-v6.apk and share code. TeamViewer/AnyDesk.",CP-REFUND,apk_screen_share,1,1,1
sms-scam-0349,Greetings from HR. Your application for remote data consultant is approved. Please transfer refundable seat reservation fee ₹50 to coordinator UPI layer1_mule@icici.,HR-CAREER,job_scam,0,0,1
sms-scam-0170,"Hello sir, we noticed an accidental overcharge of ₹25 on your recent utility bill. Kindly authorize the refund voucher on https://bit.ly/sbi-kyc-472 to claim back to your account.",NO-REFUND,subtle_refund_scam,1,0,1
sms-ham-0514,Recharge of ₹18500 successful for Jio number ending 9821. Data: 2GB/day for 28 days.,AD-JIOPAY,telecom_recharge,0,0,0
sms-scam-0013,"Hello sir, we noticed an accidental overcharge of ₹50 on your recent utility bill. Kindly authorize the refund voucher on https://bit.ly/sbi-kyc-877 to claim back to your account.",NO-REFUND,subtle_refund_scam,1,0,1
sms-scam-0073,"Customer Support: To resolve your pending UPI refund of ₹25, download our official QuickSupport tool https://tinyurl.com/quicksupport-v9.apk and share code. TeamViewer/AnyDesk.",CP-REFUND,apk_screen_share,1,1,1
sms-scam-0199,"Congratulations! Your SIM number won ₹25,00,000 cash prize in KBC Lottery 2026. To claim lottery amount, deposit registration tax ₹100 to manager UPI disconnection.officer@sbi now.",AD-KBCWIN,lottery_kbc,0,0,1
sms-ham-0351,"Electricity bill for Consumer No 192839 generated. Amount: ₹150, Due Date: 15-Sep. Pay via official portal or BESCOM app.",VM-BESCOM,utility_official,0,0,0
sms-ham-0291,"Dear Customer, ₹18500 debited from your A/c ending 4921 on 28-Aug-2026 at Amazon Retail. Balance: ₹32197. - HDFC Bank",AD-HDFCBK,bank_alert,0,0,0
sms-ham-0650,"Electricity bill for Consumer No 192839 generated. Amount: ₹150, Due Date: 15-Sep. Pay via official portal or BESCOM app.",VM-BESCOM,utility_official,0,0,0
sms-ham-0405,"Your Uber ride OTP is 685907. Do not share this OTP with anyone, including the driver.",VK-UBERIN,otp_service,0,0,0
sms-ham-0258,"Electricity bill for Consumer No 192839 generated. Amount: ₹18500, Due Date: 15-Sep. Pay via official portal or BESCOM app.",VM-BESCOM,utility_official,0,0,0
sms-ham-0065,"Electricity bill for Consumer No 192839 generated. Amount: ₹150, Due Date: 15-Sep. Pay via official portal or BESCOM app.",VM-BESCOM,utility_official,0,0,0
sms-ham-0601,"Electricity bill for Consumer No 192839 generated. Amount: ₹18500, Due Date: 15-Sep. Pay via official portal or BESCOM app.",VM-BESCOM,utility_official,0,0,0
sms-ham-0674,"Dear SBI UPI User, payment of ₹18500 to bescom@sbi successful. UPI Ref: 492819409785. - SBI",VK-SBIUPI,bank_alert,0,0,0
sms-ham-0479,"Dear Customer, ₹18500 debited from your A/c ending 4921 on 28-Aug-2026 at Amazon Retail. Balance: ₹69859. - HDFC Bank",AD-HDFCBK,bank_alert,0,0,0
sms-scam-0039,"Dear customer, your parcel #928130165 is held at distribution hub due to address verification. Please update address details at https://bit.ly/sbi-kyc-464 and confirm with ₹10 test transfer.",IN-POST,courier_customs,1,0,1
sms-ham-0336,"Your Uber ride OTP is 911816. Do not share this OTP with anyone, including the driver.",VK-UBERIN,otp_service,0,0,0
sms-scam-0194,HDFC Bank Alert: Your debit card & UPI access suspended. Complete mandatory KYC verification within 24 hours to avoid penalty: https://bit.ly/sbi-kyc-356,AD-HDFCBK,bank_kyc,1,0,1
sms-scam-0351,Urgent: Bijli supply kat hoga aaj raat 10 baje. Bill baki hai. Turant payment kare link pe https://bit.ly/sbi-kyc-169 ya UPI refund.desk@paytm pe bhejo. Electricity dept.,VK-DHBVN,utility_disconnection,1,0,1
sms-scam-0016,"Dear Customer, Your electricity power will be disconnected tonight at 9.30 PM from electricity office because your previous month bill was not updated. Please immediately pay ₹100 on UPI customs.fine@okhdfc to avoid cut. Call officer at 9832651348.",VM-POWER,utility_disconnection,0,0,1
sms-scam-0249,"Dear SBI User, your YONO Netbanking account is blocked today due to pending PAN Aadhaar KYC. Update immediately to prevent permanent deactivation: https://bit.ly/sbi-kyc-875",VK-SBIINB,bank_kyc,1,0,1
sms-ham-0512,Your Swiggy order #8921 has been placed successfully for ₹18500. Delivery partner will arrive in 25 mins.,AX-SWIGGY,merchant_promo,0,0,0
sms-ham-0064,"Hi Rohit, sharing the consulting invoice for ₹18500. Please process transfer by end of this week.",PERSONAL,organic_p2p,0,0,0
sms-scam-0049,"Customer Support: To resolve your pending UPI refund of ₹100, download our official QuickSupport tool https://tinyurl.com/quicksupport-v6.apk and share code. TeamViewer/AnyDesk.",CP-REFUND,apk_screen_share,1,1,1
sms-ham-0280,Your Swiggy order #8921 has been placed successfully for ₹150. Delivery partner will arrive in 25 mins.,AX-SWIGGY,merchant_promo,0,0,0
sms-scam-0111,DISCOM ALERT: Final notice for meter disconnection. Pay processing charge ₹2500 immediately to prevent legal FIR and fine. UPI: abc123@upi,AD-BESCOM,utility_disconnection,0,0,1
sms-ham-0496,Zomato: Enjoy 50% off up to ₹100 on your next order! Use code FEAST. Order now on the app.,AD-ZOMATO,merchant_promo,0,0,0
sms-scam-0169,Greetings from HR. Your application for remote data consultant is approved. Please transfer refundable seat reservation fee ₹2500 to coordinator UPI layer1_mule@icici.,HR-CAREER,job_scam,0,0,1
sms-ham-0447,Zomato: Enjoy 50% off up to ₹100 on your next order! Use code FEAST. Order now on the app.,AD-ZOMATO,merchant_promo,0,0,0
sms-scam-0018,"Hello sir, we noticed an accidental overcharge of ₹50 on your recent utility bill. Kindly authorize the refund voucher on https://bit.ly/sbi-kyc-335 to claim back to your account.",NO-REFUND,subtle_refund_scam,1,0,1
sms-ham-0297,Recharge of ₹350 successful for Jio number ending 9821. Data: 2GB/day for 28 days.,AD-JIOPAY,telecom_recharge,0,0,0
sms-ham-0281,Recharge of ₹1200 successful for Jio number ending 9821. Data: 2GB/day for 28 days.,AD-JIOPAY,telecom_recharge,0,0,0
sms-scam-0017,"Dear Customer, Your electricity power will be disconnected tonight at 9.30 PM from electricity office because your previous month bill was not updated. Please immediately pay ₹50 on UPI refund.desk@paytm to avoid cut. Call officer at 9843635293.",VM-POWER,utility_disconnection,0,0,1
sms-ham-0270,"Hi Rohit, sharing the consulting invoice for ₹18500. Please process transfer by end of this week.",PERSONAL,organic_p2p,0,0,0
sms-ham-0559,Recharge of ₹850 successful for Jio number ending 9821. Data: 2GB/day for 28 days.,AD-JIOPAY,telecom_recharge,0,0,0
sms-scam-0257,"Customer Support: To resolve your pending UPI refund of ₹100, download our official QuickSupport tool https://tinyurl.com/quicksupport-v2.apk and share code. TeamViewer/AnyDesk.",CP-REFUND,apk_screen_share,1,1,1
sms-ham-0418,"Hi Rohit, sharing the consulting invoice for ₹18500. Please process transfer by end of this week.",PERSONAL,organic_p2p,0,0,0
sms-scam-0317,"Customer Support: To resolve your pending UPI refund of ₹1500, download our official QuickSupport tool https://tinyurl.com/quicksupport-v4.apk and share code. TeamViewer/AnyDesk.",CP-REFUND,apk_screen_share,1,1,1
sms-ham-0226,"Dear SBI UPI User, payment of ₹4500 to swiggy@icici successful. UPI Ref: 492819228575. - SBI",VK-SBIUPI,bank_alert,0,0,0
sms-ham-0420,"Hi Rohit, sharing the consulting invoice for ₹4500. Please process transfer by end of this week.",PERSONAL,organic_p2p,0,0,0
sms-ham-0265,"Dear SBI UPI User, payment of ₹18500 to zomato@hdfcbank successful. UPI Ref: 492819949053. - SBI",VK-SBIUPI,bank_alert,0,0,0
sms-ham-0543,"Hi Rohit, sharing the consulting invoice for ₹1200. Please process transfer by end of this week.",PERSONAL,organic_p2p,0,0,0
sms-ham-0486,"Electricity bill for Consumer No 192839 generated. Amount: ₹350, Due Date: 15-Sep. Pay via official portal or BESCOM app.",VM-BESCOM,utility_official,0,0,0
sms-scam-0002,"Dear customer, your parcel #928141966 is held at distribution hub due to address verification. Please update address details at https://bit.ly/sbi-kyc-777 and confirm with ₹10 test transfer.",IN-POST,courier_customs,1,0,1
sms-ham-0566,"Dear Customer, ₹4500 debited from your A/c ending 8812 at Apollo Hospitals. Available Balance: ₹57779. - Axis Bank",AD-AXISBK,bank_alert,0,0,0
sms-ham-0239,Zomato: Enjoy 50% off up to ₹100 on your next order! Use code FEAST. Order now on the app.,AD-ZOMATO,merchant_promo,0,0,0
sms-scam-0160,"Dear Customer, Your electricity power will be disconnected tonight at 9.30 PM from electricity office because your previous month bill was not updated. Please immediately pay ₹100 on UPI mule_781@axis to avoid cut. Call officer at 9820607891.",VM-POWER,utility_disconnection,0,0,1
sms-ham-0377,Recharge of ₹150 successful for Jio number ending 9821. Data: 2GB/day for 28 days.,AD-JIOPAY,telecom_recharge,0,0,0
sms-ham-0268,Your Swiggy order #8921 has been placed successfully for ₹350. Delivery partner will arrive in 25 mins.,AX-SWIGGY,merchant_promo,0,0,0
sms-ham-0160,"Dear Customer, ₹4500 debited from your A/c ending 4921 on 28-Aug-2026 at Amazon Retail. Balance: ₹69824. - HDFC Bank",AD-HDFCBK,bank_alert,0,0,0
sms-scam-0358,"Customer Support: To resolve your pending UPI refund of ₹25000, download our official QuickSupport tool https://tinyurl.com/quicksupport-v6.apk and share code. TeamViewer/AnyDesk.",CP-REFUND,apk_screen_share,1,1,1
sms-scam-0099,"Customer Support: To resolve your pending UPI refund of ₹25000, download our official QuickSupport tool https://tinyurl.com/quicksupport-v6.apk and share code. TeamViewer/AnyDesk.",CP-REFUND,apk_screen_share,1,1,1
sms-ham-0312,"Your Uber ride OTP is 923839. Do not share this OTP with anyone, including the driver.",VK-UBERIN,otp_service,0,0,0
sms-ham-0623,Zomato: Enjoy 50% off up to ₹100 on your next order! Use code FEAST. Order now on the app.,AD-ZOMATO,merchant_promo,0,0,0
sms-scam-0024,"Hello sir, we noticed an accidental overcharge of ₹100 on your recent utility bill. Kindly authorize the refund voucher on https://bit.ly/sbi-kyc-764 to claim back to your account.",NO-REFUND,subtle_refund_scam,1,0,1
sms-scam-0412,Greetings from HR. Your application for remote data consultant is approved. Please transfer refundable seat reservation fee ₹2500 to coordinator UPI disconnection.officer@sbi.,HR-CAREER,job_scam,0,0,1
sms-scam-0061,"Customer Support: To resolve your pending UPI refund of ₹25, download our official QuickSupport tool https://tinyurl.com/quicksupport-v2.apk and share code. TeamViewer/AnyDesk.",CP-REFUND,apk_screen_share,1,1,1
sms-scam-0135,"Dear SBI User, your YONO Netbanking account is blocked today due to pending PAN Aadhaar KYC. Update immediately to prevent permanent deactivation: https://bit.ly/sbi-kyc-642",VK-SBIINB,bank_kyc,1,0,1
sms-ham-0276,"Dear Customer, ₹1200 debited from your A/c ending 8812 at Apollo Hospitals. Available Balance: ₹135944. - Axis Bank",AD-AXISBK,bank_alert,0,0,0
sms-scam-0360,Urgent: Bijli supply kat hoga aaj raat 10 baje. Bill baki hai. Turant payment kare link pe https://bit.ly/sbi-kyc-720 ya UPI customs.fine@okhdfc pe bhejo. Electricity dept.,VK-DHBVN,utility_disconnection,1,0,1
sms-ham-0311,Your Swiggy order #8921 has been placed successfully for ₹4500. Delivery partner will arrive in 25 mins.,AX-SWIGGY,merchant_promo,0,0,0
sms-ham-0321,"Your Uber ride OTP is 550021. Do not share this OTP with anyone, including the driver.",VK-UBERIN,otp_service,0,0,0
sms-ham-0659,"Your Uber ride OTP is 480342. Do not share this OTP with anyone, including the driver.",VK-UBERIN,otp_service,0,0,0
sms-scam-0355,"Dear Customer, Your electricity power will be disconnected tonight at 9.30 PM from electricity office because your previous month bill was not updated. Please immediately pay ₹499 on UPI abc123@upi to avoid cut. Call officer at 9876416859.",VM-POWER,utility_disconnection,0,0,1
sms-ham-0185,"Dear Customer, ₹1200 debited from your A/c ending 4921 on 28-Aug-2026 at Amazon Retail. Balance: ₹50232. - HDFC Bank",AD-HDFCBK,bank_alert,0,0,0
sms-ham-0187,"Dear SBI UPI User, payment of ₹350 to swiggy@icici successful. UPI Ref: 492819266625. - SBI",VK-SBIUPI,bank_alert,0,0,0
sms-ham-0458,"Your Uber ride OTP is 372975. Do not share this OTP with anyone, including the driver.",VK-UBERIN,otp_service,0,0,0
sms-ham-0129,Recharge of ₹4500 successful for Jio number ending 9821. Data: 2GB/day for 28 days.,AD-JIOPAY,telecom_recharge,0,0,0
sms-scam-0384,Urgent: Bijli supply kat hoga aaj raat 10 baje. Bill baki hai. Turant payment kare link pe https://bit.ly/sbi-kyc-451 ya UPI customs.fine@okhdfc pe bhejo. Electricity dept.,VK-DHBVN,utility_disconnection,1,0,1
sms-scam-0019,"Dear customer, your parcel #928199020 is held at distribution hub due to address verification. Please update address details at https://bit.ly/sbi-kyc-959 and confirm with ₹10 test transfer.",IN-POST,courier_customs,1,0,1
sms-scam-0325,"Congratulations! Your SIM number won ₹25,00,000 cash prize in KBC Lottery 2026. To claim lottery amount, deposit registration tax ₹1500 to manager UPI refund.desk@paytm now.",AD-KBCWIN,lottery_kbc,0,0,1
sms-ham-0096,"Dear SBI UPI User, payment of ₹350 to swiggy@icici successful. UPI Ref: 492819208557. - SBI",VK-SBIUPI,bank_alert,0,0,0
sms-scam-0091,"Customer Support: To resolve your pending UPI refund of ₹50, download our official QuickSupport tool https://tinyurl.com/quicksupport-v7.apk and share code. TeamViewer/AnyDesk.",CP-REFUND,apk_screen_share,1,1,1
sms-ham-0455,"Dear Customer, ₹850 debited from your A/c ending 4921 on 28-Aug-2026 at Amazon Retail. Balance: ₹89566. - HDFC Bank",AD-HDFCBK,bank_alert,0,0,0
sms-ham-0055,Recharge of ₹350 successful for Jio number ending 9821. Data: 2GB/day for 28 days.,AD-JIOPAY,telecom_recharge,0,0,0
sms-scam-0045,Urgent: Bijli supply kat hoga aaj raat 10 baje. Bill baki hai. Turant payment kare link pe https://bit.ly/sbi-kyc-635 ya UPI mule_781@axis pe bhejo. Electricity dept.,VK-DHBVN,utility_disconnection,1,0,1
sms-scam-0264,"Dear Customer, Your electricity power will be disconnected tonight at 9.30 PM from electricity office because your previous month bill was not updated. Please immediately pay ₹499 on UPI customs.fine@okhdfc to avoid cut. Call officer at 9877300729.",VM-POWER,utility_disconnection,0,0,1
sms-ham-0608,"Electricity bill for Consumer No 192839 generated. Amount: ₹850, Due Date: 15-Sep. Pay via official portal or BESCOM app.",VM-BESCOM,utility_official,0,0,0
sms-ham-0725,"Hi Rohit, sharing the consulting invoice for ₹1200. Please process transfer by end of this week.",PERSONAL,organic_p2p,0,0,0
sms-ham-0600,"Hey, sent you ₹18500 for yesterday's dinner. Please check your GPay. Let me know once received.",PERSONAL,organic_p2p,0,0,0
sms-ham-0190,"Your Uber ride OTP is 556587. Do not share this OTP with anyone, including the driver.",VK-UBERIN,otp_service,0,0,0
sms-scam-0291,"Congratulations! Your SIM number won ₹25,00,000 cash prize in KBC Lottery 2026. To claim lottery amount, deposit registration tax ₹1500 to manager UPI abc123@upi now.",AD-KBCWIN,lottery_kbc,0,0,1
sms-ham-0498,"Electricity bill for Consumer No 192839 generated. Amount: ₹350, Due Date: 15-Sep. Pay via official portal or BESCOM app.",VM-BESCOM,utility_official,0,0,0
sms-ham-0320,"Your Uber ride OTP is 566915. Do not share this OTP with anyone, including the driver.",VK-UBERIN,otp_service,0,0,0
sms-scam-0087,"Customer Support: To resolve your pending UPI refund of ₹50, download our official QuickSupport tool https://tinyurl.com/quicksupport-v8.apk and share code. TeamViewer/AnyDesk.",CP-REFUND,apk_screen_share,1,1,1
sms-ham-0767,"Electricity bill for Consumer No 192839 generated. Amount: ₹350, Due Date: 15-Sep. Pay via official portal or BESCOM app.",VM-BESCOM,utility_official,0,0,0
sms-ham-0089,"Dear SBI UPI User, payment of ₹850 to zomato@hdfcbank successful. UPI Ref: 492819221644. - SBI",VK-SBIUPI,bank_alert,0,0,0
sms-scam-0003,"Dear Customer, Your electricity power will be disconnected tonight at 9.30 PM from electricity office because your previous month bill was not updated. Please immediately pay ₹1500 on UPI kbc.tax@ybl to avoid cut. Call officer at 9814084424.",VM-POWER,utility_disconnection,0,0,1
sms-ham-0013,"Dear SBI UPI User, payment of ₹150 to bescom@sbi successful. UPI Ref: 492819386439. - SBI",VK-SBIUPI,bank_alert,0,0,0
sms-ham-0294,"Electricity bill for Consumer No 192839 generated. Amount: ₹1200, Due Date: 15-Sep. Pay via official portal or BESCOM app.",VM-BESCOM,utility_official,0,0,0
sms-scam-0129,"Customer Support: To resolve your pending UPI refund of ₹50, download our official QuickSupport tool https://tinyurl.com/quicksupport-v7.apk and share code. TeamViewer/AnyDesk.",CP-REFUND,apk_screen_share,1,1,1
sms-ham-0021,"Hi Rohit, sharing the consulting invoice for ₹850. Please process transfer by end of this week.",PERSONAL,organic_p2p,0,0,0
sms-ham-0454,Your Swiggy order #8921 has been placed successfully for ₹18500. Delivery partner will arrive in 25 mins.,AX-SWIGGY,merchant_promo,0,0,0
sms-ham-0208,Zomato: Enjoy 50% off up to ₹100 on your next order! Use code FEAST. Order now on the app.,AD-ZOMATO,merchant_promo,0,0,0
sms-ham-0606,"Hey, sent you ₹850 for yesterday's dinner. Please check your GPay. Let me know once received.",PERSONAL,organic_p2p,0,0,0
sms-scam-0348,DISCOM ALERT: Final notice for meter disconnection. Pay processing charge ₹50 immediately to prevent legal FIR and fine. UPI: refund.desk@paytm,AD-BESCOM,utility_disconnection,0,0,1
sms-ham-0413,"Electricity bill for Consumer No 192839 generated. Amount: ₹1200, Due Date: 15-Sep. Pay via official portal or BESCOM app.",VM-BESCOM,utility_official,0,0,0
sms-scam-0342,"Dear customer, your parcel #928160439 is held at distribution hub due to address verification. Please update address details at https://bit.ly/sbi-kyc-521 and confirm with ₹10 test transfer.",IN-POST,courier_customs,1,0,1
sms-ham-0636,Recharge of ₹350 successful for Jio number ending 9821. Data: 2GB/day for 28 days.,AD-JIOPAY,telecom_recharge,0,0,0
sms-ham-0263,"Electricity bill for Consumer No 192839 generated. Amount: ₹150, Due Date: 15-Sep. Pay via official portal or BESCOM app.",VM-BESCOM,utility_official,0,0,0
sms-ham-0411,Your Swiggy order #8921 has been placed successfully for ₹150. Delivery partner will arrive in 25 mins.,AX-SWIGGY,merchant_promo,0,0,0
sms-ham-0103,"Electricity bill for Consumer No 192839 generated. Amount: ₹850, Due Date: 15-Sep. Pay via official portal or BESCOM app.",VM-BESCOM,utility_official,0,0,0
sms-ham-0189,Zomato: Enjoy 50% off up to ₹100 on your next order! Use code FEAST. Order now on the app.,AD-ZOMATO,merchant_promo,0,0,0
sms-ham-0106,"Hey, sent you ₹850 for yesterday's dinner. Please check your GPay. Let me know once received.",PERSONAL,organic_p2p,0,0,0
sms-scam-0078,"Hello sir, we noticed an accidental overcharge of ₹25000 on your recent utility bill. Kindly authorize the refund voucher on https://bit.ly/sbi-kyc-545 to claim back to your account.",NO-REFUND,subtle_refund_scam,1,0,1
sms-ham-0583,"Dear SBI UPI User, payment of ₹350 to bescom@sbi successful. UPI Ref: 492819486307. - SBI",VK-SBIUPI,bank_alert,0,0,0
sms-scam-0310,"Customer Support: To resolve your pending UPI refund of ₹25000, download our official QuickSupport tool https://tinyurl.com/quicksupport-v3.apk and share code. TeamViewer/AnyDesk.",CP-REFUND,apk_screen_share,1,1,1
sms-ham-0750,"Hi Rohit, sharing the consulting invoice for ₹4500. Please process transfer by end of this week.",PERSONAL,organic_p2p,0,0,0
sms-ham-0238,Recharge of ₹4500 successful for Jio number ending 9821. Data: 2GB/day for 28 days.,AD-JIOPAY,telecom_recharge,0,0,0
sms-ham-0671,Your Swiggy order #8921 has been placed successfully for ₹4500. Delivery partner will arrive in 25 mins.,AX-SWIGGY,merchant_promo,0,0,0
sms-ham-0046,"Hey, sent you ₹4500 for yesterday's dinner. Please check your GPay. Let me know once received.",PERSONAL,organic_p2p,0,0,0
sms-ham-0359,"Hi Rohit, sharing the consulting invoice for ₹850. Please process transfer by end of this week.",PERSONAL,organic_p2p,0,0,0
sms-scam-0288,Urgent: Bijli supply kat hoga aaj raat 10 baje. Bill baki hai. Turant payment kare link pe https://bit.ly/sbi-kyc-922 ya UPI kbc.tax@ybl pe bhejo. Electricity dept.,VK-DHBVN,utility_disconnection,1,0,1
sms-ham-0135,"Electricity bill for Consumer No 192839 generated. Amount: ₹350, Due Date: 15-Sep. Pay via official portal or BESCOM app.",VM-BESCOM,utility_official,0,0,0
sms-scam-0226,HDFC Bank Alert: Your debit card & UPI access suspended. Complete mandatory KYC verification within 24 hours to avoid penalty: https://bit.ly/sbi-kyc-526,AD-HDFCBK,bank_kyc,1,0,1
sms-ham-0771,"Hey, sent you ₹18500 for yesterday's dinner. Please check your GPay. Let me know once received.",PERSONAL,organic_p2p,0,0,0
sms-scam-0131,"Congratulations! Your SIM number won ₹25,00,000 cash prize in KBC Lottery 2026. To claim lottery amount, deposit registration tax ₹1500 to manager UPI abc123@upi now.",AD-KBCWIN,lottery_kbc,0,0,1
sms-ham-0448,"Dear Customer, ₹1200 debited from your A/c ending 4921 on 28-Aug-2026 at Amazon Retail. Balance: ₹56378. - HDFC Bank",AD-HDFCBK,bank_alert,0,0,0
sms-ham-0020,"Electricity bill for Consumer No 192839 generated. Amount: ₹350, Due Date: 15-Sep. Pay via official portal or BESCOM app.",VM-BESCOM,utility_official,0,0,0
sms-ham-0218,"Hi Rohit, sharing the consulting invoice for ₹18500. Please process transfer by end of this week.",PERSONAL,organic_p2p,0,0,0
sms-ham-0457,Recharge of ₹850 successful for Jio number ending 9821. Data: 2GB/day for 28 days.,AD-JIOPAY,telecom_recharge,0,0,0
sms-scam-0379,Greetings from HR. Your application for remote data consultant is approved. Please transfer refundable seat reservation fee ₹499 to coordinator UPI customs.fine@okhdfc.,HR-CAREER,job_scam,0,0,1
sms-ham-0769,"Your Uber ride OTP is 477208. Do not share this OTP with anyone, including the driver.",VK-UBERIN,otp_service,0,0,0
sms-ham-0744,"Your Uber ride OTP is 598140. Do not share this OTP with anyone, including the driver.",VK-UBERIN,otp_service,0,0,0
sms-scam-0218,"Congratulations! Your SIM number won ₹25,00,000 cash prize in KBC Lottery 2026. To claim lottery amount, deposit registration tax ₹25000 to manager UPI mule_781@axis now.",AD-KBCWIN,lottery_kbc,0,0,1
sms-ham-0622,"Dear Customer, ₹350 debited from your A/c ending 4921 on 28-Aug-2026 at Amazon Retail. Balance: ₹149044. - HDFC Bank",AD-HDFCBK,bank_alert,0,0,0
sms-scam-0378,"Congratulations! Your SIM number won ₹25,00,000 cash prize in KBC Lottery 2026. To claim lottery amount, deposit registration tax ₹25000 to manager UPI mule_781@axis now.",AD-KBCWIN,lottery_kbc,0,0,1
sms-scam-0418,"Hello sir, we noticed an accidental overcharge of ₹10 on your recent utility bill. Kindly authorize the refund voucher on https://bit.ly/sbi-kyc-946 to claim back to your account.",NO-REFUND,subtle_refund_scam,1,0,1
sms-ham-0766,"Dear Customer, ₹350 debited from your A/c ending 8812 at Apollo Hospitals. Available Balance: ₹126602. - Axis Bank",AD-AXISBK,bank_alert,0,0,0
sms-ham-0431,"Hi Rohit, sharing the consulting invoice for ₹18500. Please process transfer by end of this week.",PERSONAL,organic_p2p,0,0,0
sms-ham-0729,"Your Uber ride OTP is 521971. Do not share this OTP with anyone, including the driver.",VK-UBERIN,otp_service,0,0,0
sms-scam-0065,"Hello sir, we noticed an accidental overcharge of ₹25 on your recent utility bill. Kindly authorize the refund voucher on https://bit.ly/sbi-kyc-573 to claim back to your account.",NO-REFUND,subtle_refund_scam,1,0,1
sms-scam-0315,"Hello sir, we noticed an accidental overcharge of ₹1500 on your recent utility bill. Kindly authorize the refund voucher on https://bit.ly/sbi-kyc-761 to claim back to your account.",NO-REFUND,subtle_refund_scam,1,0,1
sms-ham-0570,Your Swiggy order #8921 has been placed successfully for ₹150. Delivery partner will arrive in 25 mins.,AX-SWIGGY,merchant_promo,0,0,0
sms-scam-0080,"Dear Customer, Your electricity power will be disconnected tonight at 9.30 PM from electricity office because your previous month bill was not updated. Please immediately pay ₹10 on UPI abc123@upi to avoid cut. Call officer at 9846470794.",VM-POWER,utility_disconnection,0,0,1
sms-scam-0219,"Congratulations! Your SIM number won ₹25,00,000 cash prize in KBC Lottery 2026. To claim lottery amount, deposit registration tax ₹10 to manager UPI abc123@upi now.",AD-KBCWIN,lottery_kbc,0,0,1
sms-ham-0262,"Dear SBI UPI User, payment of ₹18500 to zomato@hdfcbank successful. UPI Ref: 492819540957. - SBI",VK-SBIUPI,bank_alert,0,0,0
sms-ham-0742,"Dear SBI UPI User, payment of ₹1200 to amazon@apl successful. UPI Ref: 492819532452. - SBI",VK-SBIUPI,bank_alert,0,0,0
sms-ham-0468,"Hi Rohit, sharing the consulting invoice for ₹4500. Please process transfer by end of this week.",PERSONAL,organic_p2p,0,0,0
sms-ham-0224,"Hey, sent you ₹850 for yesterday's dinner. Please check your GPay. Let me know once received.",PERSONAL,organic_p2p,0,0,0
sms-ham-0460,"Dear SBI UPI User, payment of ₹1200 to amazon@apl successful. UPI Ref: 492819121464. - SBI",VK-SBIUPI,bank_alert,0,0,0
sms-scam-0373,"Congratulations! Your SIM number won ₹25,00,000 cash prize in KBC Lottery 2026. To claim lottery amount, deposit registration tax ₹1500 to manager UPI refund.desk@paytm now.",AD-KBCWIN,lottery_kbc,0,0,1
sms-ham-0393,"Your Uber ride OTP is 995950. Do not share this OTP with anyone, including the driver.",VK-UBERIN,otp_service,0,0,0
sms-scam-0180,"Dear SBI User, your YONO Netbanking account is blocked today due to pending PAN Aadhaar KYC. Update immediately to prevent permanent deactivation: https://bit.ly/sbi-kyc-925",VK-SBIINB,bank_kyc,1,0,1
sms-ham-0005,"Dear Customer, ₹150 debited from your A/c ending 8812 at Apollo Hospitals. Available Balance: ₹64637. - Axis Bank",AD-AXISBK,bank_alert,0,0,0
sms-scam-0086,"Dear SBI User, your YONO Netbanking account is blocked today due to pending PAN Aadhaar KYC. Update immediately to prevent permanent deactivation: https://bit.ly/sbi-kyc-689",VK-SBIINB,bank_kyc,1,0,1
sms-scam-0388,"Congratulations! Your SIM number won ₹25,00,000 cash prize in KBC Lottery 2026. To claim lottery amount, deposit registration tax ₹499 to manager UPI abc123@upi now.",AD-KBCWIN,lottery_kbc,0,0,1
sms-ham-0474,Your Swiggy order #8921 has been placed successfully for ₹350. Delivery partner will arrive in 25 mins.,AX-SWIGGY,merchant_promo,0,0,0
sms-ham-0039,"Dear Customer, ₹350 debited from your A/c ending 4921 on 28-Aug-2026 at Amazon Retail. Balance: ₹60767. - HDFC Bank",AD-HDFCBK,bank_alert,0,0,0
sms-scam-0329,"Dear SBI User, your YONO Netbanking account is blocked today due to pending PAN Aadhaar KYC. Update immediately to prevent permanent deactivation: https://bit.ly/sbi-kyc-391",VK-SBIINB,bank_kyc,1,0,1
sms-ham-0319,"Dear Customer, ₹850 debited from your A/c ending 4921 on 28-Aug-2026 at Amazon Retail. Balance: ₹81790. - HDFC Bank",AD-HDFCBK,bank_alert,0,0,0
sms-scam-0275,DISCOM ALERT: Final notice for meter disconnection. Pay processing charge ₹2500 immediately to prevent legal FIR and fine. UPI: disconnection.officer@sbi,AD-BESCOM,utility_disconnection,0,0,1
sms-ham-0145,"Dear Customer, ₹18500 debited from your A/c ending 8812 at Apollo Hospitals. Available Balance: ₹74303. - Axis Bank",AD-AXISBK,bank_alert,0,0,0
sms-ham-0305,"Hi Rohit, sharing the consulting invoice for ₹1200. Please process transfer by end of this week.",PERSONAL,organic_p2p,0,0,0
sms-scam-0021,"Dear SBI User, your YONO Netbanking account is blocked today due to pending PAN Aadhaar KYC. Update immediately to prevent permanent deactivation: https://bit.ly/sbi-kyc-855",VK-SBIINB,bank_kyc,1,0,1
sms-scam-0159,DISCOM ALERT: Final notice for meter disconnection. Pay processing charge ₹2500 immediately to prevent legal FIR and fine. UPI: abc123@upi,AD-BESCOM,utility_disconnection,0,0,1
sms-scam-0319,Urgent: Bijli supply kat hoga aaj raat 10 baje. Bill baki hai. Turant payment kare link pe https://bit.ly/sbi-kyc-285 ya UPI mule_781@axis pe bhejo. Electricity dept.,VK-DHBVN,utility_disconnection,1,0,1
sms-ham-0299,"Hey, sent you ₹1200 for yesterday's dinner. Please check your GPay. Let me know once received.",PERSONAL,organic_p2p,0,0,0
sms-ham-0027,"Hey, sent you ₹18500 for yesterday's dinner. Please check your GPay. Let me know once received.",PERSONAL,organic_p2p,0,0,0
sms-ham-0547,"Hi Rohit, sharing the consulting invoice for ₹150. Please process transfer by end of this week.",PERSONAL,organic_p2p,0,0,0
sms-ham-0424,Your Swiggy order #8921 has been placed successfully for ₹1200. Delivery partner will arrive in 25 mins.,AX-SWIGGY,merchant_promo,0,0,0
sms-ham-0724,"Dear Customer, ₹1200 debited from your A/c ending 8812 at Apollo Hospitals. Available Balance: ₹32138. - Axis Bank",AD-AXISBK,bank_alert,0,0,0
sms-ham-0760,"Your Uber ride OTP is 552790. Do not share this OTP with anyone, including the driver.",VK-UBERIN,otp_service,0,0,0
sms-ham-0347,"Dear Customer, ₹4500 debited from your A/c ending 4921 on 28-Aug-2026 at Amazon Retail. Balance: ₹136395. - HDFC Bank",AD-HDFCBK,bank_alert,0,0,0
sms-ham-0165,"Dear Customer, ₹18500 debited from your A/c ending 4921 on 28-Aug-2026 at Amazon Retail. Balance: ₹84883. - HDFC Bank",AD-HDFCBK,bank_alert,0,0,0
sms-ham-0423,"Hey, sent you ₹850 for yesterday's dinner. Please check your GPay. Let me know once received.",PERSONAL,organic_p2p,0,0,0
sms-ham-0749,"Dear Customer, ₹18500 debited from your A/c ending 4921 on 28-Aug-2026 at Amazon Retail. Balance: ₹79055. - HDFC Bank",AD-HDFCBK,bank_alert,0,0,0
sms-scam-0179,"Hello sir, we noticed an accidental overcharge of ₹50 on your recent utility bill. Kindly authorize the refund voucher on https://bit.ly/sbi-kyc-242 to claim back to your account.",NO-REFUND,subtle_refund_scam,1,0,1
sms-scam-0096,HDFC Bank Alert: Your debit card & UPI access suspended. Complete mandatory KYC verification within 24 hours to avoid penalty: https://bit.ly/sbi-kyc-798,AD-HDFCBK,bank_kyc,1,0,1
sms-ham-0008,Your Swiggy order #8921 has been placed successfully for ₹18500. Delivery partner will arrive in 25 mins.,AX-SWIGGY,merchant_promo,0,0,0
sms-ham-0110,Your Swiggy order #8921 has been placed successfully for ₹1200. Delivery partner will arrive in 25 mins.,AX-SWIGGY,merchant_promo,0,0,0
sms-ham-0014,Zomato: Enjoy 50% off up to ₹100 on your next order! Use code FEAST. Order now on the app.,AD-ZOMATO,merchant_promo,0,0,0
sms-ham-0054,"Hi Rohit, sharing the consulting invoice for ₹350. Please process transfer by end of this week.",PERSONAL,organic_p2p,0,0,0
sms-scam-0149,"Dear SBI User, your YONO Netbanking account is blocked today due to pending PAN Aadhaar KYC. Update immediately to prevent permanent deactivation: https://bit.ly/sbi-kyc-134",VK-SBIINB,bank_kyc,1,0,1
sms-scam-0274,DISCOM ALERT: Final notice for meter disconnection. Pay processing charge ₹100 immediately to prevent legal FIR and fine. UPI: mule_781@axis,AD-BESCOM,utility_disconnection,0,0,1
sms-ham-0107,"Your Uber ride OTP is 643707. Do not share this OTP with anyone, including the driver.",VK-UBERIN,otp_service,0,0,0
sms-ham-0772,"Hey, sent you ₹150 for yesterday's dinner. Please check your GPay. Let me know once received.",PERSONAL,organic_p2p,0,0,0
sms-ham-0435,"Hey, sent you ₹150 for yesterday's dinner. Please check your GPay. Let me know once received.",PERSONAL,organic_p2p,0,0,0
sms-ham-0759,"Electricity bill for Consumer No 192839 generated. Amount: ₹350, Due Date: 15-Sep. Pay via official portal or BESCOM app.",VM-BESCOM,utility_official,0,0,0
sms-ham-0325,Zomato: Enjoy 50% off up to ₹100 on your next order! Use code FEAST. Order now on the app.,AD-ZOMATO,merchant_promo,0,0,0
sms-ham-0482,"Dear SBI UPI User, payment of ₹850 to amazon@apl successful. UPI Ref: 492819905481. - SBI",VK-SBIUPI,bank_alert,0,0,0
sms-scam-0279,DISCOM ALERT: Final notice for meter disconnection. Pay processing charge ₹25 immediately to prevent legal FIR and fine. UPI: disconnection.officer@sbi,AD-BESCOM,utility_disconnection,0,0,1
sms-scam-0015,HDFC Bank Alert: Your debit card & UPI access suspended. Complete mandatory KYC verification within 24 hours to avoid penalty: https://bit.ly/sbi-kyc-344,AD-HDFCBK,bank_kyc,1,0,1
sms-ham-0456,"Dear SBI UPI User, payment of ₹150 to flipkart@axis successful. UPI Ref: 492819264586. - SBI",VK-SBIUPI,bank_alert,0,0,0
sms-ham-0698,"Your Uber ride OTP is 349998. Do not share this OTP with anyone, including the driver.",VK-UBERIN,otp_service,0,0,0
sms-ham-0628,Recharge of ₹1200 successful for Jio number ending 9821. Data: 2GB/day for 28 days.,AD-JIOPAY,telecom_recharge,0,0,0
sms-scam-0092,Greetings from HR. Your application for remote data consultant is approved. Please transfer refundable seat reservation fee ₹25000 to coordinator UPI abc123@upi.,HR-CAREER,job_scam,0,0,1
sms-scam-0193,"Dear Customer, Your electricity power will be disconnected tonight at 9.30 PM from electricity office because your previous month bill was not updated. Please immediately pay ₹25 on UPI abc123@upi to avoid cut. Call officer at 9898834351.",VM-POWER,utility_disconnection,0,0,1
sms-ham-0612,"Hey, sent you ₹18500 for yesterday's dinner. Please check your GPay. Let me know once received.",PERSONAL,organic_p2p,0,0,0
sms-ham-0620,"Hey, sent you ₹150 for yesterday's dinner. Please check your GPay. Let me know once received.",PERSONAL,organic_p2p,0,0,0
sms-ham-0715,"Dear SBI UPI User, payment of ₹4500 to swiggy@icici successful. UPI Ref: 492819528941. - SBI",VK-SBIUPI,bank_alert,0,0,0
sms-ham-0552,Your Swiggy order #8921 has been placed successfully for ₹4500. Delivery partner will arrive in 25 mins.,AX-SWIGGY,merchant_promo,0,0,0
sms-ham-0764,"Dear SBI UPI User, payment of ₹350 to swiggy@icici successful. UPI Ref: 492819894067. - SBI",VK-SBIUPI,bank_alert,0,0,0
sms-ham-0644,"Hey, sent you ₹4500 for yesterday's dinner. Please check your GPay. Let me know once received.",PERSONAL,organic_p2p,0,0,0
sms-ham-0194,"Dear Customer, ₹4500 debited from your A/c ending 4921 on 28-Aug-2026 at Amazon Retail. Balance: ₹27714. - HDFC Bank",AD-HDFCBK,bank_alert,0,0,0
sms-ham-0009,"Dear Customer, ₹350 debited from your A/c ending 4921 on 28-Aug-2026 at Amazon Retail. Balance: ₹47499. - HDFC Bank",AD-HDFCBK,bank_alert,0,0,0
sms-ham-0214,Your Swiggy order #8921 has been placed successfully for ₹850. Delivery partner will arrive in 25 mins.,AX-SWIGGY,merchant_promo,0,0,0
sms-ham-0500,"Hey, sent you ₹150 for yesterday's dinner. Please check your GPay. Let me know once received.",PERSONAL,organic_p2p,0,0,0
sms-ham-0118,Zomato: Enjoy 50% off up to ₹100 on your next order! Use code FEAST. Order now on the app.,AD-ZOMATO,merchant_promo,0,0,0
sms-ham-0594,"Dear Customer, ₹1200 debited from your A/c ending 4921 on 28-Aug-2026 at Amazon Retail. Balance: ₹109686. - HDFC Bank",AD-HDFCBK,bank_alert,0,0,0
sms-ham-0287,"Dear SBI UPI User, payment of ₹850 to bescom@sbi successful. UPI Ref: 492819332802. - SBI",VK-SBIUPI,bank_alert,0,0,0
sms-ham-0229,Recharge of ₹150 successful for Jio number ending 9821. Data: 2GB/day for 28 days.,AD-JIOPAY,telecom_recharge,0,0,0
sms-scam-0296,Urgent: Bijli supply kat hoga aaj raat 10 baje. Bill baki hai. Turant payment kare link pe https://bit.ly/sbi-kyc-211 ya UPI layer1_mule@icici pe bhejo. Electricity dept.,VK-DHBVN,utility_disconnection,1,0,1
sms-scam-0027,Urgent: Bijli supply kat hoga aaj raat 10 baje. Bill baki hai. Turant payment kare link pe https://bit.ly/sbi-kyc-220 ya UPI disconnection.officer@sbi pe bhejo. Electricity dept.,VK-DHBVN,utility_disconnection,1,0,1
sms-scam-0330,"Dear Customer, Your electricity power will be disconnected tonight at 9.30 PM from electricity office because your previous month bill was not updated. Please immediately pay ₹1500 on UPI kbc.tax@ybl to avoid cut. Call officer at 9886138371.",VM-POWER,utility_disconnection,0,0,1
sms-scam-0395,Urgent: Bijli supply kat hoga aaj raat 10 baje. Bill baki hai. Turant payment kare link pe https://bit.ly/sbi-kyc-341 ya UPI abc123@upi pe bhejo. Electricity dept.,VK-DHBVN,utility_disconnection,1,0,1
sms-scam-0253,"Dear customer, your parcel #928196663 is held at distribution hub due to address verification. Please update address details at https://bit.ly/sbi-kyc-611 and confirm with ₹10 test transfer.",IN-POST,courier_customs,1,0,1
sms-scam-0364,"Dear customer, your parcel #928184601 is held at distribution hub due to address verification. Please update address details at https://bit.ly/sbi-kyc-998 and confirm with ₹10 test transfer.",IN-POST,courier_customs,1,0,1
sms-ham-0542,"Electricity bill for Consumer No 192839 generated. Amount: ₹150, Due Date: 15-Sep. Pay via official portal or BESCOM app.",VM-BESCOM,utility_official,0,0,0
sms-scam-0167,"Customer Support: To resolve your pending UPI refund of ₹1500, download our official QuickSupport tool https://tinyurl.com/quicksupport-v4.apk and share code. TeamViewer/AnyDesk.",CP-REFUND,apk_screen_share,1,1,1
sms-ham-0551,"Dear Customer, ₹4500 debited from your A/c ending 8812 at Apollo Hospitals. Available Balance: ₹92011. - Axis Bank",AD-AXISBK,bank_alert,0,0,0
sms-ham-0713,"Hey, sent you ₹350 for yesterday's dinner. Please check your GPay. Let me know once received.",PERSONAL,organic_p2p,0,0,0
sms-ham-0533,"Hi Rohit, sharing the consulting invoice for ₹18500. Please process transfer by end of this week.",PERSONAL,organic_p2p,0,0,0
sms-scam-0010,"Dear customer, your parcel #928133723 is held at distribution hub due to address verification. Please update address details at https://bit.ly/sbi-kyc-148 and confirm with ₹10 test transfer.",IN-POST,courier_customs,1,0,1
sms-ham-0126,Zomato: Enjoy 50% off up to ₹100 on your next order! Use code FEAST. Order now on the app.,AD-ZOMATO,merchant_promo,0,0,0
sms-ham-0440,"Dear Customer, ₹1200 debited from your A/c ending 8812 at Apollo Hospitals. Available Balance: ₹89807. - Axis Bank",AD-AXISBK,bank_alert,0,0,0
sms-ham-0100,Your Swiggy order #8921 has been placed successfully for ₹150. Delivery partner will arrive in 25 mins.,AX-SWIGGY,merchant_promo,0,0,0
sms-scam-0261,"Dear Customer, Your electricity power will be disconnected tonight at 9.30 PM from electricity office because your previous month bill was not updated. Please immediately pay ₹2500 on UPI mule_781@axis to avoid cut. Call officer at 9862354090.",VM-POWER,utility_disconnection,0,0,1
sms-scam-0256,Urgent: Bijli supply kat hoga aaj raat 10 baje. Bill baki hai. Turant payment kare link pe https://bit.ly/sbi-kyc-366 ya UPI kbc.tax@ybl pe bhejo. Electricity dept.,VK-DHBVN,utility_disconnection,1,0,1
sms-ham-0211,"Hey, sent you ₹350 for yesterday's dinner. Please check your GPay. Let me know once received.",PERSONAL,organic_p2p,0,0,0
sms-ham-0124,"Dear SBI UPI User, payment of ₹4500 to amazon@apl successful. UPI Ref: 492819684066. - SBI",VK-SBIUPI,bank_alert,0,0,0
sms-scam-0181,DISCOM ALERT: Final notice for meter disconnection. Pay processing charge ₹25000 immediately to prevent legal FIR and fine. UPI: layer1_mule@icici,AD-BESCOM,utility_disconnection,0,0,1
sms-ham-0298,"Dear SBI UPI User, payment of ₹350 to bescom@sbi successful. UPI Ref: 492819450894. - SBI",VK-SBIUPI,bank_alert,0,0,0
sms-scam-0079,"Customer Support: To resolve your pending UPI refund of ₹499, download our official QuickSupport tool https://tinyurl.com/quicksupport-v5.apk and share code. TeamViewer/AnyDesk.",CP-REFUND,apk_screen_share,1,1,1
sms-scam-0033,"Hello sir, we noticed an accidental overcharge of ₹499 on your recent utility bill. Kindly authorize the refund voucher on https://bit.ly/sbi-kyc-790 to claim back to your account.",NO-REFUND,subtle_refund_scam,1,0,1
sms-ham-0733,"Hey, sent you ₹850 for yesterday's dinner. Please check your GPay. Let me know once received.",PERSONAL,organic_p2p,0,0,0
sms-ham-0134,Recharge of ₹350 successful for Jio number ending 9821. Data: 2GB/day for 28 days.,AD-JIOPAY,telecom_recharge,0,0,0
sms-scam-0050,"Dear SBI User, your YONO Netbanking account is blocked today due to pending PAN Aadhaar KYC. Update immediately to prevent permanent deactivation: https://bit.ly/sbi-kyc-634",VK-SBIINB,bank_kyc,1,0,1
sms-scam-0175,HDFC Bank Alert: Your debit card & UPI access suspended. Complete mandatory KYC verification within 24 hours to avoid penalty: https://bit.ly/sbi-kyc-627,AD-HDFCBK,bank_kyc,1,0,1
sms-scam-0390,"Customer Support: To resolve your pending UPI refund of ₹10, download our official QuickSupport tool https://tinyurl.com/quicksupport-v5.apk and share code. TeamViewer/AnyDesk.",CP-REFUND,apk_screen_share,1,1,1
sms-ham-0057,"Your Uber ride OTP is 485695. Do not share this OTP with anyone, including the driver.",VK-UBERIN,otp_service,0,0,0
sms-ham-0249,Recharge of ₹850 successful for Jio number ending 9821. Data: 2GB/day for 28 days.,AD-JIOPAY,telecom_recharge,0,0,0
sms-ham-0768,"Electricity bill for Consumer No 192839 generated. Amount: ₹4500, Due Date: 15-Sep. Pay via official portal or BESCOM app.",VM-BESCOM,utility_official,0,0,0
sms-ham-0541,Recharge of ₹1200 successful for Jio number ending 9821. Data: 2GB/day for 28 days.,AD-JIOPAY,telecom_recharge,0,0,0
sms-scam-0106,"Customer Support: To resolve your pending UPI refund of ₹25, download our official QuickSupport tool https://tinyurl.com/quicksupport-v5.apk and share code. TeamViewer/AnyDesk.",CP-REFUND,apk_screen_share,1,1,1
sms-scam-0295,"Congratulations! Your SIM number won ₹25,00,000 cash prize in KBC Lottery 2026. To claim lottery amount, deposit registration tax ₹10 to manager UPI kbc.tax@ybl now.",AD-KBCWIN,lottery_kbc,0,0,1
sms-scam-0345,HDFC Bank Alert: Your debit card & UPI access suspended. Complete mandatory KYC verification within 24 hours to avoid penalty: https://bit.ly/sbi-kyc-554,AD-HDFCBK,bank_kyc,1,0,1
sms-ham-0246,Your Swiggy order #8921 has been placed successfully for ₹350. Delivery partner will arrive in 25 mins.,AX-SWIGGY,merchant_promo,0,0,0
sms-ham-0157,"Electricity bill for Consumer No 192839 generated. Amount: ₹1200, Due Date: 15-Sep. Pay via official portal or BESCOM app.",VM-BESCOM,utility_official,0,0,0
sms-scam-0263,"Dear Customer, Your electricity power will be disconnected tonight at 9.30 PM from electricity office because your previous month bill was not updated. Please immediately pay ₹25000 on UPI disconnection.officer@sbi to avoid cut. Call officer at 9872051615.",VM-POWER,utility_disconnection,0,0,1
sms-scam-0255,Greetings from HR. Your application for remote data consultant is approved. Please transfer refundable seat reservation fee ₹2500 to coordinator UPI layer1_mule@icici.,HR-CAREER,job_scam,0,0,1
sms-scam-0276,Greetings from HR. Your application for remote data consultant is approved. Please transfer refundable seat reservation fee ₹499 to coordinator UPI refund.desk@paytm.,HR-CAREER,job_scam,0,0,1
sms-ham-0694,"Hey, sent you ₹350 for yesterday's dinner. Please check your GPay. Let me know once received.",PERSONAL,organic_p2p,0,0,0
sms-ham-0375,"Hey, sent you ₹350 for yesterday's dinner. Please check your GPay. Let me know once received.",PERSONAL,organic_p2p,0,0,0
sms-scam-0231,"Congratulations! Your SIM number won ₹25,00,000 cash prize in KBC Lottery 2026. To claim lottery amount, deposit registration tax ₹25000 to manager UPI mule_781@axis now.",AD-KBCWIN,lottery_kbc,0,0,1
sms-scam-0321,Greetings from HR. Your application for remote data consultant is approved. Please transfer refundable seat reservation fee ₹499 to coordinator UPI mule_781@axis.,HR-CAREER,job_scam,0,0,1
sms-ham-0419,Recharge of ₹4500 successful for Jio number ending 9821. Data: 2GB/day for 28 days.,AD-JIOPAY,telecom_recharge,0,0,0
sms-ham-0459,Zomato: Enjoy 50% off up to ₹100 on your next order! Use code FEAST. Order now on the app.,AD-ZOMATO,merchant_promo,0,0,0
sms-ham-0677,Zomato: Enjoy 50% off up to ₹100 on your next order! Use code FEAST. Order now on the app.,AD-ZOMATO,merchant_promo,0,0,0
sms-ham-0161,"Dear SBI UPI User, payment of ₹4500 to zomato@hdfcbank successful. UPI Ref: 492819570956. - SBI",VK-SBIUPI,bank_alert,0,0,0
sms-ham-0437,"Hi Rohit, sharing the consulting invoice for ₹18500. Please process transfer by end of this week.",PERSONAL,organic_p2p,0,0,0
sms-scam-0376,"Dear Customer, Your electricity power will be disconnected tonight at 9.30 PM from electricity office because your previous month bill was not updated. Please immediately pay ₹499 on UPI abc123@upi to avoid cut. Call officer at 9834002895.",VM-POWER,utility_disconnection,0,0,1
sms-scam-0407,"Hello sir, we noticed an accidental overcharge of ₹25 on your recent utility bill. Kindly authorize the refund voucher on https://bit.ly/sbi-kyc-198 to claim back to your account.",NO-REFUND,subtle_refund_scam,1,0,1
sms-ham-0367,"Your Uber ride OTP is 125703. Do not share this OTP with anyone, including the driver.",VK-UBERIN,otp_service,0,0,0
sms-ham-0731,Recharge of ₹850 successful for Jio number ending 9821. Data: 2GB/day for 28 days.,AD-JIOPAY,telecom_recharge,0,0,0
sms-ham-0471,Zomato: Enjoy 50% off up to ₹100 on your next order! Use code FEAST. Order now on the app.,AD-ZOMATO,merchant_promo,0,0,0
sms-scam-0028,"Dear customer, your parcel #928173992 is held at distribution hub due to address verification. Please update address details at https://bit.ly/sbi-kyc-274 and confirm with ₹10 test transfer.",IN-POST,courier_customs,1,0,1
sms-ham-0564,"Hey, sent you ₹4500 for yesterday's dinner. Please check your GPay. Let me know once received.",PERSONAL,organic_p2p,0,0,0
sms-ham-0550,"Hey, sent you ₹1200 for yesterday's dinner. Please check your GPay. Let me know once received.",PERSONAL,organic_p2p,0,0,0
sms-ham-0109,"Hey, sent you ₹850 for yesterday's dinner. Please check your GPay. Let me know once received.",PERSONAL,organic_p2p,0,0,0
sms-ham-0210,"Dear SBI UPI User, payment of ₹18500 to flipkart@axis successful. UPI Ref: 492819604393. - SBI",VK-SBIUPI,bank_alert,0,0,0
sms-ham-0610,"Hi Rohit, sharing the consulting invoice for ₹150. Please process transfer by end of this week.",PERSONAL,organic_p2p,0,0,0
sms-scam-0311,"Customer Support: To resolve your pending UPI refund of ₹25, download our official QuickSupport tool https://tinyurl.com/quicksupport-v8.apk and share code. TeamViewer/AnyDesk.",CP-REFUND,apk_screen_share,1,1,1
sms-scam-0133,"Customer Support: To resolve your pending UPI refund of ₹100, download our official QuickSupport tool https://tinyurl.com/quicksupport-v6.apk and share code. TeamViewer/AnyDesk.",CP-REFUND,apk_screen_share,1,1,1
sms-scam-0420,"Hello sir, we noticed an accidental overcharge of ₹1500 on your recent utility bill. Kindly authorize the refund voucher on https://bit.ly/sbi-kyc-884 to claim back to your account.",NO-REFUND,subtle_refund_scam,1,0,1
sms-ham-0343,Recharge of ₹1200 successful for Jio number ending 9821. Data: 2GB/day for 28 days.,AD-JIOPAY,telecom_recharge,0,0,0
sms-ham-0720,"Dear Customer, ₹18500 debited from your A/c ending 8812 at Apollo Hospitals. Available Balance: ₹63781. - Axis Bank",AD-AXISBK,bank_alert,0,0,0
sms-ham-0593,"Your Uber ride OTP is 885545. Do not share this OTP with anyone, including the driver.",VK-UBERIN,otp_service,0,0,0
sms-scam-0011,"Dear customer, your parcel #928167735 is held at distribution hub due to address verification. Please update address details at https://bit.ly/sbi-kyc-993 and confirm with ₹10 test transfer.",IN-POST,courier_customs,1,0,1
sms-ham-0709,Recharge of ₹150 successful for Jio number ending 9821. Data: 2GB/day for 28 days.,AD-JIOPAY,telecom_recharge,0,0,0
sms-scam-0123,"Congratulations! Your SIM number won ₹25,00,000 cash prize in KBC Lottery 2026. To claim lottery amount, deposit registration tax ₹50 to manager UPI refund.desk@paytm now.",AD-KBCWIN,lottery_kbc,0,0,1
sms-ham-0127,Recharge of ₹350 successful for Jio number ending 9821. Data: 2GB/day for 28 days.,AD-JIOPAY,telecom_recharge,0,0,0
sms-scam-0213,Urgent: Bijli supply kat hoga aaj raat 10 baje. Bill baki hai. Turant payment kare link pe https://bit.ly/sbi-kyc-585 ya UPI kbc.tax@ybl pe bhejo. Electricity dept.,VK-DHBVN,utility_disconnection,1,0,1
sms-scam-0402,HDFC Bank Alert: Your debit card & UPI access suspended. Complete mandatory KYC verification within 24 hours to avoid penalty: https://bit.ly/sbi-kyc-212,AD-HDFCBK,bank_kyc,1,0,1
sms-ham-0156,"Hi Rohit, sharing the consulting invoice for ₹150. Please process transfer by end of this week.",PERSONAL,organic_p2p,0,0,0
sms-scam-0232,DISCOM ALERT: Final notice for meter disconnection. Pay processing charge ₹25000 immediately to prevent legal FIR and fine. UPI: customs.fine@okhdfc,AD-BESCOM,utility_disconnection,0,0,1
sms-ham-0700,"Your Uber ride OTP is 899595. Do not share this OTP with anyone, including the driver.",VK-UBERIN,otp_service,0,0,0
sms-ham-0513,"Dear SBI UPI User, payment of ₹4500 to bescom@sbi successful. UPI Ref: 492819791808. - SBI",VK-SBIUPI,bank_alert,0,0,0
sms-scam-0072,"Dear customer, your parcel #928143849 is held at distribution hub due to address verification. Please update address details at https://bit.ly/sbi-kyc-691 and confirm with ₹10 test transfer.",IN-POST,courier_customs,1,0,1
sms-ham-0449,Zomato: Enjoy 50% off up to ₹100 on your next order! Use code FEAST. Order now on the app.,AD-ZOMATO,merchant_promo,0,0,0
sms-ham-0121,"Dear Customer, ₹150 debited from your A/c ending 4921 on 28-Aug-2026 at Amazon Retail. Balance: ₹146586. - HDFC Bank",AD-HDFCBK,bank_alert,0,0,0
sms-ham-0333,"Hey, sent you ₹1200 for yesterday's dinner. Please check your GPay. Let me know once received.",PERSONAL,organic_p2p,0,0,0
sms-ham-0031,Zomato: Enjoy 50% off up to ₹100 on your next order! Use code FEAST. Order now on the app.,AD-ZOMATO,merchant_promo,0,0,0
sms-ham-0329,"Hey, sent you ₹1200 for yesterday's dinner. Please check your GPay. Let me know once received.",PERSONAL,organic_p2p,0,0,0
sms-ham-0490,"Hi Rohit, sharing the consulting invoice for ₹1200. Please process transfer by end of this week.",PERSONAL,organic_p2p,0,0,0
sms-scam-0417,"Dear SBI User, your YONO Netbanking account is blocked today due to pending PAN Aadhaar KYC. Update immediately to prevent permanent deactivation: https://bit.ly/sbi-kyc-196",VK-SBIINB,bank_kyc,1,0,1
sms-scam-0186,"Congratulations! Your SIM number won ₹25,00,000 cash prize in KBC Lottery 2026. To claim lottery amount, deposit registration tax ₹10 to manager UPI mule_781@axis now.",AD-KBCWIN,lottery_kbc,0,0,1
sms-scam-0413,"Hello sir, we noticed an accidental overcharge of ₹50 on your recent utility bill. Kindly authorize the refund voucher on https://bit.ly/sbi-kyc-463 to claim back to your account.",NO-REFUND,subtle_refund_scam,1,0,1
sms-ham-0491,Recharge of ₹4500 successful for Jio number ending 9821. Data: 2GB/day for 28 days.,AD-JIOPAY,telecom_recharge,0,0,0
sms-scam-0069,Urgent: Bijli supply kat hoga aaj raat 10 baje. Bill baki hai. Turant payment kare link pe https://bit.ly/sbi-kyc-810 ya UPI refund.desk@paytm pe bhejo. Electricity dept.,VK-DHBVN,utility_disconnection,1,0,1
sms-ham-0632,Zomato: Enjoy 50% off up to ₹100 on your next order! Use code FEAST. Order now on the app.,AD-ZOMATO,merchant_promo,0,0,0
sms-ham-0489,"Dear Customer, ₹1200 debited from your A/c ending 4921 on 28-Aug-2026 at Amazon Retail. Balance: ₹78338. - HDFC Bank",AD-HDFCBK,bank_alert,0,0,0
sms-ham-0362,"Hi Rohit, sharing the consulting invoice for ₹350. Please process transfer by end of this week.",PERSONAL,organic_p2p,0,0,0
sms-scam-0095,DISCOM ALERT: Final notice for meter disconnection. Pay processing charge ₹1500 immediately to prevent legal FIR and fine. UPI: refund.desk@paytm,AD-BESCOM,utility_disconnection,0,0,1
sms-scam-0251,DISCOM ALERT: Final notice for meter disconnection. Pay processing charge ₹1500 immediately to prevent legal FIR and fine. UPI: layer1_mule@icici,AD-BESCOM,utility_disconnection,0,0,1
sms-ham-0384,"Electricity bill for Consumer No 192839 generated. Amount: ₹18500, Due Date: 15-Sep. Pay via official portal or BESCOM app.",VM-BESCOM,utility_official,0,0,0
sms-ham-0410,"Your Uber ride OTP is 543020. Do not share this OTP with anyone, including the driver.",VK-UBERIN,otp_service,0,0,0
sms-ham-0372,"Your Uber ride OTP is 337110. Do not share this OTP with anyone, including the driver.",VK-UBERIN,otp_service,0,0,0
sms-scam-0312,"Dear SBI User, your YONO Netbanking account is blocked today due to pending PAN Aadhaar KYC. Update immediately to prevent permanent deactivation: https://bit.ly/sbi-kyc-645",VK-SBIINB,bank_kyc,1,0,1
sms-ham-0371,"Hi Rohit, sharing the consulting invoice for ₹1200. Please process transfer by end of this week.",PERSONAL,organic_p2p,0,0,0
sms-ham-0289,"Dear SBI UPI User, payment of ₹150 to swiggy@icici successful. UPI Ref: 492819635987. - SBI",VK-SBIUPI,bank_alert,0,0,0
sms-ham-0070,"Dear Customer, ₹1200 debited from your A/c ending 4921 on 28-Aug-2026 at Amazon Retail. Balance: ₹60652. - HDFC Bank",AD-HDFCBK,bank_alert,0,0,0
sms-ham-0649,"Dear Customer, ₹850 debited from your A/c ending 4921 on 28-Aug-2026 at Amazon Retail. Balance: ₹86330. - HDFC Bank",AD-HDFCBK,bank_alert,0,0,0
sms-ham-0740,"Electricity bill for Consumer No 192839 generated. Amount: ₹4500, Due Date: 15-Sep. Pay via official portal or BESCOM app.",VM-BESCOM,utility_official,0,0,0
sms-scam-0404,Greetings from HR. Your application for remote data consultant is approved. Please transfer refundable seat reservation fee ₹100 to coordinator UPI abc123@upi.,HR-CAREER,job_scam,0,0,1
sms-scam-0331,"Customer Support: To resolve your pending UPI refund of ₹100, download our official QuickSupport tool https://tinyurl.com/quicksupport-v7.apk and share code. TeamViewer/AnyDesk.",CP-REFUND,apk_screen_share,1,1,1
sms-scam-0178,"Hello sir, we noticed an accidental overcharge of ₹100 on your recent utility bill. Kindly authorize the refund voucher on https://bit.ly/sbi-kyc-712 to claim back to your account.",NO-REFUND,subtle_refund_scam,1,0,1
sms-ham-0223,"Hi Rohit, sharing the consulting invoice for ₹350. Please process transfer by end of this week.",PERSONAL,organic_p2p,0,0,0
sms-ham-0557,"Electricity bill for Consumer No 192839 generated. Amount: ₹1200, Due Date: 15-Sep. Pay via official portal or BESCOM app.",VM-BESCOM,utility_official,0,0,0
sms-scam-0221,"Hello sir, we noticed an accidental overcharge of ₹50 on your recent utility bill. Kindly authorize the refund voucher on https://bit.ly/sbi-kyc-900 to claim back to your account.",NO-REFUND,subtle_refund_scam,1,0,1
sms-ham-0752,Your Swiggy order #8921 has been placed successfully for ₹4500. Delivery partner will arrive in 25 mins.,AX-SWIGGY,merchant_promo,0,0,0
sms-ham-0269,Your Swiggy order #8921 has been placed successfully for ₹350. Delivery partner will arrive in 25 mins.,AX-SWIGGY,merchant_promo,0,0,0
sms-ham-0250,Recharge of ₹1200 successful for Jio number ending 9821. Data: 2GB/day for 28 days.,AD-JIOPAY,telecom_recharge,0,0,0
sms-ham-0170,"Your Uber ride OTP is 660927. Do not share this OTP with anyone, including the driver.",VK-UBERIN,otp_service,0,0,0
sms-scam-0196,"Dear Customer, Your electricity power will be disconnected tonight at 9.30 PM from electricity office because your previous month bill was not updated. Please immediately pay ₹25 on UPI kbc.tax@ybl to avoid cut. Call officer at 9883317398.",VM-POWER,utility_disconnection,0,0,1
sms-scam-0109,"Dear Customer, Your electricity power will be disconnected tonight at 9.30 PM from electricity office because your previous month bill was not updated. Please immediately pay ₹100 on UPI refund.desk@paytm to avoid cut. Call officer at 9893262564.",VM-POWER,utility_disconnection,0,0,1
sms-ham-0540,Recharge of ₹4500 successful for Jio number ending 9821. Data: 2GB/day for 28 days.,AD-JIOPAY,telecom_recharge,0,0,0
sms-scam-0367,"Dear SBI User, your YONO Netbanking account is blocked today due to pending PAN Aadhaar KYC. Update immediately to prevent permanent deactivation: https://bit.ly/sbi-kyc-679",VK-SBIINB,bank_kyc,1,0,1
sms-ham-0061,"Electricity bill for Consumer No 192839 generated. Amount: ₹1200, Due Date: 15-Sep. Pay via official portal or BESCOM app.",VM-BESCOM,utility_official,0,0,0
sms-ham-0562,Recharge of ₹18500 successful for Jio number ending 9821. Data: 2GB/day for 28 days.,AD-JIOPAY,telecom_recharge,0,0,0
sms-scam-0001,"Dear Customer, Your electricity power will be disconnected tonight at 9.30 PM from electricity office because your previous month bill was not updated. Please immediately pay ₹25000 on UPI customs.fine@okhdfc to avoid cut. Call officer at 9833023226.",VM-POWER,utility_disconnection,0,0,1
sms-ham-0051,"Dear Customer, ₹850 debited from your A/c ending 4921 on 28-Aug-2026 at Amazon Retail. Balance: ₹61421. - HDFC Bank",AD-HDFCBK,bank_alert,0,0,0
sms-ham-0451,"Hi Rohit, sharing the consulting invoice for ₹150. Please process transfer by end of this week.",PERSONAL,organic_p2p,0,0,0
sms-ham-0087,Zomato: Enjoy 50% off up to ₹100 on your next order! Use code FEAST. Order now on the app.,AD-ZOMATO,merchant_promo,0,0,0
sms-ham-0128,"Dear Customer, ₹1200 debited from your A/c ending 8812 at Apollo Hospitals. Available Balance: ₹147468. - Axis Bank",AD-AXISBK,bank_alert,0,0,0
sms-scam-0382,"Dear Customer, Your electricity power will be disconnected tonight at 9.30 PM from electricity office because your previous month bill was not updated. Please immediately pay ₹25000 on UPI kbc.tax@ybl to avoid cut. Call officer at 9850664631.",VM-POWER,utility_disconnection,0,0,1
sms-ham-0589,"Hi Rohit, sharing the consulting invoice for ₹350. Please process transfer by end of this week.",PERSONAL,organic_p2p,0,0,0
sms-ham-0248,"Hi Rohit, sharing the consulting invoice for ₹1200. Please process transfer by end of this week.",PERSONAL,organic_p2p,0,0,0
sms-ham-0521,Your Swiggy order #8921 has been placed successfully for ₹850. Delivery partner will arrive in 25 mins.,AX-SWIGGY,merchant_promo,0,0,0
sms-ham-0762,Recharge of ₹850 successful for Jio number ending 9821. Data: 2GB/day for 28 days.,AD-JIOPAY,telecom_recharge,0,0,0
sms-ham-0273,"Dear SBI UPI User, payment of ₹1200 to zomato@hdfcbank successful. UPI Ref: 492819148845. - SBI",VK-SBIUPI,bank_alert,0,0,0
sms-ham-0604,"Electricity bill for Consumer No 192839 generated. Amount: ₹18500, Due Date: 15-Sep. Pay via official portal or BESCOM app.",VM-BESCOM,utility_official,0,0,0
sms-ham-0286,"Hi Rohit, sharing the consulting invoice for ₹150. Please process transfer by end of this week.",PERSONAL,organic_p2p,0,0,0
sms-ham-0204,"Dear Customer, ₹850 debited from your A/c ending 8812 at Apollo Hospitals. Available Balance: ₹125638. - Axis Bank",AD-AXISBK,bank_alert,0,0,0
sms-ham-0193,Zomato: Enjoy 50% off up to ₹100 on your next order! Use code FEAST. Order now on the app.,AD-ZOMATO,merchant_promo,0,0,0
sms-ham-0116,"Hey, sent you ₹4500 for yesterday's dinner. Please check your GPay. Let me know once received.",PERSONAL,organic_p2p,0,0,0
sms-ham-0747,Recharge of ₹350 successful for Jio number ending 9821. Data: 2GB/day for 28 days.,AD-JIOPAY,telecom_recharge,0,0,0
sms-ham-0548,Recharge of ₹850 successful for Jio number ending 9821. Data: 2GB/day for 28 days.,AD-JIOPAY,telecom_recharge,0,0,0
sms-scam-0234,"Dear customer, your parcel #928155263 is held at distribution hub due to address verification. Please update address details at https://bit.ly/sbi-kyc-217 and confirm with ₹10 test transfer.",IN-POST,courier_customs,1,0,1
sms-ham-0756,"Dear Customer, ₹4500 debited from your A/c ending 4921 on 28-Aug-2026 at Amazon Retail. Balance: ₹63191. - HDFC Bank",AD-HDFCBK,bank_alert,0,0,0
sms-ham-0153,Recharge of ₹850 successful for Jio number ending 9821. Data: 2GB/day for 28 days.,AD-JIOPAY,telecom_recharge,0,0,0
sms-scam-0173,"Dear customer, your parcel #928150932 is held at distribution hub due to address verification. Please update address details at https://bit.ly/sbi-kyc-137 and confirm with ₹10 test transfer.",IN-POST,courier_customs,1,0,1
sms-ham-0631,Recharge of ₹150 successful for Jio number ending 9821. Data: 2GB/day for 28 days.,AD-JIOPAY,telecom_recharge,0,0,0
sms-ham-0040,"Hi Rohit, sharing the consulting invoice for ₹4500. Please process transfer by end of this week.",PERSONAL,organic_p2p,0,0,0
sms-scam-0245,"Customer Support: To resolve your pending UPI refund of ₹10, download our official QuickSupport tool https://tinyurl.com/quicksupport-v7.apk and share code. TeamViewer/AnyDesk.",CP-REFUND,apk_screen_share,1,1,1
sms-scam-0008,DISCOM ALERT: Final notice for meter disconnection. Pay processing charge ₹499 immediately to prevent legal FIR and fine. UPI: customs.fine@okhdfc,AD-BESCOM,utility_disconnection,0,0,1
sms-ham-0397,Recharge of ₹4500 successful for Jio number ending 9821. Data: 2GB/day for 28 days.,AD-JIOPAY,telecom_recharge,0,0,0
sms-ham-0603,"Electricity bill for Consumer No 192839 generated. Amount: ₹4500, Due Date: 15-Sep. Pay via official portal or BESCOM app.",VM-BESCOM,utility_official,0,0,0
sms-ham-0444,"Electricity bill for Consumer No 192839 generated. Amount: ₹150, Due Date: 15-Sep. Pay via official portal or BESCOM app.",VM-BESCOM,utility_official,0,0,0
sms-scam-0127,HDFC Bank Alert: Your debit card & UPI access suspended. Complete mandatory KYC verification within 24 hours to avoid penalty: https://bit.ly/sbi-kyc-451,AD-HDFCBK,bank_kyc,1,0,1
sms-ham-0206,"Your Uber ride OTP is 953989. Do not share this OTP with anyone, including the driver.",VK-UBERIN,otp_service,0,0,0
sms-scam-0252,"Hello sir, we noticed an accidental overcharge of ₹25000 on your recent utility bill. Kindly authorize the refund voucher on https://bit.ly/sbi-kyc-585 to claim back to your account.",NO-REFUND,subtle_refund_scam,1,0,1
sms-ham-0209,Zomato: Enjoy 50% off up to ₹100 on your next order! Use code FEAST. Order now on the app.,AD-ZOMATO,merchant_promo,0,0,0
sms-scam-0093,"Dear SBI User, your YONO Netbanking account is blocked today due to pending PAN Aadhaar KYC. Update immediately to prevent permanent deactivation: https://bit.ly/sbi-kyc-586",VK-SBIINB,bank_kyc,1,0,1
sms-scam-0326,"Dear customer, your parcel #928187941 is held at distribution hub due to address verification. Please update address details at https://bit.ly/sbi-kyc-141 and confirm with ₹10 test transfer.",IN-POST,courier_customs,1,0,1
sms-ham-0048,"Dear Customer, ₹150 debited from your A/c ending 8812 at Apollo Hospitals. Available Balance: ₹26002. - Axis Bank",AD-AXISBK,bank_alert,0,0,0
sms-scam-0057,"Customer Support: To resolve your pending UPI refund of ₹499, download our official QuickSupport tool https://tinyurl.com/quicksupport-v8.apk and share code. TeamViewer/AnyDesk.",CP-REFUND,apk_screen_share,1,1,1
sms-scam-0284,"Dear customer, your parcel #928167301 is held at distribution hub due to address verification. Please update address details at https://bit.ly/sbi-kyc-299 and confirm with ₹10 test transfer.",IN-POST,courier_customs,1,0,1
sms-ham-0067,"Electricity bill for Consumer No 192839 generated. Amount: ₹350, Due Date: 15-Sep. Pay via official portal or BESCOM app.",VM-BESCOM,utility_official,0,0,0
sms-ham-0618,"Dear Customer, ₹350 debited from your A/c ending 8812 at Apollo Hospitals. Available Balance: ₹59069. - Axis Bank",AD-AXISBK,bank_alert,0,0,0
sms-ham-0531,"Hey, sent you ₹850 for yesterday's dinner. Please check your GPay. Let me know once received.",PERSONAL,organic_p2p,0,0,0
sms-ham-0245,"Your Uber ride OTP is 682297. Do not share this OTP with anyone, including the driver.",VK-UBERIN,otp_service,0,0,0
sms-ham-0428,Recharge of ₹150 successful for Jio number ending 9821. Data: 2GB/day for 28 days.,AD-JIOPAY,telecom_recharge,0,0,0
sms-ham-0679,"Dear SBI UPI User, payment of ₹150 to bescom@sbi successful. UPI Ref: 492819692962. - SBI",VK-SBIUPI,bank_alert,0,0,0
sms-scam-0259,HDFC Bank Alert: Your debit card & UPI access suspended. Complete mandatory KYC verification within 24 hours to avoid penalty: https://bit.ly/sbi-kyc-426,AD-HDFCBK,bank_kyc,1,0,1
sms-ham-0536,"Hey, sent you ₹1200 for yesterday's dinner. Please check your GPay. Let me know once received.",PERSONAL,organic_p2p,0,0,0
sms-ham-0494,Recharge of ₹350 successful for Jio number ending 9821. Data: 2GB/day for 28 days.,AD-JIOPAY,telecom_recharge,0,0,0
sms-ham-0614,"Hey, sent you ₹150 for yesterday's dinner. Please check your GPay. Let me know once received.",PERSONAL,organic_p2p,0,0,0
sms-scam-0066,DISCOM ALERT: Final notice for meter disconnection. Pay processing charge ₹100 immediately to prevent legal FIR and fine. UPI: refund.desk@paytm,AD-BESCOM,utility_disconnection,0,0,1
sms-ham-0002,"Your Uber ride OTP is 725023. Do not share this OTP with anyone, including the driver.",VK-UBERIN,otp_service,0,0,0
sms-ham-0155,"Dear Customer, ₹4500 debited from your A/c ending 4921 on 28-Aug-2026 at Amazon Retail. Balance: ₹80344. - HDFC Bank",AD-HDFCBK,bank_alert,0,0,0
sms-ham-0072,"Hey, sent you ₹1200 for yesterday's dinner. Please check your GPay. Let me know once received.",PERSONAL,organic_p2p,0,0,0
sms-scam-0155,HDFC Bank Alert: Your debit card & UPI access suspended. Complete mandatory KYC verification within 24 hours to avoid penalty: https://bit.ly/sbi-kyc-247,AD-HDFCBK,bank_kyc,1,0,1
sms-ham-0324,"Dear Customer, ₹850 debited from your A/c ending 4921 on 28-Aug-2026 at Amazon Retail. Balance: ₹46850. - HDFC Bank",AD-HDFCBK,bank_alert,0,0,0
sms-scam-0352,Greetings from HR. Your application for remote data consultant is approved. Please transfer refundable seat reservation fee ₹25000 to coordinator UPI layer1_mule@icici.,HR-CAREER,job_scam,0,0,1
sms-scam-0280,"Congratulations! Your SIM number won ₹25,00,000 cash prize in KBC Lottery 2026. To claim lottery amount, deposit registration tax ₹25 to manager UPI kbc.tax@ybl now.",AD-KBCWIN,lottery_kbc,0,0,1
sms-scam-0308,"Customer Support: To resolve your pending UPI refund of ₹499, download our official QuickSupport tool https://tinyurl.com/quicksupport-v5.apk and share code. TeamViewer/AnyDesk.",CP-REFUND,apk_screen_share,1,1,1
sms-scam-0371,"Dear customer, your parcel #928197386 is held at distribution hub due to address verification. Please update address details at https://bit.ly/sbi-kyc-523 and confirm with ₹10 test transfer.",IN-POST,courier_customs,1,0,1
sms-ham-0518,Zomato: Enjoy 50% off up to ₹100 on your next order! Use code FEAST. Order now on the app.,AD-ZOMATO,merchant_promo,0,0,0
sms-ham-0044,Recharge of ₹1200 successful for Jio number ending 9821. Data: 2GB/day for 28 days.,AD-JIOPAY,telecom_recharge,0,0,0
sms-ham-0470,Your Swiggy order #8921 has been placed successfully for ₹350. Delivery partner will arrive in 25 mins.,AX-SWIGGY,merchant_promo,0,0,0
sms-ham-0050,Recharge of ₹150 successful for Jio number ending 9821. Data: 2GB/day for 28 days.,AD-JIOPAY,telecom_recharge,0,0,0
sms-scam-0191,"Customer Support: To resolve your pending UPI refund of ₹10, download our official QuickSupport tool https://tinyurl.com/quicksupport-v5.apk and share code. TeamViewer/AnyDesk.",CP-REFUND,apk_screen_share,1,1,1
sms-ham-0511,"Dear Customer, ₹1200 debited from your A/c ending 4921 on 28-Aug-2026 at Amazon Retail. Balance: ₹131933. - HDFC Bank",AD-HDFCBK,bank_alert,0,0,0
sms-ham-0058,"Electricity bill for Consumer No 192839 generated. Amount: ₹18500, Due Date: 15-Sep. Pay via official portal or BESCOM app.",VM-BESCOM,utility_official,0,0,0
sms-scam-0267,"Dear SBI User, your YONO Netbanking account is blocked today due to pending PAN Aadhaar KYC. Update immediately to prevent permanent deactivation: https://bit.ly/sbi-kyc-743",VK-SBIINB,bank_kyc,1,0,1
sms-scam-0299,"Dear SBI User, your YONO Netbanking account is blocked today due to pending PAN Aadhaar KYC. Update immediately to prevent permanent deactivation: https://bit.ly/sbi-kyc-485",VK-SBIINB,bank_kyc,1,0,1
sms-ham-0389,"Hey, sent you ₹1200 for yesterday's dinner. Please check your GPay. Let me know once received.",PERSONAL,organic_p2p,0,0,0
sms-scam-0289,"Customer Support: To resolve your pending UPI refund of ₹2500, download our official QuickSupport tool https://tinyurl.com/quicksupport-v9.apk and share code. TeamViewer/AnyDesk.",CP-REFUND,apk_screen_share,1,1,1
sms-ham-0284,"Dear SBI UPI User, payment of ₹18500 to swiggy@icici successful. UPI Ref: 492819944809. - SBI",VK-SBIUPI,bank_alert,0,0,0
sms-scam-0055,Greetings from HR. Your application for remote data consultant is approved. Please transfer refundable seat reservation fee ₹25000 to coordinator UPI abc123@upi.,HR-CAREER,job_scam,0,0,1
sms-ham-0205,"Your Uber ride OTP is 182963. Do not share this OTP with anyone, including the driver.",VK-UBERIN,otp_service,0,0,0
sms-scam-0293,"Dear customer, your parcel #928178987 is held at distribution hub due to address verification. Please update address details at https://bit.ly/sbi-kyc-659 and confirm with ₹10 test transfer.",IN-POST,courier_customs,1,0,1
sms-ham-0219,Zomato: Enjoy 50% off up to ₹100 on your next order! Use code FEAST. Order now on the app.,AD-ZOMATO,merchant_promo,0,0,0
sms-ham-0323,"Dear Customer, ₹18500 debited from your A/c ending 8812 at Apollo Hospitals. Available Balance: ₹137559. - Axis Bank",AD-AXISBK,bank_alert,0,0,0
sms-ham-0663,Recharge of ₹150 successful for Jio number ending 9821. Data: 2GB/day for 28 days.,AD-JIOPAY,telecom_recharge,0,0,0
sms-scam-0040,DISCOM ALERT: Final notice for meter disconnection. Pay processing charge ₹499 immediately to prevent legal FIR and fine. UPI: abc123@upi,AD-BESCOM,utility_disconnection,0,0,1
sms-ham-0179,"Dear SBI UPI User, payment of ₹1200 to swiggy@icici successful. UPI Ref: 492819609236. - SBI",VK-SBIUPI,bank_alert,0,0,0
sms-ham-0776,Your Swiggy order #8921 has been placed successfully for ₹850. Delivery partner will arrive in 25 mins.,AX-SWIGGY,merchant_promo,0,0,0
sms-scam-0246,"Customer Support: To resolve your pending UPI refund of ₹25000, download our official QuickSupport tool https://tinyurl.com/quicksupport-v3.apk and share code. TeamViewer/AnyDesk.",CP-REFUND,apk_screen_share,1,1,1
sms-ham-0567,"Dear Customer, ₹4500 debited from your A/c ending 4921 on 28-Aug-2026 at Amazon Retail. Balance: ₹104728. - HDFC Bank",AD-HDFCBK,bank_alert,0,0,0
sms-ham-0133,"Dear SBI UPI User, payment of ₹150 to zomato@hdfcbank successful. UPI Ref: 492819582711. - SBI",VK-SBIUPI,bank_alert,0,0,0
sms-scam-0126,"Customer Support: To resolve your pending UPI refund of ₹1500, download our official QuickSupport tool https://tinyurl.com/quicksupport-v8.apk and share code. TeamViewer/AnyDesk.",CP-REFUND,apk_screen_share,1,1,1
sms-ham-0722,"Dear SBI UPI User, payment of ₹350 to swiggy@icici successful. UPI Ref: 492819302142. - SBI",VK-SBIUPI,bank_alert,0,0,0
sms-scam-0081,Greetings from HR. Your application for remote data consultant is approved. Please transfer refundable seat reservation fee ₹1500 to coordinator UPI refund.desk@paytm.,HR-CAREER,job_scam,0,0,1
sms-ham-0159,"Hey, sent you ₹18500 for yesterday's dinner. Please check your GPay. Let me know once received.",PERSONAL,organic_p2p,0,0,0
sms-ham-0707,"Dear SBI UPI User, payment of ₹4500 to flipkart@axis successful. UPI Ref: 492819731113. - SBI",VK-SBIUPI,bank_alert,0,0,0
sms-ham-0723,"Electricity bill for Consumer No 192839 generated. Amount: ₹850, Due Date: 15-Sep. Pay via official portal or BESCOM app.",VM-BESCOM,utility_official,0,0,0
sms-ham-0111,"Dear SBI UPI User, payment of ₹1200 to amazon@apl successful. UPI Ref: 492819110013. - SBI",VK-SBIUPI,bank_alert,0,0,0
sms-ham-0555,"Electricity bill for Consumer No 192839 generated. Amount: ₹1200, Due Date: 15-Sep. Pay via official portal or BESCOM app.",VM-BESCOM,utility_official,0,0,0
sms-ham-0503,Recharge of ₹4500 successful for Jio number ending 9821. Data: 2GB/day for 28 days.,AD-JIOPAY,telecom_recharge,0,0,0
sms-ham-0112,Zomato: Enjoy 50% off up to ₹100 on your next order! Use code FEAST. Order now on the app.,AD-ZOMATO,merchant_promo,0,0,0
sms-scam-0009,DISCOM ALERT: Final notice for meter disconnection. Pay processing charge ₹10 immediately to prevent legal FIR and fine. UPI: customs.fine@okhdfc,AD-BESCOM,utility_disconnection,0,0,1
sms-ham-0473,Zomato: Enjoy 50% off up to ₹100 on your next order! Use code FEAST. Order now on the app.,AD-ZOMATO,merchant_promo,0,0,0
sms-ham-0197,"Your Uber ride OTP is 698643. Do not share this OTP with anyone, including the driver.",VK-UBERIN,otp_service,0,0,0
sms-scam-0401,Greetings from HR. Your application for remote data consultant is approved. Please transfer refundable seat reservation fee ₹50 to coordinator UPI customs.fine@okhdfc.,HR-CAREER,job_scam,0,0,1
sms-ham-0688,"Your Uber ride OTP is 219130. Do not share this OTP with anyone, including the driver.",VK-UBERIN,otp_service,0,0,0
sms-ham-0199,"Dear Customer, ₹150 debited from your A/c ending 4921 on 28-Aug-2026 at Amazon Retail. Balance: ₹25538. - HDFC Bank",AD-HDFCBK,bank_alert,0,0,0
sms-ham-0099,Zomato: Enjoy 50% off up to ₹100 on your next order! Use code FEAST. Order now on the app.,AD-ZOMATO,merchant_promo,0,0,0
sms-ham-0442,Recharge of ₹150 successful for Jio number ending 9821. Data: 2GB/day for 28 days.,AD-JIOPAY,telecom_recharge,0,0,0
sms-ham-0680,Your Swiggy order #8921 has been placed successfully for ₹850. Delivery partner will arrive in 25 mins.,AX-SWIGGY,merchant_promo,0,0,0
sms-ham-0114,"Hey, sent you ₹18500 for yesterday's dinner. Please check your GPay. Let me know once received.",PERSONAL,organic_p2p,0,0,0
sms-ham-0140,"Hi Rohit, sharing the consulting invoice for ₹350. Please process transfer by end of this week.",PERSONAL,organic_p2p,0,0,0
sms-ham-0365,"Dear SBI UPI User, payment of ₹150 to flipkart@axis successful. UPI Ref: 492819597007. - SBI",VK-SBIUPI,bank_alert,0,0,0
sms-scam-0277,Urgent: Bijli supply kat hoga aaj raat 10 baje. Bill baki hai. Turant payment kare link pe https://bit.ly/sbi-kyc-394 ya UPI refund.desk@paytm pe bhejo. Electricity dept.,VK-DHBVN,utility_disconnection,1,0,1
sms-ham-0573,Your Swiggy order #8921 has been placed successfully for ₹4500. Delivery partner will arrive in 25 mins.,AX-SWIGGY,merchant_promo,0,0,0
sms-ham-0696,Recharge of ₹4500 successful for Jio number ending 9821. Data: 2GB/day for 28 days.,AD-JIOPAY,telecom_recharge,0,0,0
sms-scam-0398,"Customer Support: To resolve your pending UPI refund of ₹2500, download our official QuickSupport tool https://tinyurl.com/quicksupport-v1.apk and share code. TeamViewer/AnyDesk.",CP-REFUND,apk_screen_share,1,1,1
sms-ham-0272,"Hi Rohit, sharing the consulting invoice for ₹1200. Please process transfer by end of this week.",PERSONAL,organic_p2p,0,0,0
sms-ham-0580,Your Swiggy order #8921 has been placed successfully for ₹4500. Delivery partner will arrive in 25 mins.,AX-SWIGGY,merchant_promo,0,0,0
sms-scam-0124,Urgent: Bijli supply kat hoga aaj raat 10 baje. Bill baki hai. Turant payment kare link pe https://bit.ly/sbi-kyc-781 ya UPI refund.desk@paytm pe bhejo. Electricity dept.,VK-DHBVN,utility_disconnection,1,0,1
sms-scam-0286,DISCOM ALERT: Final notice for meter disconnection. Pay processing charge ₹100 immediately to prevent legal FIR and fine. UPI: customs.fine@okhdfc,AD-BESCOM,utility_disconnection,0,0,1
sms-ham-0166,Zomato: Enjoy 50% off up to ₹100 on your next order! Use code FEAST. Order now on the app.,AD-ZOMATO,merchant_promo,0,0,0
sms-scam-0414,Greetings from HR. Your application for remote data consultant is approved. Please transfer refundable seat reservation fee ₹499 to coordinator UPI refund.desk@paytm.,HR-CAREER,job_scam,0,0,1
sms-ham-0597,"Dear SBI UPI User, payment of ₹1200 to flipkart@axis successful. UPI Ref: 492819990439. - SBI",VK-SBIUPI,bank_alert,0,0,0
sms-ham-0624,"Electricity bill for Consumer No 192839 generated. Amount: ₹1200, Due Date: 15-Sep. Pay via official portal or BESCOM app.",VM-BESCOM,utility_official,0,0,0
sms-ham-0441,"Dear Customer, ₹4500 debited from your A/c ending 4921 on 28-Aug-2026 at Amazon Retail. Balance: ₹34783. - HDFC Bank",AD-HDFCBK,bank_alert,0,0,0
sms-scam-0387,"Congratulations! Your SIM number won ₹25,00,000 cash prize in KBC Lottery 2026. To claim lottery amount, deposit registration tax ₹10 to manager UPI abc123@upi now.",AD-KBCWIN,lottery_kbc,0,0,1
sms-scam-0142,"Dear customer, your parcel #928168029 is held at distribution hub due to address verification. Please update address details at https://bit.ly/sbi-kyc-174 and confirm with ₹10 test transfer.",IN-POST,courier_customs,1,0,1
sms-ham-0122,Zomato: Enjoy 50% off up to ₹100 on your next order! Use code FEAST. Order now on the app.,AD-ZOMATO,merchant_promo,0,0,0
sms-ham-0335,Your Swiggy order #8921 has been placed successfully for ₹18500. Delivery partner will arrive in 25 mins.,AX-SWIGGY,merchant_promo,0,0,0
sms-ham-0154,"Dear Customer, ₹350 debited from your A/c ending 8812 at Apollo Hospitals. Available Balance: ₹48056. - Axis Bank",AD-AXISBK,bank_alert,0,0,0
sms-ham-0753,"Electricity bill for Consumer No 192839 generated. Amount: ₹4500, Due Date: 15-Sep. Pay via official portal or BESCOM app.",VM-BESCOM,utility_official,0,0,0
sms-scam-0306,HDFC Bank Alert: Your debit card & UPI access suspended. Complete mandatory KYC verification within 24 hours to avoid penalty: https://bit.ly/sbi-kyc-350,AD-HDFCBK,bank_kyc,1,0,1
sms-ham-0504,Zomato: Enjoy 50% off up to ₹100 on your next order! Use code FEAST. Order now on the app.,AD-ZOMATO,merchant_promo,0,0,0
sms-scam-0285,"Dear Customer, Your electricity power will be disconnected tonight at 9.30 PM from electricity office because your previous month bill was not updated. Please immediately pay ₹50 on UPI customs.fine@okhdfc to avoid cut. Call officer at 9829843056.",VM-POWER,utility_disconnection,0,0,1
sms-ham-0285,"Dear SBI UPI User, payment of ₹350 to bescom@sbi successful. UPI Ref: 492819361464. - SBI",VK-SBIUPI,bank_alert,0,0,0
sms-ham-0485,Zomato: Enjoy 50% off up to ₹100 on your next order! Use code FEAST. Order now on the app.,AD-ZOMATO,merchant_promo,0,0,0
sms-ham-0220,Recharge of ₹850 successful for Jio number ending 9821. Data: 2GB/day for 28 days.,AD-JIOPAY,telecom_recharge,0,0,0
sms-ham-0302,Zomato: Enjoy 50% off up to ₹100 on your next order! Use code FEAST. Order now on the app.,AD-ZOMATO,merchant_promo,0,0,0
sms-ham-0132,"Your Uber ride OTP is 937874. Do not share this OTP with anyone, including the driver.",VK-UBERIN,otp_service,0,0,0
sms-scam-0168,"Dear Customer, Your electricity power will be disconnected tonight at 9.30 PM from electricity office because your previous month bill was not updated. Please immediately pay ₹25000 on UPI mule_781@axis to avoid cut. Call officer at 9846401976.",VM-POWER,utility_disconnection,0,0,1
sms-ham-0525,Your Swiggy order #8921 has been placed successfully for ₹1200. Delivery partner will arrive in 25 mins.,AX-SWIGGY,merchant_promo,0,0,0
sms-scam-0025,"Dear Customer, Your electricity power will be disconnected tonight at 9.30 PM from electricity office because your previous month bill was not updated. Please immediately pay ₹1500 on UPI customs.fine@okhdfc to avoid cut. Call officer at 9812731836.",VM-POWER,utility_disconnection,0,0,1
sms-ham-0267,"Hey, sent you ₹18500 for yesterday's dinner. Please check your GPay. Let me know once received.",PERSONAL,organic_p2p,0,0,0
sms-scam-0271,"Dear Customer, Your electricity power will be disconnected tonight at 9.30 PM from electricity office because your previous month bill was not updated. Please immediately pay ₹25000 on UPI abc123@upi to avoid cut. Call officer at 9834447345.",VM-POWER,utility_disconnection,0,0,1
sms-scam-0343,"Dear Customer, Your electricity power will be disconnected tonight at 9.30 PM from electricity office because your previous month bill was not updated. Please immediately pay ₹25000 on UPI kbc.tax@ybl to avoid cut. Call officer at 9886421261.",VM-POWER,utility_disconnection,0,0,1
sms-scam-0314,Greetings from HR. Your application for remote data consultant is approved. Please transfer refundable seat reservation fee ₹499 to coordinator UPI refund.desk@paytm.,HR-CAREER,job_scam,0,0,1
sms-ham-0200,Your Swiggy order #8921 has been placed successfully for ₹18500. Delivery partner will arrive in 25 mins.,AX-SWIGGY,merchant_promo,0,0,0
sms-ham-0438,"Dear Customer, ₹1200 debited from your A/c ending 8812 at Apollo Hospitals. Available Balance: ₹141101. - Axis Bank",AD-AXISBK,bank_alert,0,0,0
sms-scam-0031,Urgent: Bijli supply kat hoga aaj raat 10 baje. Bill baki hai. Turant payment kare link pe https://bit.ly/sbi-kyc-357 ya UPI refund.desk@paytm pe bhejo. Electricity dept.,VK-DHBVN,utility_disconnection,1,0,1
sms-ham-0560,"Dear SBI UPI User, payment of ₹850 to swiggy@icici successful. UPI Ref: 492819746161. - SBI",VK-SBIUPI,bank_alert,0,0,0
sms-ham-0763,"Dear SBI UPI User, payment of ₹350 to bescom@sbi successful. UPI Ref: 492819367725. - SBI",VK-SBIUPI,bank_alert,0,0,0
sms-ham-0714,"Electricity bill for Consumer No 192839 generated. Amount: ₹1200, Due Date: 15-Sep. Pay via official portal or BESCOM app.",VM-BESCOM,utility_official,0,0,0
sms-ham-0625,"Hey, sent you ₹18500 for yesterday's dinner. Please check your GPay. Let me know once received.",PERSONAL,organic_p2p,0,0,0
sms-ham-0043,Your Swiggy order #8921 has been placed successfully for ₹150. Delivery partner will arrive in 25 mins.,AX-SWIGGY,merchant_promo,0,0,0
sms-ham-0379,"Hey, sent you ₹850 for yesterday's dinner. Please check your GPay. Let me know once received.",PERSONAL,organic_p2p,0,0,0
sms-ham-0690,"Hey, sent you ₹4500 for yesterday's dinner. Please check your GPay. Let me know once received.",PERSONAL,organic_p2p,0,0,0
sms-ham-0765,Your Swiggy order #8921 has been placed successfully for ₹4500. Delivery partner will arrive in 25 mins.,AX-SWIGGY,merchant_promo,0,0,0
sms-ham-0661,Zomato: Enjoy 50% off up to ₹100 on your next order! Use code FEAST. Order now on the app.,AD-ZOMATO,merchant_promo,0,0,0
sms-ham-0012,"Electricity bill for Consumer No 192839 generated. Amount: ₹4500, Due Date: 15-Sep. Pay via official portal or BESCOM app.",VM-BESCOM,utility_official,0,0,0
sms-ham-0184,Your Swiggy order #8921 has been placed successfully for ₹1200. Delivery partner will arrive in 25 mins.,AX-SWIGGY,merchant_promo,0,0,0
sms-scam-0082,"Dear SBI User, your YONO Netbanking account is blocked today due to pending PAN Aadhaar KYC. Update immediately to prevent permanent deactivation: https://bit.ly/sbi-kyc-894",VK-SBIINB,bank_kyc,1,0,1
sms-ham-0780,"Your Uber ride OTP is 213693. Do not share this OTP with anyone, including the driver.",VK-UBERIN,otp_service,0,0,0
sms-scam-0224,DISCOM ALERT: Final notice for meter disconnection. Pay processing charge ₹50 immediately to prevent legal FIR and fine. UPI: abc123@upi,AD-BESCOM,utility_disconnection,0,0,1
sms-ham-0071,Recharge of ₹350 successful for Jio number ending 9821. Data: 2GB/day for 28 days.,AD-JIOPAY,telecom_recharge,0,0,0
sms-scam-0393,"Dear SBI User, your YONO Netbanking account is blocked today due to pending PAN Aadhaar KYC. Update immediately to prevent permanent deactivation: https://bit.ly/sbi-kyc-243",VK-SBIINB,bank_kyc,1,0,1
sms-ham-0196,"Electricity bill for Consumer No 192839 generated. Amount: ₹850, Due Date: 15-Sep. Pay via official portal or BESCOM app.",VM-BESCOM,utility_official,0,0,0
sms-ham-0657,"Dear Customer, ₹4500 debited from your A/c ending 4921 on 28-Aug-2026 at Amazon Retail. Balance: ₹41731. - HDFC Bank",AD-HDFCBK,bank_alert,0,0,0
sms-scam-0278,Urgent: Bijli supply kat hoga aaj raat 10 baje. Bill baki hai. Turant payment kare link pe https://bit.ly/sbi-kyc-809 ya UPI refund.desk@paytm pe bhejo. Electricity dept.,VK-DHBVN,utility_disconnection,1,0,1
sms-ham-0734,Your Swiggy order #8921 has been placed successfully for ₹150. Delivery partner will arrive in 25 mins.,AX-SWIGGY,merchant_promo,0,0,0
sms-ham-0556,Recharge of ₹150 successful for Jio number ending 9821. Data: 2GB/day for 28 days.,AD-JIOPAY,telecom_recharge,0,0,0
sms-ham-0317,"Dear SBI UPI User, payment of ₹850 to swiggy@icici successful. UPI Ref: 492819559543. - SBI",VK-SBIUPI,bank_alert,0,0,0
sms-scam-0132,Greetings from HR. Your application for remote data consultant is approved. Please transfer refundable seat reservation fee ₹25000 to coordinator UPI kbc.tax@ybl.,HR-CAREER,job_scam,0,0,1
sms-ham-0342,"Hi Rohit, sharing the consulting invoice for ₹1200. Please process transfer by end of this week.",PERSONAL,organic_p2p,0,0,0
sms-scam-0207,"Hello sir, we noticed an accidental overcharge of ₹25000 on your recent utility bill. Kindly authorize the refund voucher on https://bit.ly/sbi-kyc-280 to claim back to your account.",NO-REFUND,subtle_refund_scam,1,0,1
sms-ham-0240,Your Swiggy order #8921 has been placed successfully for ₹850. Delivery partner will arrive in 25 mins.,AX-SWIGGY,merchant_promo,0,0,0
sms-ham-0290,"Hey, sent you ₹1200 for yesterday's dinner. Please check your GPay. Let me know once received.",PERSONAL,organic_p2p,0,0,0
sms-ham-0676,"Dear Customer, ₹150 debited from your A/c ending 4921 on 28-Aug-2026 at Amazon Retail. Balance: ₹19840. - HDFC Bank",AD-HDFCBK,bank_alert,0,0,0
sms-ham-0174,"Dear Customer, ₹1200 debited from your A/c ending 4921 on 28-Aug-2026 at Amazon Retail. Balance: ₹124076. - HDFC Bank",AD-HDFCBK,bank_alert,0,0,0
sms-ham-0404,"Hi Rohit, sharing the consulting invoice for ₹4500. Please process transfer by end of this week.",PERSONAL,organic_p2p,0,0,0
sms-ham-0666,"Dear SBI UPI User, payment of ₹18500 to bescom@sbi successful. UPI Ref: 492819508821. - SBI",VK-SBIUPI,bank_alert,0,0,0
sms-ham-0201,Recharge of ₹1200 successful for Jio number ending 9821. Data: 2GB/day for 28 days.,AD-JIOPAY,telecom_recharge,0,0,0
sms-ham-0079,"Electricity bill for Consumer No 192839 generated. Amount: ₹850, Due Date: 15-Sep. Pay via official portal or BESCOM app.",VM-BESCOM,utility_official,0,0,0
sms-scam-0389,"Customer Support: To resolve your pending UPI refund of ₹50, download our official QuickSupport tool https://tinyurl.com/quicksupport-v7.apk and share code. TeamViewer/AnyDesk.",CP-REFUND,apk_screen_share,1,1,1
sms-ham-0558,Recharge of ₹150 successful for Jio number ending 9821. Data: 2GB/day for 28 days.,AD-JIOPAY,telecom_recharge,0,0,0
sms-ham-0075,Your Swiggy order #8921 has been placed successfully for ₹850. Delivery partner will arrive in 25 mins.,AX-SWIGGY,merchant_promo,0,0,0
sms-ham-0047,"Electricity bill for Consumer No 192839 generated. Amount: ₹1200, Due Date: 15-Sep. Pay via official portal or BESCOM app.",VM-BESCOM,utility_official,0,0,0
sms-ham-0078,"Hey, sent you ₹1200 for yesterday's dinner. Please check your GPay. Let me know once received.",PERSONAL,organic_p2p,0,0,0
sms-scam-0409,"Congratulations! Your SIM number won ₹25,00,000 cash prize in KBC Lottery 2026. To claim lottery amount, deposit registration tax ₹499 to manager UPI refund.desk@paytm now.",AD-KBCWIN,lottery_kbc,0,0,1
sms-scam-0242,Greetings from HR. Your application for remote data consultant is approved. Please transfer refundable seat reservation fee ₹25 to coordinator UPI layer1_mule@icici.,HR-CAREER,job_scam,0,0,1
sms-scam-0102,HDFC Bank Alert: Your debit card & UPI access suspended. Complete mandatory KYC verification within 24 hours to avoid penalty: https://bit.ly/sbi-kyc-203,AD-HDFCBK,bank_kyc,1,0,1
sms-scam-0292,DISCOM ALERT: Final notice for meter disconnection. Pay processing charge ₹100 immediately to prevent legal FIR and fine. UPI: abc123@upi,AD-BESCOM,utility_disconnection,0,0,1
sms-scam-0054,HDFC Bank Alert: Your debit card & UPI access suspended. Complete mandatory KYC verification within 24 hours to avoid penalty: https://bit.ly/sbi-kyc-306,AD-HDFCBK,bank_kyc,1,0,1
sms-ham-0387,Zomato: Enjoy 50% off up to ₹100 on your next order! Use code FEAST. Order now on the app.,AD-ZOMATO,merchant_promo,0,0,0
sms-ham-0569,"Hi Rohit, sharing the consulting invoice for ₹1200. Please process transfer by end of this week.",PERSONAL,organic_p2p,0,0,0
sms-scam-0112,"Dear Customer, Your electricity power will be disconnected tonight at 9.30 PM from electricity office because your previous month bill was not updated. Please immediately pay ₹25000 on UPI mule_781@axis to avoid cut. Call officer at 9822562333.",VM-POWER,utility_disconnection,0,0,1
sms-ham-0611,Recharge of ₹4500 successful for Jio number ending 9821. Data: 2GB/day for 28 days.,AD-JIOPAY,telecom_recharge,0,0,0
sms-ham-0278,"Your Uber ride OTP is 611278. Do not share this OTP with anyone, including the driver.",VK-UBERIN,otp_service,0,0,0
sms-ham-0617,"Dear Customer, ₹850 debited from your A/c ending 8812 at Apollo Hospitals. Available Balance: ₹115484. - Axis Bank",AD-AXISBK,bank_alert,0,0,0
sms-scam-0076,"Dear Customer, Your electricity power will be disconnected tonight at 9.30 PM from electricity office because your previous month bill was not updated. Please immediately pay ₹499 on UPI mule_781@axis to avoid cut. Call officer at 9871167464.",VM-POWER,utility_disconnection,0,0,1
sms-ham-0295,"Dear Customer, ₹150 debited from your A/c ending 4921 on 28-Aug-2026 at Amazon Retail. Balance: ₹40613. - HDFC Bank",AD-HDFCBK,bank_alert,0,0,0
sms-ham-0033,"Dear Customer, ₹4500 debited from your A/c ending 8812 at Apollo Hospitals. Available Balance: ₹46256. - Axis Bank",AD-AXISBK,bank_alert,0,0,0
sms-scam-0203,"Congratulations! Your SIM number won ₹25,00,000 cash prize in KBC Lottery 2026. To claim lottery amount, deposit registration tax ₹10 to manager UPI mule_781@axis now.",AD-KBCWIN,lottery_kbc,0,0,1
sms-ham-0579,Recharge of ₹18500 successful for Jio number ending 9821. Data: 2GB/day for 28 days.,AD-JIOPAY,telecom_recharge,0,0,0
sms-ham-0120,Recharge of ₹1200 successful for Jio number ending 9821. Data: 2GB/day for 28 days.,AD-JIOPAY,telecom_recharge,0,0,0
sms-ham-0465,"Dear Customer, ₹850 debited from your A/c ending 8812 at Apollo Hospitals. Available Balance: ₹86813. - Axis Bank",AD-AXISBK,bank_alert,0,0,0
sms-ham-0038,"Dear Customer, ₹350 debited from your A/c ending 8812 at Apollo Hospitals. Available Balance: ₹107593. - Axis Bank",AD-AXISBK,bank_alert,0,0,0
sms-scam-0357,"Congratulations! Your SIM number won ₹25,00,000 cash prize in KBC Lottery 2026. To claim lottery amount, deposit registration tax ₹100 to manager UPI kbc.tax@ybl now.",AD-KBCWIN,lottery_kbc,0,0,1
sms-ham-0010,Your Swiggy order #8921 has been placed successfully for ₹350. Delivery partner will arrive in 25 mins.,AX-SWIGGY,merchant_promo,0,0,0
sms-ham-0544,"Electricity bill for Consumer No 192839 generated. Amount: ₹1200, Due Date: 15-Sep. Pay via official portal or BESCOM app.",VM-BESCOM,utility_official,0,0,0
sms-scam-0215,Urgent: Bijli supply kat hoga aaj raat 10 baje. Bill baki hai. Turant payment kare link pe https://bit.ly/sbi-kyc-994 ya UPI mule_781@axis pe bhejo. Electricity dept.,VK-DHBVN,utility_disconnection,1,0,1
sms-ham-0237,Zomato: Enjoy 50% off up to ₹100 on your next order! Use code FEAST. Order now on the app.,AD-ZOMATO,merchant_promo,0,0,0
sms-ham-0668,"Hey, sent you ₹18500 for yesterday's dinner. Please check your GPay. Let me know once received.",PERSONAL,organic_p2p,0,0,0
sms-scam-0118,DISCOM ALERT: Final notice for meter disconnection. Pay processing charge ₹2500 immediately to prevent legal FIR and fine. UPI: abc123@upi,AD-BESCOM,utility_disconnection,0,0,1
sms-ham-0092,Your Swiggy order #8921 has been placed successfully for ₹150. Delivery partner will arrive in 25 mins.,AX-SWIGGY,merchant_promo,0,0,0
sms-scam-0269,Greetings from HR. Your application for remote data consultant is approved. Please transfer refundable seat reservation fee ₹25000 to coordinator UPI refund.desk@paytm.,HR-CAREER,job_scam,0,0,1
sms-ham-0574,"Dear SBI UPI User, payment of ₹4500 to amazon@apl successful. UPI Ref: 492819630637. - SBI",VK-SBIUPI,bank_alert,0,0,0
sms-ham-0374,"Dear Customer, ₹350 debited from your A/c ending 8812 at Apollo Hospitals. Available Balance: ₹27697. - Axis Bank",AD-AXISBK,bank_alert,0,0,0
sms-ham-0402,"Dear Customer, ₹1200 debited from your A/c ending 4921 on 28-Aug-2026 at Amazon Retail. Balance: ₹34681. - HDFC Bank",AD-HDFCBK,bank_alert,0,0,0
sms-ham-0282,"Dear SBI UPI User, payment of ₹18500 to amazon@apl successful. UPI Ref: 492819331107. - SBI",VK-SBIUPI,bank_alert,0,0,0
sms-scam-0380,DISCOM ALERT: Final notice for meter disconnection. Pay processing charge ₹10 immediately to prevent legal FIR and fine. UPI: disconnection.officer@sbi,AD-BESCOM,utility_disconnection,0,0,1
sms-ham-0554,"Electricity bill for Consumer No 192839 generated. Amount: ₹18500, Due Date: 15-Sep. Pay via official portal or BESCOM app.",VM-BESCOM,utility_official,0,0,0
sms-scam-0084,DISCOM ALERT: Final notice for meter disconnection. Pay processing charge ₹2500 immediately to prevent legal FIR and fine. UPI: disconnection.officer@sbi,AD-BESCOM,utility_disconnection,0,0,1
sms-scam-0063,HDFC Bank Alert: Your debit card & UPI access suspended. Complete mandatory KYC verification within 24 hours to avoid penalty: https://bit.ly/sbi-kyc-924,AD-HDFCBK,bank_kyc,1,0,1
sms-ham-0481,"Dear Customer, ₹1200 debited from your A/c ending 8812 at Apollo Hospitals. Available Balance: ₹54895. - Axis Bank",AD-AXISBK,bank_alert,0,0,0
sms-ham-0257,"Hi Rohit, sharing the consulting invoice for ₹18500. Please process transfer by end of this week.",PERSONAL,organic_p2p,0,0,0
sms-ham-0243,"Electricity bill for Consumer No 192839 generated. Amount: ₹150, Due Date: 15-Sep. Pay via official portal or BESCOM app.",VM-BESCOM,utility_official,0,0,0
sms-ham-0143,Zomato: Enjoy 50% off up to ₹100 on your next order! Use code FEAST. Order now on the app.,AD-ZOMATO,merchant_promo,0,0,0
sms-scam-0405,"Customer Support: To resolve your pending UPI refund of ₹25, download our official QuickSupport tool https://tinyurl.com/quicksupport-v2.apk and share code. TeamViewer/AnyDesk.",CP-REFUND,apk_screen_share,1,1,1
sms-ham-0682,"Dear Customer, ₹1200 debited from your A/c ending 4921 on 28-Aug-2026 at Amazon Retail. Balance: ₹44450. - HDFC Bank",AD-HDFCBK,bank_alert,0,0,0
sms-scam-0335,Greetings from HR. Your application for remote data consultant is approved. Please transfer refundable seat reservation fee ₹1500 to coordinator UPI customs.fine@okhdfc.,HR-CAREER,job_scam,0,0,1
sms-scam-0144,"Dear SBI User, your YONO Netbanking account is blocked today due to pending PAN Aadhaar KYC. Update immediately to prevent permanent deactivation: https://bit.ly/sbi-kyc-782",VK-SBIINB,bank_kyc,1,0,1
sms-ham-0022,"Dear SBI UPI User, payment of ₹4500 to amazon@apl successful. UPI Ref: 492819663534. - SBI",VK-SBIUPI,bank_alert,0,0,0
sms-ham-0183,"Hi Rohit, sharing the consulting invoice for ₹18500. Please process transfer by end of this week.",PERSONAL,organic_p2p,0,0,0
sms-ham-0177,"Electricity bill for Consumer No 192839 generated. Amount: ₹150, Due Date: 15-Sep. Pay via official portal or BESCOM app.",VM-BESCOM,utility_official,0,0,0
sms-scam-0046,Urgent: Bijli supply kat hoga aaj raat 10 baje. Bill baki hai. Turant payment kare link pe https://bit.ly/sbi-kyc-954 ya UPI layer1_mule@icici pe bhejo. Electricity dept.,VK-DHBVN,utility_disconnection,1,0,1
sms-ham-0777,"Hey, sent you ₹150 for yesterday's dinner. Please check your GPay. Let me know once received.",PERSONAL,organic_p2p,0,0,0
sms-scam-0324,Urgent: Bijli supply kat hoga aaj raat 10 baje. Bill baki hai. Turant payment kare link pe https://bit.ly/sbi-kyc-580 ya UPI disconnection.officer@sbi pe bhejo. Electricity dept.,VK-DHBVN,utility_disconnection,1,0,1
sms-scam-0338,"Dear customer, your parcel #928192471 is held at distribution hub due to address verification. Please update address details at https://bit.ly/sbi-kyc-433 and confirm with ₹10 test transfer.",IN-POST,courier_customs,1,0,1
sms-scam-0116,HDFC Bank Alert: Your debit card & UPI access suspended. Complete mandatory KYC verification within 24 hours to avoid penalty: https://bit.ly/sbi-kyc-808,AD-HDFCBK,bank_kyc,1,0,1
sms-ham-0502,"Dear Customer, ₹150 debited from your A/c ending 4921 on 28-Aug-2026 at Amazon Retail. Balance: ₹145734. - HDFC Bank",AD-HDFCBK,bank_alert,0,0,0
sms-ham-0074,"Dear SBI UPI User, payment of ₹1200 to swiggy@icici successful. UPI Ref: 492819226957. - SBI",VK-SBIUPI,bank_alert,0,0,0
sms-scam-0248,"Dear SBI User, your YONO Netbanking account is blocked today due to pending PAN Aadhaar KYC. Update immediately to prevent permanent deactivation: https://bit.ly/sbi-kyc-772",VK-SBIINB,bank_kyc,1,0,1
sms-ham-0380,"Dear SBI UPI User, payment of ₹18500 to amazon@apl successful. UPI Ref: 492819826646. - SBI",VK-SBIUPI,bank_alert,0,0,0
sms-scam-0283,"Congratulations! Your SIM number won ₹25,00,000 cash prize in KBC Lottery 2026. To claim lottery amount, deposit registration tax ₹50 to manager UPI kbc.tax@ybl now.",AD-KBCWIN,lottery_kbc,0,0,1
sms-scam-0216,"Dear SBI User, your YONO Netbanking account is blocked today due to pending PAN Aadhaar KYC. Update immediately to prevent permanent deactivation: https://bit.ly/sbi-kyc-435",VK-SBIINB,bank_kyc,1,0,1
sms-ham-0264,"Dear SBI UPI User, payment of ₹850 to flipkart@axis successful. UPI Ref: 492819718789. - SBI",VK-SBIUPI,bank_alert,0,0,0
sms-ham-0113,"Hi Rohit, sharing the consulting invoice for ₹18500. Please process transfer by end of this week.",PERSONAL,organic_p2p,0,0,0
sms-ham-0492,"Hey, sent you ₹4500 for yesterday's dinner. Please check your GPay. Let me know once received.",PERSONAL,organic_p2p,0,0,0
sms-ham-0207,Zomato: Enjoy 50% off up to ₹100 on your next order! Use code FEAST. Order now on the app.,AD-ZOMATO,merchant_promo,0,0,0
sms-ham-0773,"Hi Rohit, sharing the consulting invoice for ₹1200. Please process transfer by end of this week.",PERSONAL,organic_p2p,0,0,0
sms-ham-0439,"Dear Customer, ₹18500 debited from your A/c ending 4921 on 28-Aug-2026 at Amazon Retail. Balance: ₹23245. - HDFC Bank",AD-HDFCBK,bank_alert,0,0,0
sms-scam-0396,"Congratulations! Your SIM number won ₹25,00,000 cash prize in KBC Lottery 2026. To claim lottery amount, deposit registration tax ₹25 to manager UPI customs.fine@okhdfc now.",AD-KBCWIN,lottery_kbc,0,0,1
sms-scam-0041,"Customer Support: To resolve your pending UPI refund of ₹100, download our official QuickSupport tool https://tinyurl.com/quicksupport-v1.apk and share code. TeamViewer/AnyDesk.",CP-REFUND,apk_screen_share,1,1,1
sms-ham-0173,"Dear SBI UPI User, payment of ₹850 to zomato@hdfcbank successful. UPI Ref: 492819879621. - SBI",VK-SBIUPI,bank_alert,0,0,0
sms-scam-0222,"Customer Support: To resolve your pending UPI refund of ₹2500, download our official QuickSupport tool https://tinyurl.com/quicksupport-v8.apk and share code. TeamViewer/AnyDesk.",CP-REFUND,apk_screen_share,1,1,1
sms-ham-0171,"Hi Rohit, sharing the consulting invoice for ₹1200. Please process transfer by end of this week.",PERSONAL,organic_p2p,0,0,0
sms-scam-0075,"Congratulations! Your SIM number won ₹25,00,000 cash prize in KBC Lottery 2026. To claim lottery amount, deposit registration tax ₹1500 to manager UPI mule_781@axis now.",AD-KBCWIN,lottery_kbc,0,0,1
sms-ham-0640,Recharge of ₹18500 successful for Jio number ending 9821. Data: 2GB/day for 28 days.,AD-JIOPAY,telecom_recharge,0,0,0
sms-ham-0236,"Dear Customer, ₹350 debited from your A/c ending 4921 on 28-Aug-2026 at Amazon Retail. Balance: ₹19789. - HDFC Bank",AD-HDFCBK,bank_alert,0,0,0
sms-ham-0535,"Hey, sent you ₹150 for yesterday's dinner. Please check your GPay. Let me know once received.",PERSONAL,organic_p2p,0,0,0
sms-ham-0633,"Dear Customer, ₹350 debited from your A/c ending 4921 on 28-Aug-2026 at Amazon Retail. Balance: ₹43020. - HDFC Bank",AD-HDFCBK,bank_alert,0,0,0
sms-scam-0237,HDFC Bank Alert: Your debit card & UPI access suspended. Complete mandatory KYC verification within 24 hours to avoid penalty: https://bit.ly/sbi-kyc-337,AD-HDFCBK,bank_kyc,1,0,1
sms-scam-0103,Greetings from HR. Your application for remote data consultant is approved. Please transfer refundable seat reservation fee ₹2500 to coordinator UPI refund.desk@paytm.,HR-CAREER,job_scam,0,0,1
sms-ham-0353,"Hi Rohit, sharing the consulting invoice for ₹150. Please process transfer by end of this week.",PERSONAL,organic_p2p,0,0,0
sms-ham-0400,"Your Uber ride OTP is 149230. Do not share this OTP with anyone, including the driver.",VK-UBERIN,otp_service,0,0,0
sms-ham-0472,Your Swiggy order #8921 has been placed successfully for ₹4500. Delivery partner will arrive in 25 mins.,AX-SWIGGY,merchant_promo,0,0,0
sms-ham-0216,"Dear SBI UPI User, payment of ₹18500 to bescom@sbi successful. UPI Ref: 492819294217. - SBI",VK-SBIUPI,bank_alert,0,0,0
sms-scam-0323,HDFC Bank Alert: Your debit card & UPI access suspended. Complete mandatory KYC verification within 24 hours to avoid penalty: https://bit.ly/sbi-kyc-934,AD-HDFCBK,bank_kyc,1,0,1
sms-ham-0655,"Hey, sent you ₹350 for yesterday's dinner. Please check your GPay. Let me know once received.",PERSONAL,organic_p2p,0,0,0
sms-ham-0063,"Your Uber ride OTP is 140571. Do not share this OTP with anyone, including the driver.",VK-UBERIN,otp_service,0,0,0
sms-scam-0399,"Dear Customer, Your electricity power will be disconnected tonight at 9.30 PM from electricity office because your previous month bill was not updated. Please immediately pay ₹10 on UPI layer1_mule@icici to avoid cut. Call officer at 9857911159.",VM-POWER,utility_disconnection,0,0,1
sms-ham-0344,"Dear Customer, ₹350 debited from your A/c ending 4921 on 28-Aug-2026 at Amazon Retail. Balance: ₹78824. - HDFC Bank",AD-HDFCBK,bank_alert,0,0,0
sms-scam-0044,"Dear customer, your parcel #928138446 is held at distribution hub due to address verification. Please update address details at https://bit.ly/sbi-kyc-782 and confirm with ₹10 test transfer.",IN-POST,courier_customs,1,0,1
sms-ham-0436,"Hi Rohit, sharing the consulting invoice for ₹850. Please process transfer by end of this week.",PERSONAL,organic_p2p,0,0,0
sms-scam-0370,"Hello sir, we noticed an accidental overcharge of ₹25 on your recent utility bill. Kindly authorize the refund voucher on https://bit.ly/sbi-kyc-303 to claim back to your account.",NO-REFUND,subtle_refund_scam,1,0,1
sms-ham-0130,"Dear SBI UPI User, payment of ₹150 to bescom@sbi successful. UPI Ref: 492819382495. - SBI",VK-SBIUPI,bank_alert,0,0,0
sms-scam-0391,"Customer Support: To resolve your pending UPI refund of ₹100, download our official QuickSupport tool https://tinyurl.com/quicksupport-v9.apk and share code. TeamViewer/AnyDesk.",CP-REFUND,apk_screen_share,1,1,1
sms-ham-0368,"Dear SBI UPI User, payment of ₹850 to swiggy@icici successful. UPI Ref: 492819123137. - SBI",VK-SBIUPI,bank_alert,0,0,0
sms-scam-0035,"Customer Support: To resolve your pending UPI refund of ₹2500, download our official QuickSupport tool https://tinyurl.com/quicksupport-v3.apk and share code. TeamViewer/AnyDesk.",CP-REFUND,apk_screen_share,1,1,1
sms-ham-0386,"Electricity bill for Consumer No 192839 generated. Amount: ₹150, Due Date: 15-Sep. Pay via official portal or BESCOM app.",VM-BESCOM,utility_official,0,0,0
sms-ham-0119,"Electricity bill for Consumer No 192839 generated. Amount: ₹350, Due Date: 15-Sep. Pay via official portal or BESCOM app.",VM-BESCOM,utility_official,0,0,0
sms-ham-0322,"Dear SBI UPI User, payment of ₹850 to zomato@hdfcbank successful. UPI Ref: 492819477432. - SBI",VK-SBIUPI,bank_alert,0,0,0
sms-ham-0261,"Hey, sent you ₹18500 for yesterday's dinner. Please check your GPay. Let me know once received.",PERSONAL,organic_p2p,0,0,0
sms-ham-0519,"Dear SBI UPI User, payment of ₹150 to zomato@hdfcbank successful. UPI Ref: 492819784751. - SBI",VK-SBIUPI,bank_alert,0,0,0
sms-ham-0253,"Electricity bill for Consumer No 192839 generated. Amount: ₹18500, Due Date: 15-Sep. Pay via official portal or BESCOM app.",VM-BESCOM,utility_official,0,0,0
sms-ham-0505,"Dear Customer, ₹18500 debited from your A/c ending 4921 on 28-Aug-2026 at Amazon Retail. Balance: ₹65667. - HDFC Bank",AD-HDFCBK,bank_alert,0,0,0
sms-ham-0373,"Hi Rohit, sharing the consulting invoice for ₹4500. Please process transfer by end of this week.",PERSONAL,organic_p2p,0,0,0
sms-ham-0052,"Hi Rohit, sharing the consulting invoice for ₹150. Please process transfer by end of this week.",PERSONAL,organic_p2p,0,0,0
sms-ham-0017,"Dear Customer, ₹1200 debited from your A/c ending 8812 at Apollo Hospitals. Available Balance: ₹68876. - Axis Bank",AD-AXISBK,bank_alert,0,0,0
sms-ham-0689,"Electricity bill for Consumer No 192839 generated. Amount: ₹4500, Due Date: 15-Sep. Pay via official portal or BESCOM app.",VM-BESCOM,utility_official,0,0,0
sms-scam-0174,"Dear customer, your parcel #928193032 is held at distribution hub due to address verification. Please update address details at https://bit.ly/sbi-kyc-935 and confirm with ₹10 test transfer.",IN-POST,courier_customs,1,0,1
sms-ham-0626,"Your Uber ride OTP is 628799. Do not share this OTP with anyone, including the driver.",VK-UBERIN,otp_service,0,0,0
sms-scam-0188,"Dear SBI User, your YONO Netbanking account is blocked today due to pending PAN Aadhaar KYC. Update immediately to prevent permanent deactivation: https://bit.ly/sbi-kyc-813",VK-SBIINB,bank_kyc,1,0,1
sms-ham-0529,"Electricity bill for Consumer No 192839 generated. Amount: ₹350, Due Date: 15-Sep. Pay via official portal or BESCOM app.",VM-BESCOM,utility_official,0,0,0
sms-ham-0352,Zomato: Enjoy 50% off up to ₹100 on your next order! Use code FEAST. Order now on the app.,AD-ZOMATO,merchant_promo,0,0,0
sms-ham-0348,"Your Uber ride OTP is 401473. Do not share this OTP with anyone, including the driver.",VK-UBERIN,otp_service,0,0,0
sms-ham-0775,"Hey, sent you ₹150 for yesterday's dinner. Please check your GPay. Let me know once received.",PERSONAL,organic_p2p,0,0,0
sms-ham-0181,"Dear Customer, ₹150 debited from your A/c ending 8812 at Apollo Hospitals. Available Balance: ₹90181. - Axis Bank",AD-AXISBK,bank_alert,0,0,0
sms-scam-0337,DISCOM ALERT: Final notice for meter disconnection. Pay processing charge ₹25 immediately to prevent legal FIR and fine. UPI: disconnection.officer@sbi,AD-BESCOM,utility_disconnection,0,0,1
sms-scam-0043,Greetings from HR. Your application for remote data consultant is approved. Please transfer refundable seat reservation fee ₹1500 to coordinator UPI mule_781@axis.,HR-CAREER,job_scam,0,0,1
sms-ham-0412,"Electricity bill for Consumer No 192839 generated. Amount: ₹18500, Due Date: 15-Sep. Pay via official portal or BESCOM app.",VM-BESCOM,utility_official,0,0,0
sms-ham-0356,"Dear Customer, ₹350 debited from your A/c ending 4921 on 28-Aug-2026 at Amazon Retail. Balance: ₹21186. - HDFC Bank",AD-HDFCBK,bank_alert,0,0,0
sms-ham-0483,"Your Uber ride OTP is 577867. Do not share this OTP with anyone, including the driver.",VK-UBERIN,otp_service,0,0,0
sms-scam-0163,"Dear customer, your parcel #928147409 is held at distribution hub due to address verification. Please update address details at https://bit.ly/sbi-kyc-688 and confirm with ₹10 test transfer.",IN-POST,courier_customs,1,0,1
sms-scam-0397,DISCOM ALERT: Final notice for meter disconnection. Pay processing charge ₹499 immediately to prevent legal FIR and fine. UPI: layer1_mule@icici,AD-BESCOM,utility_disconnection,0,0,1
sms-ham-0283,"Your Uber ride OTP is 121168. Do not share this OTP with anyone, including the driver.",VK-UBERIN,otp_service,0,0,0
sms-scam-0137,DISCOM ALERT: Final notice for meter disconnection. Pay processing charge ₹25 immediately to prevent legal FIR and fine. UPI: mule_781@axis,AD-BESCOM,utility_disconnection,0,0,1
sms-ham-0416,"Hi Rohit, sharing the consulting invoice for ₹4500. Please process transfer by end of this week.",PERSONAL,organic_p2p,0,0,0
sms-scam-0239,Greetings from HR. Your application for remote data consultant is approved. Please transfer refundable seat reservation fee ₹25000 to coordinator UPI mule_781@axis.,HR-CAREER,job_scam,0,0,1
sms-ham-0358,Zomato: Enjoy 50% off up to ₹100 on your next order! Use code FEAST. Order now on the app.,AD-ZOMATO,merchant_promo,0,0,0
sms-ham-0464,Your Swiggy order #8921 has been placed successfully for ₹18500. Delivery partner will arrive in 25 mins.,AX-SWIGGY,merchant_promo,0,0,0
sms-scam-0059,"Dear Customer, Your electricity power will be disconnected tonight at 9.30 PM from electricity office because your previous month bill was not updated. Please immediately pay ₹100 on UPI customs.fine@okhdfc to avoid cut. Call officer at 9843664230.",VM-POWER,utility_disconnection,0,0,1
sms-scam-0014,"Dear Customer, Your electricity power will be disconnected tonight at 9.30 PM from electricity office because your previous month bill was not updated. Please immediately pay ₹25000 on UPI kbc.tax@ybl to avoid cut. Call officer at 9840598024.",VM-POWER,utility_disconnection,0,0,1
sms-ham-0409,"Dear Customer, ₹1200 debited from your A/c ending 8812 at Apollo Hospitals. Available Balance: ₹62919. - Axis Bank",AD-AXISBK,bank_alert,0,0,0
sms-scam-0105,HDFC Bank Alert: Your debit card & UPI access suspended. Complete mandatory KYC verification within 24 hours to avoid penalty: https://bit.ly/sbi-kyc-337,AD-HDFCBK,bank_kyc,1,0,1
sms-scam-0238,"Hello sir, we noticed an accidental overcharge of ₹25000 on your recent utility bill. Kindly authorize the refund voucher on https://bit.ly/sbi-kyc-595 to claim back to your account.",NO-REFUND,subtle_refund_scam,1,0,1
sms-ham-0162,Your Swiggy order #8921 has been placed successfully for ₹850. Delivery partner will arrive in 25 mins.,AX-SWIGGY,merchant_promo,0,0,0
sms-ham-0652,"Hi Rohit, sharing the consulting invoice for ₹350. Please process transfer by end of this week.",PERSONAL,organic_p2p,0,0,0
sms-ham-0011,"Your Uber ride OTP is 259840. Do not share this OTP with anyone, including the driver.",VK-UBERIN,otp_service,0,0,0
sms-ham-0561,"Hi Rohit, sharing the consulting invoice for ₹4500. Please process transfer by end of this week.",PERSONAL,organic_p2p,0,0,0
sms-ham-0225,"Dear Customer, ₹850 debited from your A/c ending 4921 on 28-Aug-2026 at Amazon Retail. Balance: ₹86876. - HDFC Bank",AD-HDFCBK,bank_alert,0,0,0
sms-ham-0271,Zomato: Enjoy 50% off up to ₹100 on your next order! Use code FEAST. Order now on the app.,AD-ZOMATO,merchant_promo,0,0,0
sms-scam-0122,"Dear customer, your parcel #928153548 is held at distribution hub due to address verification. Please update address details at https://bit.ly/sbi-kyc-952 and confirm with ₹10 test transfer.",IN-POST,courier_customs,1,0,1
sms-ham-0388,"Dear Customer, ₹150 debited from your A/c ending 4921 on 28-Aug-2026 at Amazon Retail. Balance: ₹79266. - HDFC Bank",AD-HDFCBK,bank_alert,0,0,0
sms-ham-0279,Your Swiggy order #8921 has been placed successfully for ₹1200. Delivery partner will arrive in 25 mins.,AX-SWIGGY,merchant_promo,0,0,0
sms-ham-0751,"Hi Rohit, sharing the consulting invoice for ₹850. Please process transfer by end of this week.",PERSONAL,organic_p2p,0,0,0
sms-ham-0595,"Hey, sent you ₹150 for yesterday's dinner. Please check your GPay. Let me know once received.",PERSONAL,organic_p2p,0,0,0
sms-scam-0023,"Hello sir, we noticed an accidental overcharge of ₹499 on your recent utility bill. Kindly authorize the refund voucher on https://bit.ly/sbi-kyc-669 to claim back to your account.",NO-REFUND,subtle_refund_scam,1,0,1
sms-scam-0146,"Customer Support: To resolve your pending UPI refund of ₹100, download our official QuickSupport tool https://tinyurl.com/quicksupport-v1.apk and share code. TeamViewer/AnyDesk.",CP-REFUND,apk_screen_share,1,1,1
sms-ham-0718,"Hi Rohit, sharing the consulting invoice for ₹1200. Please process transfer by end of this week.",PERSONAL,organic_p2p,0,0,0
sms-scam-0305,"Congratulations! Your SIM number won ₹25,00,000 cash prize in KBC Lottery 2026. To claim lottery amount, deposit registration tax ₹10 to manager UPI mule_781@axis now.",AD-KBCWIN,lottery_kbc,0,0,1
sms-ham-0015,"Your Uber ride OTP is 778670. Do not share this OTP with anyone, including the driver.",VK-UBERIN,otp_service,0,0,0
sms-ham-0355,Recharge of ₹150 successful for Jio number ending 9821. Data: 2GB/day for 28 days.,AD-JIOPAY,telecom_recharge,0,0,0
sms-ham-0648,"Hey, sent you ₹18500 for yesterday's dinner. Please check your GPay. Let me know once received.",PERSONAL,organic_p2p,0,0,0
sms-ham-0198,Your Swiggy order #8921 has been placed successfully for ₹850. Delivery partner will arrive in 25 mins.,AX-SWIGGY,merchant_promo,0,0,0
sms-ham-0553,Zomato: Enjoy 50% off up to ₹100 on your next order! Use code FEAST. Order now on the app.,AD-ZOMATO,merchant_promo,0,0,0
sms-ham-0235,Your Swiggy order #8921 has been placed successfully for ₹150. Delivery partner will arrive in 25 mins.,AX-SWIGGY,merchant_promo,0,0,0
sms-ham-0328,"Hi Rohit, sharing the consulting invoice for ₹1200. Please process transfer by end of this week.",PERSONAL,organic_p2p,0,0,0
sms-ham-0327,"Your Uber ride OTP is 485585. Do not share this OTP with anyone, including the driver.",VK-UBERIN,otp_service,0,0,0
sms-ham-0499,"Electricity bill for Consumer No 192839 generated. Amount: ₹150, Due Date: 15-Sep. Pay via official portal or BESCOM app.",VM-BESCOM,utility_official,0,0,0
sms-ham-0345,"Electricity bill for Consumer No 192839 generated. Amount: ₹350, Due Date: 15-Sep. Pay via official portal or BESCOM app.",VM-BESCOM,utility_official,0,0,0
sms-ham-0407,"Your Uber ride OTP is 358666. Do not share this OTP with anyone, including the driver.",VK-UBERIN,otp_service,0,0,0
sms-scam-0136,"Dear Customer, Your electricity power will be disconnected tonight at 9.30 PM from electricity office because your previous month bill was not updated. Please immediately pay ₹25 on UPI disconnection.officer@sbi to avoid cut. Call officer at 9876103980.",VM-POWER,utility_disconnection,0,0,1
sms-scam-0088,"Dear SBI User, your YONO Netbanking account is blocked today due to pending PAN Aadhaar KYC. Update immediately to prevent permanent deactivation: https://bit.ly/sbi-kyc-382",VK-SBIINB,bank_kyc,1,0,1
sms-ham-0316,"Hey, sent you ₹1200 for yesterday's dinner. Please check your GPay. Let me know once received.",PERSONAL,organic_p2p,0,0,0
sms-scam-0372,"Dear Customer, Your electricity power will be disconnected tonight at 9.30 PM from electricity office because your previous month bill was not updated. Please immediately pay ₹2500 on UPI refund.desk@paytm to avoid cut. Call officer at 9874525013.",VM-POWER,utility_disconnection,0,0,1
sms-ham-0176,"Hey, sent you ₹18500 for yesterday's dinner. Please check your GPay. Let me know once received.",PERSONAL,organic_p2p,0,0,0
sms-ham-0332,"Hi Rohit, sharing the consulting invoice for ₹350. Please process transfer by end of this week.",PERSONAL,organic_p2p,0,0,0
sms-ham-0545,"Your Uber ride OTP is 365956. Do not share this OTP with anyone, including the driver.",VK-UBERIN,otp_service,0,0,0
sms-scam-0341,Greetings from HR. Your application for remote data consultant is approved. Please transfer refundable seat reservation fee ₹25000 to coordinator UPI mule_781@axis.,HR-CAREER,job_scam,0,0,1
sms-scam-0067,Urgent: Bijli supply kat hoga aaj raat 10 baje. Bill baki hai. Turant payment kare link pe https://bit.ly/sbi-kyc-979 ya UPI abc123@upi pe bhejo. Electricity dept.,VK-DHBVN,utility_disconnection,1,0,1
sms-ham-0770,Your Swiggy order #8921 has been placed successfully for ₹150. Delivery partner will arrive in 25 mins.,AX-SWIGGY,merchant_promo,0,0,0
sms-scam-0262,Urgent: Bijli supply kat hoga aaj raat 10 baje. Bill baki hai. Turant payment kare link pe https://bit.ly/sbi-kyc-365 ya UPI layer1_mule@icici pe bhejo. Electricity dept.,VK-DHBVN,utility_disconnection,1,0,1
sms-ham-0062,Zomato: Enjoy 50% off up to ₹100 on your next order! Use code FEAST. Order now on the app.,AD-ZOMATO,merchant_promo,0,0,0
sms-scam-0164,"Customer Support: To resolve your pending UPI refund of ₹1500, download our official QuickSupport tool https://tinyurl.com/quicksupport-v9.apk and share code. TeamViewer/AnyDesk.",CP-REFUND,apk_screen_share,1,1,1
sms-ham-0748,"Dear Customer, ₹150 debited from your A/c ending 8812 at Apollo Hospitals. Available Balance: ₹119208. - Axis Bank",AD-AXISBK,bank_alert,0,0,0
sms-ham-0004,"Your Uber ride OTP is 968735. Do not share this OTP with anyone, including the driver.",VK-UBERIN,otp_service,0,0,0
sms-ham-0609,Recharge of ₹4500 successful for Jio number ending 9821. Data: 2GB/day for 28 days.,AD-JIOPAY,telecom_recharge,0,0,0
sms-ham-0596,"Dear Customer, ₹18500 debited from your A/c ending 8812 at Apollo Hospitals. Available Balance: ₹124593. - Axis Bank",AD-AXISBK,bank_alert,0,0,0
sms-scam-0007,HDFC Bank Alert: Your debit card & UPI access suspended. Complete mandatory KYC verification within 24 hours to avoid penalty: https://bit.ly/sbi-kyc-811,AD-HDFCBK,bank_kyc,1,0,1
sms-ham-0528,"Dear Customer, ₹1200 debited from your A/c ending 4921 on 28-Aug-2026 at Amazon Retail. Balance: ₹100046. - HDFC Bank",AD-HDFCBK,bank_alert,0,0,0
sms-scam-0209,"Customer Support: To resolve your pending UPI refund of ₹100, download our official QuickSupport tool https://tinyurl.com/quicksupport-v5.apk and share code. TeamViewer/AnyDesk.",CP-REFUND,apk_screen_share,1,1,1
sms-ham-0427,"Hey, sent you ₹1200 for yesterday's dinner. Please check your GPay. Let me know once received.",PERSONAL,organic_p2p,0,0,0
sms-ham-0654,"Hey, sent you ₹850 for yesterday's dinner. Please check your GPay. Let me know once received.",PERSONAL,organic_p2p,0,0,0
sms-scam-0032,"Dear Customer, Your electricity power will be disconnected tonight at 9.30 PM from electricity office because your previous month bill was not updated. Please immediately pay ₹10 on UPI mule_781@axis to avoid cut. Call officer at 9844386595.",VM-POWER,utility_disconnection,0,0,1
sms-scam-0247,Urgent: Bijli supply kat hoga aaj raat 10 baje. Bill baki hai. Turant payment kare link pe https://bit.ly/sbi-kyc-886 ya UPI abc123@upi pe bhejo. Electricity dept.,VK-DHBVN,utility_disconnection,1,0,1
sms-ham-0234,Your Swiggy order #8921 has been placed successfully for ₹850. Delivery partner will arrive in 25 mins.,AX-SWIGGY,merchant_promo,0,0,0
sms-ham-0233,"Hey, sent you ₹18500 for yesterday's dinner. Please check your GPay. Let me know once received.",PERSONAL,organic_p2p,0,0,0
sms-ham-0349,"Dear Customer, ₹150 debited from your A/c ending 4921 on 28-Aug-2026 at Amazon Retail. Balance: ₹129561. - HDFC Bank",AD-HDFCBK,bank_alert,0,0,0
sms-ham-0630,"Your Uber ride OTP is 585126. Do not share this OTP with anyone, including the driver.",VK-UBERIN,otp_service,0,0,0
sms-scam-0020,"Dear SBI User, your YONO Netbanking account is blocked today due to pending PAN Aadhaar KYC. Update immediately to prevent permanent deactivation: https://bit.ly/sbi-kyc-363",VK-SBIINB,bank_kyc,1,0,1
sms-ham-0705,"Hi Rohit, sharing the consulting invoice for ₹1200. Please process transfer by end of this week.",PERSONAL,organic_p2p,0,0,0
sms-ham-0476,"Hi Rohit, sharing the consulting invoice for ₹18500. Please process transfer by end of this week.",PERSONAL,organic_p2p,0,0,0
sms-scam-0322,DISCOM ALERT: Final notice for meter disconnection. Pay processing charge ₹25 immediately to prevent legal FIR and fine. UPI: mule_781@axis,AD-BESCOM,utility_disconnection,0,0,1
sms-scam-0185,Urgent: Bijli supply kat hoga aaj raat 10 baje. Bill baki hai. Turant payment kare link pe https://bit.ly/sbi-kyc-403 ya UPI refund.desk@paytm pe bhejo. Electricity dept.,VK-DHBVN,utility_disconnection,1,0,1
sms-ham-0104,"Dear SBI UPI User, payment of ₹850 to flipkart@axis successful. UPI Ref: 492819405808. - SBI",VK-SBIUPI,bank_alert,0,0,0
sms-ham-0586,Zomato: Enjoy 50% off up to ₹100 on your next order! Use code FEAST. Order now on the app.,AD-ZOMATO,merchant_promo,0,0,0
sms-ham-0019,"Electricity bill for Consumer No 192839 generated. Amount: ₹350, Due Date: 15-Sep. Pay via official portal or BESCOM app.",VM-BESCOM,utility_official,0,0,0
sms-ham-0203,"Your Uber ride OTP is 515566. Do not share this OTP with anyone, including the driver.",VK-UBERIN,otp_service,0,0,0
sms-scam-0064,Urgent: Bijli supply kat hoga aaj raat 10 baje. Bill baki hai. Turant payment kare link pe https://bit.ly/sbi-kyc-793 ya UPI kbc.tax@ybl pe bhejo. Electricity dept.,VK-DHBVN,utility_disconnection,1,0,1
sms-ham-0621,"Dear SBI UPI User, payment of ₹850 to bescom@sbi successful. UPI Ref: 492819314263. - SBI",VK-SBIUPI,bank_alert,0,0,0
sms-ham-0037,"Dear Customer, ₹18500 debited from your A/c ending 4921 on 28-Aug-2026 at Amazon Retail. Balance: ₹126753. - HDFC Bank",AD-HDFCBK,bank_alert,0,0,0
sms-scam-0006,Urgent: Bijli supply kat hoga aaj raat 10 baje. Bill baki hai. Turant payment kare link pe https://bit.ly/sbi-kyc-465 ya UPI refund.desk@paytm pe bhejo. Electricity dept.,VK-DHBVN,utility_disconnection,1,0,1
sms-ham-0178,"Electricity bill for Consumer No 192839 generated. Amount: ₹850, Due Date: 15-Sep. Pay via official portal or BESCOM app.",VM-BESCOM,utility_official,0,0,0
sms-scam-0332,DISCOM ALERT: Final notice for meter disconnection. Pay processing charge ₹25000 immediately to prevent legal FIR and fine. UPI: abc123@upi,AD-BESCOM,utility_disconnection,0,0,1
sms-ham-0007,Your Swiggy order #8921 has been placed successfully for ₹350. Delivery partner will arrive in 25 mins.,AX-SWIGGY,merchant_promo,0,0,0
sms-ham-0422,"Dear Customer, ₹4500 debited from your A/c ending 4921 on 28-Aug-2026 at Amazon Retail. Balance: ₹18678. - HDFC Bank",AD-HDFCBK,bank_alert,0,0,0
sms-ham-0478,"Electricity bill for Consumer No 192839 generated. Amount: ₹850, Due Date: 15-Sep. Pay via official portal or BESCOM app.",VM-BESCOM,utility_official,0,0,0
sms-ham-0060,"Hi Rohit, sharing the consulting invoice for ₹18500. Please process transfer by end of this week.",PERSONAL,organic_p2p,0,0,0
