step,type,amount,nameOrig,oldbalanceOrg,newbalanceOrig,nameDest,oldbalanceDest,newbalanceDest,isFraud,isFlaggedFraud
1,TRANSFER,36221.46,C98429450,43588.34,7366.88,M42115895,52074.93,88296.39,0,0
1,CASH_OUT,594257.22,C19046318,693077.59,98820.37,C29173414,88455.2,0.0,1,0
1,CASH_OUT,898.12,C70505620,1080.31,182.19,C42342202,47948.93,48847.05,0,0
1,PAYMENT,99.76,C58667035,326182.84,326083.08,C33414716,0.0,0.0,0,0
1,DEBIT,4645.41,C74287863,6156.62,1511.21,M41168067,7370.94,12016.35,0,0
1,CASH_OUT,154.0,C54250344,252.16,98.16,M48329479,95166.21,95320.21,0,0
1,CASH_IN,8982.15,C10435578,12037.97,3055.82,C33505978,37545.79,46527.94,0,0
1,PAYMENT,311.02,C85291541,274429.04,274118.02,M92467167,0.0,0.0,0,0
1,PAYMENT,554.13,C78901038,170299.39,169745.26,M64504816,0.0,0.0,0,0
1,TRANSFER,6886.44,C32084778,7526.74,640.3,C61369075,188546.01,195432.45,0,0
1,PAYMENT,1429.56,C52169044,445097.13,443667.57,C42020689,0.0,0.0,0,0
1,PAYMENT,528.27,C86460539,52426.39,51898.12,M63440127,0.0,0.0,0,0
1,TRANSFER,7407.22,C27105448,22900.09,15492.87,C99929175,144685.58,152092.8,0,0
1,CASH_OUT,1163.68,C25419645,1818.89,655.21,C63795149,23754.83,24918.51,0,0
2,TRANSFER,10870.06,C52235350,38257.87,27387.81,C60981231,31564.4,42434.46,0,0
2,PAYMENT,1413.0,C26247735,214947.77,213534.77,M67192331,0.0,0.0,0,0
2,PAYMENT,110.9,C43183955,331686.07,331575.17,C72267186,0.0,0.0,0,0
2,CASH_IN,16903.15,C93334601,23653.42,6750.27,C10697290,2573.57,19476.72,0,0
2,CASH_OUT,1866.44,C93370583,2172.3,305.86,C25328557,84376.91,86243.35,0,0
2,PAYMENT,1739.13,C72535301,199938.74,198199.61,C79420474,0.0,0.0,0,0
2,TRANSFER,1661.83,C54265498,2116.19,454.36,C57505459,109281.08,110942.91,0,0
2,TRANSFER,519.92,C25492573,1096.1,576.18,C38428357,89709.28,90229.2,0,0
2,CASH_IN,1547.29,C38682516,2986.45,1439.16,C21097943,22624.23,24171.52,0,0
2,CASH_OUT,1917.73,C54988206,4802.9,2885.17,C65831276,66746.85,68664.58,0,0
2,TRANSFER,9594.69,C51273847,25179.8,15585.11,C29081953,194170.4,203765.09,0,0
2,PAYMENT,5249.21,C61185849,277693.75,272444.54,M66087572,0.0,0.0,0,0
2,CASH_OUT,14075.47,C60043345,25860.36,11784.89,C29585415,53551.44,67626.91,0,0
3,DEBIT,4605.27,C35770506,8978.66,4373.39,C75825262,88165.39,92770.66,0,0
3,CASH_IN,513.28,C87201917,594.33,81.05,C18087373,90277.72,90791.0,0,0
3,PAYMENT,79.42,C22960658,252046.53,251967.11,M26460116,0.0,0.0,0,0
3,PAYMENT,748.2,C70549373,400624.27,399876.07,C50323741,0.0,0.0,0,0
3,PAYMENT,2656.84,C25253751,75428.93,72772.09,C70532325,0.0,0.0,0,0
3,TRANSFER,4057.63,C83284724,15610.45,11552.82,C45189912,34265.79,38323.42,0,0
3,TRANSFER,1922.78,C93303777,2168.95,246.17,C53191535,16595.34,18518.12,0,0
3,CASH_OUT,437.38,C15820356,1156.93,719.55,C64395532,14787.83,15225.21,0,0
3,CASH_IN,7447.42,C85957706,12210.04,4762.62,C11534878,72710.3,80157.72,0,0
3,PAYMENT,18.31,C72270726,45339.67,45321.36,M32099899,0.0,0.0,0,0
3,CASH_OUT,6185.48,C75491202,16782.74,10597.26,C96126771,51968.82,58154.3,0,0
3,CASH_OUT,1058107.88,C91722503,1157345.75,99237.87,C70693413,11251.88,0.0,1,0
3,CASH_OUT,434.65,C49375156,1273.38,838.73,C67653606,10020.4,10455.05,0,0
3,TRANSFER,1577.8,C10965138,5297.05,3719.25,C74796438,173627.58,175205.38,0,0
4,DEBIT,4931.51,C69619341,13590.19,8658.68,C76521096,26413.66,31345.17,0,0
4,PAYMENT,108.5,C71031132,286867.57,286759.07,C84757265,0.0,0.0,0,0
4,PAYMENT,599.97,C67985905,87755.46,87155.49,M69741812,0.0,0.0,0,0
4,CASH_OUT,5124.45,C54398056,12102.03,6977.58,M78333267,40171.99,45296.44,0,0
4,DEBIT,3245.33,C22489409,8950.35,5705.02,C71873691,69051.38,72296.71,0,0
4,PAYMENT,1883.69,C86125617,238658.66,236774.97,C25132198,0.0,0.0,0,0
4,CASH_OUT,4169.44,C54988206,6986.86,2817.42,C69862640,79365.21,83534.65,0,0
4,CASH_OUT,3454.07,C62274692,9382.88,5928.81,C37133023,68485.2,71939.27,0,0
4,TRANSFER,6793.77,C66975380,12917.96,6124.19,C57746984,149001.0,155794.77,0,0
4,PAYMENT,181.25,C81481992,161792.42,161611.17,C36229153,0.0,0.0,0,0
4,PAYMENT,1527.59,C84660688,303279.61,301752.02,C81432350,0.0,0.0,0,0
4,PAYMENT,1075.66,C75228535,221974.87,220899.21,M45482091,0.0,0.0,0,0
4,CASH_IN,1483.69,C92590645,2691.92,1208.23,C72267186,48446.03,49929.72,0,0
5,TRANSFER,17004.99,C49172995,19872.33,2867.34,C29907683,158506.59,175511.58,0,0
5,PAYMENT,130.16,C61220073,355365.56,355235.4,C62755436,0.0,0.0,0,0
5,PAYMENT,273.71,C57219209,390697.18,390423.47,M77680031,0.0,0.0,0,0
5,CASH_IN,8304.44,C47077298,17749.45,9445.01,C27544302,17373.74,25678.18,0,0
5,CASH_OUT,10307.6,C30703455,11495.6,1188.0,C98221829,3307.1,13614.7,0,0
5,CASH_OUT,1082.48,C97971488,1513.54,431.06,C47706144,36835.19,37917.67,0,0
5,DEBIT,3925.5,C32269779,7041.89,3116.39,C58469365,92307.36,96232.86,0,0
5,CASH_OUT,11371.21,C70667140,22487.4,11116.19,M25805613,44610.34,55981.55,0,0
5,PAYMENT,184.89,C43999198,238341.98,238157.09,C16570040,0.0,0.0,0,0
5,PAYMENT,845.59,C55440919,173436.0,172590.41,C34679818,0.0,0.0,0,0
5,CASH_OUT,9906.72,C68978194,26369.12,16462.4,C33193791,9039.19,18945.91,0,0
5,PAYMENT,1082.31,C87490893,26726.22,25643.91,C39698906,0.0,0.0,0,0
5,TRANSFER,3114.01,C98054173,5116.18,2002.17,C52803305,45048.86,48162.87,0,0
5,PAYMENT,627.86,C63481198,104952.03,104324.17,C10331931,0.0,0.0,0,0
6,CASH_IN,2001.92,C96547189,4057.02,2055.1,C11226946,86462.99,88464.91,0,0
6,TRANSFER,14669.04,C63690013,35532.69,20863.65,C20606094,27330.5,41999.54,0,0
6,TRANSFER,42913.58,C38609087,71721.9,28808.32,C56697654,122060.43,164974.01,0,0
6,CASH_IN,1500.31,C12179995,3638.97,2138.66,C70201634,70936.82,72437.13,0,0
6,TRANSFER,4395.17,C71124923,15623.77,11228.6,C22927031,92340.61,96735.78,0,0
6,PAYMENT,66.38,C31367172,152468.26,152401.88,C46685332,0.0,0.0,0,0
6,CASH_OUT,3542.6,C29413516,7683.81,4141.21,C59428849,734.76,4277.36,0,0
6,PAYMENT,499.94,C84384510,421955.41,421455.47,C52710350,0.0,0.0,0,0
6,CASH_IN,1419.3,C74893936,3256.85,1837.55,C30232642,60905.01,62324.31,0,0
6,PAYMENT,1018.41,C69038700,55836.06,54817.65,C53334226,0.0,0.0,0,0
6,CASH_IN,1435.72,C66661351,4273.74,2838.02,C41796721,64059.47,65495.19,0,0
6,CASH_OUT,7219.44,C99987086,17486.84,10267.4,C58557943,89237.38,96456.82,0,0
6,PAYMENT,1964.12,C69038700,76664.79,74700.67,M91883092,0.0,0.0,0,0
7,TRANSFER,12106.04,C63051354,41357.74,29251.7,M31809610,160670.39,172776.43,0,0
7,CASH_OUT,3886.93,C35519083,9179.03,5292.1,C14539747,72128.32,76015.25,0,0
7,PAYMENT,2715.47,C22304198,498739.61,496024.14,C61100987,0.0,0.0,0,0
7,PAYMENT,319.65,C67698610,210445.71,210126.06,C96255361,0.0,0.0,0,0
7,PAYMENT,1350.67,C84597009,19588.86,18238.19,C90664728,0.0,0.0,0,0
7,CASH_OUT,133.63,C67279295,225.34,91.71,C52803305,71336.93,71470.56,0,0
7,TRANSFER,3181.89,C14180968,7723.1,4541.21,C50645509,188192.92,191374.81,0,0
7,CASH_OUT,1008.02,C42594692,1350.72,342.7,C76545476,65761.47,66769.49,0,0
7,CASH_OUT,2494.79,C19183277,4843.79,2349.0,M85280948,74091.89,76586.68,0,0
7,CASH_IN,789.72,C38553319,1672.68,882.96,C53191535,91262.48,92052.2,0,0
7,PAYMENT,190.67,C88101741,449996.4,449805.73,C58079840,0.0,0.0,0,0
7,CASH_IN,10541.67,C26395999,15227.52,4685.85,M76845536,22332.79,32874.46,0,0
7,PAYMENT,1628.14,C80669879,211395.34,209767.2,C20770971,0.0,0.0,0,0
7,CASH_OUT,4100.66,C47818761,8903.11,4802.45,C17575790,46376.06,50476.72,0,0
8,TRANSFER,3422.52,C23009833,9936.23,6513.71,C34929311,116482.31,119904.83,0,0
8,PAYMENT,3422.68,C11868130,237165.4,233742.72,M43635675,0.0,0.0,0,0
8,CASH_IN,5063.35,C15917225,6276.69,1213.34,C76185975,68069.78,73133.13,0,0
8,PAYMENT,654.35,C29944139,207727.41,207073.06,C82633735,0.0,0.0,0,0
8,CASH_OUT,11420.49,C82446804,34086.69,22666.2,C37207628,34266.99,45687.48,0,0
8,DEBIT,7617.81,C81291936,21430.74,13812.93,C13957046,45757.14,53374.95,0,0
8,CASH_OUT,489.46,C82238741,1251.98,762.52,C72189327,48758.08,49247.54,0,0
8,PAYMENT,3442.35,C18484847,158080.21,154637.86,M65079923,0.0,0.0,0,0
8,CASH_OUT,96.2,C63606628,136.49,40.29,M69580374,77354.23,77450.43,0,0
8,PAYMENT,1643.74,C41163805,80900.69,79256.95,C82162880,0.0,0.0,0,0
8,PAYMENT,272.97,C12799319,390316.72,390043.75,C95971459,0.0,0.0,0,0
8,TRANSFER,14227.78,C72092888,32556.42,18328.64,C75319770,86376.06,100603.84,0,0
8,CASH_OUT,812329.34,C12784407,946631.37,134302.03,C37263310,89200.64,901529.98,1,0
9,PAYMENT,1878.13,C82287061,10922.23,9044.1,M84905122,0.0,0.0,0,0
9,PAYMENT,600.45,C83197857,367334.41,366733.96,C64913082,0.0,0.0,0,0
9,CASH_OUT,5293.87,C47393469,8598.22,3304.35,C10090721,10270.82,15564.69,0,0
9,CASH_OUT,5409.07,C16927215,6115.35,706.28,C62188655,4571.84,9980.91,0,0
9,CASH_OUT,541.79,C15950635,1105.56,563.77,C85686878,52411.76,52953.55,0,0
9,TRANSFER,3797.92,C21432787,5322.28,1524.36,C54499873,199231.64,203029.56,0,0
9,PAYMENT,5428.46,C76500726,375557.56,370129.1,C54327148,0.0,0.0,0,0
9,TRANSFER,26812.66,C52169044,92128.97,65316.31,C80638102,4805.82,31618.48,0,0
9,CASH_OUT,7969.13,C98588154,11335.13,3366.0,C92688322,2191.33,10160.46,0,0
9,TRANSFER,10421.87,C83715012,32655.16,22233.29,M94426338,158633.3,169055.17,0,0
9,TRANSFER,2706.58,C68461818,8968.93,6262.35,C28762704,125003.82,127710.4,0,0
9,CASH_OUT,1697.89,C46840133,3917.26,2219.37,M58438711,1974.18,3672.07,0,0
9,PAYMENT,1565.45,C69533928,209554.23,207988.78,M76942394,0.0,0.0,0,0
10,PAYMENT,4241.62,C86483924,274546.63,270305.01,M90197611,0.0,0.0,0,0
10,CASH_IN,12367.55,C43603811,16155.16,3787.61,C16950770,69519.2,81886.75,0,0
10,TRANSFER,286.93,C39711402,856.48,569.55,M20071854,132834.11,133121.04,0,0
10,CASH_IN,2844.69,C41523529,6290.37,3445.68,C75043108,13716.35,16561.04,0,0
10,CASH_IN,16618.68,C73837847,20105.75,3487.07,C92423989,71876.62,88495.3,0,0
10,DEBIT,1793.88,C23009833,2202.93,409.05,C32083803,10626.37,12420.25,0,0
10,TRANSFER,22956.72,C84045292,41069.15,18112.43,C60104292,105106.08,128062.8,0,0
10,PAYMENT,288.58,C83227889,352311.5,352022.92,C44224936,0.0,0.0,0,0
10,CASH_OUT,757123.2,C95585469,684323.53,0.0,M24710878,33060.36,0.0,1,0
10,CASH_IN,6004.13,C11994519,16894.18,10890.05,M76845536,83523.22,89527.35,0,0
10,CASH_OUT,561.14,C33420607,662.24,101.1,C62049575,51170.53,51731.67,0,0
10,CASH_OUT,23102.85,C57197152,34926.52,11823.67,C97244236,23116.03,46218.88,0,0
10,PAYMENT,1105.74,C79967676,233210.12,232104.38,C77447155,0.0,0.0,0,0
10,DEBIT,6800.17,C70597444,9176.17,2376.0,C17069536,3944.45,10744.62,0,0
11,CASH_OUT,6111.44,C77750178,9933.62,3822.18,C20612653,73854.02,79965.46,0,0
11,TRANSFER,4270.75,C66792612,4858.69,587.94,C53788744,170547.75,174818.5,0,0
11,CASH_OUT,8356.64,C88703005,14332.1,5975.46,C21674661,43771.45,52128.09,0,0
11,DEBIT,12273.08,C82017516,33836.28,21563.2,C27927298,9295.13,21568.21,0,0
11,TRANSFER,8454.21,C94743076,18618.98,10164.77,C94019376,192499.68,200953.89,0,0
11,CASH_OUT,5298.6,C29777514,14313.34,9014.74,C41966313,79989.91,85288.51,0,0
11,CASH_OUT,7993.1,C69686067,9800.44,1807.34,C96702893,69616.99,77610.09,0,0
11,DEBIT,2112.41,C39436733,5679.64,3567.23,C37040091,10371.31,12483.72,0,0
11,TRANSFER,1284.35,C73411827,3476.52,2192.17,C47358810,88194.4,89478.75,0,0
11,CASH_OUT,233.02,C82398083,517.94,284.92,C45106207,86257.58,86490.6,0,0
11,TRANSFER,9487.54,C69619341,34869.45,25381.91,C22485824,97132.85,106620.39,0,0
11,PAYMENT,1350.45,C24039158,444021.78,442671.33,M51971886,0.0,0.0,0,0
11,PAYMENT,67.1,C88990506,33541.35,33474.25,M28639738,0.0,0.0,0,0
12,CASH_OUT,1305790.1,C71031132,1387283.1,0.0,C50045602,72377.35,0.0,1,0
12,TRANSFER,1730.67,C37057085,4425.84,2695.17,C46066605,137960.09,139690.76,0,0
12,TRANSFER,17735.78,C63339667,56399.0,38663.22,M31217198,96904.01,114639.79,0,0
12,PAYMENT,1472.83,C38984499,321419.42,319946.59,C53928023,0.0,0.0,0,0
12,PAYMENT,89.6,C17672593,413566.03,413476.43,C15892193,0.0,0.0,0,0
12,TRANSFER,9434.93,C17003454,27646.2,18211.27,C61500679,32228.55,41663.48,0,0
12,CASH_OUT,6524.8,C98122539,17870.33,11345.53,C60388958,7486.52,14011.32,0,0
12,CASH_IN,3681.46,C63747791,5455.13,1773.67,C25145751,97014.5,100695.96,0,0
12,PAYMENT,2388.48,C97971488,112907.85,110519.37,C76545476,0.0,0.0,0,0
12,PAYMENT,876.98,C65684858,202831.94,201954.96,C58219001,0.0,0.0,0,0
12,PAYMENT,48.52,C68326160,230629.11,230580.59,M30695604,0.0,0.0,0,0
12,CASH_IN,9088.84,C41711468,17234.23,8145.39,C50300763,85658.92,94747.76,0,0
12,CASH_OUT,2679.3,C20896797,5344.52,2665.22,C81394920,65337.3,68016.6,0,0
12,PAYMENT,265.18,C12823170,207344.6,207079.42,C80322629,0.0,0.0,0,0
13,PAYMENT,1205.19,C14818295,2084.52,879.33,C92232236,0.0,0.0,0,0
13,CASH_OUT,5446.95,C27232410,12190.99,6744.04,C87396877,30459.8,35906.75,0,0
13,PAYMENT,4657.16,C91721371,105011.92,100354.76,C13296743,0.0,0.0,0,0
13,CASH_OUT,4091.15,C11994519,7064.13,2972.98,C62231715,5427.52,9518.67,0,0
13,CASH_OUT,2770.19,C40547349,5873.64,3103.45,C95525640,61975.8,64745.99,0,0
13,PAYMENT,670.02,C67985905,329269.27,328599.25,C23851475,0.0,0.0,0,0
13,CASH_OUT,122.49,C18050510,308.51,186.02,C29353063,22174.71,22297.2,0,0
13,PAYMENT,80.64,C97477029,415282.18,415201.54,C65902739,0.0,0.0,0,0
13,PAYMENT,2911.3,C54550177,147407.81,144496.51,C40655922,0.0,0.0,0,0
13,CASH_OUT,3263.92,C90447099,3562.75,298.83,C37449289,16415.54,19679.46,0,0
13,PAYMENT,1024.78,C62401521,358994.34,357969.56,C85672859,0.0,0.0,0,0
13,TRANSFER,2382.34,C16904975,6748.11,4365.77,C11226946,38321.14,40703.48,0,0
13,TRANSFER,6200.04,C10209961,14701.15,8501.11,C70768130,156502.66,162702.7,0,0
14,CASH_OUT,5090.57,C88714010,9310.35,4219.78,C79961132,92662.65,97753.22,0,0
14,PAYMENT,714.08,C68978194,295227.93,294513.85,C20135622,0.0,0.0,0,0
14,CASH_OUT,3547.2,C67801537,8218.56,4671.36,C63015826,95619.03,99166.23,0,0
14,DEBIT,5424.87,C22517517,10837.03,5412.16,C86884584,53036.43,58461.3,0,0
14,PAYMENT,119.77,C38317637,467783.52,467663.75,C11415698,0.0,0.0,0,0
14,CASH_OUT,184.35,C80162053,371.77,187.42,C63094168,92116.23,92300.58,0,0
14,CASH_OUT,14136.28,C48250360,34789.23,20652.95,C26674831,12838.18,26974.46,0,0
14,CASH_OUT,2506.5,C90014570,6931.45,4424.95,C82312290,50411.01,52917.51,0,0
14,CASH_OUT,3114.78,C75437844,8820.5,5705.72,C12244945,76237.47,79352.25,0,0
14,TRANSFER,34157.53,C73771720,133606.32,99448.79,C75846624,91116.3,125273.83,0,0
14,TRANSFER,39089.1,C82556484,121177.89,82088.79,M92012822,149936.95,189026.05,0,0
14,CASH_IN,1139.48,C20399639,2738.16,1598.68,C22828128,86070.75,87210.23,0,0
14,PAYMENT,169.34,C19010480,467885.01,467715.67,C90531692,0.0,0.0,0,0
14,PAYMENT,158.81,C50559278,102042.76,101883.95,M83867070,0.0,0.0,0,0
15,CASH_OUT,419.25,C88458327,708.78,289.53,C40728728,67237.37,67656.62,0,0
15,PAYMENT,2805.29,C60237832,487639.39,484834.1,C57060874,0.0,0.0,0,0
15,PAYMENT,2536.8,C68812137,272160.76,269623.96,C50232066,0.0,0.0,0,0
15,PAYMENT,198.63,C25585427,355755.66,355557.03,C92533595,0.0,0.0,0,0
15,CASH_OUT,5007.0,C24883373,10843.22,5836.22,C50364158,94267.37,99274.37,0,0
15,DEBIT,6691.47,C60237832,15714.83,9023.36,C84040345,89386.6,96078.07,0,0
15,CASH_OUT,1706.67,C60628276,3148.42,1441.75,C75609379,1277.05,2983.72,0,0
15,PAYMENT,2093.13,C94705205,191673.42,189580.29,M52196099,0.0,0.0,0,0
15,CASH_OUT,23335.02,C29175900,35794.91,12459.89,C94263610,78553.22,101888.24,0,0
15,TRANSFER,5682.93,C27896471,19993.37,14310.44,C76399516,138428.38,144111.31,0,0
15,CASH_OUT,2133.67,C95585469,2271.53,137.86,M44419327,81402.62,83536.29,0,0
15,CASH_IN,9824.2,C55377076,26879.71,17055.51,C96605343,73949.25,83773.45,0,0
15,TRANSFER,16777.42,C34194479,45027.44,28250.02,M97550053,48281.5,65058.92,0,0
16,CASH_OUT,594.19,C25458308,936.01,341.82,C32398441,66449.36,67043.55,0,0
16,CASH_IN,3568.54,C12205915,6334.55,2766.01,C72546007,95670.2,99238.74,0,0
16,CASH_OUT,1978.68,C53112268,4163.64,2184.96,C55332729,1296.52,3275.2,0,0
16,DEBIT,2514.94,C49682169,5636.29,3121.35,M69374716,78092.49,80607.43,0,0
16,PAYMENT,3546.86,C78140959,415331.77,411784.91,C80888325,0.0,0.0,0,0
16,PAYMENT,586.98,C73411827,352905.28,352318.3,C82156607,0.0,0.0,0,0
16,CASH_IN,15089.75,C39161443,37878.52,22788.77,C39127464,54661.51,69751.26,0,0
16,CASH_OUT,5046.15,C94216001,14778.05,9731.9,M48626436,29417.77,34463.92,0,0
16,TRANSFER,4264.27,C31172421,16577.03,12312.76,C38434222,147280.82,151545.09,0,0
16,PAYMENT,1684.49,C57553014,22235.85,20551.36,C72579077,0.0,0.0,0,0
16,CASH_OUT,7890.98,C42747037,10430.75,2539.77,C84892608,84601.42,92492.4,0,0
16,CASH_OUT,528.18,C66629388,1518.51,990.33,C82445335,3994.06,4522.24,0,0
16,TRANSFER,811.38,C42472386,2694.58,1883.2,C92533595,125447.97,126259.35,0,0
16,TRANSFER,7090.66,C90246882,23893.57,16802.91,C28198434,110481.88,117572.54,0,0
17,DEBIT,2210.96,C31227574,5340.27,3129.31,C56533974,52539.51,54750.47,0,0
17,PAYMENT,241.46,C36772387,261261.93,261020.47,M52111160,0.0,0.0,0,0
17,CASH_OUT,4864.53,C33068427,10148.19,5283.66,C58469365,40341.71,45206.24,0,0
17,PAYMENT,141.78,C44392446,441931.58,441789.8,M48553376,0.0,0.0,0,0
17,CASH_OUT,427.73,C88703005,678.87,251.14,C28808678,95030.83,95458.56,0,0
17,CASH_OUT,6175.0,C63339667,13107.48,6932.48,C38138531,75213.38,81388.38,0,0
17,PAYMENT,142.98,C41690501,59131.53,58988.55,M17698469,0.0,0.0,0,0
17,CASH_IN,2394.19,C26941092,3545.07,1150.88,C73820568,64226.44,66620.63,0,0
17,TRANSFER,20206.9,C24923247,22624.29,2417.39,C17195581,177246.37,197453.27,0,0
17,CASH_IN,21393.87,C60867083,55461.75,34067.88,C13498112,11337.4,32731.27,0,0
17,CASH_OUT,2410.1,C64502486,2529.19,119.09,C63795149,51686.78,54096.88,0,0
17,PAYMENT,2261.86,C54039837,258125.91,255864.05,C42122457,0.0,0.0,0,0
17,CASH_OUT,2810.17,C91721371,4476.23,1666.06,C73820568,65152.82,67962.99,0,0
18,CASH_IN,639.4,C13895645,744.7,105.3,C69085720,9595.64,10235.04,0,0
18,TRANSFER,237.02,C45798645,616.16,379.14,C52585056,125759.68,125996.7,0,0
18,TRANSFER,795.41,C85146293,1304.09,508.68,C94263610,137395.63,138191.04,0,0
18,PAYMENT,197.54,C33160465,104378.62,104181.08,M24251766,0.0,0.0,0,0
18,CASH_OUT,6902.99,C97488142,17138.4,10235.41,C93967184,43523.78,50426.77,0,0
18,CASH_OUT,16423.6,C89379016,38958.21,22534.61,C12674689,2375.29,18798.89,0,0
18,TRANSFER,133040.84,C85374852,118272.79,0.0,C28808678,7044.21,140085.05,1,0
18,PAYMENT,3054.25,C48504300,205001.12,201946.87,C45105069,0.0,0.0,0,0
18,PAYMENT,4964.31,C64830300,203415.11,198450.8,C85886408,0.0,0.0,0,0
18,PAYMENT,5263.79,C82238741,195971.93,190708.14,M59167775,0.0,0.0,0,0
18,PAYMENT,3336.58,C98447167,4937.67,1601.09,C42483531,0.0,0.0,0,0
18,TRANSFER,59581.94,C99300492,192917.57,133335.63,C48766747,10057.85,69639.79,0,0
18,PAYMENT,1220.66,C43822301,180134.67,178914.01,M83932683,0.0,0.0,0,0
19,CASH_IN,3752.22,C69329732,5927.28,2175.06,M45899440,68587.87,72340.09,0,0
19,CASH_OUT,5999.51,C58970845,17118.89,11119.38,M86790955,38141.36,44140.87,0,0
19,TRANSFER,255577.12,C48530827,232558.02,0.0,C79043610,79677.04,335254.16,1,1
19,CASH_OUT,4439.13,C95585469,7085.35,2646.22,C33535297,88697.81,93136.94,0,0
19,CASH_IN,282.56,C26706752,772.6,490.04,C17440911,64794.06,65076.62,0,0
19,PAYMENT,4515.99,C15624520,7552.8,3036.81,C60142505,0.0,0.0,0,0
19,DEBIT,3090.88,C60562485,3964.82,873.94,C39796480,4177.31,7268.19,0,0
19,CASH_OUT,1674.37,C20598952,3507.89,1833.52,C75697427,8512.69,10187.06,0,0
19,PAYMENT,944.59,C57469942,371232.38,370287.79,C19531069,0.0,0.0,0,0
19,TRANSFER,10614.92,C30767532,39454.43,28839.51,C76521096,170440.31,181055.23,0,0
19,PAYMENT,5507.44,C66775103,93628.38,88120.94,M65907088,0.0,0.0,0,0
19,CASH_IN,6039.32,C20106509,9092.1,3052.78,C37540722,11462.25,17501.57,0,0
19,TRANSFER,4544.55,C27690330,5286.06,741.51,C25479814,150457.32,155001.87,0,0
19,CASH_OUT,5821.65,C97883261,6673.29,851.64,C68664992,67168.52,72990.17,0,0
20,PAYMENT,3637.45,C64009265,100313.96,96676.51,M55659873,0.0,0.0,0,0
20,CASH_OUT,15008.69,C48605268,25729.05,10720.36,C64766762,67129.56,82138.25,0,0
20,CASH_OUT,4802.02,C90070438,5472.47,670.45,M51954112,19349.86,24151.88,0,0
20,TRANSFER,32488.22,C64807553,96758.59,64270.37,C52209421,138998.17,171486.39,0,0
20,DEBIT,281.36,C78159587,600.34,318.98,C29015320,80769.98,81051.34,0,0
20,PAYMENT,718.52,C79173614,85982.48,85263.96,C63270536,0.0,0.0,0,0
20,CASH_OUT,21871.38,C74019136,53024.94,31153.56,C95728324,64083.85,85955.23,0,0
20,PAYMENT,1362.59,C87265240,181024.03,179661.44,C79760901,0.0,0.0,0,0
20,TRANSFER,42144.5,C58592048,102826.76,60682.26,C28767690,89626.24,131770.74,0,0
20,CASH_OUT,9160.95,C40884937,11154.97,1994.02,C70201634,64555.16,73716.11,0,0
20,TRANSFER,6530.02,C81182864,22720.1,16190.08,C71533194,178368.11,184898.13,0,0
20,PAYMENT,97.04,C95511909,367305.22,367208.18,C64414096,0.0,0.0,0,0
20,DEBIT,8430.59,C41383044,20695.84,12265.25,M77454225,89210.52,97641.11,0,0
21,CASH_IN,28524.37,C90893133,64557.87,36033.5,C76545476,81264.24,109788.61,0,0
21,CASH_OUT,7376.42,C44269370,10515.24,3138.82,C99686372,3665.63,11042.05,0,0
21,CASH_IN,9523.86,C91424737,26552.25,17028.39,C82062301,53967.71,63491.57,0,0
21,PAYMENT,908.24,C35475673,76019.23,75110.99,C42813517,0.0,0.0,0,0
21,PAYMENT,4630.34,C84514489,445935.9,441305.56,M17940667,0.0,0.0,0,0
21,CASH_OUT,1348.02,C61185849,1708.97,360.95,C28767690,50112.32,51460.34,0,0
21,CASH_OUT,4863.35,C26879290,4966.37,103.02,C75581613,23888.08,28751.43,0,0
21,TRANSFER,1546.47,C98010774,4720.58,3174.11,C84204255,151684.01,153230.48,0,0
21,CASH_OUT,3723.05,C62401521,7940.2,4217.15,C46385762,56581.25,60304.3,0,0
21,CASH_OUT,3721.55,C98842638,9169.93,5448.38,C39648058,93917.53,97639.08,0,0
21,DEBIT,4063.77,C81691040,10252.67,6188.9,M97629787,23174.99,27238.76,0,0
21,CASH_OUT,10513.79,C73509974,24572.53,14058.74,C54689713,51788.52,62302.31,0,0
21,TRANSFER,1826.66,C63747464,6856.74,5030.08,C59805178,176428.84,178255.5,0,0
21,PAYMENT,2120.59,C32969840,163387.41,161266.82,C41802361,0.0,0.0,0,0
22,CASH_OUT,6138.33,C70606674,16323.63,10185.3,C85906869,83487.23,89625.56,0,0
22,PAYMENT,229.92,C38682516,273086.33,272856.41,C31493051,0.0,0.0,0,0
22,PAYMENT,657.53,C45594597,327530.31,326872.78,C61091554,0.0,0.0,0,0
22,CASH_OUT,2539.91,C96911784,6783.94,4244.03,C89484162,51666.29,54206.2,0,0
22,TRANSFER,28240.74,C46023439,71988.9,43748.16,C32533467,71226.7,99467.44,0,0
22,PAYMENT,1092.29,C28463709,244457.06,243364.77,C56226575,0.0,0.0,0,0
22,CASH_OUT,2575.4,C34359060,5160.26,2584.86,C27286109,13896.83,16472.23,0,0
22,CASH_OUT,9965.7,C45650176,22791.1,12825.4,M48851599,21151.71,31117.41,0,0
22,CASH_IN,845.41,C46553958,1457.86,612.45,M85554415,71730.27,72575.68,0,0
22,CASH_IN,3437.51,C98447167,5021.15,1583.64,C79043610,81117.26,84554.77,0,0
22,PAYMENT,931.88,C99300492,241795.29,240863.41,M35479101,0.0,0.0,0,0
22,CASH_IN,3442.46,C15399803,4893.14,1450.68,C24301022,16124.63,19567.09,0,0
22,PAYMENT,1515.23,C23891786,13178.13,11662.9,C71204580,0.0,0.0,0,0
23,PAYMENT,128.34,C95899313,287596.28,287467.94,M27976443,0.0,0.0,0,0
23,PAYMENT,215.53,C98231132,315511.13,315295.6,M19869264,0.0,0.0,0,0
23,PAYMENT,234.19,C95225343,286990.11,286755.92,C87025433,0.0,0.0,0,0
23,CASH_OUT,1053.73,C45264581,1433.15,379.42,M40540334,95823.83,96877.56,0,0
23,PAYMENT,3416.46,C95445405,282675.14,279258.68,C76596831,0.0,0.0,0,0
23,TRANSFER,13315.47,C22448136,39749.81,26434.34,C39835008,57407.47,70722.94,0,0
23,PAYMENT,330.33,C51273847,225703.27,225372.94,M28450513,0.0,0.0,0,0
23,PAYMENT,287.57,C20796722,241870.86,241583.29,C29907683,0.0,0.0,0,0
23,PAYMENT,302.22,C15197528,206561.89,206259.67,C56496201,0.0,0.0,0,0
23,PAYMENT,202.83,C84593961,292157.78,291954.95,C58335011,0.0,0.0,0,0
23,TRANSFER,2873.11,C37437207,7275.91,4402.8,M98882576,34376.62,37249.73,0,0
23,TRANSFER,8500.06,C96347724,23711.77,15211.71,C94019376,14699.74,23199.8,0,0
23,CASH_OUT,250.53,C47437115,258.83,8.3,C16135823,52271.13,52521.66,0,0
23,CASH_OUT,4992.97,C29602406,13246.49,8253.52,C74992426,60551.1,65544.07,0,0
24,PAYMENT,3112.2,C31172421,451000.89,447888.69,C30699187,0.0,0.0,0,0
24,CASH_IN,365.11,C35519083,1006.06,640.95,M99635939,53143.0,53508.11,0,0
24,PAYMENT,2471.4,C31127198,48408.6,45937.2,M13110670,0.0,0.0,0,0
24,CASH_OUT,1069.9,C54762841,2223.86,1153.96,M16072331,120.02,1189.92,0,0
24,PAYMENT,704.18,C78092370,339922.56,339218.38,C17772004,0.0,0.0,0,0
24,TRANSFER,11656.02,C17195288,42246.93,30590.91,C75901885,139830.92,151486.94,0,0
24,TRANSFER,7550.69,C63782042,18471.78,10921.09,M76489301,153965.66,161516.35,0,0
24,CASH_OUT,236.86,C32520277,666.93,430.07,C10597274,83719.05,83955.91,0,0
24,PAYMENT,1884.24,C29208935,213893.72,212009.48,M37383505,0.0,0.0,0,0
24,DEBIT,3633.9,C33357554,9200.01,5566.11,C30706693,91008.54,94642.44,0,0
24,TRANSFER,1460.34,C75579548,3842.44,2382.1,C79839059,52303.19,53763.53,0,0
24,TRANSFER,9227.28,C66629388,9424.21,196.93,C40358823,104985.59,114212.87,0,0
24,PAYMENT,480.51,C71308842,188764.88,188284.37,M92523968,0.0,0.0,0,0
25,TRANSFER,343.3,C27105448,764.37,421.07,C75140950,22210.06,22553.36,0,0
25,PAYMENT,366.34,C34744872,293514.35,293148.01,C67467610,0.0,0.0,0,0
25,PAYMENT,201.34,C53251559,268980.24,268778.9,C28268622,0.0,0.0,0,0
25,DEBIT,4551.99,C13885234,10122.54,5570.55,C15307982,99179.87,103731.86,0,0
25,CASH_OUT,7833.55,C64277800,16483.43,8649.88,C12240013,55756.27,63589.82,0,0
25,TRANSFER,1191.19,C50603163,2919.94,1728.75,C12058055,197713.14,198904.33,0,0
25,TRANSFER,10707.08,C44088261,23495.5,12788.42,C16292676,28475.64,39182.72,0,0
25,CASH_OUT,2875.17,C58667035,4196.43,1321.26,C48833650,78310.93,81186.1,0,0
25,PAYMENT,510.64,C83284724,51938.75,51428.11,M51295819,0.0,0.0,0,0
25,TRANSFER,12558.7,C91721371,42731.75,30173.05,C83356206,123191.05,135749.75,0,0
25,CASH_OUT,2251.03,C79987997,4002.8,1751.77,C38644905,63587.66,65838.69,0,0
25,CASH_IN,4704.17,C30517835,12449.64,7745.47,M96155337,47166.87,51871.04,0,0
25,PAYMENT,171.01,C93334601,45894.06,45723.05,C64395532,0.0,0.0,0,0
25,PAYMENT,433.46,C69345683,186675.89,186242.43,M53106399,0.0,0.0,0,0
26,PAYMENT,319.74,C65767881,362798.37,362478.63,M21783073,0.0,0.0,0,0
26,PAYMENT,295.6,C92518345,307754.86,307459.26,C83356206,0.0,0.0,0,0
26,DEBIT,468.18,C61484043,1134.5,666.32,C22205980,59747.26,60215.44,0,0
26,TRANSFER,6439.67,C98195059,18809.46,12369.79,C68718382,88355.44,94795.11,0,0
26,CASH_IN,644.14,C83227889,1490.39,846.25,C52279780,80390.99,81035.13,0,0
26,TRANSFER,909284.5,C71265269,961938.27,0.0,M74398125,16948.29,0.0,1,1
26,CASH_IN,10081.22,C87388337,10087.01,5.79,C86514083,15744.48,25825.7,0,0
26,CASH_OUT,1541.38,C94525678,3605.79,2064.41,C99399687,40545.1,42086.48,0,0
26,PAYMENT,1666.84,C25015458,9652.53,7985.69,C90961645,0.0,0.0,0,0
26,CASH_IN,4118.25,C70606674,11689.05,7570.8,M40262109,54959.27,59077.52,0,0
26,CASH_OUT,1692.38,C98145654,3665.47,1973.09,C82684966,34747.51,36439.89,0,0
26,CASH_OUT,1085.39,C50643870,3175.98,2090.59,C80890196,45475.9,46561.29,0,0
26,PAYMENT,841.22,C70900658,4316.42,3475.2,C56047142,0.0,0.0,0,0
27,TRANSFER,3431.35,C56843172,9181.92,5750.57,C28453800,101130.66,104562.01,0,0
27,PAYMENT,1424.8,C40094589,60270.48,58845.68,C29012298,0.0,0.0,0,0
27,PAYMENT,1315.68,C25228493,130331.31,129015.63,C33381086,0.0,0.0,0,0
27,PAYMENT,994.18,C65133300,397107.85,396113.67,C17069536,0.0,0.0,0,0
27,TRANSFER,738.58,C53779528,1574.09,835.51,C67418250,97242.35,97980.93,0,0
27,PAYMENT,226.52,C58884978,171151.06,170924.54,C38956527,0.0,0.0,0,0
27,PAYMENT,6911.8,C84990607,341434.15,334522.35,C20526386,0.0,0.0,0,0
27,PAYMENT,2500.11,C31516757,431287.59,428787.48,C36484437,0.0,0.0,0,0
27,PAYMENT,1726.21,C34359060,130394.24,128668.03,M51411602,0.0,0.0,0,0
27,CASH_OUT,4577.23,C13852048,6594.71,2017.48,C82156607,70117.61,74694.84,0,0
27,TRANSFER,6469.09,C96629889,13321.72,6852.63,C66925500,107594.73,114063.82,0,0
27,PAYMENT,3988.83,C25356396,133148.15,129159.32,C10196231,0.0,0.0,0,0
27,CASH_OUT,16815.88,C99600766,41998.94,25183.06,M64504816,34199.29,51015.17,0,0
28,PAYMENT,1978.83,C81621574,90885.9,88907.07,C57201978,0.0,0.0,0,0
28,CASH_IN,1049.78,C10791358,1508.67,458.89,C17734153,57371.26,58421.04,0,0
28,PAYMENT,2037.09,C99038526,373585.82,371548.73,C29012298,0.0,0.0,0,0
28,CASH_OUT,9270.39,C10209961,22937.03,13666.64,C61338023,23486.14,32756.53,0,0
28,PAYMENT,2389.08,C79782527,134171.88,131782.8,C64276605,0.0,0.0,0,0
28,PAYMENT,278.07,C63643924,417800.36,417522.29,M69374716,0.0,0.0,0,0
28,PAYMENT,2537.65,C15253567,179301.63,176763.98,C48766747,0.0,0.0,0,0
28,CASH_OUT,3751.88,C12515446,4340.83,588.95,M70343755,95577.97,99329.85,0,0
28,TRANSFER,1289206.77,C14925405,1648891.0,359684.23,C34931439,37119.65,0.0,1,1
28,DEBIT,2541.56,C78901038,7101.12,4559.56,C94597104,86876.88,89418.44,0,0
28,CASH_OUT,2941.37,C98930456,8330.0,5388.63,M80528349,28026.66,30968.03,0,0
28,TRANSFER,7553.93,C56930359,8781.02,1227.09,C52476240,160054.71,167608.64,0,0
28,PAYMENT,2075.17,C87342561,271302.44,269227.27,C12674689,0.0,0.0,0,0
28,TRANSFER,3270.91,C69329732,10005.77,6734.86,C65878146,35785.27,39056.18,0,0
29,DEBIT,2471.66,C23770458,5923.31,3451.65,M38876195,46007.06,48478.72,0,0
29,TRANSFER,335859.77,C75802771,366256.46,0.0,M95828117,61277.81,0.0,1,1
29,CASH_IN,4944.0,C65026398,7288.83,2344.83,C31436829,47134.54,52078.54,0,0
29,PAYMENT,4225.93,C46578001,184230.23,180004.3,C67337891,0.0,0.0,0,0
29,CASH_OUT,2089.13,C65465150,5016.89,2927.76,C80381817,37230.96,39320.09,0,0
29,PAYMENT,2380.0,C98870276,141255.51,138875.51,C83356206,0.0,0.0,0,0
29,CASH_OUT,3862.07,C97775215,8310.35,4448.28,C70726434,22856.67,26718.74,0,0
29,DEBIT,7819.95,C70597444,12041.93,4221.98,C19182050,23580.52,31400.47,0,0
29,PAYMENT,570.34,C30024960,191679.92,191109.58,C30858851,0.0,0.0,0,0
29,PAYMENT,2053.55,C39219319,479655.66,477602.11,C40655922,0.0,0.0,0,0
29,PAYMENT,1275.57,C88406989,403222.84,401947.27,C93029219,0.0,0.0,0,0
29,CASH_OUT,10518.34,C59597086,31461.65,20943.31,C77406294,84938.99,95457.33,0,0
29,PAYMENT,2592.71,C78299645,360839.04,358246.33,C95004924,0.0,0.0,0,0
30,PAYMENT,2820.62,C12799319,151417.02,148596.4,C78778646,0.0,0.0,0,0
30,PAYMENT,769.47,C95060193,284781.59,284012.12,C52148834,0.0,0.0,0,0
30,CASH_OUT,862.11,C51098277,965.63,103.52,M91424562,81381.81,82243.92,0,0
30,PAYMENT,1931.56,C87201917,315671.38,313739.82,C15892193,0.0,0.0,0,0
30,CASH_OUT,5174.22,C31009452,8909.61,3735.39,C42123815,56035.0,61209.22,0,0
30,CASH_OUT,3962.35,C42287985,4119.54,157.19,C52940967,12123.75,16086.1,0,0
30,PAYMENT,646.27,C40406092,481632.05,480985.78,C99139874,0.0,0.0,0,0
30,PAYMENT,3596.31,C67403166,288795.44,285199.13,C42737441,0.0,0.0,0,0
30,CASH_OUT,2611.23,C41690501,6686.36,4075.13,C70272714,35510.9,38122.13,0,0
30,TRANSFER,35413.88,C89034501,113663.63,78249.75,C50890504,178036.86,213450.74,0,0
30,PAYMENT,1333.67,C99682738,144688.74,143355.07,C66779304,0.0,0.0,0,0
30,TRANSFER,11444.13,C95282470,17197.4,5753.27,C33381086,161735.71,173179.84,0,0
30,PAYMENT,3095.04,C20993268,316374.16,313279.12,C77406294,0.0,0.0,0,0
30,CASH_IN,4213.58,C32814819,11367.4,7153.82,C19976458,7134.41,11347.99,0,0
31,CASH_OUT,12837.35,C85863473,20973.1,8135.75,C84605013,29135.64,41972.99,0,0
31,CASH_OUT,877.55,C99100953,1353.62,476.07,C21375216,44489.84,45367.39,0,0
31,CASH_OUT,4716.1,C58563745,10252.04,5535.94,C90753812,96552.6,101268.7,0,0
31,TRANSFER,16101.88,C36054020,17217.79,1115.91,M88319168,145826.71,161928.59,0,0
31,CASH_IN,13039.38,C19208698,37564.82,24525.44,C74082804,70069.69,83109.07,0,0
31,TRANSFER,1542.14,C30513739,2018.7,476.56,M16813620,13694.69,15236.83,0,0
31,CASH_IN,9178.59,C65144509,19246.29,10067.7,C49645162,2636.49,11815.08,0,0
31,PAYMENT,3814.46,C64277800,382968.19,379153.73,C60473288,0.0,0.0,0,0
31,DEBIT,3707.76,C53507489,5653.98,1946.22,M24251766,15527.44,19235.2,0,0
31,CASH_OUT,2595.82,C71031132,4201.96,1606.14,C57201978,24739.65,27335.47,0,0
31,PAYMENT,622.4,C16740197,313987.38,313364.98,C80888325,0.0,0.0,0,0
31,CASH_OUT,73.21,C69476001,77.39,4.18,C85678734,66354.91,66428.12,0,0
31,PAYMENT,771.67,C22543044,163950.26,163178.59,C34134478,0.0,0.0,0,0
32,TRANSFER,30387.11,C87201917,79667.48,49280.37,C70471823,55210.47,85597.58,0,0
32,PAYMENT,649.16,C93955206,484832.05,484182.89,M61854861,0.0,0.0,0,0
32,CASH_OUT,3059.39,C81210133,6715.88,3656.49,C74321792,63104.75,66164.14,0,0
32,PAYMENT,913.42,C50851122,282864.27,281950.85,C26301180,0.0,0.0,0,0
32,PAYMENT,301.08,C19369750,320485.07,320183.99,C59239353,0.0,0.0,0,0
32,TRANSFER,6614.51,C37760841,17323.43,10708.92,C82968364,161136.85,167751.36,0,0
32,CASH_IN,2300.17,C50987442,3982.9,1682.73,C82383656,25980.7,28280.87,0,0
32,CASH_OUT,1227685.19,C30244148,1502653.82,0.0,M64520614,46919.8,0.0,1,0
32,CASH_OUT,115.9,C66348030,226.48,110.58,C61705758,913.26,1029.16,0,0
32,CASH_OUT,1030.29,C87446468,1506.73,476.44,C44241100,721.8,1752.09,0,0
32,CASH_IN,854.73,C82232344,1558.58,703.85,M74985553,56055.44,56910.17,0,0
32,TRANSFER,1170.56,C70152969,3759.08,2588.52,C99826000,78554.93,79725.49,0,0
32,CASH_IN,3537.73,C47437115,5398.44,1860.71,M97313825,42223.94,45761.67,0,0
32,CASH_OUT,397.16,C35511941,1119.95,722.79,C50323741,80757.49,81154.65,0,0
33,CASH_OUT,1228.01,C50484137,3052.65,1824.64,C83717007,80880.86,82108.87,0,0
33,DEBIT,1197.94,C47983442,3242.78,2044.84,M91883092,18240.72,19438.66,0,0
33,PAYMENT,65.85,C69401199,319172.57,319106.72,M66121095,0.0,0.0,0,0
33,TRANSFER,10084.53,C40281491,28925.07,18840.54,C63458386,38370.1,48454.63,0,0
33,PAYMENT,2251.0,C60992979,26716.77,24465.77,M52752377,0.0,0.0,0,0
33,TRANSFER,9017.89,C53188224,11784.76,2766.87,M20319387,54569.83,63587.72,0,0
33,TRANSFER,6245.18,C27463800,10607.01,4361.83,C95462880,30986.06,37231.24,0,0
33,CASH_OUT,893.52,C21819185,1450.32,556.8,M10695441,79946.24,80839.76,0,0
33,PAYMENT,2978.42,C33640702,349073.53,346095.11,C92391596,0.0,0.0,0,0
33,CASH_IN,2386.51,C41244663,2769.42,382.91,C82445335,75056.96,77443.47,0,0
33,PAYMENT,1559.23,C17849494,134718.78,133159.55,M87161840,0.0,0.0,0,0
33,TRANSFER,408.57,C84514489,631.16,222.59,M36347197,179244.1,179652.67,0,0
33,PAYMENT,1898.02,C53779528,192025.55,190127.53,C47890586,0.0,0.0,0,0
34,CASH_OUT,187.35,C39587039,455.14,267.79,M16530784,38479.79,38667.14,0,0
34,PAYMENT,404.14,C83212334,125086.77,124682.63,C80888325,0.0,0.0,0,0
34,CASH_OUT,149.54,C70855700,380.13,230.59,M62953249,52113.91,52263.45,0,0
34,PAYMENT,2423.53,C38195995,195783.23,193359.7,C93029219,0.0,0.0,0,0
34,PAYMENT,1596.55,C14915156,468235.19,466638.64,C27092236,0.0,0.0,0,0
34,PAYMENT,167.11,C89795010,364662.06,364494.95,C32448383,0.0,0.0,0,0
34,PAYMENT,1931.64,C81200181,275690.81,273759.17,C22114140,0.0,0.0,0,0
34,DEBIT,8916.25,C96728778,17497.78,8581.53,C10916723,29881.31,38797.56,0,0
34,TRANSFER,13334.52,C26247735,40004.68,26670.16,C22345163,194681.54,208016.06,0,0
34,PAYMENT,530.4,C52101056,218212.5,217682.1,C40177972,0.0,0.0,0,0
34,DEBIT,115.44,C31429110,298.85,183.41,M88319168,58469.69,58585.13,0,0
34,PAYMENT,359.58,C22489409,123058.49,122698.91,C67622968,0.0,0.0,0,0
34,PAYMENT,310.3,C35074182,291376.36,291066.06,M31139996,0.0,0.0,0,0
35,CASH_OUT,2785.93,C20843514,3649.52,863.59,C45966597,77079.7,79865.63,0,0
35,DEBIT,8553.48,C51511484,17105.58,8552.1,M85554415,68594.46,77147.94,0,0
35,PAYMENT,460.49,C82399599,484886.55,484426.06,C13785821,0.0,0.0,0,0
35,TRANSFER,10807.81,C25276327,22334.91,11527.1,C77838742,31629.77,42437.58,0,0
35,PAYMENT,1477.84,C86745380,55481.04,54003.2,C45292504,0.0,0.0,0,0
35,TRANSFER,9736.81,C24039158,26046.47,16309.66,M90904160,129284.55,139021.36,0,0
35,TRANSFER,4285.6,C25353091,13712.06,9426.46,C34019729,5249.21,9534.81,0,0
35,CASH_IN,7261.27,C21631697,17781.39,10520.12,C44224936,25069.62,32330.89,0,0
35,PAYMENT,3052.76,C95225343,353899.74,350846.98,C70242778,0.0,0.0,0,0
35,TRANSFER,27094.47,C41510328,66930.82,39836.35,C10404729,113773.65,140868.12,0,0
35,CASH_OUT,2818.78,C77416376,5459.38,2640.6,C64795619,86766.18,89584.96,0,0
35,PAYMENT,479.35,C39394291,430559.31,430079.96,C62127652,0.0,0.0,0,0
35,TRANSFER,12144.37,C66267415,28516.83,16372.46,M56442431,164064.29,176208.66,0,0
35,PAYMENT,235.11,C30415230,228131.33,227896.22,C88864147,0.0,0.0,0,0
36,CASH_OUT,20853.12,C99663907,51451.23,30598.11,C86868379,88293.24,109146.36,0,0
36,TRANSFER,2360.26,C22120246,6751.74,4391.48,C24181143,64818.12,67178.38,0,0
36,PAYMENT,37.84,C31472420,483647.25,483609.41,C53440052,0.0,0.0,0,0
36,CASH_IN,676.41,C51662236,933.27,256.86,C12176998,68322.42,68998.83,0,0
36,CASH_OUT,1651.41,C90440034,2586.53,935.12,C63635785,40980.45,42631.86,0,0
36,CASH_OUT,5319.44,C99774697,12329.3,7009.86,M66121095,4377.73,9697.17,0,0
36,CASH_OUT,1206.01,C78092370,1281.44,75.43,M59115280,10705.52,11911.53,0,0
36,PAYMENT,230.81,C43704923,17844.94,17614.13,M91424562,0.0,0.0,0,0
36,CASH_IN,10403.01,C66254240,18488.2,8085.19,C66346728,48990.96,59393.97,0,0
36,CASH_OUT,4637.92,C45186708,5093.23,455.31,C32216400,22072.28,26710.2,0,0
36,CASH_OUT,1383526.93,C54244334,1560444.99,176918.06,M43635675,83207.77,0.0,1,0
36,PAYMENT,3697.31,C28208520,181741.17,178043.86,M27224779,0.0,0.0,0,0
36,TRANSFER,5897.33,C94982908,20440.61,14543.28,C41222178,159055.67,164953.0,0,0
37,TRANSFER,677.26,C58586340,1752.11,1074.85,C42559072,147125.77,147803.03,0,0
37,PAYMENT,2019.31,C21318464,40811.82,38792.51,C66420024,0.0,0.0,0,0
37,PAYMENT,1396.3,C65259205,260703.67,259307.37,C60785855,0.0,0.0,0,0
37,PAYMENT,749.71,C40158366,117046.97,116297.26,C38595818,0.0,0.0,0,0
37,PAYMENT,669.32,C57623800,98173.49,97504.17,M43087238,0.0,0.0,0,0
37,CASH_OUT,1812.86,C96128115,5248.24,3435.38,C21641746,55842.35,57655.21,0,0
37,CASH_OUT,3281.8,C19183277,8311.38,5029.58,C75478707,57656.37,60938.17,0,0
37,CASH_OUT,13859.61,C33386929,25697.8,11838.19,C20526386,10410.24,24269.85,0,0
37,CASH_OUT,1259.98,C20555833,2531.79,1271.81,M37828932,65753.19,67013.17,0,0
37,PAYMENT,466.25,C60628276,222620.06,222153.81,C62686364,0.0,0.0,0,0
37,CASH_OUT,313.98,C31980274,936.58,622.6,C83912181,32465.41,32779.39,0,0
37,TRANSFER,11001.15,C80027662,25212.04,14210.89,C92924441,145447.67,156448.82,0,0
37,PAYMENT,2220.47,C53851498,282446.06,280225.59,M31809610,0.0,0.0,0,0
37,PAYMENT,127.17,C65337219,383322.69,383195.52,C84098828,0.0,0.0,0,0
38,CASH_OUT,3470.85,C81947921,10146.35,6675.5,C42123815,44749.98,48220.83,0,0
38,CASH_OUT,2903.12,C64277800,8610.4,5707.28,M20746667,59576.28,62479.4,0,0
38,PAYMENT,2574.74,C65766169,496719.18,494144.44,M61854861,0.0,0.0,0,0
38,CASH_OUT,5982.24,C82498004,8637.0,2654.76,M57319709,85572.04,91554.28,0,0
38,PAYMENT,1348.24,C45503389,411326.08,409977.84,C97219985,0.0,0.0,0,0
38,TRANSFER,1252.61,C69533928,3333.18,2080.57,C50790016,111708.29,112960.9,0,0
38,CASH_IN,785.65,C81947921,1028.75,243.1,C70726434,3773.63,4559.28,0,0
38,CASH_IN,3003.01,C60372847,3834.29,831.28,M78412668,36708.29,39711.3,0,0
38,PAYMENT,1181.0,C19913576,118031.09,116850.09,C99826000,0.0,0.0,0,0
38,DEBIT,6638.04,C53380275,7858.18,1220.14,C14259382,39979.82,46617.86,0,0
38,CASH_OUT,5426.19,C80836292,13278.76,7852.57,M83867070,79290.42,84716.61,0,0
38,CASH_OUT,9508.86,C38609087,22623.39,13114.53,C13524813,57623.25,67132.11,0,0
38,PAYMENT,1018.33,C52773159,298425.14,297406.81,M31217198,0.0,0.0,0,0
39,PAYMENT,6603.34,C46468984,365933.1,359329.76,M69741812,0.0,0.0,0,0
39,CASH_IN,251.13,C41163805,290.55,39.42,C72546007,5592.27,5843.4,0,0
39,CASH_OUT,13017.92,C26104026,34292.89,21274.97,C52802529,41652.17,54670.09,0,0
39,PAYMENT,1268.8,C28463709,435153.68,433884.88,M38876195,0.0,0.0,0,0
39,CASH_IN,222.68,C19317495,513.4,290.72,C89715904,60230.16,60452.84,0,0
39,CASH_OUT,1814.47,C83140807,3202.49,1388.02,C48744673,30478.34,32292.81,0,0
39,CASH_IN,17762.35,C31931511,36943.19,19180.84,C30820038,14958.0,32720.35,0,0
39,CASH_IN,3264.31,C93940940,4705.81,1441.5,C97857309,5051.98,8316.29,0,0
39,DEBIT,9357.14,C67594492,27529.46,18172.32,C60981231,75284.02,84641.16,0,0
39,PAYMENT,2658.4,C88270025,46861.31,44202.91,C20324210,0.0,0.0,0,0
39,PAYMENT,1370.51,C30364454,393611.41,392240.9,C65757342,0.0,0.0,0,0
39,PAYMENT,202.72,C52091325,169411.75,169209.03,M85405783,0.0,0.0,0,0
39,PAYMENT,1797.52,C40725714,373166.89,371369.37,C70726434,0.0,0.0,0,0
39,PAYMENT,1945.2,C29348212,132753.87,130808.67,C57268285,0.0,0.0,0,0
40,PAYMENT,578.14,C99115205,218376.57,217798.43,C32442197,0.0,0.0,0,0
40,TRANSFER,18869.17,C49580505,46093.0,27223.83,M63765155,40423.6,59292.77,0,0
40,PAYMENT,1484.81,C12314351,286522.68,285037.87,C32277675,0.0,0.0,0,0
40,DEBIT,4833.78,C68246664,14473.1,9639.32,C96605343,52424.78,57258.56,0,0
40,PAYMENT,47.06,C82269803,134596.03,134548.97,M36347197,0.0,0.0,0,0
40,DEBIT,157.49,C19943140,373.17,215.68,C42301683,57601.82,57759.31,0,0
40,DEBIT,3813.82,C38754377,6968.48,3154.66,C70665302,36526.76,40340.58,0,0
40,CASH_IN,8066.86,C77834855,13625.33,5558.47,C25145751,65540.99,73607.85,0,0
40,CASH_IN,2209.39,C48848936,2957.29,747.9,C61335545,34971.64,37181.03,0,0
40,CASH_OUT,2620.25,C59491122,3384.41,764.16,C16171536,4487.76,7108.01,0,0
40,TRANSFER,11950.39,C78093604,25352.3,13401.91,M54968591,151789.02,163739.41,0,0
40,DEBIT,20751.99,C56952151,25415.86,4663.87,M97393186,5453.8,26205.79,0,0
40,CASH_OUT,2754.42,C57284777,7540.24,4785.82,C93135800,82013.4,84767.82,0,0
41,TRANSFER,16153.81,C47338124,21546.5,5392.69,C84605013,90562.25,106716.06,0,0
41,PAYMENT,185.6,C71662963,106086.75,105901.15,C28808678,0.0,0.0,0,0
41,TRANSFER,4163.31,C65133300,10698.86,6535.55,M81275182,52472.94,56636.25,0,0
41,PAYMENT,409.09,C68503492,365501.94,365092.85,C75043108,0.0,0.0,0,0
41,PAYMENT,37.05,C71070189,349980.11,349943.06,C27705074,0.0,0.0,0,0
41,CASH_IN,2841.1,C23718431,6153.85,3312.75,C61091554,66352.83,69193.93,0,0
41,TRANSFER,13759.99,C84752529,25484.06,11724.07,C45835371,158048.51,171808.5,0,0
41,PAYMENT,4502.43,C40281491,28436.45,23934.02,C65813853,0.0,0.0,0,0
41,CASH_OUT,598251.59,C26395999,559757.2,0.0,C17993466,66010.04,664261.63,1,0
41,PAYMENT,820.85,C60992979,433970.4,433149.55,C51361818,0.0,0.0,0,0
41,DEBIT,14527.81,C41690501,21244.56,6716.75,C39698906,38070.12,52597.93,0,0
41,TRANSFER,11504.73,C44210729,28232.45,16727.72,M29282885,119824.18,131328.91,0,0
41,PAYMENT,7104.17,C20570592,101039.85,93935.68,M83319550,0.0,0.0,0,0
41,PAYMENT,4300.01,C68646621,281222.4,276922.39,C61518966,0.0,0.0,0,0
42,CASH_OUT,1385348.42,C21457410,1319494.17,0.0,M69584522,74439.07,0.0,1,0
42,CASH_OUT,3644.26,C79987997,5847.77,2203.51,C40245233,99599.44,103243.7,0,0
42,PAYMENT,301.34,C93568503,406322.64,406021.3,C80532309,0.0,0.0,0,0
42,PAYMENT,319.5,C59858348,439581.28,439261.78,C86890296,0.0,0.0,0,0
42,CASH_OUT,2204.88,C91156554,6368.3,4163.42,C79226031,94911.64,97116.52,0,0
42,PAYMENT,5225.63,C63481198,172209.5,166983.87,M92284610,0.0,0.0,0,0
42,DEBIT,13188.27,C42255732,16808.73,3620.46,C90108882,72988.97,86177.24,0,0
42,CASH_IN,1005.17,C29413516,2368.17,1363.0,C60785855,87270.15,88275.32,0,0
42,TRANSFER,17137.64,C14180968,46592.03,29454.39,M66087572,85866.53,103004.17,0,0
42,CASH_OUT,885.56,C87267850,1681.09,795.53,C61338023,13177.21,14062.77,0,0
42,CASH_OUT,1320.85,C18126895,3127.9,1807.05,M25946545,20231.02,21551.87,0,0
42,PAYMENT,1164.96,C63826716,344888.98,343724.02,C97715861,0.0,0.0,0,0
42,CASH_OUT,4388.53,C29776801,8163.23,3774.7,C53739710,90900.21,95288.74,0,0
43,PAYMENT,3158.99,C54039837,328803.41,325644.42,M15402922,0.0,0.0,0,0
43,PAYMENT,218.06,C13885234,80707.86,80489.8,C39396392,0.0,0.0,0,0
43,DEBIT,15628.38,C43744231,32287.03,16658.65,C87206788,71944.05,87572.43,0,0
43,DEBIT,8340.94,C45496015,22345.75,14004.81,C43220503,14552.28,22893.22,0,0
43,CASH_OUT,4052.07,C98753260,11936.56,7884.49,C30492422,96119.62,100171.69,0,0
43,PAYMENT,797.52,C30244148,373313.65,372516.13,C80888325,0.0,0.0,0,0
43,TRANSFER,3709.27,C59491122,11925.37,8216.1,C33193791,31239.45,34948.72,0,0
43,CASH_OUT,3474.66,C91178885,3656.72,182.06,M70343755,98595.56,102070.22,0,0
43,PAYMENT,383.04,C20106509,303591.05,303208.01,C92493631,0.0,0.0,0,0
43,CASH_OUT,445.92,C77349752,651.86,205.94,M15028625,2608.45,3054.37,0,0
43,DEBIT,3467.44,C36697396,8875.44,5408.0,C56135950,13408.66,16876.1,0,0
43,TRANSFER,10869.86,C54250344,32052.02,21182.16,C89211057,37611.32,48481.18,0,0
43,CASH_OUT,2187.09,C90014570,2903.52,716.43,C53544301,22627.31,24814.4,0,0
44,CASH_OUT,4220.47,C81922443,12032.01,7811.54,C82162880,95019.8,99240.27,0,0
44,PAYMENT,3173.37,C50962024,336326.87,333153.5,C62579931,0.0,0.0,0,0
44,CASH_OUT,5421.33,C59555330,7341.33,1920.0,C38956527,95469.91,100891.24,0,0
44,DEBIT,10148.1,C70467027,22672.06,12523.96,C53995720,68786.27,78934.37,0,0
44,CASH_OUT,9120.43,C35770506,16919.41,7798.98,C61518966,77621.47,86741.9,0,0
44,CASH_OUT,5749.37,C49609054,14030.77,8281.4,C21307671,39415.07,45164.44,0,0
44,CASH_OUT,7036.1,C12729224,14581.04,7544.94,C62579931,64139.38,71175.48,0,0
44,PAYMENT,3201.32,C40667888,21178.96,17977.64,C27036337,0.0,0.0,0,0
44,DEBIT,198.42,C54349361,379.74,181.32,C37804291,87776.7,87975.12,0,0
44,CASH_OUT,739.82,C68743530,1325.18,585.36,C92000924,73517.01,74256.83,0,0
44,PAYMENT,2050.99,C92874006,259031.09,256980.1,C12176998,0.0,0.0,0,0
44,PAYMENT,2565.35,C96926431,26549.13,23983.78,C33851602,0.0,0.0,0,0
44,CASH_OUT,3590.98,C67276174,5778.28,2187.3,C21097943,82762.1,86353.08,0,0
44,PAYMENT,517.49,C96924061,212386.17,211868.68,M40540334,0.0,0.0,0,0
45,CASH_OUT,19915.82,C46578001,40507.57,20591.75,C73308406,14223.96,34139.78,0,0
45,CASH_OUT,1554.2,C53154591,3800.48,2246.28,C45274462,11317.16,12871.36,0,0
45,CASH_OUT,3932.49,C68548403,9407.41,5474.92,C63094168,13530.67,17463.16,0,0
45,CASH_OUT,615.74,C23492385,836.03,220.29,C42301683,59031.55,59647.29,0,0
45,CASH_OUT,3946.43,C21457410,7535.18,3588.75,C35118997,25008.23,28954.66,0,0
45,CASH_IN,2141.78,C91644298,6027.66,3885.88,C41802361,79648.62,81790.4,0,0
45,CASH_OUT,13493.3,C99927658,16574.22,3080.92,C28767690,44939.84,58433.14,0,0
45,PAYMENT,4162.38,C67495923,262861.02,258698.64,M45521514,0.0,0.0,0,0
45,CASH_OUT,401.24,C34406132,811.84,410.6,C65258766,94975.39,95376.63,0,0
45,PAYMENT,1857.39,C70505620,191542.29,189684.9,C96574622,0.0,0.0,0,0
45,PAYMENT,1319.02,C38351344,456301.88,454982.86,M29834119,0.0,0.0,0,0
45,PAYMENT,1464.99,C53536830,330446.11,328981.12,C44918995,0.0,0.0,0,0
45,PAYMENT,3088.17,C73993471,434671.63,431583.46,M94457912,0.0,0.0,0,0
46,CASH_IN,17399.18,C50603163,42177.26,24778.08,C81993070,41958.17,59357.35,0,0
46,CASH_OUT,746.81,C18357162,1413.35,666.54,C26529882,62645.28,63392.09,0,0
46,CASH_OUT,174.47,C22660194,245.25,70.78,C92423989,62256.03,62430.5,0,0
46,PAYMENT,596.48,C66431351,230404.04,229807.56,M14179623,0.0,0.0,0,0
46,TRANSFER,17757.39,C27307598,18063.73,306.34,C46093692,176657.88,194415.27,0,0
46,CASH_OUT,3002.07,C25521714,5858.31,2856.24,M10695441,41015.14,44017.21,0,0
46,PAYMENT,8787.29,C36697396,300850.85,292063.56,C56697654,0.0,0.0,0,0
46,TRANSFER,7304.34,C99152472,20885.29,13580.95,C21279580,111952.18,119256.52,0,0
46,PAYMENT,2385.73,C61604364,26361.56,23975.83,M28424464,0.0,0.0,0,0
46,CASH_OUT,1297.24,C52091325,1392.51,95.27,M65135987,85382.93,86680.17,0,0
46,PAYMENT,1721.49,C29419691,419331.19,417609.7,C33414716,0.0,0.0,0,0
46,CASH_OUT,1645.93,C69038700,1807.33,161.4,C17575790,41695.69,43341.62,0,0
46,CASH_IN,868.82,C82909480,2036.67,1167.85,M88343175,61108.98,61977.8,0,0
46,TRANSFER,34606.82,C91644298,116345.46,81738.64,C59908025,36306.43,70913.25,0,0
47,TRANSFER,12310.78,C70939053,46712.51,34401.73,C11619606,19532.13,31842.91,0,0
47,TRANSFER,3946.02,C20399639,8431.93,4485.91,C12099943,14465.67,18411.69,0,0
47,CASH_IN,2682.52,C74119726,5635.82,2953.3,C77837366,29283.27,31965.79,0,0
47,DEBIT,1356.53,C22517517,3241.07,1884.54,M16530784,27441.85,28798.38,0,0
47,PAYMENT,57.44,C47962005,263273.81,263216.37,C92747827,0.0,0.0,0,0
47,CASH_OUT,2348.5,C53645651,2861.89,513.39,M88763056,72972.85,75321.35,0,0
47,DEBIT,3254.77,C54024257,9680.92,6426.15,C83833059,48366.3,51621.07,0,0
47,CASH_IN,1076.06,C24490391,3085.91,2009.85,C89211057,98627.84,99703.9,0,0
47,DEBIT,7543.89,C99600766,16730.0,9186.11,C43878996,31648.86,39192.75,0,0
47,CASH_OUT,9364.66,C78147397,15992.09,6627.43,C56047142,12971.31,22335.97,0,0
47,CASH_OUT,4970.44,C23489853,11251.66,6281.22,C79941466,49250.45,54220.89,0,0
47,PAYMENT,59.6,C97775215,305484.07,305424.47,C44738319,0.0,0.0,0,0
47,CASH_IN,4844.04,C51946203,14331.17,9487.13,C71310453,158.09,5002.13,0,0
48,CASH_OUT,3334.29,C60806024,4120.69,786.4,C53805532,84806.98,88141.27,0,0
48,PAYMENT,210.62,C57123808,499495.53,499284.91,C82125824,0.0,0.0,0,0
48,CASH_OUT,2863.28,C36054020,6072.53,3209.25,M36975128,63750.35,66613.63,0,0
48,PAYMENT,1024.71,C83140807,102191.2,101166.49,C82751830,0.0,0.0,0,0
48,PAYMENT,1318.31,C67062156,395517.36,394199.05,C41611127,0.0,0.0,0,0
48,PAYMENT,2405.96,C82828034,254331.43,251925.47,C73360324,0.0,0.0,0,0
48,PAYMENT,921.06,C27129912,5053.37,4132.31,C51594998,0.0,0.0,0,0
48,PAYMENT,122.81,C96347724,171998.07,171875.26,C41428626,0.0,0.0,0,0
48,TRANSFER,7945.71,C87566910,8639.78,694.07,C74817230,35950.19,43895.9,0,0
48,CASH_OUT,1774.17,C71968116,4160.33,2386.16,C51273379,91616.31,93390.48,0,0
48,CASH_OUT,9884.94,C25304396,19404.05,9519.11,M28217159,62720.05,72604.99,0,0
48,CASH_OUT,252.13,C17003454,421.11,168.98,C50831043,78398.9,78651.03,0,0
48,TRANSFER,1430.24,C36054020,5013.44,3583.2,C33635791,60569.41,61999.65,0,0
48,PAYMENT,6485.77,C78103759,159120.42,152634.65,C22501261,0.0,0.0,0,0
49,PAYMENT,1046.39,C42051937,105714.71,104668.32,M14346684,0.0,0.0,0,0
49,CASH_OUT,6111.12,C71477426,16964.83,10853.71,C28808678,35359.55,41470.67,0,0
49,CASH_OUT,99.09,C76599269,105.27,6.18,M29990477,98361.88,98460.97,0,0
49,PAYMENT,1103.82,C41383044,421518.08,420414.26,C50645509,0.0,0.0,0,0
49,PAYMENT,657.62,C34166826,196004.0,195346.38,C27978165,0.0,0.0,0,0
49,PAYMENT,132.76,C85957706,432567.66,432434.9,M76755908,0.0,0.0,0,0
49,TRANSFER,1808.66,C30881581,3515.13,1706.47,C27849589,7294.01,9102.67,0,0
49,CASH_OUT,5897.29,C36054020,8700.18,2802.89,M86790955,45190.63,51087.92,0,0
49,CASH_OUT,1166.66,C33500064,1872.07,705.41,C28176954,11223.13,12389.79,0,0
49,PAYMENT,175.67,C64362516,389339.61,389163.94,M69741812,0.0,0.0,0,0
49,CASH_OUT,6178.97,C92590645,6487.11,308.14,M42866956,48266.32,54445.29,0,0
49,PAYMENT,4138.29,C79583757,96725.42,92587.13,M50162553,0.0,0.0,0,0
49,PAYMENT,1179.03,C71352751,366755.65,365576.62,C21716836,0.0,0.0,0,0
50,CASH_OUT,10288.52,C19369750,13237.11,2948.59,C33954324,87179.9,97468.42,0,0
50,CASH_OUT,8140.58,C48530827,24303.22,16162.64,C41222178,20518.71,28659.29,0,0
50,PAYMENT,2539.68,C38119557,195018.93,192479.25,C77215278,0.0,0.0,0,0
50,PAYMENT,3388.08,C34194479,59686.32,56298.24,C75901885,0.0,0.0,0,0
50,TRANSFER,1275982.94,C62274692,1577035.22,0.0,C85645982,88918.59,0.0,1,1
50,CASH_OUT,3060.3,C17352710,3197.89,137.59,C49276764,75849.38,78909.68,0,0
50,CASH_OUT,3786.99,C28208520,5305.99,1519.0,C76588957,28656.74,32443.73,0,0
50,CASH_OUT,475.77,C54619335,1114.37,638.6,C30820038,27265.42,27741.19,0,0
50,PAYMENT,435.74,C43046464,59001.28,58565.54,C39314711,0.0,0.0,0,0
50,PAYMENT,3091.05,C51617680,280693.63,277602.58,C75043108,0.0,0.0,0,0
50,PAYMENT,5596.15,C55377076,272179.3,266583.15,M85432781,0.0,0.0,0,0
50,PAYMENT,311.56,C30718012,136983.95,136672.39,C56460773,0.0,0.0,0,0
50,CASH_OUT,5425.08,C12179995,11653.97,6228.89,C67610401,17127.5,22552.58,0,0
50,TRANSFER,9825.98,C88393811,25761.08,15935.1,C61500679,11094.51,20920.49,0,0
51,CASH_OUT,1346.8,C16150444,1482.71,135.91,C88634827,38359.96,39706.76,0,0
51,CASH_IN,18453.2,C42138745,32917.44,14464.24,C80659726,70467.76,88920.96,0,0
51,CASH_OUT,1162.86,C43554863,2767.9,1605.04,C82060023,44583.63,45746.49,0,0
51,CASH_OUT,424.69,C60372847,592.99,168.3,C27092236,75840.25,76264.94,0,0
51,PAYMENT,456.97,C85764804,41115.71,40658.74,C28680305,0.0,0.0,0,0
51,TRANSFER,24424.24,C95758649,66027.71,41603.47,C88834594,19490.32,43914.56,0,0
51,CASH_OUT,6837.69,C44355473,8167.8,1330.11,C81059199,31039.17,37876.86,0,0
51,TRANSFER,5194.58,C23290458,12527.44,7332.86,C69735865,189542.21,194736.79,0,0
51,TRANSFER,52828.77,C75319931,93726.6,40897.83,C37868462,73326.42,126155.19,0,0
51,PAYMENT,3036.46,C23903144,458797.68,455761.22,C21062296,0.0,0.0,0,0
51,CASH_OUT,2936.75,C71968116,4844.23,1907.48,C54964418,48750.67,51687.42,0,0
51,CASH_OUT,3384.17,C61642594,6623.85,3239.68,C45966597,84576.63,87960.8,0,0
51,DEBIT,11598.14,C33607110,19684.72,8086.58,C78626154,57467.83,69065.97,0,0
52,TRANSFER,3989.29,C94560158,12537.62,8548.33,M79119463,22289.28,26278.57,0,0
52,CASH_OUT,12222.78,C94127561,19608.23,7385.45,C88909809,46097.49,58320.27,0,0
52,PAYMENT,1473.13,C58178682,120810.5,119337.37,C99490304,0.0,0.0,0,0
52,CASH_OUT,6654.65,C67887757,13074.72,6420.07,C32325574,6605.99,13260.64,0,0
52,PAYMENT,1897.25,C38195995,347641.81,345744.56,C34071191,0.0,0.0,0,0
52,CASH_IN,1040.32,C94482772,3079.77,2039.45,C80196591,56721.12,57761.44,0,0
52,PAYMENT,5341.27,C15403355,347678.31,342337.04,C95655118,0.0,0.0,0,0
52,PAYMENT,2900.18,C38609087,335463.39,332563.21,C17957216,0.0,0.0,0,0
52,TRANSFER,3507.96,C10819505,12313.8,8805.84,C13785821,23750.25,27258.21,0,0
52,DEBIT,2996.69,C91390501,4946.8,1950.11,C91224373,9765.39,12762.08,0,0
52,TRANSFER,5441.08,C93955206,12064.95,6623.87,M65426567,120053.58,125494.66,0,0
52,CASH_OUT,942.79,C71477426,2488.71,1545.92,C39955391,32740.82,33683.61,0,0
52,TRANSFER,41945.9,C75679047,69329.67,27383.77,C45882178,28644.43,70590.33,0,0
53,PAYMENT,1613.89,C48605268,377984.28,376370.39,C74294443,0.0,0.0,0,0
53,PAYMENT,2237.34,C96300902,379024.7,376787.36,M20746667,0.0,0.0,0,0
53,PAYMENT,5260.92,C85776373,227581.26,222320.34,M29990477,0.0,0.0,0,0
53,TRANSFER,3331.04,C67276174,7799.56,4468.52,C66046380,41926.67,45257.71,0,0
53,PAYMENT,289.06,C32218290,151268.2,150979.14,C60905625,0.0,0.0,0,0
53,TRANSFER,5031.82,C39738898,18897.02,13865.2,C77430081,187398.62,192430.44,0,0
53,CASH_OUT,2868.39,C54244334,3380.61,512.22,C34134478,811.93,3680.32,0,0
53,PAYMENT,1450.15,C83932360,424123.1,422672.95,C14539747,0.0,0.0,0,0
53,CASH_OUT,963.86,C28982195,2700.88,1737.02,C44152669,96789.95,97753.81,0,0
53,PAYMENT,66.04,C24942603,280895.07,280829.03,C51004756,0.0,0.0,0,0
53,CASH_OUT,5500.31,C23676961,15023.32,9523.01,M61559717,23524.12,29024.43,0,0
53,TRANSFER,22407.91,C83998961,43793.61,21385.7,C37619925,77175.13,99583.04,0,0
53,CASH_OUT,4451.66,C60867083,10350.0,5898.34,C64395532,47487.14,51938.8,0,0
53,DEBIT,1202.36,C38270233,2127.2,924.84,C78541804,92448.2,93650.56,0,0
54,PAYMENT,481.55,C58841557,78825.11,78343.56,C84040345,0.0,0.0,0,0
54,PAYMENT,1146.27,C55199748,64523.48,63377.21,C94263610,0.0,0.0,0,0
54,CASH_IN,250.69,C83140807,575.78,325.09,M36347197,14399.59,14650.28,0,0
54,PAYMENT,912.76,C59370777,329647.5,328734.74,C78778646,0.0,0.0,0,0
54,CASH_IN,1950.13,C83212334,2280.34,330.21,M70445541,64224.29,66174.42,0,0
54,TRANSFER,609.54,C34084236,2052.19,1442.65,C81930575,121281.47,121891.01,0,0
54,PAYMENT,6482.13,C55728776,91539.09,85056.96,C28325379,0.0,0.0,0,0
54,CASH_IN,74.76,C31257157,157.3,82.54,C80381817,45004.58,45079.34,0,0
54,CASH_IN,5146.05,C87282128,7058.23,1912.18,M81826922,60457.33,65603.38,0,0
54,DEBIT,3082.46,C44088261,8302.94,5220.48,C28634797,23675.0,26757.46,0,0
54,TRANSFER,8153.03,C76906611,21511.76,13358.73,C30560218,74027.04,82180.07,0,0
54,CASH_OUT,802.09,C96977837,1393.36,591.27,C37765262,58026.88,58828.97,0,0
54,PAYMENT,562.1,C96825515,41871.43,41309.33,C71684020,0.0,0.0,0,0
55,CASH_OUT,1177.32,C47388792,3200.78,2023.46,C61543890,75058.22,76235.54,0,0
55,CASH_OUT,17568.15,C29806690,35956.97,18388.82,C53805532,61007.06,78575.21,0,0
55,PAYMENT,1684.87,C54318698,316070.1,314385.23,C21501669,0.0,0.0,0,0
55,TRANSFER,24412.38,C38984499,74512.0,50099.62,C33535297,108300.25,132712.63,0,0
55,PAYMENT,1779.53,C11261301,307293.48,305513.95,C27092236,0.0,0.0,0,0
55,CASH_OUT,14517.16,C77378254,14830.25,313.09,C84605013,45403.48,59920.64,0,0
55,CASH_OUT,3487.56,C60319927,5799.91,2312.35,C84227466,35291.45,38779.01,0,0
55,CASH_OUT,10209.16,C78444607,10930.46,721.3,C10404729,92286.45,102495.61,0,0
55,CASH_OUT,204.29,C53537934,434.61,230.32,C66420024,6141.78,6346.07,0,0
55,CASH_IN,5898.29,C53261270,7892.85,1994.56,C84076145,5161.99,11060.28,0,0
55,CASH_OUT,1264.66,C83534128,1333.71,69.05,C43321320,48476.02,49740.68,0,0
55,CASH_OUT,2553.26,C81979055,6555.56,4002.3,C43782566,25205.1,27758.36,0,0
55,CASH_OUT,613.57,C25457816,928.89,315.32,C86866717,74142.92,74756.49,0,0
55,CASH_OUT,37258.61,C96750368,92324.39,55065.78,M52103092,65915.56,103174.17,0,0
56,PAYMENT,5679.79,C71705170,89348.88,83669.09,C40133935,0.0,0.0,0,0
56,TRANSFER,24652.4,C64280720,38024.54,13372.14,C97095388,105950.38,130602.78,0,0
56,CASH_OUT,4235.28,C47308985,12429.24,8193.96,C67337891,59554.41,63789.69,0,0
56,CASH_OUT,10589.85,C59491122,26533.11,15943.26,M50162553,41294.79,51884.64,0,0
56,TRANSFER,4852.71,C76344695,15421.9,10569.19,M72816684,34289.37,39142.08,0,0
56,CASH_OUT,8297.29,C44088261,9198.8,901.51,C47173969,26439.55,34736.84,0,0
56,CASH_OUT,8042.83,C71974027,15506.82,7463.99,M76942394,47623.19,55666.02,0,0
56,TRANSFER,20534.06,C87201917,77359.56,56825.5,C42357445,47498.6,68032.66,0,0
56,PAYMENT,1189.5,C15820356,196255.1,195065.6,C22775337,0.0,0.0,0,0
56,PAYMENT,598.64,C69295515,266160.18,265561.54,M15402922,0.0,0.0,0,0
56,TRANSFER,6153.6,C25898299,20872.56,14718.96,M31473054,77018.81,83172.41,0,0
56,CASH_OUT,2509.68,C66240084,7307.54,4797.86,C49529438,9736.43,12246.11,0,0
56,TRANSFER,3354.53,C75007200,11850.61,8496.08,C25194922,122486.63,125841.16,0,0
57,TRANSFER,3193.9,C58140388,5784.08,2590.18,C72552858,160660.96,163854.86,0,0
57,PAYMENT,1397.42,C92613013,292920.06,291522.64,C17966873,0.0,0.0,0,0
57,CASH_OUT,4881.22,C96924061,7241.75,2360.53,C51630244,67188.99,72070.21,0,0
57,TRANSFER,5832.28,C54039837,17690.21,11857.93,M56815569,198649.75,204482.03,0,0
57,DEBIT,3710.29,C74019136,3788.78,78.49,C57648477,847.62,4557.91,0,0
57,TRANSFER,411.72,C84252722,1060.51,648.79,M31473054,137414.41,137826.13,0,0
57,PAYMENT,727.53,C91503378,363174.83,362447.3,M73847325,0.0,0.0,0,0
57,TRANSFER,938610.9,C84411983,777583.71,0.0,M37820354,89396.7,0.0,1,1
57,CASH_OUT,3863.59,C95445405,11264.65,7401.06,C86868379,8638.64,12502.23,0,0
57,CASH_OUT,7288.37,C51464269,18422.93,11134.56,M16072331,64790.58,72078.95,0,0
57,CASH_OUT,6381.42,C36477373,7796.12,1414.7,C92058189,18426.3,24807.72,0,0
57,CASH_IN,142.0,C43183955,329.58,187.58,C70471823,7571.42,7713.42,0,0
57,PAYMENT,21.39,C14380847,497633.19,497611.8,C43266810,0.0,0.0,0,0
57,CASH_OUT,11465.41,C44295247,26773.55,15308.14,C43878996,77011.96,88477.37,0,0
58,PAYMENT,3936.65,C10054484,390804.19,386867.54,M51295819,0.0,0.0,0,0
58,PAYMENT,4097.09,C36096655,33068.92,28971.83,C70850538,0.0,0.0,0,0
58,TRANSFER,1383.29,C84597009,2454.95,1071.66,C48824283,162747.37,164130.66,0,0
58,TRANSFER,3661.1,C68812137,14418.39,10757.29,C68238367,40933.15,44594.25,0,0
58,PAYMENT,560.72,C42255732,323450.62,322889.9,M73297813,0.0,0.0,0,0
58,CASH_OUT,3923.54,C14216175,7307.62,3384.08,M78333267,61396.63,65320.17,0,0
58,PAYMENT,1423.7,C19528530,221907.69,220483.99,C85920407,0.0,0.0,0,0
58,CASH_OUT,128858.18,C38210242,149961.62,21103.44,M85383550,1876.48,0.0,1,0
58,PAYMENT,810.5,C63437398,2432.09,1621.59,C82751830,0.0,0.0,0,0
58,PAYMENT,309.78,C96977837,196460.94,196151.16,C27809465,0.0,0.0,0,0
58,CASH_OUT,1051.03,C31130263,1873.63,822.6,C59908025,370.38,1421.41,0,0
58,TRANSFER,14915.09,C51949529,36309.57,21394.48,C12674689,81378.64,96293.73,0,0
58,PAYMENT,1266.61,C24524825,406513.28,405246.67,C26031369,0.0,0.0,0,0
59,PAYMENT,4952.29,C45812670,114471.73,109519.44,C63795149,0.0,0.0,0,0
59,TRANSFER,19778.3,C75437844,66049.43,46271.13,C68635481,25119.53,44897.83,0,0
59,CASH_OUT,271.92,C35320492,453.26,181.34,C82762732,30282.81,30554.73,0,0
59,CASH_OUT,15171.0,C82340307,34804.53,19633.53,C14388260,36535.54,51706.54,0,0
59,CASH_OUT,8601.51,C51638598,23072.37,14470.86,C60785855,76045.31,84646.82,0,0
59,DEBIT,1344.37,C69401199,1890.51,546.14,C68930964,55447.55,56791.92,0,0
59,PAYMENT,1426.19,C69020451,331045.58,329619.39,C59755172,0.0,0.0,0,0
59,TRANSFER,22080.58,C20399639,29153.08,7072.5,C50515702,138079.67,160160.25,0,0
59,CASH_IN,2230.3,C54735895,6178.89,3948.59,M87412924,43798.37,46028.67,0,0
59,PAYMENT,2284.78,C95125977,19777.75,17492.97,M62868861,0.0,0.0,0,0
59,PAYMENT,2604.14,C84093639,498199.01,495594.87,C96110892,0.0,0.0,0,0
59,TRANSFER,13315.19,C61700055,44981.61,31666.42,C57501571,129038.12,142353.31,0,0
59,PAYMENT,1476.69,C35176902,482547.02,481070.33,C95004924,0.0,0.0,0,0
59,TRANSFER,10700.32,C94183695,11227.36,527.04,C14416002,68517.74,79218.06,0,0
60,PAYMENT,2012.68,C73123515,361063.97,359051.29,C25845304,0.0,0.0,0,0
60,DEBIT,1271.45,C43742830,1809.73,538.28,M62780072,65384.99,66656.44,0,0
60,PAYMENT,45.88,C28321839,470164.72,470118.84,C28783850,0.0,0.0,0,0
60,CASH_OUT,4720.92,C78140959,11717.81,6996.89,C83835976,23298.57,28019.49,0,0
60,TRANSFER,3266.76,C49392920,8058.07,4791.31,M33173544,4793.54,8060.3,0,0
60,TRANSFER,10930.91,C13783268,18889.13,7958.22,C47706144,130108.5,141039.41,0,0
60,TRANSFER,52961.6,C10872248,196698.7,143737.1,M86849080,164327.11,217288.71,0,0
60,PAYMENT,1791.88,C63551839,306390.49,304598.61,C62231715,0.0,0.0,0,0
60,TRANSFER,6807.58,C96721710,23502.57,16694.99,C18397164,23721.76,30529.34,0,0
60,CASH_OUT,5945.36,C85957706,6695.78,750.42,C87029205,20264.11,26209.47,0,0
60,CASH_IN,737.09,C20993268,1969.35,1232.26,C86710258,73792.84,74529.93,0,0
60,PAYMENT,1942.87,C67110154,62159.61,60216.74,C19031632,0.0,0.0,0,0
60,CASH_OUT,1652.13,C79987997,2714.75,1062.62,C24678410,96469.24,98121.37,0,0
61,PAYMENT,144.33,C31810617,24702.1,24557.77,C82162880,0.0,0.0,0,0
61,DEBIT,1115.15,C77898694,1256.15,141.0,C53038943,27389.34,28504.49,0,0
61,PAYMENT,395.55,C65590800,85689.32,85293.77,C75478707,0.0,0.0,0,0
61,TRANSFER,963.42,C71705170,1667.62,704.2,C11415698,116815.17,117778.59,0,0
61,TRANSFER,940.08,C82556484,2723.02,1782.94,M51954112,75850.08,76790.16,0,0
61,CASH_OUT,1380.99,C87701200,1603.94,222.95,M41674763,722.4,2103.39,0,0
61,TRANSFER,25551.07,C81947921,71062.42,45511.35,M76845536,57462.58,83013.65,0,0
61,CASH_OUT,3856.68,C46912022,7528.34,3671.66,C66286795,12689.24,16545.92,0,0
61,PAYMENT,617.45,C98834863,136932.97,136315.52,C59239353,0.0,0.0,0,0
61,CASH_OUT,25747.48,C10359129,34735.87,8988.39,C18113477,69167.36,94914.84,0,0
61,CASH_OUT,4129.78,C76669607,9185.04,5055.26,M79616482,8802.12,12931.9,0,0
61,CASH_OUT,3179.36,C87890494,5842.3,2662.94,C11523452,55771.04,58950.4,0,0
61,PAYMENT,1249.32,C16818112,493328.56,492079.24,M13110670,0.0,0.0,0,0
62,CASH_IN,1013.7,C38427073,1747.42,733.72,C28830282,76112.82,77126.52,0,0
62,CASH_OUT,1171.56,C61167978,2976.54,1804.98,C89699345,65932.72,67104.28,0,0
62,TRANSFER,1320.09,C87265240,4474.89,3154.8,M51512297,137363.51,138683.6,0,0
62,TRANSFER,17035.08,C55504725,26046.15,9011.07,C83083942,134358.38,151393.46,0,0
62,PAYMENT,1650.04,C95899313,323140.7,321490.66,M74245343,0.0,0.0,0,0
62,CASH_OUT,13148.67,C43446826,21939.73,8791.06,M42115895,80515.37,93664.04,0,0
62,PAYMENT,774.53,C38933176,23572.11,22797.58,C20326375,0.0,0.0,0,0
62,PAYMENT,7345.98,C29226889,462580.95,455234.97,M18824561,0.0,0.0,0,0
62,CASH_IN,3932.18,C42787299,10109.57,6177.39,M50237208,48506.14,52438.32,0,0
62,CASH_OUT,3729.83,C73481353,9111.25,5381.42,M43635675,59270.67,63000.5,0,0
62,CASH_OUT,516.74,C62884503,1216.25,699.51,C81057233,32568.5,33085.24,0,0
62,CASH_OUT,733.19,C12515446,876.99,143.8,M92594562,73774.79,74507.98,0,0
62,CASH_OUT,7666.95,C23574883,11050.57,3383.62,M29659692,47099.03,54765.98,0,0
62,CASH_OUT,234.15,C22246348,302.03,67.88,M80557676,92788.71,93022.86,0,0
63,PAYMENT,467.98,C47945817,194890.49,194422.51,M92071195,0.0,0.0,0,0
63,TRANSFER,1200.68,C75181648,3477.25,2276.57,C61518966,195135.62,196336.3,0,0
63,CASH_IN,4084.97,C14835614,5124.28,1039.31,C53038943,69221.05,73306.02,0,0
63,PAYMENT,768.71,C78387461,69977.75,69209.04,C37133023,0.0,0.0,0,0
63,TRANSFER,11113.33,C99068509,16821.18,5707.85,C13976288,69371.63,80484.96,0,0
63,TRANSFER,30317.88,C71965637,102130.05,71812.17,C39246218,127961.84,158279.72,0,0
63,TRANSFER,58279.16,C59104566,227895.27,169616.11,C28419506,171145.8,229424.96,0,0
63,DEBIT,1219.19,C17774584,3308.82,2089.63,C18113477,48921.34,50140.53,0,0
63,CASH_IN,668.56,C99913412,1301.67,633.11,C87490324,46276.29,46944.85,0,0
63,CASH_OUT,2445.21,C10872248,6712.58,4267.37,C26529882,24783.14,27228.35,0,0
63,DEBIT,10176.91,C43311626,14703.73,4526.82,C54424679,92747.97,102924.88,0,0
63,CASH_OUT,7853.96,C94323222,21963.63,14109.67,M29990477,41777.19,49631.15,0,0
63,PAYMENT,136.57,C39476249,495654.2,495517.63,M83819367,0.0,0.0,0,0
64,TRANSFER,2387.02,C96261621,5435.47,3048.45,C30854365,79469.71,81856.73,0,0
64,CASH_OUT,2174.0,C96300902,2600.1,426.1,C44241100,49528.5,51702.5,0,0
64,CASH_IN,5171.78,C53507489,12961.29,7789.51,C69831384,69315.98,74487.76,0,0
64,CASH_OUT,760.84,C26194158,1306.22,545.38,C98870866,23906.24,24667.08,0,0
64,DEBIT,12854.01,C26879290,25188.28,12334.27,M41674763,30483.66,43337.67,0,0
64,TRANSFER,11284.56,C67723010,36582.96,25298.4,C77215278,5858.28,17142.84,0,0
64,CASH_OUT,1010.88,C47945817,2778.3,1767.42,C92391596,40536.04,41546.92,0,0
64,TRANSFER,6203.2,C42657384,14843.56,8640.36,C44918995,127047.06,133250.26,0,0
64,PAYMENT,697.19,C22543044,37207.9,36510.71,C75998330,0.0,0.0,0,0
64,PAYMENT,49.23,C59823245,167787.26,167738.03,C71684020,0.0,0.0,0,0
64,PAYMENT,4959.93,C61019678,214099.32,209139.39,C16078694,0.0,0.0,0,0
64,TRANSFER,40614.13,C41523529,106705.72,66091.59,C97857309,159101.27,199715.4,0,0
64,TRANSFER,4584.39,C58567046,16698.83,12114.44,C48063218,147416.4,152000.79,0,0
64,TRANSFER,7047.36,C85345555,21310.93,14263.57,C67796330,177707.6,184754.96,0,0
65,PAYMENT,1545.92,C47376585,184064.25,182518.33,C52980983,0.0,0.0,0,0
65,PAYMENT,1459.75,C84801233,184054.43,182594.68,M82769008,0.0,0.0,0,0
65,CASH_OUT,874.52,C56843172,991.72,117.2,C25755285,70933.71,71808.23,0,0
65,PAYMENT,2286.39,C67684996,490663.31,488376.92,M25946545,0.0,0.0,0,0
65,TRANSFER,819.09,C61700055,1994.88,1175.79,C88147469,187890.44,188709.53,0,0
65,CASH_IN,347.59,C72445234,1014.34,666.75,C44918995,20979.4,21326.99,0,0
65,CASH_OUT,20626.49,C81200181,35176.9,14550.41,C77249653,26735.79,47362.28,0,0
65,PAYMENT,240.16,C89680504,140018.38,139778.22,C24363501,0.0,0.0,0,0
65,PAYMENT,552.05,C31472420,173922.84,173370.79,C42560305,0.0,0.0,0,0
65,PAYMENT,1777.27,C64807553,264287.93,262510.66,C18491573,0.0,0.0,0,0
65,PAYMENT,1078.26,C23209423,355492.99,354414.73,C67961650,0.0,0.0,0,0
65,CASH_IN,8459.24,C73920651,17474.34,9015.1,C76217748,29226.44,37685.68,0,0
65,CASH_OUT,1878.24,C11868130,5429.49,3551.25,C39127464,80879.59,82757.83,0,0
66,CASH_OUT,3793.74,C15843091,10561.04,6767.3,C88667527,45787.41,49581.15,0,0
66,TRANSFER,1780.95,C60185867,3321.68,1540.73,C30456313,191368.76,193149.71,0,0
66,DEBIT,3037.23,C54349361,4713.43,1676.2,M97991930,69708.21,72745.44,0,0
66,PAYMENT,697.73,C79067939,437746.58,437048.85,M28761086,0.0,0.0,0,0
66,TRANSFER,21190.93,C29413516,39828.53,18637.6,C55172462,193945.35,215136.28,0,0
66,CASH_OUT,7383.29,C97512508,12502.87,5119.58,C86188876,44386.01,51769.3,0,0
66,PAYMENT,817.18,C75679047,147175.36,146358.18,M59930790,0.0,0.0,0,0
66,TRANSFER,332.55,C94214382,564.33,231.78,M20319387,189542.29,189874.84,0,0
66,PAYMENT,2152.49,C75679047,207022.48,204869.99,C53038943,0.0,0.0,0,0
66,PAYMENT,1159.58,C43189803,323733.51,322573.93,C57085656,0.0,0.0,0,0
66,PAYMENT,28.29,C89442503,297491.91,297463.62,C84455942,0.0,0.0,0,0
66,PAYMENT,5596.68,C90180577,421270.12,415673.44,C71957885,0.0,0.0,0,0
66,CASH_OUT,16091.74,C93955206,20338.49,4246.75,C61518966,78934.83,95026.57,0,0
66,TRANSFER,1494.85,C23419256,3666.46,2171.61,C67622968,194174.09,195668.94,0,0
67,TRANSFER,545853.32,C48848936,561117.16,0.0,C20043577,92413.16,638266.48,1,1
67,TRANSFER,22422.29,C26288475,78881.5,56459.21,M74205866,138878.99,161301.28,0,0
67,PAYMENT,1014.85,C10380581,78435.43,77420.58,C58335011,0.0,0.0,0,0
67,PAYMENT,598.84,C25521714,22493.43,21894.59,M76755908,0.0,0.0,0,0
67,CASH_OUT,3281.49,C83300637,4990.54,1709.05,C13031322,18449.66,21731.15,0,0
67,TRANSFER,492492.05,C95060193,478664.6,0.0,C73995913,53986.66,0.0,1,1
67,TRANSFER,7481.95,C52910691,16562.7,9080.75,M57364777,100383.97,107865.92,0,0
67,CASH_OUT,11182.04,C49823450,18343.42,7161.38,C80638102,429.43,11611.47,0,0
67,CASH_IN,7780.05,C55610493,22960.5,15180.45,C43316996,33128.06,40908.11,0,0
67,PAYMENT,1757.78,C55490631,238007.52,236249.74,C87619624,0.0,0.0,0,0
67,TRANSFER,3627.15,C69401199,14298.48,10671.33,C76596831,115171.79,118798.94,0,0
67,CASH_OUT,245.92,C82772208,691.96,446.04,C25479814,44210.55,44456.47,0,0
67,CASH_IN,3144.63,C75802771,7746.11,4601.48,M87535841,90017.45,93162.08,0,0
68,CASH_OUT,5434.56,C60864911,8783.14,3348.58,C22501261,40162.99,45597.55,0,0
68,DEBIT,5112.21,C47969333,9672.02,4559.81,M97313825,9248.11,14360.32,0,0
68,CASH_OUT,394.89,C85345555,855.67,460.78,C25696616,22214.39,22609.28,0,0
68,TRANSFER,2052.61,C58399417,2191.46,138.85,C20606094,108144.05,110196.66,0,0
68,CASH_OUT,3639.47,C38323322,4275.48,636.01,C88108751,51178.75,54818.22,0,0
68,CASH_OUT,262.83,C15917225,580.9,318.07,C90117857,94340.22,94603.05,0,0
68,PAYMENT,1899.88,C97236246,181810.3,179910.42,C43226234,0.0,0.0,0,0
68,PAYMENT,120.88,C18181586,427194.43,427073.55,C23747542,0.0,0.0,0,0
68,PAYMENT,4712.54,C71705170,187669.91,182957.37,C85500790,0.0,0.0,0,0
68,CASH_OUT,2228.99,C84813739,6586.77,4357.78,C56226575,87430.17,89659.16,0,0
68,PAYMENT,655.49,C86149359,364470.97,363815.48,M73404979,0.0,0.0,0,0
68,CASH_OUT,5464.25,C23318904,14247.33,8783.08,C78386961,28863.4,34327.65,0,0
68,PAYMENT,296.94,C33776150,485239.62,484942.68,C69375757,0.0,0.0,0,0
69,PAYMENT,1629.55,C73001391,448421.56,446792.01,C21635070,0.0,0.0,0,0
69,CASH_OUT,1589.74,C60864911,1863.42,273.68,C41966313,20778.38,22368.12,0,0
69,PAYMENT,138.62,C13471527,263599.92,263461.3,C29907683,0.0,0.0,0,0
69,CASH_IN,1800.94,C60885459,5162.05,3361.11,M30537388,59067.89,60868.83,0,0
69,CASH_OUT,967238.85,C89520597,905978.23,0.0,M14064904,46212.0,0.0,1,0
69,CASH_OUT,2455.85,C12550658,6543.78,4087.93,M47543473,28946.32,31402.17,0,0
69,PAYMENT,204.12,C48683937,411754.01,411549.89,M31139996,0.0,0.0,0,0
69,CASH_OUT,7500.14,C82498004,14911.79,7411.65,C37540722,73985.6,81485.74,0,0
69,CASH_OUT,3828.33,C98588154,5007.64,1179.31,M43502308,30016.94,33845.27,0,0
69,PAYMENT,5196.12,C59796322,319007.29,313811.17,C23951801,0.0,0.0,0,0
69,CASH_OUT,1782.36,C55540424,2807.89,1025.53,C37775381,17937.23,19719.59,0,0
69,CASH_IN,4655.03,C13783268,10658.02,6002.99,C75140950,2844.26,7499.29,0,0
69,CASH_OUT,6943.08,C39597483,20421.34,13478.26,C58557943,59889.13,66832.21,0,0
69,CASH_OUT,5392.53,C15512205,10095.56,4703.03,C41119124,25791.15,31183.68,0,0
70,PAYMENT,629.34,C96347724,487180.86,486551.52,C30699187,0.0,0.0,0,0
70,CASH_IN,1321.98,C78093604,2308.71,986.73,M71368457,73295.73,74617.71,0,0
70,TRANSFER,6889.23,C38898923,18910.68,12021.45,C20043577,30081.29,36970.52,0,0
70,TRANSFER,11490.09,C96924061,23809.26,12319.17,C18277097,11524.78,23014.87,0,0
70,CASH_IN,1426.74,C85958181,3242.26,1815.52,C46875077,95515.64,96942.38,0,0
70,PAYMENT,339.98,C38317637,147248.72,146908.74,C65757342,0.0,0.0,0,0
70,DEBIT,5239.62,C28208520,6044.71,805.09,C75825262,19381.48,24621.1,0,0
70,PAYMENT,2548.8,C93154172,382815.31,380266.51,M60576565,0.0,0.0,0,0
70,DEBIT,9420.74,C39394291,12569.83,3149.09,C59044830,32260.69,41681.43,0,0
70,CASH_IN,1503.37,C82238741,4044.05,2540.68,C42900372,79987.72,81491.09,0,0
70,CASH_OUT,3135.93,C36726767,5409.62,2273.69,C55332729,53442.03,56577.96,0,0
70,CASH_OUT,6568.79,C25372341,8367.97,1799.18,C42559072,28141.78,34710.57,0,0
70,CASH_OUT,5387.92,C68548403,15311.47,9923.55,C70242778,16302.91,21690.83,0,0
71,PAYMENT,1191.28,C31367172,252684.68,251493.4,M89688374,0.0,0.0,0,0
71,CASH_IN,13904.0,C30248230,36014.33,22110.33,M91883092,55865.52,69769.52,0,0
71,PAYMENT,280.15,C69533928,476342.62,476062.47,C11287794,0.0,0.0,0,0
71,PAYMENT,1951.83,C54250344,356848.47,354896.64,C19282319,0.0,0.0,0,0
71,CASH_OUT,1250.89,C83998961,2295.0,1044.11,C19064068,91603.12,92854.01,0,0
71,TRANSFER,22143.82,C64634663,23298.36,1154.54,C21594468,70293.77,92437.59,0,0
71,CASH_OUT,3957.02,C53233116,7454.53,3497.51,C35566010,98758.17,102715.19,0,0
71,CASH_OUT,3600.05,C28321839,4839.96,1239.91,C95971459,30468.43,34068.48,0,0
71,PAYMENT,1258.69,C22315507,61061.25,59802.56,C79226031,0.0,0.0,0,0
71,CASH_OUT,10380.57,C34627347,24665.21,14284.64,C24181143,30742.83,41123.4,0,0
71,CASH_OUT,7209.0,C23796726,13333.84,6124.84,M16072331,76302.37,83511.37,0,0
71,PAYMENT,938.61,C99788677,11365.59,10426.98,M89431184,0.0,0.0,0,0
71,PAYMENT,434.9,C75998319,216761.24,216326.34,C38956527,0.0,0.0,0,0
71,CASH_OUT,998188.54,C95511909,1094601.66,0.0,M28908276,90852.93,0.0,1,0
72,CASH_IN,572.24,C52910691,584.0,11.76,C75694038,9650.36,10222.6,0,0
72,TRANSFER,19417.51,C64038913,53646.87,34229.36,C57973830,40804.86,60222.37,0,0
72,PAYMENT,1224.81,C13460153,16571.04,15346.23,C42342202,0.0,0.0,0,0
72,CASH_OUT,4835.37,C39219319,7517.8,2682.43,C89442904,57975.14,62810.51,0,0
72,PAYMENT,668.65,C31980274,427858.76,427190.11,M24710878,0.0,0.0,0,0
72,CASH_OUT,4089.72,C87277086,8219.59,4129.87,C21635070,6833.7,10923.42,0,0
72,PAYMENT,2156.88,C71974027,382095.53,379938.65,C84076145,0.0,0.0,0,0
72,PAYMENT,2064.06,C98575748,358474.19,356410.13,M10695441,0.0,0.0,0,0
72,PAYMENT,4767.76,C98010774,87543.18,82775.42,C30112846,0.0,0.0,0,0
72,TRANSFER,1094890.29,C46521025,1381878.61,286988.32,C60598851,85129.68,0.0,1,1
72,PAYMENT,251.82,C49580505,94192.64,93940.82,C38829445,0.0,0.0,0,0
72,PAYMENT,3149.1,C53455870,55447.6,52298.5,C92370625,0.0,0.0,0,0
72,CASH_IN,2346.78,C77719420,6952.58,4605.8,C65388634,42409.18,44755.96,0,0
73,TRANSFER,15464.67,C25766039,50789.51,35324.84,M33593960,63541.77,79006.44,0,0
73,DEBIT,4545.26,C48736657,9269.85,4724.59,M92594562,49581.6,54126.86,0,0
73,TRANSFER,6485.04,C85958181,20534.29,14049.25,C97977738,17367.34,23852.38,0,0
73,CASH_OUT,66.12,C52213778,126.55,60.43,M72654864,73617.44,73683.56,0,0
73,CASH_OUT,2246.35,C74287863,3261.13,1014.78,C11529494,40728.22,42974.57,0,0
73,CASH_OUT,538.01,C27307598,612.91,74.9,C45879718,84105.83,84643.84,0,0
73,CASH_OUT,3329.0,C40725714,4522.76,1193.76,C39368039,99872.33,103201.33,0,0
73,CASH_OUT,385.26,C63747791,722.79,337.53,C20135622,65854.83,66240.09,0,0
73,CASH_OUT,4171.8,C58718453,7514.45,3342.65,M71368457,59055.72,63227.52,0,0
73,CASH_OUT,4675.24,C18593410,13818.64,9143.4,C78386961,6471.04,11146.28,0,0
73,CASH_OUT,8223.5,C49428661,18008.82,9785.32,M62953249,99066.13,107289.63,0,0
73,PAYMENT,2624.88,C23209423,419378.35,416753.47,M90904160,0.0,0.0,0,0
73,TRANSFER,1062.27,C38553319,3336.04,2273.77,C50417154,116801.81,117864.08,0,0
73,PAYMENT,620.24,C42862209,395167.38,394547.14,C19064068,0.0,0.0,0,0
74,CASH_OUT,6199.55,C97902129,12099.37,5899.82,C27514010,60316.54,66516.09,0,0
74,CASH_OUT,3691.48,C46361787,4779.54,1088.06,C67845091,45463.47,49154.95,0,0
74,TRANSFER,2014.32,C96728778,3409.17,1394.85,C34800912,188538.2,190552.52,0,0
74,PAYMENT,863.79,C98753260,369423.58,368559.79,M29282885,0.0,0.0,0,0
74,PAYMENT,383.87,C91202508,250071.18,249687.31,M53306792,0.0,0.0,0,0
74,CASH_OUT,6702.65,C93016315,14807.28,8104.63,C56548066,32695.59,39398.24,0,0
74,CASH_IN,13573.78,C28572252,30493.02,16919.24,C58189421,76017.14,89590.92,0,0
74,CASH_OUT,2784.41,C85776373,5525.31,2740.9,C86286724,46602.18,49386.59,0,0
74,CASH_OUT,7750.76,C70407340,15575.85,7825.09,C28198434,54243.81,61994.57,0,0
74,PAYMENT,801.21,C85764804,271183.44,270382.23,C26205010,0.0,0.0,0,0
74,CASH_OUT,2471.19,C55176955,7367.66,4896.47,C50502233,88012.57,90483.76,0,0
74,CASH_OUT,4480.86,C67854710,12124.08,7643.22,C37263310,44255.61,48736.47,0,0
74,PAYMENT,684.68,C57683626,90080.85,89396.17,M92124765,0.0,0.0,0,0
75,PAYMENT,49.82,C54762841,390132.47,390082.65,C58088526,0.0,0.0,0,0
75,PAYMENT,2682.98,C36040410,83743.83,81060.85,C10145801,0.0,0.0,0,0
75,PAYMENT,1104.96,C94482772,157604.92,156499.96,M19869264,0.0,0.0,0,0
75,PAYMENT,4247.19,C11362459,382477.55,378230.36,C23863742,0.0,0.0,0,0
75,PAYMENT,852.28,C42775624,246295.75,245443.47,C59535894,0.0,0.0,0,0
75,DEBIT,9273.7,C54099326,19278.03,10004.33,C55332729,46981.84,56255.54,0,0
75,PAYMENT,2444.11,C95060193,79842.86,77398.75,C37207628,0.0,0.0,0,0
75,TRANSFER,8015.83,C45264581,22228.98,14213.15,C36332415,76181.74,84197.57,0,0
75,PAYMENT,136.05,C66500369,383702.44,383566.39,C29374563,0.0,0.0,0,0
75,CASH_OUT,3480.47,C84813739,7590.65,4110.18,C25145751,12819.81,16300.28,0,0
75,TRANSFER,15790.16,C11698142,43452.96,27662.8,C50250352,153273.61,169063.77,0,0
75,CASH_OUT,915.27,C95704631,1699.01,783.74,C84721440,99194.55,100109.82,0,0
75,CASH_OUT,777.18,C80415568,1156.8,379.62,C42342202,23462.21,24239.39,0,0
75,CASH_OUT,5399.47,C87267850,12829.05,7429.58,C82060023,86894.0,92293.47,0,0
76,CASH_IN,407.25,C87337818,545.54,138.29,C98612211,53841.68,54248.93,0,0
76,PAYMENT,507.32,C45833156,329568.36,329061.04,C23111164,0.0,0.0,0,0
76,PAYMENT,435.49,C11646234,258350.39,257914.9,C37765262,0.0,0.0,0,0
76,CASH_IN,1485.39,C95613415,1546.0,60.61,C92493631,46969.99,48455.38,0,0
76,PAYMENT,2146.92,C15831819,190113.32,187966.4,C60905625,0.0,0.0,0,0
76,TRANSFER,18091.44,C21490777,61962.81,43871.37,C92533595,20911.28,39002.72,0,0
76,PAYMENT,1012.89,C45617024,169311.8,168298.91,M82286705,0.0,0.0,0,0
76,PAYMENT,107.05,C69329732,382922.14,382815.09,C86710258,0.0,0.0,0,0
76,CASH_IN,799.73,C56970882,1783.12,983.39,M16892773,36333.43,37133.16,0,0
76,TRANSFER,6453.9,C65857931,22859.73,16405.83,M20607151,157642.77,164096.67,0,0
76,PAYMENT,3461.38,C60043345,268845.34,265383.96,C52279780,0.0,0.0,0,0
76,PAYMENT,1645.03,C99600766,25670.62,24025.59,C95726382,0.0,0.0,0,0
76,CASH_IN,4156.81,C61344226,10845.97,6689.16,C82764376,62457.23,66614.04,0,0
77,CASH_IN,318.36,C52358553,775.34,456.98,M74819756,57819.32,58137.68,0,0
77,TRANSFER,3715.82,C49625201,10030.06,6314.24,C50502136,106681.67,110397.49,0,0
77,CASH_OUT,19945.38,C43887075,23003.47,3058.09,M42115895,82373.89,102319.27,0,0
77,PAYMENT,1602.73,C83715012,151354.69,149751.96,C58852098,0.0,0.0,0,0
77,PAYMENT,1259.75,C88703005,158049.78,156790.03,C88147469,0.0,0.0,0,0
77,TRANSFER,43008.89,C49761527,109505.27,66496.38,C82764376,134640.49,177649.38,0,0
77,CASH_OUT,2200.12,C12059919,4962.78,2762.66,M37828932,51622.41,53822.53,0,0
77,PAYMENT,255.98,C46553958,250603.41,250347.43,C42737441,0.0,0.0,0,0
77,PAYMENT,443.46,C85776373,412306.18,411862.72,C27092408,0.0,0.0,0,0
77,DEBIT,4168.82,C78131950,6402.77,2233.95,C75847681,63792.64,67961.46,0,0
77,TRANSFER,1562.88,C70251043,5814.71,4251.83,C75319770,186992.55,188555.43,0,0
77,DEBIT,6465.34,C74718365,7239.65,774.31,C64913082,20064.8,26530.14,0,0
77,PAYMENT,1855.66,C29090631,121706.23,119850.57,M73584863,0.0,0.0,0,0
78,TRANSFER,1123.1,C66348963,3967.2,2844.1,C55332729,82641.79,83764.89,0,0
78,TRANSFER,8055.99,C80651318,23376.73,15320.74,C56496201,169347.43,177403.42,0,0
78,PAYMENT,4379.8,C79182797,144948.21,140568.41,C42559072,0.0,0.0,0,0
78,CASH_OUT,5578.52,C66267415,8213.03,2634.51,C50526484,23848.34,29426.86,0,0
78,TRANSFER,1200641.02,C73993471,1146936.69,0.0,M49945150,99129.31,0.0,1,1
78,TRANSFER,12731.29,C20952896,23147.22,10415.93,M33173544,6799.23,19530.52,0,0
78,TRANSFER,871.56,C42657384,2311.48,1439.92,C73319171,129214.47,130086.03,0,0
78,TRANSFER,19803.76,C60929647,66277.27,46473.51,C86884584,12010.13,31813.89,0,0
78,TRANSFER,740.26,C31516757,1402.01,661.75,M16101779,13652.76,14393.02,0,0
78,CASH_OUT,1174.25,C49385195,2751.67,1577.42,C28453800,88571.94,89746.19,0,0
78,PAYMENT,279.96,C39742165,420225.62,419945.66,C27514010,0.0,0.0,0,0
78,PAYMENT,2130.51,C55414869,119548.49,117417.98,M60089832,0.0,0.0,0,0
78,TRANSFER,2851.17,C34166826,3883.09,1031.92,C96519508,133179.21,136030.38,0,0
78,DEBIT,10633.93,C72445234,27118.99,16485.06,C60142505,52526.01,63159.94,0,0
79,DEBIT,1414.27,C79067939,1669.54,255.27,C12925970,59982.13,61396.4,0,0
79,TRANSFER,50488.19,C27339011,176557.33,126069.14,C98007006,147710.03,198198.22,0,0
79,CASH_OUT,187.72,C33776150,538.94,351.22,C19531069,21800.84,21988.56,0,0
79,PAYMENT,945.24,C94705205,108626.1,107680.86,M66207740,0.0,0.0,0,0
79,CASH_IN,3918.55,C19774839,7119.03,3200.48,C21097943,86289.99,90208.54,0,0
79,TRANSFER,1437.53,C45264581,4454.69,3017.16,C90117857,23479.31,24916.84,0,0
79,CASH_OUT,8682.76,C69096899,12960.7,4277.94,C22927031,27773.38,36456.14,0,0
79,TRANSFER,18032.54,C25458308,43740.91,25708.37,C15095407,74180.12,92212.66,0,0
79,CASH_IN,1189.31,C72535301,2724.47,1535.16,M59930790,90522.94,91712.25,0,0
79,TRANSFER,4161.61,C31831063,14136.26,9974.65,C71533194,11879.8,16041.41,0,0
79,CASH_OUT,4358.93,C91722503,6564.4,2205.47,C54964418,38469.02,42827.95,0,0
79,CASH_OUT,8045.31,C28208520,22577.67,14532.36,C57892314,68524.83,76570.14,0,0
79,TRANSFER,29693.97,C53188224,69104.06,39410.09,C53995720,2565.36,32259.33,0,0
80,TRANSFER,2163.06,C43999198,8119.65,5956.59,C60981231,60876.74,63039.8,0,0
80,CASH_OUT,7931.5,C19083764,12649.52,4718.02,C50790016,85941.67,93873.17,0,0
80,PAYMENT,2929.25,C66267415,220545.23,217615.98,C13498112,0.0,0.0,0,0
80,CASH_IN,1671.07,C90967191,4385.72,2714.65,C36592965,64442.95,66114.02,0,0
80,CASH_IN,808.25,C24208709,1251.23,442.98,M75927774,8009.46,8817.71,0,0
80,PAYMENT,315.42,C71707170,246862.55,246547.13,C74154596,0.0,0.0,0,0
80,DEBIT,5360.81,C34215035,15294.36,9933.55,C95594482,33272.22,38633.03,0,0
80,PAYMENT,880.59,C11646234,459436.01,458555.42,C28762704,0.0,0.0,0,0
80,CASH_OUT,485.77,C26240908,739.31,253.54,C59428849,6636.72,7122.49,0,0
80,DEBIT,8188.1,C26948946,20130.14,11942.04,C71453007,54772.77,62960.87,0,0
80,TRANSFER,41081.1,C85751409,134989.47,93908.37,C20326375,128633.19,169714.29,0,0
80,TRANSFER,49805.02,C28024248,145594.84,95789.82,C85886408,1612.08,51417.1,0,0
80,CASH_OUT,5084.79,C11297845,10940.53,5855.74,C69572772,11082.82,16167.61,0,0
80,PAYMENT,3214.69,C64813568,357354.84,354140.15,C28270317,0.0,0.0,0,0
81,TRANSFER,2224.19,C50455821,3092.24,868.05,C95354668,119209.21,121433.4,0,0
81,PAYMENT,1240.64,C74988034,469830.27,468589.63,C20344164,0.0,0.0,0,0
81,TRANSFER,15347.92,C70465583,21495.21,6147.29,C52503832,35522.33,50870.25,0,0
81,DEBIT,463.68,C98346110,767.46,303.78,C42900372,28179.73,28643.41,0,0
81,CASH_OUT,1087.65,C12614124,1943.62,855.97,C74854563,37732.0,38819.65,0,0
81,DEBIT,8598.05,C77719420,18406.54,9808.49,C12925970,2073.46,10671.51,0,0
81,TRANSFER,14964.54,C81971316,42439.58,27475.04,C98162850,46512.74,61477.28,0,0
81,PAYMENT,965.63,C75228535,232287.59,231321.96,C99929175,0.0,0.0,0,0
81,CASH_OUT,3124.13,C72409658,3435.19,311.06,C32216400,61800.4,64924.53,0,0
81,TRANSFER,8279.66,C93334601,32076.22,23796.56,C41715995,34854.45,43134.11,0,0
81,CASH_OUT,800610.61,C58112135,950068.33,149457.72,M13110670,82725.75,0.0,1,0
81,PAYMENT,296.31,C98588154,103166.39,102870.08,C74115841,0.0,0.0,0,0
81,CASH_OUT,8792.87,C94323222,13474.24,4681.37,C51380361,74644.3,83437.17,0,0
82,PAYMENT,421.41,C55150390,216791.68,216370.27,M16072331,0.0,0.0,0,0
82,PAYMENT,651.43,C58942697,109352.17,108700.74,C62686364,0.0,0.0,0,0
82,TRANSFER,16679.33,C92545028,26154.68,9475.35,C54039203,36893.6,53572.93,0,0
82,CASH_OUT,1464789.04,C20555833,1344299.61,0.0,M16080513,24831.8,0.0,1,0
82,CASH_OUT,2222.22,C59731689,4306.14,2083.92,C28783850,87144.35,89366.57,0,0
82,CASH_OUT,3236.55,C34220459,4610.26,1373.71,C71272827,38349.55,41586.1,0,0
82,CASH_IN,5077.55,C87049595,11142.13,6064.58,C84275638,7305.56,12383.11,0,0
82,PAYMENT,1701.34,C82613940,27952.08,26250.74,M70394554,0.0,0.0,0,0
82,PAYMENT,1749.11,C92518345,236524.35,234775.24,M70981700,0.0,0.0,0,0
82,PAYMENT,298.34,C13446499,469782.33,469483.99,C52035079,0.0,0.0,0,0
82,DEBIT,1338.54,C63690013,2940.06,1601.52,C42823140,74824.18,76162.72,0,0
82,CASH_OUT,1687.5,C40742311,3778.85,2091.35,M57183837,30250.74,31938.24,0,0
82,CASH_OUT,5973.31,C70152969,17538.33,11565.02,C60354777,55956.04,61929.35,0,0
82,TRANSFER,4471.49,C72445234,11228.99,6757.5,M28533117,186135.06,190606.55,0,0
83,PAYMENT,60.63,C68743530,67695.93,67635.3,C40620216,0.0,0.0,0,0
83,PAYMENT,1598.35,C90967191,266151.05,264552.7,C69735865,0.0,0.0,0,0
83,CASH_IN,10297.65,C48285503,12704.05,2406.4,C18338186,4416.22,14713.87,0,0
83,CASH_OUT,7816.41,C28814949,20866.75,13050.34,C50417154,74782.34,82598.75,0,0
83,CASH_OUT,1557.46,C81947921,4289.05,2731.59,C64496076,61293.16,62850.62,0,0
83,CASH_IN,5604.42,C48016697,8560.84,2956.42,C62133188,31301.03,36905.45,0,0
83,CASH_OUT,638.23,C74503785,1907.75,1269.52,M97991930,76367.54,77005.77,0,0
83,TRANSFER,7502.2,C81286543,22298.48,14796.28,C79631857,159845.82,167348.02,0,0
83,DEBIT,4005.43,C29175900,5196.01,1190.58,M74985553,22986.05,26991.48,0,0
83,TRANSFER,45263.41,C57683626,141126.27,95862.86,C34929311,87849.54,133112.95,0,0
83,PAYMENT,833.7,C26733967,248465.57,247631.87,C57621071,0.0,0.0,0,0
83,PAYMENT,2030.06,C50987442,494431.65,492401.59,C27997624,0.0,0.0,0,0
83,CASH_IN,1692.78,C22130508,3242.55,1549.77,C70242778,11249.09,12941.87,0,0
84,DEBIT,1778.1,C57459130,2304.61,526.51,C53995720,34960.43,36738.53,0,0
84,CASH_IN,7061.34,C84158663,11073.83,4012.49,C43315361,83495.37,90556.71,0,0
84,CASH_OUT,140.85,C86181117,299.52,158.67,C36246038,66313.77,66454.62,0,0
84,CASH_IN,6535.4,C30743797,19580.12,13044.72,C95963619,412.57,6947.97,0,0
84,PAYMENT,2662.6,C11031743,91923.29,89260.69,C23102741,0.0,0.0,0,0
84,PAYMENT,3102.45,C26354208,124586.4,121483.95,M96031876,0.0,0.0,0,0
84,PAYMENT,1834.5,C72005415,48964.0,47129.5,C88108751,0.0,0.0,0,0
84,TRANSFER,1318.21,C96268397,5199.02,3880.81,M47405107,25276.2,26594.41,0,0
84,PAYMENT,28.72,C82232344,464715.92,464687.2,C47358810,0.0,0.0,0,0
84,TRANSFER,4401.81,C19528530,4783.11,381.3,C18038980,92586.4,96988.21,0,0
84,CASH_OUT,1813.68,C51949529,4092.96,2279.28,C48833650,26931.84,28745.52,0,0
84,PAYMENT,2049.15,C90147573,166054.61,164005.46,M70012727,0.0,0.0,0,0
84,PAYMENT,3507.94,C84752529,311937.7,308429.76,C81441519,0.0,0.0,0,0
84,DEBIT,5560.16,C49092160,16095.76,10535.6,C23542127,99982.11,105542.27,0,0
85,CASH_OUT,11192.14,C13783268,14086.88,2894.74,C85427317,86327.88,97520.02,0,0
85,PAYMENT,133.39,C23798190,142911.1,142777.71,C97734330,0.0,0.0,0,0
85,PAYMENT,2384.04,C78444607,372412.4,370028.36,M64953237,0.0,0.0,0,0
85,PAYMENT,1321.31,C71327848,301941.18,300619.87,C55172462,0.0,0.0,0,0
85,CASH_IN,9729.17,C83793389,14694.24,4965.07,C32579937,24008.01,33737.18,0,0
85,TRANSFER,889.07,C26104026,943.78,54.71,C90973889,42436.33,43325.4,0,0
85,CASH_OUT,4618.7,C84597009,10596.85,5978.15,C99399687,95443.25,100061.95,0,0
85,PAYMENT,157.84,C19196777,150676.24,150518.4,M38876195,0.0,0.0,0,0
85,CASH_IN,5581.21,C41711468,13795.52,8214.31,C50261914,92169.98,97751.19,0,0
85,CASH_OUT,10608.95,C77378254,18227.12,7618.17,C48063218,9611.15,20220.1,0,0
85,CASH_OUT,3693.32,C75793759,6983.64,3290.32,C93240786,38808.95,42502.27,0,0
85,TRANSFER,4674.19,C93115778,5939.34,1265.15,C24032377,85084.73,89758.92,0,0
85,TRANSFER,17940.26,C68186525,51884.29,33944.03,C34931439,19496.54,37436.8,0,0
86,CASH_OUT,11202.41,C25228493,26357.93,15155.52,C89412216,64761.06,75963.47,0,0
86,TRANSFER,11310.08,C67965485,29200.77,17890.69,M55147280,129797.85,141107.93,0,0
86,CASH_OUT,4528.73,C75579548,5245.93,717.2,C85686878,80154.47,84683.2,0,0
86,CASH_OUT,1405.33,C46468984,3328.7,1923.37,M71335966,30040.87,31446.2,0,0
86,TRANSFER,1420.79,C51511484,3844.1,2423.31,C42537638,110647.87,112068.66,0,0
86,TRANSFER,8125.37,C91722503,20573.07,12447.7,M26288992,83190.86,91316.23,0,0
86,CASH_OUT,15082.05,C51286958,39600.18,24518.13,C79043610,35545.76,50627.81,0,0
86,CASH_OUT,6854.96,C43567615,7078.0,223.04,M85647532,74051.62,80906.58,0,0
86,TRANSFER,12164.87,C29090631,42926.54,30761.67,M28533117,10006.48,22171.35,0,0
86,PAYMENT,450.33,C50569669,352780.52,352330.19,C28762704,0.0,0.0,0,0
86,TRANSFER,7775.13,C10791358,25440.71,17665.58,C70340936,90539.63,98314.76,0,0
86,PAYMENT,236.28,C85663295,171984.52,171748.24,C25759274,0.0,0.0,0,0
86,PAYMENT,5348.5,C66808292,405382.99,400034.49,C44918995,0.0,0.0,0,0
87,PAYMENT,996.79,C64543049,40953.82,39957.03,M81555103,0.0,0.0,0,0
87,PAYMENT,1425.42,C15291208,436064.67,434639.25,C58258264,0.0,0.0,0,0
87,PAYMENT,357.88,C19528530,268119.25,267761.37,C97227356,0.0,0.0,0,0
87,TRANSFER,166.25,C66629388,251.9,85.65,C83905989,95946.85,96113.1,0,0
87,PAYMENT,380.9,C91644298,434652.7,434271.8,C99686372,0.0,0.0,0,0
87,PAYMENT,181.48,C26706752,301739.95,301558.47,C42123815,0.0,0.0,0,0
87,PAYMENT,2443.68,C54735895,310012.69,307569.01,C96104027,0.0,0.0,0,0
87,CASH_OUT,3644.05,C90859912,8554.79,4910.74,C84479105,69029.34,72673.39,0,0
87,PAYMENT,4036.95,C70152969,152723.02,148686.07,C61402634,0.0,0.0,0,0
87,TRANSFER,190070.94,C43374088,153566.41,0.0,M61854861,85901.2,0.0,1,0
87,PAYMENT,1449.84,C69686067,325570.43,324120.59,M15402922,0.0,0.0,0,0
87,PAYMENT,645.19,C65857931,313777.46,313132.27,C21395409,0.0,0.0,0,0
87,TRANSFER,24978.89,C42657384,47528.67,22549.78,C90253323,93221.69,118200.58,0,0
87,TRANSFER,270005.6,C91029073,236581.91,0.0,C67790557,96386.69,0.0,1,1
88,CASH_OUT,24730.08,C99941500,34688.31,9958.23,C14416002,56943.05,81673.13,0,0
88,PAYMENT,491.82,C56095437,27359.25,26867.43,C54273769,0.0,0.0,0,0
88,TRANSFER,6674.61,C41227216,20953.46,14278.85,M79119463,195917.9,202592.51,0,0
88,TRANSFER,28680.97,C43822301,79948.74,51267.77,C86767229,111306.6,139987.57,0,0
88,CASH_OUT,4731.26,C77750178,9331.0,4599.74,M33173544,59103.93,63835.19,0,0
88,PAYMENT,2614.12,C59104566,339976.62,337362.5,C51480401,0.0,0.0,0,0
88,CASH_IN,8657.39,C89379016,17105.3,8447.91,C29907683,71429.03,80086.42,0,0
88,PAYMENT,1527.56,C88777447,212158.26,210630.7,M14346684,0.0,0.0,0,0
88,PAYMENT,456.82,C66240084,33628.26,33171.44,C11415698,0.0,0.0,0,0
88,PAYMENT,1398.74,C74503785,209734.45,208335.71,C25755285,0.0,0.0,0,0
88,CASH_OUT,657.94,C53261270,1893.5,1235.56,M76755908,34676.41,35334.35,0,0
88,TRANSFER,449815.9,C81210133,403080.32,0.0,C60622842,23210.31,0.0,1,1
88,TRANSFER,5626.4,C55001909,15789.37,10162.97,C48063218,168650.96,174277.36,0,0
89,PAYMENT,824.37,C96128115,67316.97,66492.6,C57756170,0.0,0.0,0,0
89,CASH_OUT,418.27,C73709724,1221.18,802.91,C91915661,83308.07,83726.34,0,0
89,PAYMENT,667.23,C89034501,367823.15,367155.92,C92698414,0.0,0.0,0,0
89,CASH_IN,5571.73,C78515906,14483.77,8912.04,C21501669,84453.13,90024.86,0,0
89,CASH_OUT,2296.46,C82017516,5737.73,3441.27,M46456416,66705.65,69002.11,0,0
89,CASH_OUT,100.91,C47385696,223.16,122.25,M35606639,10090.37,10191.28,0,0
89,CASH_OUT,12275.75,C34084236,19730.86,7455.11,C27514010,20943.29,33219.04,0,0
89,CASH_OUT,10395.42,C63843426,15817.84,5422.42,M86134287,67692.79,78088.21,0,0
89,CASH_OUT,692.34,C27778019,1389.5,697.16,C10856024,80681.55,81373.89,0,0
89,CASH_IN,393.77,C73123515,483.53,89.76,C71605634,22669.03,23062.8,0,0
89,TRANSFER,1939.73,C23212812,7722.04,5782.31,M22007214,157192.28,159132.01,0,0
89,PAYMENT,832.36,C44295247,385507.26,384674.9,M41774192,0.0,0.0,0,0
89,PAYMENT,1008.3,C82613940,448366.21,447357.91,C39641883,0.0,0.0,0,0
89,CASH_OUT,273.62,C51638598,604.31,330.69,C94044392,10414.2,10687.82,0,0
90,PAYMENT,1236.85,C97971488,473241.33,472004.48,C62133188,0.0,0.0,0,0
90,PAYMENT,1969.42,C56892354,481398.26,479428.84,C54524025,0.0,0.0,0,0
90,CASH_OUT,9391.18,C66910299,24072.46,14681.28,M43322272,60965.58,70356.76,0,0
90,CASH_OUT,2859.99,C96368203,6077.32,3217.33,C24887509,50730.57,53590.56,0,0
90,CASH_OUT,1660.55,C96637649,2342.66,682.11,C85886408,36163.84,37824.39,0,0
90,PAYMENT,2343.74,C56991504,354665.35,352321.61,C72059365,0.0,0.0,0,0
90,TRANSFER,19316.47,C89609131,69761.01,50444.54,C43096758,31704.85,51021.32,0,0
90,CASH_OUT,9794.25,C98787891,12203.31,2409.06,C87507357,20189.03,29983.28,0,0
90,CASH_IN,2869.24,C76599269,7283.39,4414.15,C12111482,658.76,3528.0,0,0
90,PAYMENT,1319.12,C77719420,237884.34,236565.22,C65869014,0.0,0.0,0,0
90,TRANSFER,11127.76,C72363359,20008.23,8880.47,C58469365,143324.75,154452.51,0,0
90,CASH_OUT,5880.26,C40532273,8766.89,2886.63,C70369365,75320.63,81200.89,0,0
90,TRANSFER,2290.65,C75718414,3238.94,948.29,C77406294,86335.75,88626.4,0,0
91,TRANSFER,1946.13,C66808292,7503.35,5557.22,C11226946,103714.9,105661.03,0,0
91,DEBIT,2172.3,C39735904,6272.47,4100.17,C22410307,44257.87,46430.17,0,0
91,PAYMENT,48.67,C54039837,359377.62,359328.95,M95565484,0.0,0.0,0,0
91,CASH_OUT,5115.42,C46698468,8576.55,3461.13,C55735904,40165.09,45280.51,0,0
91,PAYMENT,121.62,C67801537,218167.99,218046.37,M45638891,0.0,0.0,0,0
91,TRANSFER,1385715.32,C73900135,1213160.57,0.0,C63415303,97773.3,1483488.62,1,1
91,PAYMENT,1705.71,C56892354,438155.04,436449.33,C45882178,0.0,0.0,0,0
91,CASH_OUT,2317.45,C20593403,6422.96,4105.51,C87619624,70079.04,72396.49,0,0
91,PAYMENT,6648.78,C27589104,361332.42,354683.64,C60259293,0.0,0.0,0,0
91,TRANSFER,14087.58,C10791358,49039.02,34951.44,C12621269,180141.5,194229.08,0,0
91,PAYMENT,1007.1,C27738187,75137.18,74130.08,C88381665,0.0,0.0,0,0
91,PAYMENT,1066.18,C70900658,322651.92,321585.74,C46385762,0.0,0.0,0,0
91,CASH_IN,2474.22,C61254050,5563.83,3089.61,C89701163,61818.75,64292.97,0,0
91,PAYMENT,57.17,C86320155,173934.81,173877.64,C22527880,0.0,0.0,0,0
92,TRANSFER,2192.6,C94183695,7293.03,5100.43,C11699863,176313.96,178506.56,0,0
92,PAYMENT,2127.19,C12614124,269641.88,267514.69,M33173544,0.0,0.0,0,0
92,TRANSFER,4197.13,C35643159,15275.99,11078.86,C38595818,104573.47,108770.6,0,0
92,CASH_IN,667.28,C99078806,952.52,285.24,C69302835,51167.16,51834.44,0,0
92,CASH_IN,1934.15,C87267850,3252.11,1317.96,C49117508,63568.55,65502.7,0,0
92,DEBIT,4668.38,C81971316,12981.08,8312.7,M34970946,53993.26,58661.64,0,0
92,CASH_OUT,20729.95,C48508907,33331.36,12601.41,M97011385,42274.59,63004.54,0,0
92,PAYMENT,4881.51,C27584297,366529.11,361647.6,M66121095,0.0,0.0,0,0
92,TRANSFER,5943.59,C61998170,14992.69,9049.1,C42560305,25638.79,31582.38,0,0
92,PAYMENT,1179.39,C91480362,470788.83,469609.44,C94929036,0.0,0.0,0,0
92,PAYMENT,1220.18,C84087145,287072.77,285852.59,C18557710,0.0,0.0,0,0
92,TRANSFER,17320.87,C89254563,29589.1,12268.23,C20326375,149405.86,166726.73,0,0
92,CASH_OUT,2953.03,C31203129,8490.19,5537.16,C29015320,66552.05,69505.08,0,0
93,PAYMENT,460.31,C96879854,118451.27,117990.96,C25294777,0.0,0.0,0,0
93,PAYMENT,99.06,C20399639,334127.34,334028.28,C25601471,0.0,0.0,0,0
93,PAYMENT,482.58,C94743076,287237.34,286754.76,C61414775,0.0,0.0,0,0
93,CASH_IN,4128.93,C10289289,7247.64,3118.71,C19506414,73751.23,77880.16,0,0
93,PAYMENT,1312.92,C39557077,259193.01,257880.09,C42847661,0.0,0.0,0,0
93,PAYMENT,890.6,C22388090,389717.66,388827.06,C93579731,0.0,0.0,0,0
93,CASH_OUT,3405.93,C48668783,6305.69,2899.76,M37383505,41205.3,44611.23,0,0
93,TRANSFER,61192.5,C73791320,85069.2,23876.7,M88891300,43742.1,104934.6,0,0
93,DEBIT,4932.94,C95758349,11610.39,6677.45,C54689713,40275.37,45208.31,0,0
93,CASH_OUT,4896.62,C41510328,13436.47,8539.85,C74291599,58430.38,63327.0,0,0
93,PAYMENT,764.13,C76118957,498262.86,497498.73,C22927031,0.0,0.0,0,0
93,PAYMENT,978.1,C75802771,474014.38,473036.28,C13785821,0.0,0.0,0,0
93,TRANSFER,3201.36,C67594492,4765.32,1563.96,C95387542,101651.39,104852.75,0,0
94,CASH_IN,12059.52,C22246348,23099.11,11039.59,C11082139,96803.18,108862.7,0,0
94,CASH_OUT,3861.27,C25228493,9224.35,5363.08,C45568761,45543.24,49404.51,0,0
94,DEBIT,750.06,C61019678,985.34,235.28,C42357445,55902.67,56652.73,0,0
94,CASH_OUT,716.63,C42002808,1938.22,1221.59,C55172462,11033.62,11750.25,0,0
94,CASH_OUT,1663.21,C95306788,3402.19,1738.98,C70726434,11774.22,13437.43,0,0
94,DEBIT,14465.78,C30509175,23239.57,8773.79,C63235053,48592.55,63058.33,0,0
94,PAYMENT,941.73,C63747464,72785.62,71843.89,M36717096,0.0,0.0,0,0
94,CASH_IN,3352.5,C61185849,3678.71,326.21,C77406294,89425.29,92777.79,0,0
94,DEBIT,4492.55,C66191704,6429.57,1937.02,C79839059,81912.51,86405.06,0,0
94,TRANSFER,4138.83,C54265498,8467.83,4329.0,M51137177,174214.88,178353.71,0,0
94,PAYMENT,2161.96,C26989677,287383.43,285221.47,C69691437,0.0,0.0,0,0
94,TRANSFER,8691.48,C53536830,29064.73,20373.25,C29353063,95570.28,104261.76,0,0
94,TRANSFER,10432.52,C57459130,34279.73,23847.21,C51273379,101448.01,111880.53,0,0
94,DEBIT,19798.45,C40173413,37614.26,17815.81,C65758338,44907.47,64705.92,0,0
95,TRANSFER,21189.61,C75266178,72032.7,50843.09,C69375757,133235.96,154425.57,0,0
95,CASH_OUT,4311.05,C35708194,7720.2,3409.15,C12176998,54099.45,58410.5,0,0
95,CASH_IN,1168.68,C51617680,3249.03,2080.35,C65596350,73591.28,74759.96,0,0
95,PAYMENT,2895.83,C64776386,433244.88,430349.05,M14064904,0.0,0.0,0,0
95,TRANSFER,22625.37,C22762205,76665.53,54040.16,M63423225,141772.37,164397.74,0,0
95,DEBIT,372.47,C68246664,464.68,92.21,C14325890,55935.28,56307.75,0,0
95,DEBIT,3023.93,C22388090,6765.77,3741.84,C75390879,57685.56,60709.49,0,0
95,TRANSFER,11921.02,C29175900,18694.4,6773.38,C85427317,95691.3,107612.32,0,0
95,CASH_IN,146.51,C31516757,181.76,35.25,M14346684,93618.18,93764.69,0,0
95,TRANSFER,1185466.64,C97775215,1093762.91,0.0,C27092408,88765.58,0.0,1,1
95,CASH_OUT,6463.4,C76319264,11657.36,5193.96,C28680305,4498.36,10961.76,0,0
95,CASH_OUT,669600.69,C66828640,674601.41,5000.72,C35264294,31738.24,0.0,1,0
95,PAYMENT,543.72,C87337818,271806.08,271262.36,M29282885,0.0,0.0,0,0
96,TRANSFER,19682.49,C26288475,65048.94,45366.45,M78333267,31691.25,51373.74,0,0
96,PAYMENT,364.92,C94790150,339947.07,339582.15,C94651342,0.0,0.0,0,0
96,CASH_IN,94.51,C39436733,276.18,181.67,C75319770,18145.78,18240.29,0,0
96,CASH_IN,5697.75,C22513132,9093.89,3396.14,M19954260,9874.42,15572.17,0,0
96,CASH_OUT,1795.09,C66775103,2721.12,926.03,C95594482,94157.75,95952.84,0,0
96,PAYMENT,2018.37,C22309586,27835.3,25816.93,M88295121,0.0,0.0,0,0
96,CASH_OUT,6794.53,C35511941,10008.22,3213.69,C66487347,50862.13,57656.66,0,0
96,PAYMENT,2110.15,C83715012,474779.81,472669.66,C65556767,0.0,0.0,0,0
96,CASH_OUT,5422.63,C22534217,11421.37,5998.74,M27224779,6545.82,11968.45,0,0
96,CASH_OUT,9401.46,C16150444,26582.35,17180.89,C94651342,1862.28,11263.74,0,0
96,CASH_OUT,513.89,C54099326,618.22,104.33,C86884584,76297.83,76811.72,0,0
96,TRANSFER,1069.96,C96547189,2893.96,1824.0,C44795538,89750.47,90820.43,0,0
96,TRANSFER,6372.89,C22684373,21340.54,14967.65,C76479831,29331.04,35703.93,0,0
96,PAYMENT,653.45,C61818612,391447.78,390794.33,M32885741,0.0,0.0,0,0
97,PAYMENT,2487.23,C41348220,213028.72,210541.49,C50502233,0.0,0.0,0,0
97,CASH_IN,425.32,C73411827,809.59,384.27,C39796480,100.11,525.43,0,0
97,CASH_IN,3746.76,C51286958,9961.67,6214.91,C51181116,28924.95,32671.71,0,0
97,PAYMENT,129.96,C21087928,2270.38,2140.42,M88319168,0.0,0.0,0,0
97,TRANSFER,19088.62,C35140847,53326.03,34237.41,C31424479,168058.06,187146.68,0,0
97,CASH_OUT,307.66,C86483924,438.57,130.91,C42342202,84068.42,84376.08,0,0
97,PAYMENT,783.44,C67062156,82385.32,81601.88,M36975128,0.0,0.0,0,0
97,PAYMENT,406.7,C60628276,36827.74,36421.04,C24032377,0.0,0.0,0,0
97,PAYMENT,2450.51,C19289546,349817.8,347367.29,C97859993,0.0,0.0,0,0
97,CASH_IN,2646.83,C91202508,6485.12,3838.29,M62868861,99882.13,102528.96,0,0
97,CASH_IN,1989.32,C15864298,2828.22,838.9,C40314047,50482.02,52471.34,0,0
97,TRANSFER,3174.65,C29655410,12178.67,9004.02,C71824078,127398.81,130573.46,0,0
97,CASH_OUT,19361.67,C92924837,28884.83,9523.16,C20460758,98302.19,117663.86,0,0
98,CASH_OUT,2264.39,C97477029,4979.46,2715.07,M16813620,1587.46,3851.85,0,0
98,CASH_OUT,705.79,C91644298,708.68,2.89,M84252324,47652.9,48358.69,0,0
98,DEBIT,3546.67,C13579612,8318.41,4771.74,M20071854,41316.3,44862.97,0,0
98,TRANSFER,10678.75,C26733967,35105.28,24426.53,C31337593,108088.16,118766.91,0,0
98,CASH_OUT,422.41,C71753160,487.9,65.49,C28762704,3094.75,3517.16,0,0
98,CASH_OUT,1434.91,C18304547,3364.13,1929.22,C19251149,35299.47,36734.38,0,0
98,CASH_OUT,8694.9,C30261159,14919.85,6224.95,C47991562,17718.66,26413.56,0,0
98,CASH_OUT,4070.4,C50455821,4139.04,68.64,C60037465,46269.25,50339.65,0,0
98,TRANSFER,1950.07,C19083764,3246.01,1295.94,M37820354,4936.55,6886.62,0,0
98,CASH_OUT,1633.22,C24305904,2802.02,1168.8,C18500100,8996.65,10629.87,0,0
98,TRANSFER,4113.5,C32084778,12971.63,8858.13,C77838742,47617.33,51730.83,0,0
98,PAYMENT,1499.59,C52213778,182773.59,181274.0,C39648058,0.0,0.0,0,0
98,PAYMENT,2081.33,C10744212,452444.78,450363.45,C49171088,0.0,0.0,0,0
98,PAYMENT,10.2,C65833185,106124.99,106114.79,C52035079,0.0,0.0,0,0
99,TRANSFER,675.82,C27558317,900.76,224.94,C36933626,56192.16,56867.98,0,0
99,PAYMENT,1851.25,C79583757,86897.59,85046.34,C62049575,0.0,0.0,0,0
99,PAYMENT,2752.68,C66851377,369929.78,367177.1,C86871268,0.0,0.0,0,0
99,PAYMENT,435.18,C58082464,302280.33,301845.15,C67665720,0.0,0.0,0,0
99,CASH_OUT,1950.96,C19233013,4861.69,2910.73,M26664623,12743.09,14694.05,0,0
99,PAYMENT,679.98,C35140847,428028.52,427348.54,C73909453,0.0,0.0,0,0
99,PAYMENT,2784.51,C48242379,364991.64,362207.13,C42537638,0.0,0.0,0,0
99,PAYMENT,2343.37,C92043803,424138.25,421794.88,M40181142,0.0,0.0,0,0
99,DEBIT,2894.19,C81971316,6905.46,4011.27,C28876833,53294.15,56188.34,0,0
99,CASH_IN,2418.6,C35748341,5127.99,2709.39,C81729237,45392.61,47811.21,0,0
99,CASH_IN,517.65,C78092370,1181.24,663.59,C43878996,94307.42,94825.07,0,0
99,CASH_OUT,3454.26,C96282117,6442.53,2988.27,C20024377,99510.65,102964.91,0,0
99,TRANSFER,12119.3,C92043803,29083.41,16964.11,M16530784,72932.9,85052.2,0,0
100,CASH_OUT,71.86,C78765957,104.13,32.27,M58518659,27793.3,27865.16,0,0
100,PAYMENT,1882.65,C49209916,225533.03,223650.38,C64914054,0.0,0.0,0,0
100,CASH_OUT,16963.96,C89254563,19739.57,2775.61,C54273769,57181.96,74145.92,0,0
100,CASH_OUT,15106.54,C84093639,35939.94,20833.4,C91549765,95777.57,110884.11,0,0
100,CASH_OUT,1819.48,C91722503,3017.52,1198.04,C99826000,6284.41,8103.89,0,0
100,PAYMENT,2293.68,C95704631,15880.63,13586.95,M74995086,0.0,0.0,0,0
100,CASH_OUT,1200900.84,C30364454,1522178.32,321277.48,C40133935,24715.36,0.0,1,0
100,PAYMENT,679.55,C79173614,416593.72,415914.17,C18181595,0.0,0.0,0,0
100,CASH_IN,3519.75,C59491122,7178.0,3658.25,C87324220,23674.37,27194.12,0,0
100,TRANSFER,7443.22,C31227574,17235.43,9792.21,C21571285,20038.48,27481.7,0,0
100,PAYMENT,699.98,C98641164,64163.53,63463.55,C31493051,0.0,0.0,0,0
100,TRANSFER,745.3,C34220459,1589.12,843.82,M27224779,178126.66,178871.96,0,0
100,CASH_OUT,2743.59,C46912022,3083.81,340.22,M26664623,80238.71,82982.3,0,0
100,CASH_OUT,9547.21,C85345555,17792.93,8245.72,C64877191,10182.76,19729.97,0,0
101,PAYMENT,1616.58,C45264581,27997.17,26380.59,C62497139,0.0,0.0,0,0
101,TRANSFER,25558.85,C30182766,72891.44,47332.59,C72546007,82810.49,108369.34,0,0
101,PAYMENT,1708.94,C51455302,394162.45,392453.51,C92048427,0.0,0.0,0,0
101,CASH_OUT,1799.93,C45186708,3471.02,1671.09,M64520614,42810.57,44610.5,0,0
101,PAYMENT,1591.78,C62958901,52436.41,50844.63,C35111946,0.0,0.0,0,0
101,CASH_OUT,1946.26,C83076970,2047.36,101.1,C17538738,51721.29,53667.55,0,0
101,CASH_OUT,2563.72,C61632653,2626.73,63.01,M48789478,71329.94,73893.66,0,0
101,CASH_OUT,1160.82,C98346110,3260.44,2099.62,C67622968,12598.16,13758.98,0,0
101,DEBIT,1744.24,C42117961,2984.02,1239.78,C54241559,48139.93,49884.17,0,0
101,TRANSFER,818.17,C11868130,1156.09,337.92,C38375916,9770.09,10588.26,0,0
101,PAYMENT,1098.08,C28814949,293092.1,291994.02,C80980044,0.0,0.0,0,0
101,PAYMENT,2717.09,C40158811,326549.08,323831.99,C89047551,0.0,0.0,0,0
101,PAYMENT,724.86,C89470029,292665.63,291940.77,C62755436,0.0,0.0,0,0
102,PAYMENT,39.28,C97512508,74521.09,74481.81,C21571285,0.0,0.0,0,0
102,PAYMENT,810.74,C77172238,302458.09,301647.35,C97715861,0.0,0.0,0,0
102,TRANSFER,6316.01,C67276174,16125.04,9809.03,C38036618,131877.68,138193.69,0,0
102,TRANSFER,10950.32,C35487660,37861.29,26910.97,M52550733,112330.53,123280.85,0,0
102,PAYMENT,945.7,C43101783,173220.42,172274.72,C67790557,0.0,0.0,0,0
102,CASH_IN,3709.78,C23770458,8462.41,4752.63,M48983895,20126.12,23835.9,0,0
102,CASH_OUT,1918.84,C11540956,3744.52,1825.68,C89412216,69184.1,71102.94,0,0
102,CASH_OUT,7462.3,C72907576,20178.19,12715.89,C62686364,56609.69,64071.99,0,0
102,TRANSFER,44863.33,C47346970,89092.16,44228.83,C96605343,21864.73,66728.06,0,0
102,PAYMENT,35.64,C34272734,455450.43,455414.79,C67622968,0.0,0.0,0,0
102,CASH_OUT,8279.36,C64247457,18856.52,10577.16,M73847325,69322.06,77601.42,0,0
102,PAYMENT,473.02,C68942178,108142.98,107669.96,C36189702,0.0,0.0,0,0
102,PAYMENT,530.74,C97444123,384637.51,384106.77,C96519508,0.0,0.0,0,0
103,CASH_OUT,3698.65,C69352161,6479.38,2780.73,C17575790,40031.26,43729.91,0,0
103,PAYMENT,707.2,C72104107,182682.94,181975.74,M57319709,0.0,0.0,0,0
103,PAYMENT,544.59,C10435578,16948.76,16404.17,C42595918,0.0,0.0,0,0
103,CASH_OUT,18335.83,C73440831,25464.93,7129.1,M29363237,58568.64,76904.47,0,0
103,CASH_OUT,68786.22,C63051354,61832.79,0.0,C20612653,88538.22,157324.44,1,0
103,PAYMENT,3442.44,C56970882,278143.47,274701.03,C68382413,0.0,0.0,0,0
103,CASH_OUT,1268250.1,C82909480,1592065.39,0.0,M46702849,67745.24,0.0,1,0
103,CASH_OUT,3112.41,C71753160,8939.55,5827.14,C18653290,30507.24,33619.65,0,0
103,TRANSFER,4430.19,C44188276,13214.04,8783.85,C50693207,188291.19,192721.38,0,0
103,PAYMENT,398.61,C56892354,441068.57,440669.96,C28325379,0.0,0.0,0,0
103,PAYMENT,1002.7,C15864298,34558.0,33555.3,C11082139,0.0,0.0,0,0
103,CASH_OUT,3260.46,C30776478,8443.93,5183.47,C88158177,19168.13,22428.59,0,0
103,PAYMENT,4757.64,C47437115,188379.14,183621.5,C37154689,0.0,0.0,0,0
103,CASH_IN,7740.0,C95445405,22863.67,15123.67,C60070135,24454.96,32194.96,0,0
104,CASH_IN,3981.6,C14308421,8887.15,4905.55,C21063273,18910.22,22891.82,0,0
104,CASH_IN,443.08,C35320492,1142.78,699.7,C44152669,32768.06,33211.14,0,0
104,TRANSFER,3164.61,C45551614,11451.31,8286.7,C21095863,170449.03,173613.64,0,0
104,PAYMENT,237.64,C55504725,443145.48,442907.84,C98222374,0.0,0.0,0,0
104,CASH_OUT,7650.77,C99514287,14852.7,7201.93,C92688322,66350.22,74000.99,0,0
104,CASH_OUT,844.76,C18526544,2114.11,1269.35,M88319168,64507.16,65351.92,0,0
104,CASH_OUT,5102.38,C42117961,9840.12,4737.74,C63235053,32182.31,37284.69,0,0
104,TRANSFER,13555.09,C82232344,42657.19,29102.1,C58991556,99463.61,113018.7,0,0
104,PAYMENT,645.12,C93115778,201671.14,201026.02,C41119124,0.0,0.0,0,0
104,CASH_IN,1766.01,C16408822,3828.65,2062.64,C18572753,3660.45,5426.46,0,0
104,TRANSFER,26602.71,C15197528,95490.56,68887.85,C57505459,79784.1,106386.81,0,0
104,CASH_OUT,371.11,C18620650,795.19,424.08,C42342289,93549.89,93921.0,0,0
104,PAYMENT,21.81,C74893936,276174.88,276153.07,C41611127,0.0,0.0,0,0
105,CASH_OUT,3018.08,C22517517,5701.19,2683.11,C86286724,35157.5,38175.58,0,0
105,PAYMENT,4762.78,C88862539,233696.05,228933.27,M48971765,0.0,0.0,0,0
105,TRANSFER,3423.17,C45495029,8224.69,4801.52,C41796721,82381.6,85804.77,0,0
105,TRANSFER,13758.98,C30517835,29542.08,15783.1,C61100987,36733.58,50492.56,0,0
105,PAYMENT,491.76,C15134794,323386.72,322894.96,C95726382,0.0,0.0,0,0
105,CASH_OUT,3127.83,C23676961,8398.87,5271.04,C76960098,51279.1,54406.93,0,0
105,TRANSFER,6904.86,C97902129,26099.11,19194.25,M87933054,20583.41,27488.27,0,0
105,PAYMENT,281.83,C24972279,21064.13,20782.3,C20612653,0.0,0.0,0,0
105,TRANSFER,2916.3,C25015458,5796.8,2880.5,C87324220,61240.4,64156.7,0,0
105,PAYMENT,2793.48,C50643870,342402.59,339609.11,C37272705,0.0,0.0,0,0
105,CASH_IN,7928.63,C19774839,19118.19,11189.56,M84905122,99799.57,107728.2,0,0
105,DEBIT,1435.21,C27307598,3490.96,2055.75,C66487347,54312.56,55747.77,0,0
105,CASH_IN,1146.54,C97873101,2912.39,1765.85,M95828117,28184.53,29331.07,0,0
105,CASH_IN,26364.07,C73560289,78925.71,52561.64,C31989243,94581.5,120945.57,0,0
106,CASH_OUT,19904.55,C48530827,20377.91,473.36,C85141654,65409.1,85313.65,0,0
106,CASH_OUT,1552.43,C24883373,2786.63,1234.2,C23560308,22692.63,24245.06,0,0
106,TRANSFER,10903.86,C53537934,27777.32,16873.46,M42115895,157408.96,168312.82,0,0
106,PAYMENT,1470.65,C65590800,361810.15,360339.5,C57756170,0.0,0.0,0,0
106,CASH_IN,1104.27,C96924061,2853.25,1748.98,C18181595,31307.48,32411.75,0,0
106,CASH_OUT,11974.34,C91178885,28689.11,16714.77,C20605783,20958.48,32932.82,0,0
106,CASH_IN,16161.36,C31009452,34211.88,18050.52,C46501299,37470.02,53631.38,0,0
106,TRANSFER,45528.87,C95618110,174378.4,128849.53,C84618850,2926.55,48455.42,0,0
106,CASH_OUT,931.73,C95268296,1564.98,633.25,C49276764,41914.73,42846.46,0,0
106,TRANSFER,15304.28,C96347724,51054.01,35749.73,C59044830,107983.2,123287.48,0,0
106,PAYMENT,1545.04,C62884503,13573.44,12028.4,C70340936,0.0,0.0,0,0
106,CASH_OUT,937.86,C12799319,1226.14,288.28,M69897763,95263.75,96201.61,0,0
106,CASH_OUT,7433.87,C71968116,16399.16,8965.29,C37765262,60783.73,68217.6,0,0
107,TRANSFER,246.12,C35770506,396.9,150.78,C30456313,78736.59,78982.71,0,0
107,PAYMENT,672.48,C71115319,95792.66,95120.18,C39698906,0.0,0.0,0,0
107,CASH_IN,1348.24,C14216175,2883.93,1535.69,C63991141,45153.53,46501.77,0,0
107,CASH_OUT,1305.63,C79244185,1578.02,272.39,C60259293,55290.68,56596.31,0,0
107,PAYMENT,2836.23,C23556182,345134.23,342298.0,C83357939,0.0,0.0,0,0
107,CASH_OUT,551.31,C31585546,627.93,76.62,M43502308,96299.46,96850.77,0,0
107,TRANSFER,455.24,C16740197,1356.03,900.79,M82286705,14925.91,15381.15,0,0
107,TRANSFER,13131.93,C88320463,19901.14,6769.21,C74343201,172081.76,185213.69,0,0
107,PAYMENT,521.38,C47111151,80203.66,79682.28,C30456313,0.0,0.0,0,0
107,TRANSFER,30338.6,C41944441,73867.01,43528.41,M64123845,14683.84,45022.44,0,0
107,CASH_IN,279.76,C49385195,764.14,484.38,C18184472,12993.23,13272.99,0,0
107,CASH_OUT,2373.88,C15614174,5743.23,3369.35,C25922674,47478.0,49851.88,0,0
107,TRANSFER,16942.02,C96750368,46801.92,29859.9,C56047142,100992.53,117934.55,0,0
107,CASH_IN,15122.39,C50484137,23453.04,8330.65,C20526386,744.33,15866.72,0,0
108,CASH_OUT,2259.0,C84593961,4062.75,1803.75,C73820568,80756.58,83015.58,0,0
108,CASH_OUT,1495.09,C78147397,4124.17,2629.08,C63991141,46020.46,47515.55,0,0
108,CASH_OUT,2270.34,C29208935,3577.66,1307.32,M56630633,88099.41,90369.75,0,0
108,CASH_OUT,1424.81,C41329612,3452.74,2027.93,C52779814,29744.87,31169.68,0,0
108,PAYMENT,3765.93,C46578001,405372.41,401606.48,C42559072,0.0,0.0,0,0
108,PAYMENT,1067.7,C56843172,126069.14,125001.44,C75478707,0.0,0.0,0,0
108,PAYMENT,69.56,C39801436,367155.49,367085.93,C75718640,0.0,0.0,0,0
108,PAYMENT,298.96,C89160218,455594.88,455295.92,C51999682,0.0,0.0,0,0
108,DEBIT,1709.76,C23903144,3654.15,1944.39,C58376818,39355.13,41064.89,0,0
108,CASH_IN,4406.85,C98195059,6519.45,2112.6,M58518659,87053.96,91460.81,0,0
108,TRANSFER,10512.55,C73771720,19718.06,9205.51,C88158177,183342.97,193855.52,0,0
108,TRANSFER,17164.36,C49580505,28351.48,11187.12,C30317091,99204.03,116368.39,0,0
108,PAYMENT,663.23,C89609131,62372.85,61709.62,C24219637,0.0,0.0,0,0
109,DEBIT,14686.31,C58612055,36874.3,22187.99,M77454225,50439.48,65125.79,0,0
109,DEBIT,2768.88,C71707170,5039.89,2271.01,C14506531,16483.91,19252.79,0,0
109,CASH_OUT,64408.87,C15354599,72101.43,0.0,C43096758,46190.4,0.0,1,0
109,TRANSFER,8358.87,C88055069,9306.13,947.26,C24626086,50870.54,59229.41,0,0
109,PAYMENT,1351.54,C99269266,69967.32,68615.78,C39396392,0.0,0.0,0,0
109,PAYMENT,614.22,C98725654,233194.28,232580.06,C80905413,0.0,0.0,0,0
109,DEBIT,1210.14,C96924061,1409.93,199.79,M53306792,65702.26,66912.4,0,0
109,PAYMENT,117.26,C67965485,219986.38,219869.12,C98870866,0.0,0.0,0,0
109,CASH_IN,3585.42,C68755000,5587.1,2001.68,C59515518,16136.65,19722.07,0,0
109,TRANSFER,20084.39,C80162053,30763.46,10679.07,M61385847,25706.13,45790.52,0,0
109,CASH_OUT,2068.77,C98227303,4846.68,2777.91,C30456313,1121.06,3189.83,0,0
109,CASH_OUT,7422.85,C42862209,10064.5,2641.65,M92745294,71441.23,78864.08,0,0
109,CASH_OUT,871.99,C74503785,1642.93,770.94,C59535894,4775.6,5647.59,0,0
109,DEBIT,3922.81,C16086345,8025.08,4102.27,C86710258,66253.99,70176.8,0,0
110,PAYMENT,840.67,C42691263,53191.06,52350.39,C69862640,0.0,0.0,0,0
110,PAYMENT,215.22,C19863756,223105.37,222890.15,C27849589,0.0,0.0,0,0
110,CASH_OUT,581658.41,C57287718,523998.05,0.0,M69580374,90875.64,0.0,1,0
110,PAYMENT,818.24,C55667651,15916.2,15097.96,C77406294,0.0,0.0,0,0
110,TRANSFER,774.2,C10872248,2353.47,1579.27,C29228089,13571.13,14345.33,0,0
110,CASH_IN,1331.73,C79173614,1589.03,257.3,C21279580,83538.51,84870.24,0,0
110,PAYMENT,553.48,C41272553,362557.73,362004.25,M74484744,0.0,0.0,0,0
110,PAYMENT,12.21,C39476249,257225.05,257212.84,C12111482,0.0,0.0,0,0
110,CASH_OUT,17082.88,C50643870,38497.51,21414.63,C90233330,62467.34,79550.22,0,0
110,PAYMENT,1641.72,C99686286,198741.83,197100.11,C66143368,0.0,0.0,0,0
110,CASH_OUT,9483.39,C25312516,11491.69,2008.3,M88295121,32336.78,41820.17,0,0
110,TRANSFER,4430.45,C31429110,4589.7,159.25,C82764376,43340.82,47771.27,0,0
110,PAYMENT,1880.43,C73174945,329664.93,327784.5,M30537388,0.0,0.0,0,0
111,CASH_OUT,1052.11,C63640499,1144.57,92.46,C57060874,88546.01,89598.12,0,0
111,TRANSFER,27966.13,C47111151,69879.75,41913.62,C64877191,198104.38,226070.51,0,0
111,CASH_OUT,21001.55,C21457410,59737.81,38736.26,C30688754,56920.51,77922.06,0,0
111,CASH_OUT,2547.74,C84411983,4200.48,1652.74,C99326148,63087.39,65635.13,0,0
111,CASH_OUT,5458.99,C84597009,13881.19,8422.2,C22501261,13293.14,18752.13,0,0
111,PAYMENT,1189.53,C19233013,381334.71,380145.18,C85920319,0.0,0.0,0,0
111,CASH_OUT,965.54,C63904155,2252.35,1286.81,C71824078,6751.35,7716.89,0,0
111,CASH_OUT,4432.62,C55176955,8412.33,3979.71,C34567819,51102.61,55535.23,0,0
111,CASH_IN,266.74,C63792364,535.3,268.56,M90904160,70462.91,70729.65,0,0
111,PAYMENT,1390.27,C89089901,12564.26,11173.99,M90904160,0.0,0.0,0,0
111,PAYMENT,1889.87,C78765957,63779.97,61890.1,C47561442,0.0,0.0,0,0
111,CASH_OUT,590.8,C68571795,878.57,287.77,C48241423,7938.96,8529.76,0,0
111,TRANSFER,8633.06,C38688676,13865.0,5231.94,C42122457,75773.84,84406.9,0,0
112,TRANSFER,32523.3,C66254240,103291.57,70768.27,M21783073,197721.72,230245.02,0,0
112,CASH_OUT,6023.57,C91823275,7641.1,1617.53,C98369672,31753.87,37777.44,0,0
112,CASH_OUT,1192875.16,C92963368,1201758.14,8882.98,C94365330,75055.09,0.0,1,0
112,TRANSFER,30558.86,C93446356,49427.5,18868.64,C17575790,11760.72,42319.58,0,0
112,CASH_OUT,6577.83,C80836292,17121.46,10543.63,C27809465,69627.8,76205.63,0,0
112,DEBIT,1651.52,C50962024,4534.1,2882.58,C25696616,52147.19,53798.71,0,0
112,CASH_OUT,1136.06,C23903144,1282.88,146.82,C85947990,49164.23,50300.29,0,0
112,PAYMENT,623.33,C18469210,27949.22,27325.89,M48789478,0.0,0.0,0,0
112,CASH_IN,9758.4,C71070189,13744.12,3985.72,C41222178,9175.94,18934.34,0,0
112,CASH_OUT,6542.46,C12944682,18735.15,12192.69,C92232236,23631.01,30173.47,0,0
112,CASH_OUT,14745.88,C78137358,23931.47,9185.59,C93185576,72167.38,86913.26,0,0
112,TRANSFER,5846.45,C99152472,10213.21,4366.76,C80381817,57785.23,63631.68,0,0
112,PAYMENT,2324.11,C33328859,318530.68,316206.57,C39648058,0.0,0.0,0,0
112,CASH_OUT,2475.42,C29777514,2871.57,396.15,C72189327,97255.52,99730.94,0,0
113,PAYMENT,2749.5,C51098277,85547.49,82797.99,C81625307,0.0,0.0,0,0
113,PAYMENT,1834.57,C67556566,253635.69,251801.12,C34060788,0.0,0.0,0,0
113,CASH_IN,2928.25,C91737913,7381.09,4452.84,C97742922,81960.38,84888.63,0,0
113,PAYMENT,1840.51,C55568701,11865.92,10025.41,C46207439,0.0,0.0,0,0
113,CASH_OUT,4003.03,C60867083,10078.5,6075.47,C57572279,92153.25,96156.28,0,0
113,CASH_IN,315.26,C85957706,411.6,96.34,C60598851,72664.82,72980.08,0,0
113,TRANSFER,15309.51,C83542887,36142.83,20833.32,C78829070,75654.23,90963.74,0,0
113,DEBIT,1037.72,C87789079,1187.03,149.31,C51374957,13665.63,14703.35,0,0
113,CASH_OUT,4072.71,C77172238,5617.29,1544.58,M85227370,1283.43,5356.14,0,0
113,TRANSFER,1794.82,C58557203,4441.03,2646.21,C26529882,185212.52,187007.34,0,0
113,DEBIT,905.56,C73100462,2663.24,1757.68,C83905989,37314.49,38220.05,0,0
113,PAYMENT,523.83,C65250068,321242.26,320718.43,C82383656,0.0,0.0,0,0
113,DEBIT,5634.44,C74855088,10241.02,4606.58,M43635675,3882.69,9517.13,0,0
114,CASH_OUT,1491.53,C42002808,3178.77,1687.24,M97813295,19422.82,20914.35,0,0
114,CASH_OUT,4290.19,C91378577,12124.81,7834.62,C85427317,72224.53,76514.72,0,0
114,CASH_OUT,11876.94,C31257157,28231.23,16354.29,C40358823,69645.54,81522.48,0,0
114,PAYMENT,1691.38,C83076970,463406.34,461714.96,C16135823,0.0,0.0,0,0
114,PAYMENT,1203.96,C98292612,122691.73,121487.77,C64423996,0.0,0.0,0,0
114,PAYMENT,559.6,C58966946,406936.95,406377.35,C31424479,0.0,0.0,0,0
114,TRANSFER,11751.89,C18484847,36341.71,24589.82,C38644905,129421.37,141173.26,0,0
114,PAYMENT,1989.07,C53251559,228824.44,226835.37,C21375216,0.0,0.0,0,0
114,TRANSFER,949.62,C24636981,2665.06,1715.44,M54699966,190403.87,191353.49,0,0
114,CASH_OUT,1162183.97,C61998170,1304201.33,142017.36,M88343175,39766.69,0.0,1,0
114,PAYMENT,860.48,C56920514,260231.45,259370.97,M93816177,0.0,0.0,0,0
114,CASH_OUT,2070.75,C56020613,5507.16,3436.41,C23677772,25287.12,27357.87,0,0
114,PAYMENT,712.42,C82498004,483906.35,483193.93,C29587040,0.0,0.0,0,0
114,CASH_IN,5182.4,C12866549,9149.93,3967.53,C69516344,30797.89,35980.29,0,0
115,CASH_OUT,5052.2,C89133014,12404.69,7352.49,C59044830,8887.34,13939.54,0,0
115,PAYMENT,822.79,C50851122,388792.18,387969.39,C19015987,0.0,0.0,0,0
115,CASH_OUT,584.44,C93394260,1459.62,875.18,C39955391,93001.69,93586.13,0,0
115,PAYMENT,495.11,C51098277,155433.97,154938.86,C43606680,0.0,0.0,0,0
115,TRANSFER,47267.59,C71367643,61004.12,13736.53,C19251149,154974.98,202242.57,0,0
115,PAYMENT,1106.9,C26989677,209587.48,208480.58,C62738860,0.0,0.0,0,0
115,PAYMENT,5304.05,C85017682,216612.9,211308.85,C28767690,0.0,0.0,0,0
115,PAYMENT,785.27,C59597086,94827.22,94041.95,C42122457,0.0,0.0,0,0
115,CASH_OUT,6146.35,C22517517,12324.83,6178.48,M82905845,11023.82,17170.17,0,0
115,TRANSFER,5205.4,C58112135,8343.33,3137.93,C39955391,150233.23,155438.63,0,0
115,TRANSFER,3782.81,C85764804,14937.72,11154.91,C63415303,174451.49,178234.3,0,0
115,PAYMENT,999.68,C88990506,456659.76,455660.08,C64913082,0.0,0.0,0,0
115,PAYMENT,518.38,C54349361,318943.95,318425.57,C43315361,0.0,0.0,0,0
116,CASH_OUT,17344.77,C30513739,21669.92,4325.15,C12921981,6426.24,23771.01,0,0
116,CASH_OUT,450.52,C98753260,887.7,437.18,C13918120,76053.36,76503.88,0,0
116,PAYMENT,4546.91,C13561597,134508.21,129961.3,M83994695,0.0,0.0,0,0
116,PAYMENT,154.88,C49385195,333330.49,333175.61,M92523968,0.0,0.0,0,0
116,CASH_OUT,4936.16,C24208709,10092.81,5156.65,M50259503,726.2,5662.36,0,0
116,CASH_OUT,1605.79,C23041121,4050.97,2445.18,C63450811,93212.84,94818.63,0,0
116,PAYMENT,5039.27,C53261270,169840.92,164801.65,C45189912,0.0,0.0,0,0
116,PAYMENT,1700.64,C76001106,186650.99,184950.35,C50502136,0.0,0.0,0,0
116,CASH_OUT,4758.14,C91156554,12531.49,7773.35,C67337891,94099.1,98857.24,0,0
116,PAYMENT,484.32,C29804386,190460.98,189976.66,C32579937,0.0,0.0,0,0
116,CASH_OUT,10103.15,C88320463,16776.39,6673.24,C55063530,10017.74,20120.89,0,0
116,CASH_IN,609.72,C45507920,1461.27,851.55,C16570040,72522.02,73131.74,0,0
116,PAYMENT,4353.46,C77498993,71153.79,66800.33,C17503932,0.0,0.0,0,0
116,CASH_OUT,10777.64,C28358198,16801.64,6024.0,M47763008,69926.46,80704.1,0,0
117,PAYMENT,1338.59,C94743076,185478.09,184139.5,C21641746,0.0,0.0,0,0
117,CASH_OUT,5748.92,C63339667,11212.69,5463.77,C87568940,41312.66,47061.58,0,0
117,TRANSFER,286.18,C91178885,1108.27,822.09,M90882505,162711.19,162997.37,0,0
117,CASH_OUT,1509.13,C30868105,1647.23,138.1,C82156607,80755.78,82264.91,0,0
117,TRANSFER,38021.91,C13619375,107232.78,69210.87,C22501261,80632.87,118654.78,0,0
117,TRANSFER,22076.11,C77349752,50416.29,28340.18,C78555983,186365.21,208441.32,0,0
117,PAYMENT,1684.22,C92518345,493461.99,491777.77,C61002735,0.0,0.0,0,0
117,CASH_IN,587.33,C85017250,1650.64,1063.31,C21062296,73427.77,74015.1,0,0
117,PAYMENT,862.64,C70407340,99148.32,98285.68,C42020689,0.0,0.0,0,0
117,PAYMENT,2079.78,C98834863,260987.11,258907.33,C78915391,0.0,0.0,0,0
117,CASH_IN,2895.99,C33497411,7858.57,4962.58,C79420474,50463.66,53359.65,0,0
117,PAYMENT,864.81,C28814949,398816.74,397951.93,C32750139,0.0,0.0,0,0
117,CASH_OUT,95.48,C52910691,200.27,104.79,C10196231,87478.58,87574.06,0,0
118,CASH_OUT,4800.42,C71367643,5911.03,1110.61,C46907428,66264.21,71064.63,0,0
118,CASH_OUT,1435.51,C68526649,3598.11,2162.6,M55246430,65974.51,67410.02,0,0
118,CASH_OUT,529.2,C19289546,1286.77,757.57,M26444612,16023.53,16552.73,0,0
118,PAYMENT,3159.1,C29270557,451518.96,448359.86,C69920305,0.0,0.0,0,0
118,CASH_OUT,119.2,C17352710,180.62,61.42,C37133023,47630.23,47749.43,0,0
118,PAYMENT,371.97,C70306604,63302.86,62930.89,C65596350,0.0,0.0,0,0
118,PAYMENT,436.65,C64547971,268202.56,267765.91,C43266810,0.0,0.0,0,0
118,PAYMENT,931.34,C38553319,47039.99,46108.65,C61705758,0.0,0.0,0,0
118,CASH_OUT,4716.32,C91644298,13505.46,8789.14,C48824283,76633.74,81350.06,0,0
118,CASH_OUT,473.16,C43638559,829.93,356.77,M17437386,71744.27,72217.43,0,0
118,CASH_IN,9166.0,C45896226,16162.42,6996.42,C57135617,64210.22,73376.22,0,0
118,CASH_OUT,8707.57,C23212812,22786.8,14079.23,C90851238,22355.08,31062.65,0,0
118,CASH_IN,3979.1,C42614537,4676.88,697.78,C85686878,8913.94,12893.04,0,0
118,PAYMENT,1448.73,C29226889,468730.9,467282.17,C23656928,0.0,0.0,0,0
119,CASH_OUT,6745.48,C22315507,11706.61,4961.13,C92427773,85333.03,92078.51,0,0
119,TRANSFER,950.98,C18469210,955.77,4.79,C58270683,13315.1,14266.08,0,0
119,TRANSFER,30524.29,C35320492,120251.92,89727.63,M43087238,64608.95,95133.24,0,0
119,CASH_OUT,3914.55,C77908907,10150.94,6236.39,C31113788,51975.14,55889.69,0,0
119,PAYMENT,699.36,C28358198,112626.5,111927.14,C47358810,0.0,0.0,0,0
119,DEBIT,5540.01,C12314351,11504.31,5964.3,M17698469,46060.28,51600.29,0,0
119,CASH_OUT,3078.85,C35487660,8234.18,5155.33,C19251149,49983.27,53062.12,0,0
119,CASH_OUT,1477.65,C19553585,1908.74,431.09,M54699966,66535.07,68012.72,0,0
119,CASH_OUT,2839.6,C23798190,6240.76,3401.16,C10856024,30889.14,33728.74,0,0
119,TRANSFER,12674.65,C24490391,44906.38,32231.73,M76423575,115220.42,127895.07,0,0
119,CASH_IN,380.73,C18484847,544.98,164.25,C13209180,29149.51,29530.24,0,0
119,CASH_OUT,1779.26,C68646621,4662.41,2883.15,C61091554,15270.22,17049.48,0,0
119,TRANSFER,365.88,C88714010,1391.55,1025.67,M16813620,45789.27,46155.15,0,0
120,PAYMENT,1057.64,C98292612,461732.61,460674.97,M18824561,0.0,0.0,0,0
120,PAYMENT,1023.24,C99663907,428675.84,427652.6,M18359252,0.0,0.0,0,0
120,CASH_IN,606.86,C40097636,969.89,363.03,C54273769,81501.22,82108.08,0,0
120,CASH_OUT,2685.38,C72962895,2801.2,115.82,C27543369,39228.56,41913.94,0,0
120,CASH_OUT,1557.12,C11646234,2641.83,1084.71,C22501261,39136.27,40693.39,0,0
120,PAYMENT,272.36,C49392920,363923.79,363651.43,C83233096,0.0,0.0,0,0
120,PAYMENT,318.04,C33607110,461685.77,461367.73,C31337593,0.0,0.0,0,0
120,CASH_OUT,10722.26,C25356396,12809.23,2086.97,C30858851,32341.86,43064.12,0,0
120,CASH_OUT,5828.05,C63747464,6458.92,630.87,C67226329,93457.54,99285.59,0,0
120,PAYMENT,522.02,C41039390,328007.72,327485.7,C61518966,0.0,0.0,0,0
120,PAYMENT,441.44,C95618110,222058.1,221616.66,M93650068,0.0,0.0,0,0
120,TRANSFER,9302.91,C88561612,15157.22,5854.31,C17749299,161067.33,170370.24,0,0
120,TRANSFER,5339.55,C54769200,11141.92,5802.37,C21307671,171372.12,176711.67,0,0
121,CASH_OUT,7836.43,C18593410,21290.5,13454.07,C71532017,37655.58,45492.01,0,0
121,PAYMENT,3686.43,C43887075,421146.73,417460.3,C99139874,0.0,0.0,0,0
121,CASH_IN,2028.14,C81947921,2417.74,389.6,M19898653,97415.88,99444.02,0,0
121,TRANSFER,8553.75,C92097999,33708.88,25155.13,C17993466,130369.46,138923.21,0,0
121,CASH_IN,10500.27,C63124147,30865.06,20364.79,C97227356,62697.25,73197.52,0,0
121,PAYMENT,758.17,C70900658,18928.43,18170.26,C35925669,0.0,0.0,0,0
121,CASH_OUT,3547.16,C68526649,8427.94,4880.78,C75581613,95455.54,99002.7,0,0
121,PAYMENT,2946.55,C18126895,188935.08,185988.53,C61792685,0.0,0.0,0,0
121,CASH_OUT,9147.97,C91644298,10787.49,1639.52,C17440911,46367.38,55515.35,0,0
121,DEBIT,6948.7,C78093604,12258.91,5310.21,C57060874,63233.35,70182.05,0,0
121,TRANSFER,197025.76,C93955206,169644.26,0.0,C85007641,90847.85,0.0,1,0
121,CASH_OUT,923.94,C50550084,1810.0,886.06,C50300763,69372.59,70296.53,0,0
121,CASH_OUT,1037.7,C91415657,1834.57,796.87,C78555983,99995.42,101033.12,0,0
121,CASH_OUT,1354.22,C38859907,1693.42,339.2,C97227356,32522.9,33877.12,0,0
122,PAYMENT,281.0,C67965485,431380.82,431099.82,C82968364,0.0,0.0,0,0
122,PAYMENT,1912.71,C41348220,203854.6,201941.89,M71694994,0.0,0.0,0,0
122,CASH_OUT,3667.34,C25356396,9663.17,5995.83,M30594121,78347.46,82014.8,0,0
122,PAYMENT,140.88,C29944139,33837.97,33697.09,C22028437,0.0,0.0,0,0
122,PAYMENT,281.83,C68754920,270412.93,270131.1,C68000104,0.0,0.0,0,0
122,DEBIT,1432.31,C19957701,3299.18,1866.87,C80310522,75350.82,76783.13,0,0
122,TRANSFER,1435.81,C15354599,1941.18,505.37,C34438599,172538.69,173974.5,0,0
122,PAYMENT,1108.53,C88566318,4651.35,3542.82,M79616482,0.0,0.0,0,0
122,CASH_OUT,1457.52,C20896797,1571.62,114.1,C78293320,57508.1,58965.62,0,0
122,PAYMENT,753.99,C18126895,45734.82,44980.83,M88343175,0.0,0.0,0,0
122,PAYMENT,381.83,C64502486,377028.23,376646.4,C53788744,0.0,0.0,0,0
122,CASH_IN,4839.48,C25014631,9738.47,4898.99,M73161098,36355.96,41195.44,0,0
122,CASH_OUT,2737.35,C89212676,7912.19,5174.84,M14237322,8.56,2745.91,0,0
123,TRANSFER,9441.98,C46468984,24155.69,14713.71,M28639738,156777.56,166219.54,0,0
123,CASH_OUT,6105.76,C16788532,13152.68,7046.92,C95004924,69510.15,75615.91,0,0
123,PAYMENT,1050.06,C78214937,493037.72,491987.66,C74382155,0.0,0.0,0,0
123,TRANSFER,24631.39,C31980274,40137.31,15505.92,C52035079,20702.82,45334.21,0,0
123,CASH_OUT,3851.82,C71974027,5300.67,1448.85,M40097200,29970.92,33822.74,0,0
123,PAYMENT,1405.73,C70468188,478796.62,477390.89,M54331259,0.0,0.0,0,0
123,PAYMENT,626.94,C94322033,109587.9,108960.96,C54506155,0.0,0.0,0,0
123,PAYMENT,1776.84,C23676961,65989.07,64212.23,C20482769,0.0,0.0,0,0
123,PAYMENT,756.02,C26587799,39031.11,38275.09,C67790557,0.0,0.0,0,0
123,DEBIT,1192.77,C92613013,2103.53,910.76,C18338186,90365.99,91558.76,0,0
123,TRANSFER,6621.67,C73519947,11670.95,5049.28,C62231715,85643.33,92265.0,0,0
123,PAYMENT,2370.8,C94970119,268880.35,266509.55,M90861208,0.0,0.0,0,0
123,PAYMENT,974.41,C96028436,366872.1,365897.69,C21095863,0.0,0.0,0,0
123,CASH_OUT,5000.04,C97139443,12144.55,7144.51,C46778269,56364.22,61364.26,0,0
124,CASH_OUT,1510.27,C39161443,2005.77,495.5,C59515518,82156.78,83667.05,0,0
124,PAYMENT,1938.01,C82238741,217946.31,216008.3,C25845304,0.0,0.0,0,0
124,TRANSFER,21803.28,C94374605,26874.15,5070.87,C62559853,25799.62,47602.9,0,0
124,CASH_OUT,9317.95,C79008866,10547.16,1229.21,C46042404,64017.75,73335.7,0,0
124,TRANSFER,4970.89,C67495923,9045.82,4074.93,C12621269,173902.22,178873.11,0,0
124,CASH_OUT,581305.07,C54058573,746620.53,0.0,C39314711,10500.27,591805.34,1,0
124,TRANSFER,2531.89,C19233013,4860.34,2328.45,C85678734,164447.31,166979.2,0,0
124,DEBIT,10759.13,C65250068,22141.43,11382.3,M31217198,70045.55,80804.68,0,0
124,TRANSFER,1044.62,C38748452,2948.34,1903.72,C30112846,179417.48,180462.1,0,0
124,TRANSFER,19627.41,C93370583,42565.77,22938.36,C71824078,69689.4,89316.81,0,0
124,CASH_IN,1187.47,C98227303,3486.41,2298.94,C22501261,53168.21,54355.68,0,0
124,PAYMENT,3157.64,C11086890,425115.75,421958.11,C21279580,0.0,0.0,0,0
124,TRANSFER,9464.37,C88802305,9734.03,269.66,C82060023,103199.52,112663.89,0,0
125,CASH_IN,394.42,C41568532,494.1,99.68,C82312290,37880.07,38274.49,0,0
125,CASH_OUT,434.97,C98292612,1066.04,631.07,C39641883,97449.98,97884.95,0,0
125,TRANSFER,19644.34,C22762205,55517.05,35872.71,C92181084,141650.57,161294.91,0,0
125,TRANSFER,70562.24,C99038526,239587.5,169025.26,C11268380,100943.62,171505.86,0,0
125,CASH_OUT,1986.86,C65625330,5728.82,3741.96,C50502233,88138.77,90125.63,0,0
125,PAYMENT,657.38,C72937522,153983.34,153325.96,M63283709,0.0,0.0,0,0
125,TRANSFER,954.26,C96368203,2118.02,1163.76,M65913331,63234.65,64188.91,0,0
125,TRANSFER,7588.79,C81498611,24207.17,16618.38,C32576626,189028.52,196617.31,0,0
125,CASH_OUT,5396.18,C42035886,13419.32,8023.14,C96969050,55415.98,60812.16,0,0
125,CASH_OUT,91.99,C71045700,269.01,177.02,C53191535,42398.36,42490.35,0,0
125,PAYMENT,1635.66,C91721371,365937.09,364301.43,C85645982,0.0,0.0,0,0
125,TRANSFER,163.93,C73149551,654.71,490.78,C32750139,177728.03,177891.96,0,0
125,CASH_OUT,7459.83,C49580505,16654.62,9194.79,M73161098,91088.64,98548.47,0,0
125,TRANSFER,925.3,C60491958,2875.62,1950.32,M92523968,150183.92,151109.22,0,0
126,CASH_OUT,4431.91,C19391725,12590.69,8158.78,C98369672,99916.79,104348.7,0,0
126,CASH_OUT,7016.53,C42363373,7610.91,594.38,C83233096,44865.2,51881.73,0,0
126,CASH_OUT,3699.14,C52436584,9349.28,5650.14,C47342819,90379.86,94079.0,0,0
126,PAYMENT,1678.26,C56843172,184791.37,183113.11,M92467167,0.0,0.0,0,0
126,CASH_OUT,6828.89,C82556484,7524.16,695.27,C69085720,49550.79,56379.68,0,0
126,PAYMENT,335.32,C93370583,484924.75,484589.43,C91121400,0.0,0.0,0,0
126,DEBIT,6981.03,C12601580,16462.15,9481.12,C53165014,83172.64,90153.67,0,0
126,CASH_IN,7158.89,C20939011,19440.77,12281.88,C21220209,29006.47,36165.36,0,0
126,CASH_OUT,5358.5,C68503492,5382.45,23.95,C63143336,63117.65,68476.15,0,0
126,DEBIT,4373.32,C96691619,12446.96,8073.64,M83867070,92910.9,97284.22,0,0
126,CASH_OUT,900.84,C63448727,2510.49,1609.65,C67063296,93541.44,94442.28,0,0
126,TRANSFER,15222.16,C96057593,17847.83,2625.67,C75718640,2172.33,17394.49,0,0
126,PAYMENT,348.95,C83089925,150578.62,150229.67,C15937353,0.0,0.0,0,0
127,PAYMENT,424.62,C17901903,176161.41,175736.79,M57183837,0.0,0.0,0,0
127,PAYMENT,839.69,C90585678,202229.91,201390.22,M83319550,0.0,0.0,0,0
127,CASH_IN,3586.84,C90801586,6677.29,3090.45,M63514837,19754.44,23341.28,0,0
127,PAYMENT,130.14,C98575748,449457.96,449327.82,C54927535,0.0,0.0,0,0
127,CASH_OUT,2462.8,C47111151,2496.84,34.04,M90197611,76944.76,79407.56,0,0
127,CASH_OUT,5436.86,C53779528,9507.0,4070.14,M15006085,36449.57,41886.43,0,0
127,CASH_OUT,1636.9,C96057593,2519.13,882.23,M74205866,98936.92,100573.82,0,0
127,CASH_OUT,1583.05,C38468360,2025.91,442.86,C41067722,74709.11,76292.16,0,0
127,CASH_IN,5108.15,C66629388,14135.03,9026.88,C54327148,70921.94,76030.09,0,0
127,PAYMENT,481.06,C41944441,143880.08,143399.02,M43087238,0.0,0.0,0,0
127,PAYMENT,1789.4,C82556484,211685.77,209896.37,C83905989,0.0,0.0,0,0
127,PAYMENT,1366.93,C16749089,17740.06,16373.13,C49608344,0.0,0.0,0,0
127,PAYMENT,1636.93,C10380581,474291.17,472654.24,M62953249,0.0,0.0,0,0
128,CASH_OUT,7575.96,C82884346,9375.89,1799.93,C43511112,48906.78,56482.74,0,0
128,CASH_OUT,1089.57,C25558733,1367.27,277.7,C40655922,75108.99,76198.56,0,0
128,PAYMENT,1810.71,C52018286,201138.26,199327.55,C96528158,0.0,0.0,0,0
128,TRANSFER,6894.92,C30767532,23973.07,17078.15,C42366980,27152.12,34047.04,0,0
128,PAYMENT,460.8,C52358553,396771.05,396310.25,M28908276,0.0,0.0,0,0
128,PAYMENT,3180.25,C35529407,173372.03,170191.78,M78090664,0.0,0.0,0,0
128,PAYMENT,1232.42,C89089901,342849.96,341617.54,C20606094,0.0,0.0,0,0
128,PAYMENT,1658.73,C96282117,415258.21,413599.48,C71532017,0.0,0.0,0,0
128,PAYMENT,3432.99,C76001106,299349.24,295916.25,C11529494,0.0,0.0,0,0
128,DEBIT,2017.37,C41227216,3954.82,1937.45,C14252622,28222.34,30239.71,0,0
128,CASH_IN,27858.39,C90388981,51758.21,23899.82,C77249653,61761.32,89619.71,0,0
128,CASH_OUT,9367.5,C59333209,14634.64,5267.14,C63108878,11502.0,20869.5,0,0
128,PAYMENT,1299.52,C38682516,125182.48,123882.96,C97095388,0.0,0.0,0,0
128,PAYMENT,159.59,C15047559,100809.4,100649.81,C20605783,0.0,0.0,0,0
129,CASH_IN,2027.37,C63516659,5311.52,3284.15,C31989243,70114.5,72141.87,0,0
129,CASH_OUT,8266.66,C93940940,24676.83,16410.17,C66135102,59119.62,67386.28,0,0
129,DEBIT,30270.74,C28760553,44158.0,13887.26,M71335966,13229.58,43500.32,0,0
129,PAYMENT,71.78,C19583482,495218.6,495146.82,C39314711,0.0,0.0,0,0
129,TRANSFER,1772.26,C29270557,5049.88,3277.62,M15222944,19096.15,20868.41,0,0
129,PAYMENT,680.43,C77005685,204834.0,204153.57,C58270683,0.0,0.0,0,0
129,CASH_OUT,4225.64,C65682626,6181.5,1955.86,C59908025,33617.79,37843.43,0,0
129,PAYMENT,1603.46,C33513701,255912.12,254308.66,M83994695,0.0,0.0,0,0
129,PAYMENT,31.73,C97902129,153536.42,153504.69,M92134318,0.0,0.0,0,0
129,CASH_OUT,4937.42,C22534217,8403.73,3466.31,C46032304,41807.42,46744.84,0,0
129,CASH_OUT,85311.47,C75181765,70472.85,0.0,C38818707,21197.76,0.0,1,0
129,PAYMENT,2732.11,C97236246,52179.33,49447.22,C25819123,0.0,0.0,0,0
129,CASH_OUT,4193.64,C25492573,7243.1,3049.46,C53433080,30435.67,34629.31,0,0
130,CASH_OUT,838858.13,C51837852,1032623.57,0.0,C94879557,74129.21,0.0,1,0
130,DEBIT,4470.77,C68548403,9199.61,4728.84,C10597274,37159.23,41630.0,0,0
130,CASH_OUT,23427.51,C23335151,41422.15,17994.64,C69961498,88719.38,112146.89,0,0
130,CASH_OUT,2969.61,C20117988,3684.42,714.81,C21095863,58656.15,61625.76,0,0
130,CASH_OUT,2515.18,C72962895,3473.13,957.95,C20064609,70466.01,72981.19,0,0
130,PAYMENT,1372.68,C90092958,39290.04,37917.36,M91424562,0.0,0.0,0,0
130,CASH_IN,13285.21,C80591959,22396.15,9110.94,C28830282,72535.07,85820.28,0,0
130,PAYMENT,1135.14,C24883373,267711.66,266576.52,M20607151,0.0,0.0,0,0
130,PAYMENT,8159.87,C34941004,65660.31,57500.44,M58518659,0.0,0.0,0,0
130,CASH_IN,5292.1,C46817443,12823.85,7531.75,C96574622,89158.67,94450.77,0,0
130,CASH_OUT,6328.09,C25276327,13419.93,7091.84,C41354768,34733.95,41062.04,0,0
130,CASH_OUT,324.12,C55799273,400.24,76.12,C85633013,43612.58,43936.7,0,0
130,TRANSFER,13579.27,C88561612,52379.76,38800.49,C81057233,158386.15,171965.42,0,0
130,CASH_OUT,2385.02,C27566185,6999.97,4614.95,C92048427,28965.64,31350.66,0,0
131,CASH_IN,965.75,C37057085,1083.17,117.42,C56751880,97247.4,98213.15,0,0
131,TRANSFER,14188.46,C45431319,35259.43,21070.97,C79491111,106961.5,121149.96,0,0
131,CASH_OUT,5279.7,C25228493,9902.02,4622.32,C41943272,50927.84,56207.54,0,0
131,PAYMENT,264.77,C95060193,196342.96,196078.19,C99399687,0.0,0.0,0,0
131,CASH_OUT,4622.74,C27637794,4656.03,33.29,C83717007,57189.8,61812.54,0,0
131,PAYMENT,1841.88,C49625201,6412.94,4571.06,C31337593,0.0,0.0,0,0
131,TRANSFER,13322.79,C42472386,33459.56,20136.77,C18572753,144395.25,157718.04,0,0
131,CASH_OUT,980.01,C38210242,1560.89,580.88,C96688655,26851.47,27831.48,0,0
131,PAYMENT,2275.09,C67854710,113516.87,111241.78,M42507072,0.0,0.0,0,0
131,CASH_OUT,6063.86,C82937948,13820.94,7757.08,M72816684,94204.6,100268.46,0,0
131,CASH_OUT,8167.96,C61536717,22435.47,14267.51,C33315234,5152.0,13319.96,0,0
131,CASH_IN,3888.65,C51511484,5521.67,1633.02,C42559072,11618.48,15507.13,0,0
131,TRANSFER,6267.71,C69686067,24548.46,18280.75,C65878146,65587.81,71855.52,0,0
132,PAYMENT,1285.08,C23913528,442225.22,440940.14,C22240547,0.0,0.0,0,0
132,PAYMENT,3823.31,C78608612,68538.58,64715.27,C85603667,0.0,0.0,0,0
132,CASH_OUT,4542.75,C78901038,13494.34,8951.59,C90050918,62595.53,67138.28,0,0
132,TRANSFER,740.67,C36687537,2363.8,1623.13,C72267186,56658.27,57398.94,0,0
132,PAYMENT,835.74,C50392808,9787.97,8952.23,C41943272,0.0,0.0,0,0
132,PAYMENT,1410.33,C95831286,389536.62,388126.29,C22242388,0.0,0.0,0,0
132,DEBIT,10774.27,C52018286,13067.96,2293.69,C35016429,74576.98,85351.25,0,0
132,CASH_OUT,1236.41,C55150390,3387.83,2151.42,C12941099,63430.55,64666.96,0,0
132,DEBIT,10911.88,C45570755,28738.55,17826.67,M46390817,22063.9,32975.78,0,0
132,PAYMENT,2015.83,C54988206,291668.57,289652.74,M44419327,0.0,0.0,0,0
132,PAYMENT,2444.09,C85663295,376943.05,374498.96,C72552858,0.0,0.0,0,0
132,CASH_IN,202.43,C41568532,296.25,93.82,C46385762,72628.61,72831.04,0,0
132,DEBIT,4922.65,C68186525,13804.77,8882.12,M79703656,9369.11,14291.76,0,0
132,CASH_IN,3177.53,C99639081,4353.39,1175.86,C77215278,86235.22,89412.75,0,0
133,CASH_OUT,372.13,C56020613,915.05,542.92,C56748074,64756.43,65128.56,0,0
133,PAYMENT,114.05,C91030736,83133.49,83019.44,C33954324,0.0,0.0,0,0
133,CASH_IN,8540.63,C31172421,15274.02,6733.39,C51701149,60782.21,69322.84,0,0
133,DEBIT,13950.3,C82070937,15960.5,2010.2,M90861208,24525.38,38475.68,0,0
133,PAYMENT,740.66,C55001909,485251.96,484511.3,C14325890,0.0,0.0,0,0
133,PAYMENT,365.09,C26240908,264335.72,263970.63,C69069144,0.0,0.0,0,0
133,PAYMENT,959.79,C74718365,404380.38,403420.59,C52476240,0.0,0.0,0,0
133,PAYMENT,169.67,C94216001,190181.81,190012.14,M51954112,0.0,0.0,0,0
133,PAYMENT,248.98,C56164955,413628.0,413379.02,M92594562,0.0,0.0,0,0
133,CASH_IN,7170.86,C99541016,16413.84,9242.98,C56496201,4374.0,11544.86,0,0
133,CASH_IN,2946.78,C78064830,3439.46,492.68,C62443094,14263.56,17210.34,0,0
133,PAYMENT,2411.41,C73280554,8721.46,6310.05,C62686364,0.0,0.0,0,0
133,PAYMENT,543.69,C68646621,478893.61,478349.92,M20071854,0.0,0.0,0,0
134,PAYMENT,218.34,C19528530,368593.49,368375.15,C82966824,0.0,0.0,0,0
134,PAYMENT,668.5,C82399599,354312.97,353644.47,C46501299,0.0,0.0,0,0
134,CASH_OUT,373.04,C14835614,792.97,419.93,M22976369,44432.62,44805.66,0,0
134,PAYMENT,2493.41,C44999379,167214.65,164721.24,C98824290,0.0,0.0,0,0
134,PAYMENT,639.3,C89864260,29826.0,29186.7,M49597485,0.0,0.0,0,0
134,DEBIT,891.65,C29909029,2010.65,1119.0,C39641883,12307.55,13199.2,0,0
134,PAYMENT,1004.04,C78057490,53202.03,52197.99,M40097200,0.0,0.0,0,0
134,PAYMENT,1253.14,C75041510,256748.12,255494.98,M79119463,0.0,0.0,0,0
134,CASH_OUT,787.56,C43251599,2224.33,1436.77,C75478707,2400.09,3187.65,0,0
134,CASH_OUT,3571.13,C43887075,8251.91,4680.78,C16135823,22588.44,26159.57,0,0
134,PAYMENT,1477.24,C58895439,193602.42,192125.18,C53334226,0.0,0.0,0,0
134,PAYMENT,1013.66,C72950208,411746.87,410733.21,C61414775,0.0,0.0,0,0
134,PAYMENT,933.12,C38754377,86440.41,85507.29,C61705758,0.0,0.0,0,0
134,PAYMENT,2602.17,C79008866,52664.65,50062.48,M97550053,0.0,0.0,0,0
135,PAYMENT,823.49,C37057085,179939.34,179115.85,C30112846,0.0,0.0,0,0
135,TRANSFER,15592.08,C55461591,58781.5,43189.42,C87324220,184054.85,199646.93,0,0
135,CASH_OUT,5551.25,C48260510,7528.25,1977.0,M33366099,53048.06,58599.31,0,0
135,CASH_OUT,9959.87,C35519083,12952.21,2992.34,M53627409,66727.34,76687.21,0,0
135,PAYMENT,1168.36,C52910691,409146.15,407977.79,C85374270,0.0,0.0,0,0
135,CASH_OUT,22808.68,C39254705,64604.87,41796.19,C22713811,66173.17,88981.85,0,0
135,DEBIT,2371.84,C65910756,6217.63,3845.79,C95726382,71130.67,73502.51,0,0
135,PAYMENT,1018.23,C24282218,3085.02,2066.79,C54964418,0.0,0.0,0,0
135,CASH_OUT,3441.97,C65910756,4451.08,1009.11,M71335966,14778.02,18219.99,0,0
135,TRANSFER,21958.99,C98641164,86277.26,64318.27,C81203615,163115.3,185074.29,0,0
135,TRANSFER,23675.77,C82374753,75291.87,51616.1,C33414716,29788.9,53464.67,0,0
135,TRANSFER,4874.13,C32151928,10504.0,5629.87,M27976443,64543.84,69417.97,0,0
135,TRANSFER,17348.37,C73001391,38892.15,21543.78,C69691437,158906.82,176255.19,0,0
136,PAYMENT,338.02,C38408562,401466.18,401128.16,M25946545,0.0,0.0,0,0
136,CASH_IN,1014.84,C35475673,1513.95,499.11,C31424479,41865.96,42880.8,0,0
136,CASH_OUT,4379.35,C98269682,9043.13,4663.78,C90253323,82140.42,86519.77,0,0
136,TRANSFER,12519.04,C75437844,28362.16,15843.12,M16101779,115997.41,128516.45,0,0
136,PAYMENT,1216.66,C46912022,374645.18,373428.52,C86710258,0.0,0.0,0,0
136,TRANSFER,13104.71,C38859907,13217.39,112.68,M65913331,198787.16,211891.87,0,0
136,PAYMENT,1279.02,C38898923,280070.49,278791.47,C35566010,0.0,0.0,0,0
136,PAYMENT,499.93,C52358553,460610.24,460110.31,M84252324,0.0,0.0,0,0
136,PAYMENT,312.88,C78387461,175975.07,175662.19,C83083942,0.0,0.0,0,0
136,CASH_OUT,1732.31,C98122539,4569.87,2837.56,C49148093,29469.73,31202.04,0,0
136,CASH_IN,17570.56,C30776478,47556.91,29986.35,C81110496,97181.96,114752.52,0,0
136,CASH_OUT,821.59,C70210270,2181.85,1360.26,C12300840,5586.57,6408.16,0,0
136,TRANSFER,19277.96,C63826716,59990.86,40712.9,M13110670,76114.7,95392.66,0,0
137,TRANSFER,1192.46,C94374605,2522.12,1329.66,C50515702,140578.95,141771.41,0,0
137,CASH_OUT,9375.55,C37804191,25078.42,15702.87,C64364546,87047.7,96423.25,0,0
137,CASH_OUT,1012.61,C40587988,1172.59,159.98,M28392710,7706.53,8719.14,0,0
137,CASH_OUT,1295.54,C42775624,1683.47,387.93,C11287794,18242.45,19537.99,0,0
137,PAYMENT,3118.06,C94982908,374557.35,371439.29,M62868861,0.0,0.0,0,0
137,PAYMENT,468.25,C70896652,151154.83,150686.58,C19735027,0.0,0.0,0,0
137,PAYMENT,3078.07,C89133014,169993.82,166915.75,C11137460,0.0,0.0,0,0
137,CASH_OUT,4985.3,C67617561,7844.56,2859.26,C49957816,15588.73,20574.03,0,0
137,CASH_OUT,1132921.07,C48242379,1191433.85,0.0,C39332201,83268.01,1216189.08,1,0
137,PAYMENT,929.63,C31776452,277969.65,277040.02,C31803703,0.0,0.0,0,0
137,TRANSFER,1281.63,C35265073,3211.27,1929.64,C11534878,142161.21,143442.84,0,0
137,TRANSFER,30520.21,C48163378,119619.9,89099.69,C57201978,104778.71,135298.92,0,0
137,PAYMENT,526.83,C33500064,372081.1,371554.27,M48352498,0.0,0.0,0,0
137,PAYMENT,418.0,C84285882,29886.42,29468.42,C28830282,0.0,0.0,0,0
138,CASH_IN,3206.21,C84514489,8480.46,5274.25,M52111160,97598.74,100804.95,0,0
138,TRANSFER,17254.21,C69166287,53096.03,35841.82,C71533194,96005.84,113260.05,0,0
138,PAYMENT,1012.0,C18126895,203739.74,202727.74,C83330295,0.0,0.0,0,0
138,TRANSFER,11003.17,C91917334,23265.48,12262.31,M97991930,85420.16,96423.33,0,0
138,CASH_IN,7386.41,C41523529,8928.69,1542.28,M16792127,36270.16,43656.57,0,0
138,TRANSFER,21191.99,C68548403,36420.34,15228.35,C86211608,33389.32,54581.31,0,0
138,PAYMENT,56.41,C94705205,107531.15,107474.74,M26664623,0.0,0.0,0,0
138,PAYMENT,634.21,C97226012,455024.13,454389.92,C11851322,0.0,0.0,0,0
138,TRANSFER,11558.17,C91178885,43777.79,32219.62,C63635785,48826.7,60384.87,0,0
138,CASH_IN,3615.26,C58718453,7699.03,4083.77,C73909453,56373.93,59989.19,0,0
138,TRANSFER,489005.93,C68475513,621895.53,0.0,C21716836,35664.91,0.0,1,1
138,PAYMENT,63.3,C51098277,99052.09,98988.79,C76185975,0.0,0.0,0,0
138,CASH_OUT,2932.86,C30881581,8645.2,5712.34,C30456313,70265.68,73198.54,0,0
139,CASH_OUT,925.81,C63551839,2298.7,1372.89,C17575790,10100.29,11026.1,0,0
139,PAYMENT,904.14,C72270726,76792.96,75888.82,C42813517,0.0,0.0,0,0
139,PAYMENT,86.33,C36738452,192291.64,192205.31,C86086168,0.0,0.0,0,0
139,CASH_OUT,641.63,C71315464,1013.93,372.3,C57746984,15153.78,15795.41,0,0
139,CASH_OUT,1699.82,C19584466,2016.98,317.16,M30695604,71846.27,73546.09,0,0
139,PAYMENT,726.45,C36040410,404123.06,403396.61,M73404979,0.0,0.0,0,0
139,CASH_OUT,2538.67,C35475673,3356.36,817.69,M55511258,96366.74,98905.41,0,0
139,CASH_OUT,720.44,C49172995,1474.43,753.99,C21635070,76863.62,77584.06,0,0
139,CASH_OUT,1402.05,C31079846,2217.6,815.55,C44795538,62347.08,63749.13,0,0
139,CASH_OUT,1076324.66,C73100462,1228556.51,0.0,C85833309,99700.95,1176025.61,1,0
139,CASH_OUT,13285.58,C51617680,39708.06,26422.48,M31810655,9740.6,23026.18,0,0
139,TRANSFER,921.47,C31429110,1777.17,855.7,M36717096,173639.2,174560.67,0,0
139,PAYMENT,2640.47,C81216573,447777.15,445136.68,C11699863,0.0,0.0,0,0
139,TRANSFER,18012.88,C65465150,27184.19,9171.31,M70873663,59826.03,77838.91,0,0
140,PAYMENT,644.87,C84252722,289102.79,288457.92,C77845324,0.0,0.0,0,0
140,PAYMENT,4895.35,C24508768,37424.69,32529.34,M76845536,0.0,0.0,0,0
140,CASH_OUT,13580.64,C30486849,40365.55,26784.91,C97219985,97848.38,111429.02,0,0
140,PAYMENT,1428.05,C80723898,222138.6,220710.55,C28762704,0.0,0.0,0,0
140,CASH_OUT,1960.33,C18429833,5769.96,3809.63,M60089832,48825.9,50786.23,0,0
140,CASH_OUT,14752.57,C98787891,26821.15,12068.58,C64561191,61968.35,76720.92,0,0
140,DEBIT,6767.46,C89680504,12734.03,5966.57,M64123845,51247.93,58015.39,0,0
140,PAYMENT,506.13,C61140376,158195.41,157689.28,C55172462,0.0,0.0,0,0
140,CASH_IN,101.69,C53507489,185.73,84.04,C67665720,45009.23,45110.92,0,0
140,CASH_OUT,6175.07,C32218290,6702.12,527.05,C72014395,97743.16,103918.23,0,0
140,CASH_OUT,23130.57,C67503414,55501.59,32371.02,C91460345,56080.04,79210.61,0,0
140,PAYMENT,633.21,C89864260,54438.41,53805.2,C41354768,0.0,0.0,0,0
140,PAYMENT,887.24,C89520597,285926.6,285039.36,M73739005,0.0,0.0,0,0
141,PAYMENT,640.99,C98054173,113079.54,112438.55,M46836194,0.0,0.0,0,0
141,CASH_OUT,13754.25,C90161060,23353.01,9598.76,C20202996,46848.87,60603.12,0,0
141,PAYMENT,709.04,C53188224,409508.29,408799.25,C42988674,0.0,0.0,0,0
141,CASH_IN,369.01,C54349361,502.06,133.05,M97393186,10834.83,11203.84,0,0
141,PAYMENT,276.52,C82884346,199678.55,199402.03,C43266810,0.0,0.0,0,0
141,CASH_OUT,865.37,C50780112,976.95,111.58,M56323191,34242.35,35107.72,0,0
141,CASH_IN,3009.41,C15291208,4289.22,1279.81,C84455942,74128.48,77137.89,0,0
141,TRANSFER,3498.84,C87337818,9220.3,5721.46,C25060409,189758.2,193257.04,0,0
141,TRANSFER,13113.45,C39219319,35466.9,22353.45,C82751830,197574.34,210687.79,0,0
141,CASH_OUT,7059.44,C81481992,18475.03,11415.59,C58270683,78955.91,86015.35,0,0
141,CASH_OUT,11785.81,C53261270,32246.46,20460.65,M17045237,95264.5,107050.31,0,0
141,CASH_OUT,7124.46,C98436473,16182.32,9057.86,C24363501,8359.13,15483.59,0,0
141,PAYMENT,20.35,C25374874,203724.1,203703.75,C39314711,0.0,0.0,0,0
141,PAYMENT,1643.84,C46855845,356678.94,355035.1,C84618850,0.0,0.0,0,0
142,TRANSFER,6278.13,C80669879,18890.47,12612.34,C46875077,52630.0,58908.13,0,0
142,DEBIT,11345.85,C91202508,13443.5,2097.65,M74245343,90164.17,101510.02,0,0
142,CASH_IN,1933.5,C15403355,4846.03,2912.53,C10241310,16453.33,18386.83,0,0
142,CASH_OUT,1634.75,C44392446,3189.4,1554.65,C92427773,68883.05,70517.8,0,0
142,PAYMENT,316.17,C98231132,348951.66,348635.49,C34438599,0.0,0.0,0,0
142,PAYMENT,853.07,C51870192,347064.92,346211.85,C85920407,0.0,0.0,0,0
142,CASH_OUT,1180031.75,C11362459,1296340.78,0.0,C93579731,66796.25,1246828.0,1,0
142,PAYMENT,2001.62,C27129912,493211.24,491209.62,C27030641,0.0,0.0,0,0
142,TRANSFER,4175.21,C12729224,13403.08,9227.87,C47173969,63986.54,68161.75,0,0
142,TRANSFER,4379.11,C77491435,6316.69,1937.58,C47561442,172995.97,177375.08,0,0
142,CASH_OUT,2894.43,C27758595,5246.95,2352.52,C94226031,52069.17,54963.6,0,0
142,PAYMENT,195.94,C23756669,471775.23,471579.29,C52209421,0.0,0.0,0,0
142,TRANSFER,28024.14,C85017250,81739.39,53715.25,M82033413,116097.03,144121.17,0,0
143,PAYMENT,1990.76,C38119557,373362.36,371371.6,M64614193,0.0,0.0,0,0
143,CASH_OUT,13458.62,C91178885,34302.91,20844.29,C81905550,60094.34,73552.96,0,0
143,CASH_OUT,4230.53,C65259205,5847.94,1617.41,C64795619,67962.82,72193.35,0,0
143,CASH_OUT,11482.89,C49385195,19837.71,8354.82,M14670638,30194.45,41677.34,0,0
143,TRANSFER,4848.46,C64707061,6662.93,1814.47,C68341261,100327.0,105175.46,0,0
143,PAYMENT,2637.81,C19553585,206372.63,203734.82,C92747827,0.0,0.0,0,0
143,CASH_OUT,601.61,C31980274,1231.1,629.49,C65034115,76508.11,77109.72,0,0
143,CASH_OUT,3167.93,C27758595,5882.11,2714.18,C62133188,17689.52,20857.45,0,0
143,PAYMENT,5921.27,C85957706,272295.91,266374.64,M13576520,0.0,0.0,0,0
143,PAYMENT,114.4,C60867083,422855.62,422741.22,C37568520,0.0,0.0,0,0
143,CASH_OUT,6763.62,C24490391,10595.19,3831.57,C18500100,62037.65,68801.27,0,0
143,PAYMENT,1622.57,C77085942,428784.64,427162.07,C66268745,0.0,0.0,0,0
143,TRANSFER,1407.94,C86149359,1786.55,378.61,C14746418,4268.87,5676.81,0,0
143,PAYMENT,1268.91,C86593187,53630.3,52361.39,C60090149,0.0,0.0,0,0
144,PAYMENT,4188.59,C86181117,312665.19,308476.6,C86286724,0.0,0.0,0,0
144,CASH_OUT,20592.38,C54559574,41323.2,20730.82,M51954112,80587.06,101179.44,0,0
144,PAYMENT,5256.08,C27447248,426149.22,420893.14,C65757342,0.0,0.0,0,0
144,TRANSFER,5223.68,C93303777,13867.64,8643.96,M96690951,23785.72,29009.4,0,0
144,PAYMENT,91.31,C21370793,475374.64,475283.33,C60388958,0.0,0.0,0,0
144,CASH_OUT,3111.79,C91321540,5999.2,2887.41,C39648058,90799.36,93911.15,0,0
144,PAYMENT,1437.76,C75679047,392748.31,391310.55,C41426254,0.0,0.0,0,0
144,PAYMENT,1302.82,C22489409,469929.17,468626.35,M68376726,0.0,0.0,0,0
144,TRANSFER,20916.76,C86960402,37709.31,16792.55,M22007214,132077.69,152994.45,0,0
144,CASH_OUT,3294.22,C54410148,9285.34,5991.12,C22485824,67330.08,70624.3,0,0
144,TRANSFER,5503.54,C83197857,6043.02,539.48,C42988674,6223.12,11726.66,0,0
144,CASH_OUT,2038.82,C68475513,4154.97,2116.15,C63235053,74124.54,76163.36,0,0
144,PAYMENT,142.74,C39600202,86864.55,86721.81,C90251151,0.0,0.0,0,0
145,TRANSFER,7996.42,C33497411,31349.73,23353.31,C64496076,39339.42,47335.84,0,0
145,CASH_OUT,1300.25,C23290458,3384.11,2083.86,C86475853,57785.36,59085.61,0,0
145,TRANSFER,19928.5,C34627347,78360.2,58431.7,C39368039,35569.74,55498.24,0,0
145,CASH_OUT,2477.5,C60192261,4644.82,2167.32,C71824078,9957.79,12435.29,0,0
145,TRANSFER,4436.56,C41711468,12840.84,8404.28,M11097552,157071.98,161508.54,0,0
145,CASH_IN,681.47,C90246882,1536.47,855.0,C66851305,26023.01,26704.48,0,0
145,CASH_IN,5807.95,C97219599,16827.96,11020.01,M12232974,20376.26,26184.21,0,0
145,TRANSFER,498.45,C45575298,1438.87,940.42,M97182566,119064.35,119562.8,0,0
145,TRANSFER,6385.88,C87490893,24022.3,17636.42,C75718640,16675.73,23061.61,0,0
145,PAYMENT,1612.46,C13852048,371685.13,370072.67,M52196099,0.0,0.0,0,0
145,CASH_IN,4179.84,C20117988,9483.75,5303.91,C50168264,77758.97,81938.81,0,0
145,CASH_OUT,404.53,C46553958,583.94,179.41,M25119192,19382.89,19787.42,0,0
145,TRANSFER,1584.45,C60043345,5420.87,3836.42,C33554528,76243.28,77827.73,0,0
146,CASH_OUT,13992.14,C91424737,16313.81,2321.67,C48833650,14376.95,28369.09,0,0
146,CASH_OUT,449.56,C81971316,1229.04,779.48,C25328557,11093.15,11542.71,0,0
146,TRANSFER,9699.8,C94819556,13827.12,4127.32,C45212476,53136.94,62836.74,0,0
146,TRANSFER,21623.5,C80993218,76414.66,54791.16,M64504816,182631.11,204254.61,0,0
146,CASH_OUT,4781.57,C58024342,12388.49,7606.92,C30456313,41374.51,46156.08,0,0
146,TRANSFER,3637.87,C54735895,5932.96,2295.09,C99326148,84561.52,88199.39,0,0
146,PAYMENT,667.52,C36802975,317508.8,316841.28,C13051483,0.0,0.0,0,0
146,TRANSFER,13617.58,C64830300,25822.54,12204.96,C53191535,180824.0,194441.58,0,0
146,CASH_OUT,413.43,C54762841,1120.24,706.81,C56045630,11720.71,12134.14,0,0
146,TRANSFER,2507.47,C43189803,7126.27,4618.8,C52779814,109750.07,112257.54,0,0
146,PAYMENT,2644.32,C89795010,371365.02,368720.7,C94946730,0.0,0.0,0,0
146,PAYMENT,824.98,C12205915,98036.94,97211.96,M16530784,0.0,0.0,0,0
146,PAYMENT,3182.05,C98753260,13473.01,10290.96,C98404247,0.0,0.0,0,0
146,CASH_OUT,1365.8,C64759583,3733.75,2367.95,C77249653,11478.85,12844.65,0,0
147,TRANSFER,15878.24,C43308443,26346.5,10468.26,M61940566,145821.04,161699.28,0,0
147,CASH_IN,1295.17,C62405812,1988.32,693.15,M24428014,48157.49,49452.66,0,0
147,DEBIT,13663.59,C28099607,23188.57,9524.98,M74819756,55149.71,68813.3,0,0
147,CASH_IN,5094.97,C44788100,12688.46,7593.49,C70471823,49580.17,54675.14,0,0
147,CASH_OUT,2630.96,C22510327,3646.8,1015.84,C88733350,17295.95,19926.91,0,0
147,CASH_OUT,3838.9,C74287863,5997.0,2158.1,C89442904,39282.59,43121.49,0,0
147,CASH_OUT,2847.09,C88862539,4621.31,1774.22,C76591799,79409.95,82257.04,0,0
147,CASH_OUT,8749.77,C18469210,24199.37,15449.6,C85603667,42373.73,51123.5,0,0
147,PAYMENT,2694.01,C55754284,408314.32,405620.31,C83717007,0.0,0.0,0,0
147,TRANSFER,22446.12,C71040347,51355.35,28909.23,M28908276,113861.26,136307.38,0,0
147,TRANSFER,5817.87,C82232344,6939.55,1121.68,C29948970,34282.56,40100.43,0,0
147,CASH_IN,1496.21,C95320121,3026.4,1530.19,C57892314,58686.92,60183.13,0,0
147,CASH_OUT,3358.44,C70407340,7691.49,4333.05,C49922369,96514.52,99872.96,0,0
148,TRANSFER,290358.75,C31980274,279133.65,0.0,C71851421,35774.45,0.0,1,1
148,PAYMENT,1286.61,C96128115,187238.21,185951.6,C25745913,0.0,0.0,0,0
148,PAYMENT,70.09,C71707170,62907.2,62837.11,C50045602,0.0,0.0,0,0
148,PAYMENT,19.6,C39450273,7428.71,7409.11,C56135950,0.0,0.0,0,0
148,CASH_IN,16919.94,C96268397,32668.23,15748.29,M17045237,79523.94,96443.88,0,0
148,TRANSFER,15739.81,C29776801,33947.19,18207.38,M90904160,120758.58,136498.39,0,0
148,PAYMENT,1677.97,C47962005,53254.26,51576.29,M83867070,0.0,0.0,0,0
148,CASH_OUT,14714.37,C76354180,40710.55,25996.18,C23747542,85991.26,100705.63,0,0
148,TRANSFER,18450.78,C77187530,41795.64,23344.86,C25446483,151484.04,169934.82,0,0
148,PAYMENT,6968.45,C39600202,161420.46,154452.01,C17069536,0.0,0.0,0,0
148,PAYMENT,1397.73,C45159040,401757.15,400359.42,M59514418,0.0,0.0,0,0
148,CASH_OUT,5874.49,C65465150,10823.6,4949.11,M41774192,12409.27,18283.76,0,0
148,PAYMENT,4193.8,C85563727,164783.63,160589.83,C56697654,0.0,0.0,0,0
148,PAYMENT,1472.28,C76344695,289054.08,287581.8,M76291802,0.0,0.0,0,0
149,PAYMENT,560.56,C43446826,322545.97,321985.41,M61385847,0.0,0.0,0,0
149,TRANSFER,6578.8,C21370793,24571.35,17992.55,C24678410,57588.8,64167.6,0,0
149,PAYMENT,291.19,C61998170,202599.77,202308.58,C92058189,0.0,0.0,0,0
149,TRANSFER,17090.31,C48260510,19096.04,2005.73,C28680305,129310.36,146400.67,0,0
149,DEBIT,489.39,C82070937,582.49,93.1,C67961650,80251.33,80740.72,0,0
149,TRANSFER,1367.6,C57197152,4459.85,3092.25,C48532662,80668.52,82036.12,0,0
149,PAYMENT,1635.82,C75491202,157960.98,156325.16,C17772004,0.0,0.0,0,0
149,CASH_OUT,939.77,C77349752,2248.79,1309.02,M76306502,45458.17,46397.94,0,0
149,PAYMENT,45.99,C98122539,483641.96,483595.97,C15584869,0.0,0.0,0,0
149,CASH_OUT,18432.9,C17270733,41215.12,22782.22,C22828128,2928.82,21361.72,0,0
149,PAYMENT,404.92,C45935572,7177.22,6772.3,C76217748,0.0,0.0,0,0
149,DEBIT,13099.89,C39557077,35668.09,22568.2,C12099943,72425.34,85525.23,0,0
149,TRANSFER,723.38,C47393469,2294.8,1571.42,M61028283,162644.12,163367.5,0,0
150,PAYMENT,1289.8,C46866075,269704.07,268414.27,C74294443,0.0,0.0,0,0
150,TRANSFER,448.85,C89254563,519.53,70.68,C76065552,176780.55,177229.4,0,0
150,CASH_OUT,473827.89,C95899313,441542.95,0.0,M66121095,79162.78,0.0,1,0
150,PAYMENT,2332.32,C70896652,462579.49,460247.17,M61028283,0.0,0.0,0,0
150,PAYMENT,71.64,C56381032,61710.91,61639.27,C23111164,0.0,0.0,0,0
150,CASH_OUT,2584.87,C46632757,5604.67,3019.8,C51380361,85015.37,87600.24,0,0
150,CASH_IN,3978.49,C26733967,9046.32,5067.83,C99490304,66823.53,70802.02,0,0
150,PAYMENT,1863.91,C35583290,121780.68,119916.77,C89487366,0.0,0.0,0,0
150,PAYMENT,3528.92,C46173157,246071.71,242542.79,C22780905,0.0,0.0,0,0
150,TRANSFER,9678.59,C10744212,23694.34,14015.75,C66269520,19268.08,28946.67,0,0
150,PAYMENT,843.01,C17352710,356267.93,355424.92,C19801857,0.0,0.0,0,0
150,CASH_OUT,8240.44,C51746937,12235.01,3994.57,C69831384,64713.43,72953.87,0,0
150,PAYMENT,394.43,C89865081,348092.6,347698.17,M82286705,0.0,0.0,0,0
150,CASH_OUT,13374.84,C77187530,19058.49,5683.65,C56548066,67049.9,80424.74,0,0
151,PAYMENT,906.92,C50814428,193759.99,192853.07,C21594468,0.0,0.0,0,0
151,PAYMENT,3078.3,C99943797,171544.17,168465.87,M42445506,0.0,0.0,0,0
151,PAYMENT,365.72,C72937522,381278.06,380912.34,C47358810,0.0,0.0,0,0
151,CASH_OUT,313.28,C71934487,904.99,591.71,C52148834,70851.24,71164.52,0,0
151,TRANSFER,7103.06,C22304198,9354.6,2251.54,M50162553,26882.04,33985.1,0,0
151,PAYMENT,762.73,C83659258,194016.72,193253.99,C46032304,0.0,0.0,0,0
151,TRANSFER,2211.79,C73070585,3558.91,1347.12,C22242388,80640.78,82852.57,0,0
151,CASH_OUT,8234.88,C11540956,19537.52,11302.64,C85721444,95149.46,103384.34,0,0
151,CASH_OUT,885.59,C95618110,1702.02,816.43,C25755285,10717.34,11602.93,0,0
151,PAYMENT,478.32,C79008866,10260.79,9782.47,M31809610,0.0,0.0,0,0
151,TRANSFER,6400.22,C40173413,15544.35,9144.13,M96343485,106646.2,113046.42,0,0
151,CASH_OUT,341.75,C25372341,717.88,376.13,C95726382,35442.68,35784.43,0,0
151,PAYMENT,756.15,C30743797,199670.14,198913.99,M28761086,0.0,0.0,0,0
152,CASH_OUT,1124.86,C94482772,2117.75,992.89,C92767884,36978.07,38102.93,0,0
152,CASH_OUT,1554.36,C86125617,4439.31,2884.95,C41802361,19393.16,20947.52,0,0
152,DEBIT,11351.94,C37326368,15362.47,4010.53,C96142207,27592.57,38944.51,0,0
152,PAYMENT,402.03,C22097496,260271.99,259869.96,C65540647,0.0,0.0,0,0
152,TRANSFER,392192.76,C54349361,335537.14,0.0,C63380520,89505.85,0.0,1,1
152,PAYMENT,1683.87,C61700055,267001.6,265317.73,M79538491,0.0,0.0,0,0
152,CASH_OUT,5640.38,C65625330,13531.41,7891.03,M15006085,40455.94,46096.32,0,0
152,CASH_OUT,2579.13,C42255732,6829.89,4250.76,M63514837,69168.38,71747.51,0,0
152,PAYMENT,2018.84,C25558733,87172.5,85153.66,M82286705,0.0,0.0,0,0
152,TRANSFER,13450.25,C88183110,41931.96,28481.71,C65878146,58307.75,71758.0,0,0
152,PAYMENT,137.08,C28728463,94169.26,94032.18,M19794273,0.0,0.0,0,0
152,CASH_IN,899.21,C23298711,2018.04,1118.83,C99188862,73909.08,74808.29,0,0
152,CASH_IN,18972.53,C56952151,45076.3,26103.77,C36770773,17023.26,35995.79,0,0
152,CASH_OUT,5435.57,C70667140,9046.48,3610.91,M79645282,45521.63,50957.2,0,0
153,CASH_OUT,10103.37,C35649468,18750.29,8646.92,M29163535,2082.68,12186.05,0,0
153,PAYMENT,955.77,C34220459,440866.25,439910.48,C77447155,0.0,0.0,0,0
153,CASH_OUT,2698.26,C93370583,2750.79,52.53,C99139874,35214.36,37912.62,0,0
153,TRANSFER,1312997.34,C91029073,1360638.3,0.0,C35016429,1739.08,1314736.42,1,1
153,PAYMENT,1255.97,C77750178,115687.26,114431.29,C81110496,0.0,0.0,0,0
153,DEBIT,1175.28,C16927215,2949.94,1774.66,M88319168,77525.66,78700.94,0,0
153,CASH_IN,5891.22,C70597444,15363.04,9471.82,C60259293,33567.74,39458.96,0,0
153,CASH_OUT,4111.8,C48683937,8599.54,4487.74,C96519508,66340.85,70452.65,0,0
153,CASH_OUT,131.67,C99245317,349.65,217.98,C91197624,30113.4,30245.07,0,0
153,CASH_OUT,254.83,C71028710,593.21,338.38,C68137264,86512.77,86767.6,0,0
153,DEBIT,24168.34,C17028380,47580.44,23412.1,C45212476,26993.74,51162.08,0,0
153,PAYMENT,364.19,C42713008,320620.55,320256.36,C39158087,0.0,0.0,0,0
153,CASH_OUT,1508.63,C18181586,3498.11,1989.48,C77878323,14163.31,15671.94,0,0
154,DEBIT,592.62,C82825679,882.25,289.63,M45135070,74101.24,74693.86,0,0
154,PAYMENT,5815.71,C67795113,180991.12,175175.41,C85833309,0.0,0.0,0,0
154,CASH_OUT,9432.9,C22315507,27446.24,18013.34,M76845536,63873.38,73306.28,0,0
154,PAYMENT,1702.76,C26706752,438817.73,437114.97,C39314711,0.0,0.0,0,0
154,CASH_OUT,4670.99,C70166480,8868.06,4197.07,C95655118,95830.61,100501.6,0,0
154,CASH_OUT,4332.56,C47962005,10216.75,5884.19,M66207740,88799.49,93132.05,0,0
154,TRANSFER,3974.29,C42394260,15824.95,11850.66,C10597274,62555.34,66529.63,0,0
154,CASH_OUT,1332.68,C31931511,2247.63,914.95,C54424679,61236.74,62569.42,0,0
154,CASH_OUT,1378.51,C50780112,4047.73,2669.22,C17440911,79234.05,80612.56,0,0
154,CASH_OUT,6923.38,C85017682,13831.9,6908.52,M92594562,68552.67,75476.05,0,0
154,PAYMENT,102.72,C68942178,76813.42,76710.7,C81729237,0.0,0.0,0,0
154,PAYMENT,1407.1,C68646621,312649.98,311242.88,C65757342,0.0,0.0,0,0
154,CASH_OUT,280.2,C41272553,441.74,161.54,M13576520,79978.51,80258.71,0,0
155,CASH_OUT,442450.52,C66722344,485162.84,0.0,C50168264,30582.15,0.0,1,0
155,PAYMENT,986.65,C26901217,2319.57,1332.92,C23951801,0.0,0.0,0,0
155,CASH_IN,2067.12,C49682169,3515.01,1447.89,M92012822,28326.55,30393.67,0,0
155,TRANSFER,265.32,C27152188,877.32,612.0,C68341261,31852.37,32117.69,0,0
155,PAYMENT,458.81,C42138745,136793.11,136334.3,C27740248,0.0,0.0,0,0
155,PAYMENT,1506.96,C92352411,217161.29,215654.33,M48626436,0.0,0.0,0,0
155,TRANSFER,9632.73,C66808292,10561.42,928.69,M91220369,186654.02,196286.75,0,0
155,PAYMENT,536.32,C51511484,339893.14,339356.82,C60037465,0.0,0.0,0,0
155,CASH_OUT,16855.47,C55679506,47335.65,30480.18,C34060788,89303.36,106158.83,0,0
155,PAYMENT,3326.16,C50419829,299325.32,295999.16,C34156684,0.0,0.0,0,0
155,CASH_OUT,4199.64,C38609087,11556.84,7357.2,C49652241,80438.02,84637.66,0,0
155,TRANSFER,963.03,C60864911,1685.36,722.33,C76399516,83846.15,84809.18,0,0
155,PAYMENT,1387.86,C85283645,153888.06,152500.2,C48532662,0.0,0.0,0,0
155,PAYMENT,3748.22,C94120751,463705.09,459956.87,C51861213,0.0,0.0,0,0
156,TRANSFER,1955.75,C96924061,6546.32,4590.57,C24679315,166936.62,168892.37,0,0
156,CASH_OUT,1786.12,C82383095,4265.73,2479.61,M25946545,50381.52,52167.64,0,0
156,TRANSFER,14461.3,C71477426,29827.61,15366.31,C66682016,93843.96,108305.26,0,0
156,CASH_IN,7905.68,C96825515,15199.21,7293.53,C77878323,91255.83,99161.51,0,0
156,CASH_OUT,5741.44,C93016315,6756.86,1015.42,C85427317,14058.56,19800.0,0,0
156,CASH_IN,1803.64,C13783268,4641.24,2837.6,C28176954,58032.24,59835.88,0,0
156,PAYMENT,486.09,C92666356,311203.09,310717.0,M67838146,0.0,0.0,0,0
156,PAYMENT,1636.33,C39801436,439147.01,437510.68,C29015320,0.0,0.0,0,0
156,CASH_OUT,4550.38,C45551614,5696.49,1146.11,C12240013,67007.92,71558.3,0,0
156,PAYMENT,1967.23,C29090631,381971.77,380004.54,C66286795,0.0,0.0,0,0
156,PAYMENT,1650.69,C65766169,419920.62,418269.93,C17207013,0.0,0.0,0,0
156,CASH_OUT,2148.31,C25014631,6385.52,4237.21,M65135987,10704.89,12853.2,0,0
156,PAYMENT,158.77,C11086890,411326.19,411167.42,M72336371,0.0,0.0,0,0
157,CASH_OUT,12579.48,C53536830,34324.72,21745.24,C58307308,12144.27,24723.75,0,0
157,CASH_OUT,595.92,C95756900,1450.41,854.49,C47342819,70157.27,70753.19,0,0
157,TRANSFER,15764.95,C49172995,61512.24,45747.29,M63873262,28144.15,43909.1,0,0
157,CASH_OUT,679.06,C26733967,889.26,210.2,C71028216,62823.95,63503.01,0,0
157,PAYMENT,1877.91,C26405605,5212.5,3334.59,C15095407,0.0,0.0,0,0
157,TRANSFER,3624.1,C73083727,4871.25,1247.15,C36189702,1007.11,4631.21,0,0
157,PAYMENT,1175.77,C96750368,62275.14,61099.37,C63765180,0.0,0.0,0,0
157,DEBIT,15856.77,C51837852,22335.64,6478.87,C67405358,47374.24,63231.01,0,0
157,CASH_OUT,3662.48,C70468188,4070.14,407.66,C43782566,12181.14,15843.62,0,0
157,PAYMENT,1204.01,C46361787,491382.74,490178.73,C21716836,0.0,0.0,0,0
157,TRANSFER,11311.48,C70654852,29864.09,18552.61,M96075494,164515.61,175827.09,0,0
157,TRANSFER,3397.97,C70667140,9689.23,6291.26,C33002714,87038.39,90436.36,0,0
157,PAYMENT,577.33,C50851122,94034.31,93456.98,M69584522,0.0,0.0,0,0
157,PAYMENT,302.01,C19957701,329417.75,329115.74,C42123815,0.0,0.0,0,0
158,CASH_IN,2985.87,C93370583,7414.9,4429.03,C63108878,54668.1,57653.97,0,0
158,TRANSFER,24921.4,C87201917,74829.16,49907.76,C10697290,191859.19,216780.59,0,0
158,CASH_IN,4419.92,C71045700,10322.28,5902.36,C85007641,39118.92,43538.84,0,0
158,CASH_OUT,2029.61,C81210133,3721.88,1692.27,C40655922,42483.3,44512.91,0,0
158,PAYMENT,783.01,C35808537,229626.98,228843.97,C79839059,0.0,0.0,0,0
158,CASH_OUT,471573.32,C50193656,529366.75,57793.43,C87731247,61987.65,0.0,1,0
158,CASH_OUT,1943.43,C13783268,3762.12,1818.69,C65388634,72306.53,74249.96,0,0
158,PAYMENT,1511.12,C36096655,490913.34,489402.22,M17698469,0.0,0.0,0,0
158,PAYMENT,1305.88,C89470029,428208.11,426902.23,C29587040,0.0,0.0,0,0
158,CASH_OUT,6080.07,C16927215,14667.86,8587.79,M16813620,39062.43,45142.5,0,0
158,CASH_OUT,10362.31,C94214382,17654.62,7292.31,M52103092,71920.91,82283.22,0,0
158,TRANSFER,15823.08,C16990811,53166.98,37343.9,C56420476,56389.69,72212.77,0,0
158,CASH_OUT,1082.91,C75314742,1936.09,853.18,C53440052,91616.0,92698.91,0,0
159,PAYMENT,512.25,C92631441,189508.32,188996.07,C21716836,0.0,0.0,0,0
159,TRANSFER,11619.96,C90267122,31700.61,20080.65,C27978165,185555.04,197175.0,0,0
159,CASH_OUT,1142.31,C84990607,1437.99,295.68,C49276764,32407.66,33549.97,0,0
159,PAYMENT,4974.84,C49385195,175351.42,170376.58,C72015859,0.0,0.0,0,0
159,PAYMENT,986.54,C28892086,203079.38,202092.84,C82684966,0.0,0.0,0,0
159,CASH_OUT,3947.61,C17507864,5204.37,1256.76,M61940566,9654.04,13601.65,0,0
159,PAYMENT,98.08,C19528530,467248.49,467150.41,C50417154,0.0,0.0,0,0
159,PAYMENT,1331.34,C87201917,380434.82,379103.48,C42301683,0.0,0.0,0,0
159,TRANSFER,3294.82,C76757928,11158.95,7864.13,C53191535,21980.93,25275.75,0,0
159,CASH_OUT,8625.87,C91952730,15251.98,6626.11,M69195194,97331.97,105957.84,0,0
159,PAYMENT,1044.12,C95758649,32839.47,31795.35,M77493234,0.0,0.0,0,0
159,CASH_OUT,1131154.04,C53779528,1154641.58,0.0,M76876068,63129.41,0.0,1,0
159,PAYMENT,561.76,C45594597,55615.18,55053.42,C14324134,0.0,0.0,0,0
159,CASH_OUT,11460.74,C20075036,26070.79,14610.05,C81625307,55646.82,67107.56,0,0
160,CASH_OUT,4424.91,C54769200,10432.6,6007.69,C43292316,22549.65,26974.56,0,0
160,CASH_OUT,2319.25,C63792364,4770.83,2451.58,M51295819,79000.42,81319.67,0,0
160,CASH_OUT,1440752.7,C42138745,1221906.77,0.0,C94524999,14056.26,0.0,1,0
160,TRANSFER,2627.71,C81481992,9442.61,6814.9,C41062464,68801.55,71429.26,0,0
160,CASH_OUT,4114.89,C39735904,10108.5,5993.61,C28792245,52815.45,56930.34,0,0
160,TRANSFER,29175.25,C45431319,101609.44,72434.19,C10196231,100669.21,129844.46,0,0
160,PAYMENT,579.2,C36619372,450078.37,449499.17,C48766747,0.0,0.0,0,0
160,PAYMENT,2192.04,C51638598,401194.75,399002.71,M92012822,0.0,0.0,0,0
160,CASH_OUT,2062.49,C61053474,5667.63,3605.14,C57572279,56915.24,58977.73,0,0
160,CASH_OUT,2570.39,C70211891,3089.16,518.77,C11523452,49871.22,52441.61,0,0
160,CASH_OUT,3077.36,C63100814,3216.1,138.74,C56697654,82132.78,85210.14,0,0
160,TRANSFER,32850.66,C69401199,71327.96,38477.3,C23439803,72223.13,105073.79,0,0
160,PAYMENT,202.51,C98842638,80615.78,80413.27,C44918995,0.0,0.0,0,0
161,CASH_OUT,17471.02,C81287314,25905.97,8434.95,M92467167,51775.98,69247.0,0,0
161,TRANSFER,868.53,C82398083,2480.47,1611.94,C76185975,109642.38,110510.91,0,0
161,PAYMENT,1067.62,C17003454,292220.71,291153.09,M43322272,0.0,0.0,0,0
161,PAYMENT,1619.87,C80606503,492497.1,490877.23,C39396392,0.0,0.0,0,0
161,CASH_IN,3055.02,C63437398,3252.22,197.2,M85386435,42140.57,45195.59,0,0
161,TRANSFER,6244.0,C25015458,7356.53,1112.53,C87507357,41642.43,47886.43,0,0
161,PAYMENT,3231.88,C89379016,166145.37,162913.49,C43257324,0.0,0.0,0,0
161,TRANSFER,5978.06,C65590800,7095.87,1117.81,C47221734,99217.47,105195.53,0,0
161,CASH_OUT,2967.28,C20113745,6587.37,3620.09,C80638102,83500.35,86467.63,0,0
161,CASH_OUT,367.08,C72270726,419.03,51.95,M28217159,41624.02,41991.1,0,0
161,CASH_OUT,14159.23,C10819505,39292.39,25133.16,C87149161,47877.15,62036.38,0,0
161,CASH_OUT,15507.46,C72092888,18734.91,3227.45,C60147077,49659.67,65167.13,0,0
161,PAYMENT,983.45,C63481198,176428.33,175444.88,C57060874,0.0,0.0,0,0
162,CASH_OUT,4408.22,C46173157,12135.39,7727.17,C96688655,22775.51,27183.73,0,0
162,TRANSFER,1178188.28,C57354167,1058115.74,0.0,M64953237,37938.84,1216127.12,1,1
162,PAYMENT,213.43,C23718431,242122.32,241908.89,C67774765,0.0,0.0,0,0
162,TRANSFER,2230.31,C47535126,3068.26,837.95,C47241089,140566.22,142796.53,0,0
162,CASH_OUT,1221.22,C30718012,1509.41,288.19,M92012822,61565.32,62786.54,0,0
162,PAYMENT,1215.67,C77378254,177190.97,175975.3,C39127464,0.0,0.0,0,0
162,CASH_OUT,10325.23,C43189803,15243.55,4918.32,C84182331,9199.08,19524.31,0,0
162,CASH_OUT,2169.27,C85329037,5434.32,3265.05,M66087572,80773.5,82942.77,0,0
162,CASH_OUT,1207606.47,C86745380,1493359.86,0.0,C37765262,5688.37,0.0,1,0
162,TRANSFER,1091.2,C61053474,2119.52,1028.32,M37828932,120880.79,121971.99,0,0
162,CASH_OUT,11980.84,C91156554,15089.06,3108.22,C86206305,39781.87,51762.71,0,0
162,TRANSFER,4317.28,C95831286,5306.51,989.23,M16783418,187735.66,192052.94,0,0
162,PAYMENT,256.33,C15614174,353217.08,352960.75,C85099723,0.0,0.0,0,0
162,TRANSFER,10966.58,C69023966,39219.57,28252.99,C62132722,89264.83,100231.41,0,0
163,PAYMENT,4219.37,C20814950,184732.95,180513.58,C54524582,0.0,0.0,0,0
163,CASH_OUT,4466.99,C55440919,6648.72,2181.73,C51361818,89297.85,93764.84,0,0
163,CASH_OUT,467.92,C46632757,565.6,97.68,C97857309,34663.55,35131.47,0,0
163,TRANSFER,12034.05,C47111151,29587.19,17553.14,C22240547,16610.77,28644.82,0,0
163,CASH_OUT,7700.12,C28628439,15723.57,8023.45,M47543473,30493.92,38194.04,0,0
163,PAYMENT,4252.28,C97219599,63128.53,58876.25,M16813620,0.0,0.0,0,0
163,PAYMENT,3130.77,C78103759,394394.15,391263.38,C19251149,0.0,0.0,0,0
163,CASH_IN,1024.93,C57683626,2456.43,1431.5,M96075494,64990.81,66015.74,0,0
163,CASH_OUT,255.6,C41068214,510.64,255.04,C53299069,3375.62,3631.22,0,0
163,TRANSFER,8815.07,C76354180,30689.99,21874.92,C67653606,17814.17,26629.24,0,0
163,CASH_OUT,13789.46,C42747037,27450.88,13661.42,C28268622,86277.28,100066.74,0,0
163,CASH_OUT,328451.93,C75437844,293049.21,0.0,C40838737,5225.97,0.0,1,0
163,TRANSFER,20008.27,C30415230,21568.44,1560.17,C21063273,122139.12,142147.39,0,0
164,CASH_IN,161.57,C59823245,459.73,298.16,C41796721,90744.96,90906.53,0,0
164,CASH_IN,500.35,C95268296,1091.72,591.37,C83330690,75725.22,76225.57,0,0
164,CASH_OUT,1694.85,C19209801,3166.24,1471.39,C94299475,42754.92,44449.77,0,0
164,PAYMENT,879.34,C59333209,368236.42,367357.08,C41749355,0.0,0.0,0,0
164,CASH_OUT,2447.86,C67503414,4347.94,1900.08,C66286795,72129.7,74577.56,0,0
164,PAYMENT,1382.42,C18530615,429540.02,428157.6,C69791674,0.0,0.0,0,0
164,CASH_IN,2466.18,C78092370,4752.34,2286.16,C42483531,57260.26,59726.44,0,0
164,PAYMENT,886.65,C67805802,260418.6,259531.95,C30854365,0.0,0.0,0,0
164,PAYMENT,2586.27,C80166708,191882.94,189296.67,C33535297,0.0,0.0,0,0
164,CASH_OUT,4483.67,C60491958,12623.44,8139.77,C81630600,28070.01,32553.68,0,0
164,TRANSFER,19400.26,C39735904,77531.55,58131.29,C88653825,154496.5,173896.76,0,0
164,CASH_OUT,8791.56,C47220099,9470.38,678.82,C98612211,27426.99,36218.55,0,0
164,CASH_OUT,7721.78,C54988206,17806.91,10085.13,C48833650,77156.39,84878.17,0,0
164,CASH_OUT,2723.38,C39587039,6322.47,3599.09,M97813295,83599.98,86323.36,0,0
165,CASH_IN,3944.77,C61883769,7446.22,3501.45,M18359252,1726.67,5671.44,0,0
165,CASH_OUT,554117.39,C90801586,619986.18,0.0,C46685332,40861.09,0.0,1,0
165,PAYMENT,1483.85,C36697396,448728.05,447244.2,C80890196,0.0,0.0,0,0
165,CASH_OUT,1071.84,C55440919,2016.0,944.16,C50045602,25800.7,26872.54,0,0
165,PAYMENT,1400.87,C92963368,131251.32,129850.45,C69961498,0.0,0.0,0,0
165,CASH_OUT,3755.4,C53389073,5066.0,1310.6,M67838146,87123.92,90879.32,0,0
165,PAYMENT,1657.27,C98955314,117870.88,116213.61,M59514418,0.0,0.0,0,0
165,PAYMENT,884.65,C26395999,93759.24,92874.59,M52894344,0.0,0.0,0,0
165,PAYMENT,315.86,C75056916,221273.82,220957.96,C58088526,0.0,0.0,0,0
165,PAYMENT,743.37,C90967191,277597.05,276853.68,M50259503,0.0,0.0,0,0
165,PAYMENT,770.73,C57130035,475948.49,475177.76,M27224779,0.0,0.0,0,0
165,TRANSFER,8023.38,C38210242,24352.27,16328.89,C55063530,171640.57,179663.95,0,0
165,TRANSFER,22027.14,C24508768,61714.24,39687.1,C63795149,70596.2,92623.34,0,0
166,PAYMENT,1066.91,C50056581,223018.72,221951.81,C76545476,0.0,0.0,0,0
166,PAYMENT,120.72,C11835355,120015.4,119894.68,M32633927,0.0,0.0,0,0
166,CASH_OUT,4223.77,C62884503,11173.5,6949.73,C23102741,41596.97,45820.74,0,0
166,DEBIT,4130.8,C66254240,11366.75,7235.95,C80659726,14307.95,18438.75,0,0
166,CASH_IN,299.6,C89442503,771.87,472.27,C42020689,33498.58,33798.18,0,0
166,PAYMENT,77.6,C26046365,326685.15,326607.55,C69862640,0.0,0.0,0,0
166,PAYMENT,1178.94,C76276072,486803.6,485624.66,C37040091,0.0,0.0,0,0
166,CASH_OUT,283.28,C82017516,308.55,25.27,M45135070,93030.85,93314.13,0,0
166,CASH_IN,9281.04,C28628439,9755.03,473.99,C18397164,60903.81,70184.85,0,0
166,PAYMENT,130.49,C85663295,256376.48,256245.99,C10466177,0.0,0.0,0,0
166,PAYMENT,213.63,C87277086,255074.77,254861.14,C35319707,0.0,0.0,0,0
166,PAYMENT,1106.47,C83363160,173338.27,172231.8,C66682016,0.0,0.0,0,0
166,PAYMENT,675.08,C34073380,415701.93,415026.85,C58219001,0.0,0.0,0,0
166,CASH_IN,5815.04,C61019678,14261.5,8446.46,C90108882,38108.97,43924.01,0,0
167,CASH_IN,819.0,C41690501,2383.58,1564.58,M87933054,95862.52,96681.52,0,0
167,TRANSFER,9808.94,C98588154,26712.86,16903.92,C25578562,110098.37,119907.31,0,0
167,PAYMENT,16.29,C46817443,367056.74,367040.45,C90253323,0.0,0.0,0,0
167,CASH_OUT,5183.59,C61883769,5716.79,533.2,C39835008,47232.92,52416.51,0,0
167,TRANSFER,8171.76,C65692629,14770.85,6599.09,C63450811,167365.78,175537.54,0,0
167,TRANSFER,391.57,C73709724,677.11,285.54,C74382155,153761.04,154152.61,0,0
167,PAYMENT,302.35,C56600900,228998.94,228696.59,M15028625,0.0,0.0,0,0
167,PAYMENT,4720.11,C59667685,59477.63,54757.52,C52885071,0.0,0.0,0,0
167,CASH_OUT,6571.84,C68526649,18141.26,11569.42,C86072480,36188.12,42759.96,0,0
167,PAYMENT,759.2,C25372341,253810.43,253051.23,C88999206,0.0,0.0,0,0
167,PAYMENT,162.99,C12550658,327358.3,327195.31,C81891784,0.0,0.0,0,0
167,PAYMENT,2405.63,C69166287,225586.07,223180.44,M48851599,0.0,0.0,0,0
167,CASH_OUT,4008.53,C16109013,10636.91,6628.38,M35006323,12528.13,16536.66,0,0
168,TRANSFER,30779.56,C65133300,68418.42,37638.86,C35925669,117366.31,148145.87,0,0
168,PAYMENT,504.01,C63826716,131618.92,131114.91,C27978165,0.0,0.0,0,0
168,PAYMENT,2297.82,C72363359,158294.48,155996.66,C89412216,0.0,0.0,0,0
168,CASH_IN,1426.6,C82394227,2627.86,1201.26,C19122502,98324.78,99751.38,0,0
168,DEBIT,8928.13,C29208935,20224.53,11296.4,C21368176,77264.5,86192.63,0,0
168,PAYMENT,774.57,C22309586,438450.04,437675.47,M79616482,0.0,0.0,0,0
168,TRANSFER,46021.53,C66722344,82384.45,36362.92,M16892773,111361.18,157382.71,0,0
168,PAYMENT,2417.85,C67611469,371941.29,369523.44,C67961650,0.0,0.0,0,0
168,PAYMENT,1978.84,C35529407,18969.68,16990.84,C63183031,0.0,0.0,0,0
168,TRANSFER,10463.23,C17195288,41536.94,31073.71,M59251188,27343.17,37806.4,0,0
168,CASH_OUT,8202.43,C35770506,23036.7,14834.27,C13612618,35436.78,43639.21,0,0
168,DEBIT,357.34,C67110154,755.37,398.03,C46778269,71198.35,71555.69,0,0
168,CASH_OUT,804.04,C67854710,2248.66,1444.62,C50502136,59147.8,59951.84,0,0
168,TRANSFER,9644.51,C72858374,10953.4,1308.89,M28908276,148010.94,157655.45,0,0
169,TRANSFER,8897.93,C51870192,19812.35,10914.42,C98870866,90500.99,99398.92,0,0
169,CASH_IN,776.39,C77719420,1225.6,449.21,C60903955,47710.6,48486.99,0,0
169,CASH_OUT,2570.91,C22517517,6509.32,3938.41,C43257324,91634.18,94205.09,0,0
169,PAYMENT,269.28,C80606503,43727.17,43457.89,C24357588,0.0,0.0,0,0
169,CASH_IN,10634.74,C48260510,23259.31,12624.57,M68376726,36987.39,47622.13,0,0
169,CASH_IN,23907.76,C41690501,42047.75,18139.99,C20326375,43858.7,67766.46,0,0
169,PAYMENT,668.78,C91721371,294864.28,294195.5,C11137460,0.0,0.0,0,0
169,CASH_OUT,3356.33,C56278607,5352.33,1996.0,C51630244,34111.72,37468.05,0,0
169,TRANSFER,5414.48,C50193656,14832.88,9418.4,C90961645,168969.02,174383.5,0,0
169,CASH_OUT,4335.32,C16895666,7097.6,2762.28,C88268756,17841.58,22176.9,0,0
169,PAYMENT,967.25,C98834863,407365.62,406398.37,M50259503,0.0,0.0,0,0
169,CASH_OUT,4273.19,C13523729,6073.75,1800.56,C88158177,51913.5,56186.69,0,0
169,PAYMENT,2043.77,C76795767,308507.79,306464.02,C36592965,0.0,0.0,0,0
170,PAYMENT,667.37,C79467853,143825.9,143158.53,C65878146,0.0,0.0,0,0
170,CASH_OUT,4199.34,C98447167,7885.66,3686.32,C17467311,88534.92,92734.26,0,0
170,PAYMENT,1790.93,C85017682,459011.15,457220.22,C39368039,0.0,0.0,0,0
170,CASH_OUT,8004.15,C87789079,11712.87,3708.72,C33188838,27862.87,35867.02,0,0
170,CASH_OUT,4759.43,C82383095,9601.66,4842.23,M85432781,16885.24,21644.67,0,0
170,TRANSFER,1338700.54,C57287718,1431014.6,0.0,C83912181,48836.59,1387537.13,1,1
170,PAYMENT,464.36,C95306788,142355.09,141890.73,M98043078,0.0,0.0,0,0
170,TRANSFER,11074.49,C27905932,25853.11,14778.62,C68809636,26109.56,37184.05,0,0
170,TRANSFER,4179.24,C41068214,13159.39,8980.15,C39246218,183917.55,188096.79,0,0
170,PAYMENT,1038.48,C66851760,444662.12,443623.64,C38375916,0.0,0.0,0,0
170,PAYMENT,1999.82,C21819185,45258.19,43258.37,C31436829,0.0,0.0,0,0
170,PAYMENT,1328.59,C74606833,366353.6,365025.01,C25060409,0.0,0.0,0,0
170,CASH_IN,1008.28,C64634663,1721.58,713.3,C85906869,7906.71,8914.99,0,0
171,TRANSFER,1250.49,C51644346,2477.65,1227.16,M48307798,101904.97,103155.46,0,0
171,CASH_OUT,4048.45,C94525678,8200.9,4152.45,C20326375,77704.56,81753.01,0,0
171,TRANSFER,8942.11,C65833185,33749.22,24807.11,C75140950,87242.15,96184.26,0,0
171,DEBIT,1142.61,C86593187,2957.53,1814.92,C22240547,31752.72,32895.33,0,0
171,PAYMENT,2977.11,C61998170,331242.95,328265.84,C69831384,0.0,0.0,0,0
171,CASH_OUT,960883.3,C68743530,772536.04,0.0,C76433728,37620.91,998504.21,1,0
171,DEBIT,4593.41,C53455870,7030.55,2437.14,M85227370,15143.31,19736.72,0,0
171,CASH_OUT,2857.73,C19165226,4472.92,1615.19,M96343485,19857.3,22715.03,0,0
171,CASH_OUT,12261.62,C31776452,33281.88,21020.26,M14064904,74944.6,87206.22,0,0
171,CASH_OUT,1047.04,C28728463,2214.99,1167.95,C14252622,20854.7,21901.74,0,0
171,PAYMENT,342.18,C68812137,210243.36,209901.18,M99635939,0.0,0.0,0,0
171,PAYMENT,558.82,C69345683,191384.53,190825.71,C66779304,0.0,0.0,0,0
171,CASH_OUT,4483.56,C88862539,8825.74,4342.18,M70981700,65694.1,70177.66,0,0
171,TRANSFER,11567.27,C97775215,19614.39,8047.12,C11604831,59131.07,70698.34,0,0
172,PAYMENT,147.82,C73083727,398779.6,398631.78,C22490873,0.0,0.0,0,0
172,PAYMENT,1104.96,C84514489,179849.68,178744.72,C52064387,0.0,0.0,0,0
172,PAYMENT,509.61,C69355025,50073.55,49563.94,C87619624,0.0,0.0,0,0
172,TRANSFER,20147.22,C38754377,65778.32,45631.1,C10241310,58167.0,78314.22,0,0
172,PAYMENT,1582.07,C76599269,164047.73,162465.66,C19978827,0.0,0.0,0,0
172,CASH_OUT,8063.7,C84384510,15558.68,7494.98,C42342289,31890.6,39954.3,0,0
172,CASH_IN,151.72,C27758595,363.21,211.49,C65878146,70481.88,70633.6,0,0
172,PAYMENT,3269.59,C61030579,242901.89,239632.3,C21279580,0.0,0.0,0,0
172,TRANSFER,10077.62,C97980930,22533.65,12456.03,C22136086,47737.15,57814.77,0,0
172,CASH_OUT,5732.61,C77750178,15934.48,10201.87,C39410942,78282.79,84015.4,0,0
172,CASH_IN,29012.11,C22201654,73795.13,44783.02,C13296743,26160.53,55172.64,0,0
172,CASH_OUT,1742.92,C39600202,3283.49,1540.57,C60090149,39867.95,41610.87,0,0
172,DEBIT,302.37,C72962895,464.63,162.26,M80557676,72818.68,73121.05,0,0
173,PAYMENT,3425.17,C56970882,409625.24,406200.07,C83782999,0.0,0.0,0,0
173,PAYMENT,383.94,C72535301,206086.15,205702.21,C47631028,0.0,0.0,0,0
173,PAYMENT,2949.68,C20598952,84934.5,81984.82,C72014395,0.0,0.0,0,0
173,TRANSFER,13583.22,C51373735,52208.92,38625.7,C99399687,123047.49,136630.71,0,0
173,PAYMENT,2138.48,C28213276,303270.68,301132.2,M64123845,0.0,0.0,0,0
173,CASH_OUT,1924.18,C22981052,5012.15,3087.97,C63095937,9025.27,10949.45,0,0
173,TRANSFER,2923.96,C65541117,9650.61,6726.65,C41428626,111025.94,113949.9,0,0
173,CASH_IN,5236.68,C71031132,10668.68,5432.0,M86809773,36209.78,41446.46,0,0
173,CASH_IN,1857.62,C84045292,4971.54,3113.92,M75746104,39552.63,41410.25,0,0
173,CASH_OUT,7309.15,C54244334,9668.6,2359.45,M76489301,37387.99,44697.14,0,0
173,CASH_OUT,16904.16,C23492385,25312.42,8408.26,M73404979,1364.09,18268.25,0,0
173,TRANSFER,1781.04,C18846539,4594.49,2813.45,M70387584,100798.36,102579.4,0,0
173,CASH_OUT,442557.34,C63747464,359410.63,0.0,C70242778,68807.0,0.0,1,0
173,CASH_OUT,4329.04,C86181117,7600.55,3271.51,M90197611,40075.09,44404.13,0,0
174,PAYMENT,1063.15,C78093604,438557.58,437494.43,C79491111,0.0,0.0,0,0
174,PAYMENT,846.53,C66828640,40110.49,39263.96,M87412924,0.0,0.0,0,0
174,CASH_OUT,6886.67,C83715012,16977.55,10090.88,C85603667,2015.42,8902.09,0,0
174,PAYMENT,789.61,C19339597,271765.58,270975.97,C56496201,0.0,0.0,0,0
174,PAYMENT,342.15,C48668339,49587.22,49245.07,M92284610,0.0,0.0,0,0
174,CASH_OUT,12048.38,C74855088,32084.15,20035.77,C20344164,85930.31,97978.69,0,0
174,TRANSFER,16797.08,C64362516,54262.13,37465.05,C42301683,61128.64,77925.72,0,0
174,DEBIT,9408.05,C36550845,11283.62,1875.57,M69374716,96926.24,106334.29,0,0
174,PAYMENT,4705.33,C41163805,189537.2,184831.87,C98673882,0.0,0.0,0,0
174,TRANSFER,5072.39,C76001106,11255.59,6183.2,M64504816,56433.02,61505.41,0,0
174,PAYMENT,1008.8,C84813739,352033.97,351025.17,C80573568,0.0,0.0,0,0
174,PAYMENT,438.61,C75056916,192439.35,192000.74,C86206305,0.0,0.0,0,0
174,PAYMENT,2491.86,C10154493,198035.3,195543.44,C69375757,0.0,0.0,0,0
175,DEBIT,1851.02,C46249845,3874.49,2023.47,C21063273,10830.43,12681.45,0,0
175,DEBIT,9782.63,C13176186,28862.49,19079.86,C33414716,39734.86,49517.49,0,0
175,CASH_OUT,843.19,C33966966,1792.88,949.69,C19978827,64281.86,65125.05,0,0
175,CASH_OUT,14554.3,C60882459,42958.98,28404.68,M78333267,9538.9,24093.2,0,0
175,CASH_OUT,2064.47,C19736572,4086.87,2022.4,M28424464,24996.91,27061.38,0,0
175,TRANSFER,12552.18,C71070189,30383.1,17830.92,C17882882,144883.45,157435.63,0,0
175,TRANSFER,1633.36,C49375156,5393.72,3760.36,C94365330,51152.75,52786.11,0,0
175,PAYMENT,2442.24,C88393811,170258.5,167816.26,C79491111,0.0,0.0,0,0
175,DEBIT,788.44,C77491435,1295.32,506.88,M70672142,56531.24,57319.68,0,0
175,CASH_IN,2043.61,C26194158,2066.38,22.77,C44918995,69039.73,71083.34,0,0
175,CASH_OUT,7018.11,C98843907,14676.11,7658.0,C13296743,31301.62,38319.73,0,0
175,CASH_OUT,14620.73,C58140388,35349.07,20728.34,M82920556,51443.11,66063.84,0,0
175,PAYMENT,2943.25,C54087376,496392.17,493448.92,C50486688,0.0,0.0,0,0
175,PAYMENT,1841.38,C82394227,54311.85,52470.47,C41240803,0.0,0.0,0,0
176,CASH_OUT,5711.72,C91259008,14357.97,8646.25,M32633927,16209.31,21921.03,0,0
176,PAYMENT,3105.86,C59667685,84766.09,81660.23,M57364777,0.0,0.0,0,0
176,PAYMENT,92.69,C40291214,486014.3,485921.61,C78915391,0.0,0.0,0,0
176,CASH_OUT,3276.32,C91756179,4395.0,1118.68,C36541600,80315.36,83591.68,0,0
176,CASH_OUT,2467.65,C53091709,5167.68,2700.03,M62868861,39940.57,42408.22,0,0
176,PAYMENT,2725.88,C75041510,218868.74,216142.86,M13110670,0.0,0.0,0,0
176,TRANSFER,2616.74,C44788100,7928.85,5312.11,C96110892,104973.54,107590.28,0,0
176,CASH_OUT,3628.13,C49613214,8346.3,4718.17,C71873691,14151.76,17779.89,0,0
176,CASH_OUT,3139.26,C28321839,6994.27,3855.01,C48063218,71447.48,74586.74,0,0
176,CASH_OUT,8896.94,C42713008,17133.37,8236.43,C89211057,93620.25,102517.19,0,0
176,CASH_OUT,606.9,C94819556,1641.54,1034.64,C77052833,13533.92,14140.82,0,0
176,CASH_OUT,5608.68,C47077298,5718.85,110.17,C61414775,41630.29,47238.97,0,0
176,CASH_OUT,2304.79,C73993471,6808.24,4503.45,C34929311,31184.05,33488.84,0,0
177,DEBIT,6511.68,C91178885,15550.48,9038.8,M56323191,53773.15,60284.83,0,0
177,PAYMENT,795.81,C34391257,32431.68,31635.87,M19794273,0.0,0.0,0,0
177,DEBIT,291.73,C64023778,383.01,91.28,C36450861,35045.28,35337.01,0,0
177,CASH_IN,5734.1,C94712997,8326.25,2592.15,C44738319,62882.18,68616.28,0,0
177,CASH_OUT,1627.39,C87181563,4298.77,2671.38,M48789478,86809.32,88436.71,0,0
177,PAYMENT,4282.47,C50151803,154263.66,149981.19,C23484199,0.0,0.0,0,0
177,PAYMENT,2250.85,C88458327,202827.64,200576.79,C51594998,0.0,0.0,0,0
177,TRANSFER,1899.47,C33357554,5656.82,3757.35,C30232642,16417.75,18317.22,0,0
177,PAYMENT,1188.74,C78159587,365867.72,364678.98,M79119463,0.0,0.0,0,0
177,CASH_IN,2353.33,C98054615,3590.89,1237.56,M73297813,10232.21,12585.54,0,0
177,TRANSFER,5160.81,C25304396,17021.19,11860.38,C75901885,66701.88,71862.69,0,0
177,TRANSFER,7072.08,C67801537,12954.02,5881.94,C41354768,161652.62,168724.7,0,0
177,DEBIT,3571.25,C80669879,8345.99,4774.74,C96605343,47340.68,50911.93,0,0
177,TRANSFER,1887.17,C71367643,7486.9,5599.73,M69849800,19176.32,21063.49,0,0
178,CASH_IN,1488.23,C33286644,1924.26,436.03,C95295586,16481.84,17970.07,0,0
178,PAYMENT,1642.16,C60562485,163022.26,161380.1,M20746667,0.0,0.0,0,0
178,CASH_OUT,2731.96,C48260510,5527.88,2795.92,C28876833,43968.9,46700.86,0,0
178,TRANSFER,18548.98,C54098516,46393.32,27844.34,C61012496,24342.0,42890.98,0,0
178,PAYMENT,2584.31,C40532691,189900.16,187315.85,C86475853,0.0,0.0,0,0
178,CASH_OUT,2764.76,C57623800,4488.65,1723.89,C10145801,52198.57,54963.33,0,0
178,TRANSFER,3659.01,C69934576,12903.77,9244.76,M87933054,191116.66,194775.67,0,0
178,CASH_OUT,3646.17,C98195059,8833.56,5187.39,C82156607,83987.61,87633.78,0,0
178,PAYMENT,1369.7,C40532691,246066.57,244696.87,C54462389,0.0,0.0,0,0
178,CASH_IN,2906.97,C68614462,6891.66,3984.69,C34800912,55790.51,58697.48,0,0
178,CASH_IN,2165.73,C84903294,3673.86,1508.13,C32277675,2529.56,4695.29,0,0
178,PAYMENT,352.69,C96911784,234105.79,233753.1,C88478184,0.0,0.0,0,0
178,TRANSFER,3075.92,C98725654,5048.63,1972.71,C61157708,112399.01,115474.93,0,0
179,PAYMENT,3707.68,C26354208,97110.04,93402.36,C39368039,0.0,0.0,0,0
179,CASH_OUT,6829.65,C74893936,20426.64,13596.99,M18359252,19583.61,26413.26,0,0
179,PAYMENT,202.37,C85958181,99054.53,98852.16,C25285764,0.0,0.0,0,0
179,PAYMENT,1941.19,C71315464,165568.87,163627.68,C33954324,0.0,0.0,0,0
179,CASH_IN,2865.3,C48504300,8113.42,5248.12,C38036618,50279.34,53144.64,0,0
179,PAYMENT,1087.37,C70291817,137967.86,136880.49,C25819123,0.0,0.0,0,0
179,PAYMENT,714.59,C59731689,321553.68,320839.09,C20988446,0.0,0.0,0,0
179,CASH_OUT,6391.99,C51098277,15395.29,9003.3,M58518659,27417.38,33809.37,0,0
179,PAYMENT,64.36,C88320463,286946.1,286881.74,C20443030,0.0,0.0,0,0
179,CASH_IN,1374.57,C48840994,3348.53,1973.96,C45568761,47080.93,48455.5,0,0
179,PAYMENT,325.85,C22097496,228331.4,228005.55,C14388260,0.0,0.0,0,0
179,PAYMENT,755.9,C77898694,375468.13,374712.23,C49645162,0.0,0.0,0,0
179,CASH_OUT,2137.01,C39161443,2581.03,444.02,C27714442,36953.39,39090.4,0,0
180,TRANSFER,13608.85,C46578001,42417.68,28808.83,C33193791,36204.63,49813.48,0,0
180,TRANSFER,23817.91,C20939011,83414.92,59597.01,M86541906,24765.93,48583.84,0,0
180,DEBIT,99.8,C91823275,241.63,141.83,C25194922,31423.66,31523.46,0,0
180,CASH_OUT,3137.73,C60557040,8488.04,5350.31,C89701163,65510.52,68648.25,0,0
180,CASH_IN,3350.81,C46677730,5580.2,2229.39,M59167775,67199.09,70549.9,0,0
180,CASH_IN,7073.7,C22309586,19774.34,12700.64,C60905625,16921.35,23995.05,0,0
180,PAYMENT,1169.57,C50550084,472261.89,471092.32,C85603667,0.0,0.0,0,0
180,CASH_IN,9793.14,C49172995,28214.92,18421.78,M14670638,40317.31,50110.45,0,0
180,PAYMENT,1848.16,C68978194,335481.31,333633.15,C75694038,0.0,0.0,0,0
180,PAYMENT,20.51,C61642594,412873.68,412853.17,M37820354,0.0,0.0,0,0
180,TRANSFER,3310.7,C76906611,4144.69,833.99,M73584863,89236.38,92547.08,0,0
180,CASH_OUT,2107.4,C65625330,4237.84,2130.44,C34567819,17296.82,19404.22,0,0
180,CASH_OUT,52.99,C70887307,53.33,0.34,C21395409,27376.31,27429.3,0,0
180,PAYMENT,423.96,C91321540,172043.34,171619.38,M22086184,0.0,0.0,0,0
181,PAYMENT,115.93,C67805802,348753.51,348637.58,C66346728,0.0,0.0,0,0
181,PAYMENT,1226.38,C17532195,232576.68,231350.3,C89398174,0.0,0.0,0,0
181,PAYMENT,820.37,C64634663,47099.74,46279.37,C47706144,0.0,0.0,0,0
181,TRANSFER,25140.49,C25419645,69725.78,44585.29,M38294221,193187.35,218327.84,0,0
181,CASH_IN,3445.8,C11031743,8881.46,5435.66,M94426338,21752.59,25198.39,0,0
181,PAYMENT,179.42,C72394301,42474.92,42295.5,C17207013,0.0,0.0,0,0
181,CASH_IN,360.58,C87566910,538.51,177.93,C27514010,83730.83,84091.41,0,0
181,PAYMENT,540.87,C88831486,450936.64,450395.77,C37040091,0.0,0.0,0,0
181,PAYMENT,279.2,C75569635,378404.61,378125.41,C95641960,0.0,0.0,0,0
181,CASH_OUT,703.38,C16789850,1696.43,993.05,C33954324,17800.4,18503.78,0,0
181,CASH_OUT,711.07,C62401521,1032.42,321.35,C25578562,18824.53,19535.6,0,0
181,PAYMENT,3612.44,C51536077,90201.82,86589.38,M56323191,0.0,0.0,0,0
181,PAYMENT,2592.65,C95585469,349383.96,346791.31,C58258264,0.0,0.0,0,0
182,TRANSFER,1072.65,C73509974,2934.87,1862.22,M42866956,70422.98,71495.63,0,0
182,CASH_IN,1468.19,C66254240,2788.6,1320.41,C42537638,63102.64,64570.83,0,0
182,DEBIT,974.48,C30248230,1046.07,71.59,M29834119,83472.42,84446.9,0,0
182,DEBIT,116.59,C57623800,242.03,125.44,M78090664,21066.28,21182.87,0,0
182,TRANSFER,17707.06,C83998961,60783.47,43076.41,C97227356,159458.01,177165.07,0,0
182,CASH_IN,12045.6,C15354599,28901.1,16855.5,C33505978,50376.53,62422.13,0,0
182,CASH_OUT,11004.83,C53154591,13002.37,1997.54,C49666982,77340.9,88345.73,0,0
182,PAYMENT,511.5,C50785405,234908.72,234397.22,M31198492,0.0,0.0,0,0
182,PAYMENT,719.94,C41244663,59418.5,58698.56,C23439803,0.0,0.0,0,0
182,TRANSFER,9537.77,C12866549,13538.35,4000.58,C39598969,117777.33,127315.1,0,0
182,PAYMENT,1772.82,C97302916,190199.26,188426.44,C49652241,0.0,0.0,0,0
182,PAYMENT,567.27,C24314759,18857.19,18289.92,C49608344,0.0,0.0,0,0
182,TRANSFER,19201.57,C97874085,69279.02,50077.45,M42445506,2571.76,21773.33,0,0
182,CASH_OUT,5235.72,C75884623,12019.97,6784.25,C45966597,10020.77,15256.49,0,0
183,PAYMENT,1197.94,C92590645,154525.26,153327.32,C44224936,0.0,0.0,0,0
183,PAYMENT,720.69,C26690465,94708.04,93987.35,C98261798,0.0,0.0,0,0
183,TRANSFER,587.51,C45503389,1392.01,804.5,C33002714,115617.08,116204.59,0,0
183,PAYMENT,4683.45,C25898299,200868.07,196184.62,C89131271,0.0,0.0,0,0
183,CASH_IN,2221.85,C21318464,3344.22,1122.37,M55246430,37321.48,39543.33,0,0
183,PAYMENT,306.02,C73123515,339920.81,339614.79,C23721268,0.0,0.0,0,0
183,TRANSFER,35527.41,C41473195,129046.15,93518.74,M83819367,152871.43,188398.84,0,0
183,PAYMENT,2172.81,C70549373,254466.46,252293.65,C57621071,0.0,0.0,0,0
183,PAYMENT,5975.45,C95613415,387488.08,381512.63,C93185576,0.0,0.0,0,0
183,TRANSFER,18012.37,C18469210,19555.41,1543.04,C79255529,102928.67,120941.04,0,0
183,PAYMENT,1491.96,C66348030,443524.43,442032.47,C14259382,0.0,0.0,0,0
183,PAYMENT,246.77,C46670512,471537.47,471290.7,C22527880,0.0,0.0,0,0
183,CASH_IN,12533.72,C84045292,36909.99,24376.27,C23560308,75185.01,87718.73,0,0
184,DEBIT,4959.93,C43528453,8264.7,3304.77,C47221734,95991.33,100951.26,0,0
184,CASH_OUT,407.68,C59304469,1032.1,624.42,M48879071,80148.96,80556.64,0,0
184,PAYMENT,574.67,C36550845,84340.36,83765.69,C55307111,0.0,0.0,0,0
184,CASH_OUT,2249.95,C24942603,6223.16,3973.21,C53440052,30128.23,32378.18,0,0
184,PAYMENT,1371.25,C60185867,119619.42,118248.17,M71694994,0.0,0.0,0,0
184,CASH_OUT,2457.33,C88183110,3660.11,1202.78,C84182331,68471.36,70928.69,0,0
184,PAYMENT,338.52,C18846539,188380.39,188041.87,C21571285,0.0,0.0,0,0
184,PAYMENT,544.79,C12784407,173666.51,173121.72,M59440148,0.0,0.0,0,0
184,CASH_OUT,4643.29,C68755000,11132.56,6489.27,C85594147,91283.3,95926.59,0,0
184,CASH_OUT,2301.02,C82506491,5551.09,3250.07,C47991562,76305.62,78606.64,0,0
184,CASH_OUT,1191.33,C82383095,3009.41,1818.08,C12176998,13352.63,14543.96,0,0
184,TRANSFER,19469.71,C27339011,67352.99,47883.28,C90233330,146344.05,165813.76,0,0
184,PAYMENT,184.57,C74251933,198137.48,197952.91,C80828710,0.0,0.0,0,0
184,DEBIT,2149.82,C24972279,4249.37,2099.55,C52779814,74042.91,76192.73,0,0
185,CASH_OUT,178.38,C50550084,395.48,217.1,M25226815,76784.39,76962.77,0,0
185,CASH_OUT,1949.73,C58612055,5159.91,3210.18,C81891784,61056.65,63006.38,0,0
185,PAYMENT,1421.69,C30881581,457463.83,456042.14,C71851421,0.0,0.0,0,0
185,PAYMENT,743.61,C64776386,70763.79,70020.18,M48851599,0.0,0.0,0,0
185,PAYMENT,248.78,C91178885,107193.71,106944.93,M78284040,0.0,0.0,0,0
185,PAYMENT,151.07,C84903294,171114.15,170963.08,M64504816,0.0,0.0,0,0
185,CASH_IN,80.33,C35475673,148.72,68.39,M79616482,28496.41,28576.74,0,0
185,TRANSFER,1678.37,C47535126,1853.73,175.36,C59535894,191744.04,193422.41,0,0
185,PAYMENT,3916.74,C75884623,83444.35,79527.61,M28533117,0.0,0.0,0,0
185,PAYMENT,5074.71,C39735904,417447.78,412373.07,C53038948,0.0,0.0,0,0
185,PAYMENT,2039.67,C89865458,43154.95,41115.28,C84204255,0.0,0.0,0,0
185,TRANSFER,25999.61,C14180968,93270.99,67271.38,C52211967,160906.5,186906.11,0,0
185,CASH_OUT,3873.85,C39587039,8326.32,4452.47,M65907088,38399.03,42272.88,0,0
186,PAYMENT,282.7,C47945817,244097.41,243814.71,M78865239,0.0,0.0,0,0
186,CASH_IN,2036.28,C82884346,3672.24,1635.96,C94263610,77135.97,79172.25,0,0
186,TRANSFER,17216.58,C28572252,49968.57,32751.99,C42342289,121123.57,138340.15,0,0
186,PAYMENT,4566.78,C44355473,226234.43,221667.65,C94658420,0.0,0.0,0,0
186,CASH_OUT,4599.42,C46249845,7681.62,3082.2,C26031369,53502.42,58101.84,0,0
186,DEBIT,304.39,C77908907,782.58,478.19,M31434525,98073.45,98377.84,0,0
186,PAYMENT,948.33,C75007200,192968.97,192020.64,C77996124,0.0,0.0,0,0
186,PAYMENT,2053.31,C33386929,76892.84,74839.53,M98413629,0.0,0.0,0,0
186,CASH_IN,2806.24,C20993268,8049.29,5243.05,C80638102,59015.3,61821.54,0,0
186,PAYMENT,4897.62,C31687165,406791.88,401894.26,C67796330,0.0,0.0,0,0
186,TRANSFER,8157.76,C24524825,9345.78,1188.02,C14171767,57061.08,65218.84,0,0
186,TRANSFER,28935.29,C17270733,60802.08,31866.79,C22242388,177944.02,206879.31,0,0
186,CASH_OUT,7231.09,C14180968,12111.52,4880.43,C54689713,29614.45,36845.54,0,0
187,CASH_OUT,2141.6,C51662236,2907.13,765.53,M81062902,35688.54,37830.14,0,0
187,TRANSFER,22743.8,C38898923,66137.79,43393.99,C16249441,119560.0,142303.8,0,0
187,TRANSFER,1114553.45,C20200074,1030196.64,0.0,C57182314,9457.26,1124010.71,1,1
187,CASH_OUT,14200.44,C97139443,22002.05,7801.61,C65540647,97185.28,111385.72,0,0
187,CASH_OUT,6816.76,C75802771,18072.2,11255.44,C32396311,83491.79,90308.55,0,0
187,CASH_OUT,9372.93,C93446356,17966.4,8593.47,C59515518,7653.61,17026.54,0,0
187,TRANSFER,731.49,C46249845,2875.14,2143.65,M52894344,127925.08,128656.57,0,0
187,TRANSFER,13541.32,C41407343,53363.63,39822.31,M63514837,16674.21,30215.53,0,0
187,TRANSFER,16685.87,C79172559,37836.71,21150.84,C78559218,5454.31,22140.18,0,0
187,TRANSFER,12185.89,C96274567,36054.23,23868.34,C77052833,176702.15,188888.04,0,0
187,PAYMENT,2085.66,C43251599,217850.77,215765.11,C56175477,0.0,0.0,0,0
187,TRANSFER,2838.84,C64634663,5061.45,2222.61,C71095611,61337.08,64175.92,0,0
187,PAYMENT,2081.12,C71934487,427413.34,425332.22,C74321792,0.0,0.0,0,0
187,TRANSFER,3020.64,C67887757,6411.94,3391.3,C67418250,95110.76,98131.4,0,0
188,CASH_IN,6328.52,C67702031,11858.96,5530.44,C51480401,74686.98,81015.5,0,0
188,CASH_IN,2835.26,C15677713,4405.17,1569.91,M55946354,67143.96,69979.22,0,0
188,TRANSFER,27488.12,C51464269,83416.13,55928.01,C32579937,55263.2,82751.32,0,0
188,TRANSFER,636129.14,C35848226,550177.58,0.0,M46456416,59907.95,696037.09,1,1
188,CASH_OUT,1502.92,C75529051,1557.24,54.32,M74995086,32460.88,33963.8,0,0
188,TRANSFER,1681.14,C66661351,5272.22,3591.08,C90050918,165568.02,167249.16,0,0
188,PAYMENT,11.42,C74855088,318116.79,318105.37,C48478684,0.0,0.0,0,0
188,PAYMENT,5687.02,C96268397,195741.68,190054.66,C77996397,0.0,0.0,0,0
188,PAYMENT,1642.89,C67611469,8258.48,6615.59,C39666377,0.0,0.0,0,0
188,CASH_OUT,4049.88,C97260863,7649.28,3599.4,C46997080,46194.76,50244.64,0,0
188,PAYMENT,1963.57,C19339597,106897.42,104933.85,C46093692,0.0,0.0,0,0
188,CASH_OUT,6619.88,C81210133,10005.19,3385.31,M61028283,3226.65,9846.53,0,0
188,CASH_OUT,18577.15,C28982195,42035.78,23458.63,C70726434,56132.57,74709.72,0,0
189,CASH_OUT,2140.03,C42016960,6355.33,4215.3,M20901547,36919.15,39059.18,0,0
189,CASH_OUT,404.48,C83534128,950.12,545.64,C27714442,2956.46,3360.94,0,0
189,DEBIT,685.65,C61140376,914.29,228.64,C68000104,35162.64,35848.29,0,0
189,PAYMENT,2547.16,C17195288,497921.27,495374.11,C75478707,0.0,0.0,0,0
189,CASH_OUT,2551.37,C81971316,5390.74,2839.37,C61920550,49075.69,51627.06,0,0
189,TRANSFER,23234.86,C90070438,32414.77,9179.91,C84098828,121817.23,145052.09,0,0
189,PAYMENT,3066.29,C30182766,50295.95,47229.66,M76423575,0.0,0.0,0,0
189,PAYMENT,2259.52,C24508349,496081.19,493821.67,M99903592,0.0,0.0,0,0
189,CASH_OUT,1053.35,C85957578,1388.56,335.21,C78886959,77752.47,78805.82,0,0
189,TRANSFER,2271.07,C13523729,4669.49,2398.42,C75540707,44332.77,46603.84,0,0
189,CASH_OUT,3882.33,C70549373,9865.0,5982.67,C92048427,63027.57,66909.9,0,0
189,CASH_OUT,1143.81,C41272553,2592.15,1448.34,C12925970,63621.25,64765.06,0,0
189,PAYMENT,73.57,C93940940,267189.18,267115.61,C43914361,0.0,0.0,0,0
189,PAYMENT,1240.6,C63481198,203175.05,201934.45,C64561191,0.0,0.0,0,0
190,DEBIT,5546.97,C91480362,8722.98,3176.01,C89941241,92455.03,98002.0,0,0
190,TRANSFER,36822.0,C86460539,81014.4,44192.4,C45772648,1664.14,38486.14,0,0
190,CASH_OUT,13358.11,C53154591,30889.04,17530.93,C52802529,68335.18,81693.29,0,0
190,TRANSFER,3695.51,C60119651,8330.79,4635.28,C37263310,84235.65,87931.16,0,0
190,PAYMENT,1952.41,C56020613,16462.42,14510.01,C83782999,0.0,0.0,0,0
190,PAYMENT,550.97,C98588154,305633.62,305082.65,M25946545,0.0,0.0,0,0
190,TRANSFER,10072.83,C16927215,32197.24,22124.41,M93816177,189152.31,199225.14,0,0
190,CASH_OUT,959.14,C81688860,2051.23,1092.09,C28972822,47191.35,48150.49,0,0
190,TRANSFER,11622.73,C27232410,37528.59,25905.86,C55172462,176818.98,188441.71,0,0
190,CASH_IN,6552.99,C35475673,13788.24,7235.25,C87731247,86343.83,92896.82,0,0
190,CASH_IN,7231.88,C54743095,9566.03,2334.15,C77430081,36906.43,44138.31,0,0
190,CASH_OUT,1116.11,C60562485,3208.01,2091.9,M25119192,92138.57,93254.68,0,0
190,CASH_OUT,4932.59,C64266464,13756.46,8823.87,M36126192,20700.73,25633.32,0,0
191,CASH_OUT,3414.62,C96924061,7534.35,4119.73,C77215278,98971.33,102385.95,0,0
191,TRANSFER,4985.56,C94989976,12467.11,7481.55,M65079923,23120.3,28105.86,0,0
191,TRANSFER,2741.12,C15291208,10307.89,7566.77,C29109045,32694.05,35435.17,0,0
191,CASH_OUT,1077.6,C45652586,1092.43,14.83,C85603667,3232.26,4309.86,0,0
191,PAYMENT,869.71,C80610004,433797.23,432927.52,C65350347,0.0,0.0,0,0
191,CASH_OUT,2928.75,C82475098,7515.42,4586.67,C51380361,95757.48,98686.23,0,0
191,PAYMENT,1235.25,C51536077,269596.04,268360.79,C23747542,0.0,0.0,0,0
191,PAYMENT,4061.63,C84674816,304274.5,300212.87,C25567455,0.0,0.0,0,0
191,CASH_IN,3539.51,C60628276,3707.43,167.92,C40728728,48080.76,51620.27,0,0
191,PAYMENT,2014.16,C30767532,147895.61,145881.45,M79438885,0.0,0.0,0,0
191,PAYMENT,975.88,C51098277,411513.25,410537.37,C65034115,0.0,0.0,0,0
191,PAYMENT,3808.67,C28419343,182959.89,179151.22,M18715975,0.0,0.0,0,0
191,PAYMENT,1217.17,C88714010,256756.73,255539.56,C33315234,0.0,0.0,0,0
191,CASH_OUT,3368.12,C58678896,4203.8,835.68,C77089857,14598.37,17966.49,0,0
192,PAYMENT,5398.25,C69295515,412963.84,407565.59,C15345470,0.0,0.0,0,0
192,TRANSFER,11528.81,C20949687,17372.31,5843.5,C87396877,83165.72,94694.53,0,0
192,PAYMENT,1001.01,C56970882,456661.35,455660.34,M59070856,0.0,0.0,0,0
192,TRANSFER,1034.19,C20251466,1335.53,301.34,C23721268,128765.08,129799.27,0,0
192,PAYMENT,2735.36,C10435578,449799.27,447063.91,C28783850,0.0,0.0,0,0
192,PAYMENT,335.29,C63747791,123874.77,123539.48,C59044830,0.0,0.0,0,0
192,TRANSFER,17670.92,C87844239,41244.21,23573.29,C94019376,157687.42,175358.34,0,0
192,PAYMENT,1299.89,C91259008,284979.13,283679.24,C11534878,0.0,0.0,0,0
192,PAYMENT,65.71,C11086890,381138.72,381073.01,M19939096,0.0,0.0,0,0
192,PAYMENT,2705.13,C52091325,145638.35,142933.22,C94946730,0.0,0.0,0,0
192,PAYMENT,79.3,C36786211,186683.86,186604.56,C63765180,0.0,0.0,0,0
192,TRANSFER,22394.29,C81503856,85868.12,63473.83,C74115841,32502.19,54896.48,0,0
192,PAYMENT,831.53,C25659979,238691.85,237860.32,C61335545,0.0,0.0,0,0
193,PAYMENT,904.24,C69421007,148850.05,147945.81,C22494970,0.0,0.0,0,0
193,CASH_OUT,4280.41,C14114726,5534.79,1254.38,C34019729,29233.29,33513.7,0,0
193,PAYMENT,578.67,C34406132,319107.64,318528.97,C88176558,0.0,0.0,0,0
193,PAYMENT,695.45,C35808537,107407.7,106712.25,C62741214,0.0,0.0,0,0
193,PAYMENT,2192.48,C28572252,292948.92,290756.44,M79703656,0.0,0.0,0,0
193,CASH_IN,17595.21,C67698610,42972.41,25377.2,C60622628,74545.72,92140.93,0,0
193,DEBIT,4641.37,C78299645,9069.0,4427.63,C10856822,90000.4,94641.77,0,0
193,CASH_OUT,1728.8,C66975380,3758.88,2030.08,C76521096,50109.53,51838.33,0,0
193,CASH_OUT,3090.81,C28321839,8815.5,5724.69,C63235053,64837.65,67928.46,0,0
193,TRANSFER,17114.74,C82446804,41965.26,24850.52,C62738860,76594.6,93709.34,0,0
193,PAYMENT,584.18,C43642236,34246.79,33662.61,C29012298,0.0,0.0,0,0
193,CASH_IN,339.33,C35921441,479.43,140.1,C56676884,15008.85,15348.18,0,0
193,TRANSFER,29374.72,C53851498,39913.61,10538.89,C91716102,40191.5,69566.22,0,0
193,CASH_OUT,4002.78,C65465150,9115.42,5112.64,C77215278,1220.08,5222.86,0,0
194,PAYMENT,640.74,C66348963,409810.45,409169.71,C89442904,0.0,0.0,0,0
194,DEBIT,4146.03,C58567046,11593.42,7447.39,C60473288,74137.79,78283.82,0,0
194,TRANSFER,948942.99,C98787891,1210864.67,0.0,C27030641,27147.36,976090.35,1,1
194,PAYMENT,34.24,C22684373,269789.09,269754.85,C78386961,0.0,0.0,0,0
194,CASH_IN,2415.93,C36697396,6271.36,3855.43,C54448673,44663.29,47079.22,0,0
194,CASH_OUT,465.36,C78214937,1207.4,742.04,C79159799,18268.47,18733.83,0,0
194,CASH_OUT,13533.08,C19083764,19713.37,6180.29,C91907952,71738.03,85271.11,0,0
194,CASH_OUT,724.03,C31172421,1108.87,384.84,M83819367,27747.66,28471.69,0,0
194,CASH_OUT,7319.6,C29042093,20750.58,13430.98,M47447604,90614.1,97933.7,0,0
194,TRANSFER,25526.95,C16789850,41435.25,15908.3,C87293208,49544.18,75071.13,0,0
194,CASH_OUT,11525.51,C48016697,13790.74,2265.23,C41119124,88164.07,99689.58,0,0
194,CASH_OUT,753.72,C77005685,863.85,110.13,C30820038,47829.9,48583.62,0,0
194,PAYMENT,348.08,C86320155,239065.83,238717.75,M20901547,0.0,0.0,0,0
195,CASH_IN,7193.92,C70597444,15673.77,8479.85,C82966824,59829.38,67023.3,0,0
195,CASH_OUT,658889.58,C41473195,825255.52,0.0,C74817230,44264.18,703153.76,1,0
195,PAYMENT,315.09,C41837210,318196.41,317881.32,C14746418,0.0,0.0,0,0
195,CASH_OUT,3263.77,C66910299,4907.06,1643.29,C62231715,40716.89,43980.66,0,0
195,PAYMENT,1448.1,C40150759,316301.84,314853.74,C11656329,0.0,0.0,0,0
195,PAYMENT,602.17,C96268397,242673.27,242071.1,C76545476,0.0,0.0,0,0
195,TRANSFER,2021.44,C16740197,3623.63,1602.19,C23560308,106905.82,108927.26,0,0
195,CASH_IN,1222.9,C19209801,2880.77,1657.87,C20988446,50306.23,51529.13,0,0
195,PAYMENT,351.36,C59858348,57512.09,57160.73,C77089857,0.0,0.0,0,0
195,CASH_OUT,2821.33,C91480362,2858.1,36.77,C12941099,89336.72,92158.05,0,0
195,CASH_OUT,156.16,C31257157,212.0,55.84,C34929311,76043.78,76199.94,0,0
195,PAYMENT,895.41,C89034501,49094.85,48199.44,C60259293,0.0,0.0,0,0
195,CASH_OUT,10874.51,C66828640,25815.19,14940.68,C80888325,82255.77,93130.28,0,0
196,PAYMENT,1169.46,C66851377,56138.43,54968.97,C17385816,0.0,0.0,0,0
196,CASH_IN,2504.89,C45059710,4043.9,1539.01,M41250794,30538.38,33043.27,0,0
196,CASH_OUT,767.59,C17352710,1818.8,1051.21,C38138531,92755.15,93522.74,0,0
196,CASH_IN,7010.02,C57469942,16429.91,9419.89,C68809636,32376.54,39386.56,0,0
196,CASH_IN,5694.59,C16818112,10207.44,4512.85,C21220209,17177.73,22872.32,0,0
196,TRANSFER,33502.57,C87701200,66236.05,32733.48,C78561753,103776.79,137279.36,0,0
196,PAYMENT,615.59,C91029073,298424.36,297808.77,C37732020,0.0,0.0,0,0
196,CASH_OUT,7297.58,C11898961,10635.84,3338.26,C99399687,26285.54,33583.12,0,0
196,CASH_IN,1195.82,C99686286,3191.5,1995.68,C30858851,37079.11,38274.93,0,0
196,CASH_OUT,6757.49,C65682626,17964.53,11207.04,C87324220,31534.66,38292.15,0,0
196,PAYMENT,744.63,C82828034,282516.63,281772.0,C35760684,0.0,0.0,0,0
196,PAYMENT,554.67,C75314742,4824.92,4270.25,C84040345,0.0,0.0,0,0
196,CASH_IN,5196.98,C73100462,5771.84,574.86,C14539747,40878.78,46075.76,0,0
196,CASH_OUT,18828.87,C64776386,36034.3,17205.43,C34019729,27420.73,46249.6,0,0
197,TRANSFER,19524.18,C19957701,58302.4,38778.22,C67610401,51929.94,71454.12,0,0
197,TRANSFER,655560.06,C70468188,649793.21,0.0,C91121400,73901.7,729461.76,1,1
197,DEBIT,1046.27,C28892086,1967.2,920.93,C66519399,27396.3,28442.57,0,0
197,CASH_IN,1284.44,C45351479,1696.53,412.09,M11890348,72284.91,73569.35,0,0
197,PAYMENT,2127.06,C61926331,297284.25,295157.19,C81203615,0.0,0.0,0,0
197,TRANSFER,11344.39,C74227366,37932.05,26587.66,C20443030,78622.54,89966.93,0,0
197,TRANSFER,16374.77,C82884346,28648.29,12273.52,C82968364,197398.91,213773.68,0,0
197,PAYMENT,100.35,C71315464,31539.78,31439.43,C84098828,0.0,0.0,0,0
197,PAYMENT,974.56,C45264581,172660.58,171686.02,C82894477,0.0,0.0,0,0
197,PAYMENT,667.29,C65133300,220185.94,219518.65,C54689713,0.0,0.0,0,0
197,TRANSFER,809.26,C84813739,2947.77,2138.51,M43322272,15723.76,16533.02,0,0
197,CASH_OUT,10835.65,C77144075,14124.76,3289.11,C52211967,15041.96,25877.61,0,0
197,PAYMENT,1376.24,C20399639,101597.17,100220.93,C25446483,0.0,0.0,0,0
198,CASH_OUT,2767.9,C20570592,5938.44,3170.54,C95462880,76278.72,79046.62,0,0
198,CASH_OUT,2694.37,C91424737,4264.75,1570.38,C87915846,2185.18,4879.55,0,0
198,TRANSFER,188.56,C67801537,633.13,444.57,C53855682,142569.14,142757.7,0,0
198,CASH_OUT,5463.83,C10791358,15354.49,9890.66,C85427317,44584.04,50047.87,0,0
198,PAYMENT,698.89,C36040410,93701.73,93002.84,M65472370,0.0,0.0,0,0
198,CASH_IN,2779.99,C64023778,5342.05,2562.06,M33593960,33301.21,36081.2,0,0
198,TRANSFER,28986.04,C25253751,51191.47,22205.43,C41943272,149782.41,178768.45,0,0
198,CASH_OUT,4412.21,C81971316,8037.1,3624.89,M60089832,39630.8,44043.01,0,0
198,CASH_OUT,804386.14,C54735895,1010704.03,0.0,C44241100,1620.13,0.0,1,0
198,DEBIT,3102.2,C23556182,6230.53,3128.33,C89047551,79827.82,82930.02,0,0
198,TRANSFER,5954.12,C68475513,16221.68,10267.56,C90253323,127240.39,133194.51,0,0
198,CASH_IN,6022.86,C13523729,12832.39,6809.53,M81602209,97422.75,103445.61,0,0
198,PAYMENT,2991.22,C52018286,266817.69,263826.47,M87535841,0.0,0.0,0,0
198,TRANSFER,954.78,C36025314,1206.07,251.29,C54230340,184576.88,185531.66,0,0
199,TRANSFER,6578.2,C36950221,21416.79,14838.59,C57060874,153655.94,160234.14,0,0
199,DEBIT,1190.75,C94482772,1850.1,659.35,C51701149,45128.86,46319.61,0,0
199,CASH_OUT,4128.71,C91952730,6857.2,2728.49,C98369672,18167.38,22296.09,0,0
199,PAYMENT,5365.06,C88270025,228115.45,222750.39,C50332555,0.0,0.0,0,0
199,TRANSFER,4224.71,C87277086,16246.17,12021.46,C69228397,177990.0,182214.71,0,0
199,TRANSFER,23511.13,C56138336,67502.08,43990.95,C56047142,78599.55,102110.68,0,0
199,PAYMENT,331.05,C77827638,162547.39,162216.34,M41168067,0.0,0.0,0,0
199,PAYMENT,540.43,C77491435,428076.17,427535.74,C97735896,0.0,0.0,0,0
199,CASH_OUT,3239.76,C50151803,6689.22,3449.46,C47342819,65361.27,68601.03,0,0
199,PAYMENT,282.62,C25015458,411119.33,410836.71,C53855682,0.0,0.0,0,0
199,PAYMENT,4228.23,C90092958,446835.28,442607.05,C65388634,0.0,0.0,0,0
199,PAYMENT,6659.86,C27463800,289274.33,282614.47,C29907683,0.0,0.0,0,0
199,TRANSFER,2469.18,C56020613,4754.27,2285.09,C51630244,21078.4,23547.58,0,0
200,DEBIT,3134.22,C82937948,9054.73,5920.51,C57242616,3945.26,7079.48,0,0
200,CASH_OUT,20636.51,C70211891,23495.36,2858.85,C63795149,87055.61,107692.12,0,0
200,PAYMENT,162.54,C42472386,329767.19,329604.65,M48851599,0.0,0.0,0,0
200,CASH_OUT,1705.21,C83227889,5084.95,3379.74,C96104027,23297.89,25003.1,0,0
200,PAYMENT,70.24,C41895531,386627.98,386557.74,M10695441,0.0,0.0,0,0
200,PAYMENT,2244.06,C58537831,439063.52,436819.46,M93650068,0.0,0.0,0,0
200,PAYMENT,955.88,C56278607,63308.83,62352.95,C21097943,0.0,0.0,0,0
200,CASH_OUT,1304610.86,C27905932,1600880.23,0.0,C84098828,4921.43,0.0,1,0
200,TRANSFER,429.77,C84045292,1190.74,760.97,M82286705,25805.21,26234.98,0,0
200,CASH_OUT,102.84,C76599269,221.79,118.95,M66207740,51649.62,51752.46,0,0
200,CASH_OUT,11238.88,C52462441,32383.61,21144.73,C11851322,74064.2,85303.08,0,0
200,TRANSFER,9302.62,C94187049,20887.95,11585.33,C58465780,42855.16,52157.78,0,0
200,TRANSFER,6016.0,C26879290,14642.56,8626.56,C25479814,102238.32,108254.32,0,0
200,DEBIT,11268.45,C42363373,11632.32,363.87,C82553061,38002.91,49271.36,0,0
201,PAYMENT,1442.04,C49209916,480861.24,479419.2,C28784915,0.0,0.0,0,0
201,CASH_IN,16408.55,C70597444,28235.58,11827.03,C65388634,30998.17,47406.72,0,0
201,TRANSFER,7335.83,C61642594,21684.75,14348.92,C14252622,46642.41,53978.24,0,0
201,PAYMENT,4796.59,C97874085,325915.46,321118.87,M96094462,0.0,0.0,0,0
201,PAYMENT,1310.64,C95268296,438219.02,436908.38,C66046380,0.0,0.0,0,0
201,PAYMENT,500.69,C55667651,482188.76,481688.07,C23560308,0.0,0.0,0,0
201,TRANSFER,80734.77,C25419645,91723.46,10988.69,C21674661,169635.55,250370.32,0,0
201,PAYMENT,1306.05,C31172421,6618.43,5312.38,C21523236,0.0,0.0,0,0
201,PAYMENT,261.78,C73380266,71829.74,71567.96,M78090664,0.0,0.0,0,0
201,TRANSFER,904401.62,C82475098,818404.6,0.0,C63992760,29308.46,933710.08,1,1
201,TRANSFER,3693.69,C22119391,5628.86,1935.17,M85554415,104201.34,107895.03,0,0
201,PAYMENT,146.47,C31130263,405089.96,404943.49,C35319707,0.0,0.0,0,0
201,PAYMENT,5106.93,C43642236,183803.87,178696.94,M53627409,0.0,0.0,0,0
202,CASH_IN,2088.93,C77085942,5375.05,3286.12,M61559717,2998.01,5086.94,0,0
202,CASH_OUT,12067.3,C84158663,21073.95,9006.65,C60666702,84142.5,96209.8,0,0
202,PAYMENT,2506.5,C82017516,16182.13,13675.63,C14324134,0.0,0.0,0,0
202,CASH_IN,528.84,C49349722,558.98,30.14,C28808678,47050.23,47579.07,0,0
202,PAYMENT,4866.56,C91737913,73881.72,69015.16,C33336132,0.0,0.0,0,0
202,TRANSFER,271.58,C52352128,892.82,621.24,M41774192,144782.02,145053.6,0,0
202,PAYMENT,906.6,C11250299,51857.39,50950.79,M50237208,0.0,0.0,0,0
202,CASH_OUT,6655.54,C72415804,12244.63,5589.09,C69862640,6632.57,13288.11,0,0
202,CASH_IN,1744.96,C55504725,3365.8,1620.84,C30699187,41507.68,43252.64,0,0
202,TRANSFER,9245.43,C78901038,33013.09,23767.66,C66791272,162075.6,171321.03,0,0
202,TRANSFER,2323.84,C24942603,8595.06,6271.22,C62755436,52115.46,54439.3,0,0
202,CASH_IN,9647.41,C32151928,20066.34,10418.93,C47726592,95690.54,105337.95,0,0
202,TRANSFER,11193.25,C82506491,27741.41,16548.16,C23851475,166386.78,177580.03,0,0
202,PAYMENT,1187.19,C34166826,64664.82,63477.63,M46702849,0.0,0.0,0,0
203,CASH_OUT,3669.75,C96934122,4716.33,1046.58,M59115280,65920.99,69590.74,0,0
203,CASH_IN,4775.27,C94982908,11625.57,6850.3,M18041391,28229.98,33005.25,0,0
203,TRANSFER,17848.92,C49613214,31271.52,13422.6,M72608888,146276.02,164124.94,0,0
203,PAYMENT,738.02,C55076693,355809.31,355071.29,C63991141,0.0,0.0,0,0
203,PAYMENT,857.94,C45652586,296210.76,295352.82,C29081953,0.0,0.0,0,0
203,CASH_OUT,3359.92,C78299645,5152.28,1792.36,C79255529,89953.21,93313.13,0,0
203,CASH_OUT,4345.88,C13637575,5608.11,1262.23,C67790557,73641.03,77986.91,0,0
203,PAYMENT,2500.93,C20939011,374472.1,371971.17,M36867482,0.0,0.0,0,0
203,PAYMENT,391.14,C57123808,316676.35,316285.21,C65556767,0.0,0.0,0,0
203,TRANSFER,3727.04,C39738898,3887.17,160.13,M82905845,127291.5,131018.54,0,0
203,PAYMENT,1577.45,C96721710,120439.01,118861.56,C58335011,0.0,0.0,0,0
203,TRANSFER,734145.15,C39742165,902147.09,0.0,C92533595,86952.58,821097.73,1,1
203,TRANSFER,41023.53,C43742830,96798.33,55774.8,C88790652,53298.12,94321.65,0,0
204,CASH_OUT,10004.65,C69421007,23119.96,13115.31,M22086184,51449.09,61453.74,0,0
204,PAYMENT,1273.19,C20993268,498349.48,497076.29,C29228089,0.0,0.0,0,0
204,DEBIT,4424.61,C30863865,7442.04,3017.43,C69959826,87197.11,91621.72,0,0
204,CASH_OUT,2376.42,C67801537,2835.09,458.67,C92232236,85621.44,87997.86,0,0
204,PAYMENT,928.46,C99541016,132905.95,131977.49,C52168966,0.0,0.0,0,0
204,TRANSFER,24314.31,C86960402,26168.08,1853.77,C15307982,109120.44,133434.75,0,0
204,PAYMENT,5114.84,C91415657,487593.77,482478.93,M66087572,0.0,0.0,0,0
204,CASH_IN,1472.65,C53154591,1826.9,354.25,M43322272,71269.54,72742.19,0,0
204,PAYMENT,3398.65,C35529407,175116.87,171718.22,C70693413,0.0,0.0,0,0
204,CASH_IN,2979.89,C73070585,6277.43,3297.54,C60622842,93954.86,96934.75,0,0
204,PAYMENT,1130.12,C59394697,485896.52,484766.4,C53995720,0.0,0.0,0,0
204,CASH_OUT,1647.41,C50181935,4565.38,2917.97,C75846624,51090.46,52737.87,0,0
204,CASH_OUT,315.2,C48285503,804.33,489.13,C79760901,19867.71,20182.91,0,0
205,PAYMENT,742.34,C22315507,263736.19,262993.85,C17734153,0.0,0.0,0,0
205,TRANSFER,4651.14,C20450542,12054.29,7403.15,M92284610,10352.05,15003.19,0,0
205,TRANSFER,4740.9,C84077101,14607.11,9866.21,C35566010,199437.79,204178.69,0,0
205,PAYMENT,565.44,C27566185,81057.4,80491.96,C63235053,0.0,0.0,0,0
205,CASH_IN,2697.61,C89680504,6123.07,3425.46,M87528776,85894.08,88591.69,0,0
205,TRANSFER,10411.7,C47393469,32778.72,22367.02,C22828128,108623.49,119035.19,0,0
205,CASH_IN,1432.73,C49385195,2647.73,1215.0,C28972822,20219.61,21652.34,0,0
205,CASH_OUT,6343.64,C86125617,11429.63,5085.99,C99326148,38977.24,45320.88,0,0
205,CASH_OUT,513.75,C35583290,1003.4,489.65,C56548066,32192.13,32705.88,0,0
205,CASH_OUT,381.2,C16904975,438.28,57.08,C41222178,70834.11,71215.31,0,0
205,CASH_OUT,6777.32,C82506491,16719.11,9941.79,C80980044,59398.49,66175.81,0,0
205,PAYMENT,2774.16,C72820592,378074.44,375300.28,M72523073,0.0,0.0,0,0
205,PAYMENT,2795.05,C62401521,241504.2,238709.15,M78333267,0.0,0.0,0,0
205,TRANSFER,3044.48,C66267415,11962.87,8918.39,C82162880,195690.98,198735.46,0,0
206,PAYMENT,4606.25,C64549859,81402.62,76796.37,C59911470,0.0,0.0,0,0
206,PAYMENT,343.02,C17318358,296525.37,296182.35,C30456313,0.0,0.0,0,0
206,PAYMENT,1462.3,C51511484,176502.85,175040.55,C23951801,0.0,0.0,0,0
206,TRANSFER,1711.2,C47393469,2432.16,720.96,C10241310,80886.67,82597.87,0,0
206,PAYMENT,419.19,C30767532,293793.0,293373.81,C50486688,0.0,0.0,0,0
206,PAYMENT,804.36,C58082464,104503.88,103699.52,M92284610,0.0,0.0,0,0
206,CASH_OUT,1276.01,C66775103,2111.72,835.71,C20135622,63675.66,64951.67,0,0
206,TRANSFER,6049.62,C29413516,20054.33,14004.71,C62755436,120090.85,126140.47,0,0
206,CASH_IN,15518.53,C33966966,29121.2,13602.67,C45882178,82224.04,97742.57,0,0
206,CASH_OUT,1433.11,C97512508,1873.58,440.47,C49666982,88022.69,89455.8,0,0
206,PAYMENT,581.68,C46521025,360563.4,359981.72,C58199211,0.0,0.0,0,0
206,PAYMENT,1067.6,C30703455,474844.98,473777.38,C73193474,0.0,0.0,0,0
206,CASH_OUT,9821.03,C42857966,14838.64,5017.61,C72546007,62689.83,72510.86,0,0
207,CASH_OUT,2278.9,C34744872,5513.85,3234.95,C63094168,86550.61,88829.51,0,0
207,CASH_OUT,1925.9,C53091709,3939.77,2013.87,C18115992,8857.3,10783.2,0,0
207,PAYMENT,1823.81,C67594492,479947.75,478123.94,C33156250,0.0,0.0,0,0
207,PAYMENT,799.37,C34194479,122163.71,121364.34,C35566010,0.0,0.0,0,0
207,PAYMENT,1783.21,C30182766,248276.84,246493.63,C27809465,0.0,0.0,0,0
207,CASH_OUT,1862.71,C97874085,2073.76,211.05,C10241310,10519.01,12381.72,0,0
207,CASH_OUT,1790.11,C48848936,4412.42,2622.31,C77845324,90473.14,92263.25,0,0
207,TRANSFER,15680.22,C59796322,47055.33,31375.11,C92767884,50998.56,66678.78,0,0
207,CASH_OUT,1076816.04,C36619372,1122876.18,0.0,M20901547,22138.81,0.0,1,0
207,CASH_IN,1325.5,C21381064,3969.35,2643.85,M24251766,82626.08,83951.58,0,0
207,CASH_OUT,4753.97,C24039158,10131.85,5377.88,C77171380,60662.78,65416.75,0,0
207,CASH_IN,900.16,C78140959,2101.98,1201.82,C17503932,4210.12,5110.28,0,0
207,CASH_OUT,4249.76,C40728046,9712.21,5462.45,C47358810,9857.67,14107.43,0,0
207,PAYMENT,974.92,C66792612,483431.34,482456.42,M13110670,0.0,0.0,0,0
208,PAYMENT,1308.8,C61700055,290900.79,289591.99,C70369365,0.0,0.0,0,0
208,DEBIT,4261.78,C99269266,9408.35,5146.57,C18184472,81528.35,85790.13,0,0
208,CASH_OUT,979455.5,C99927658,999164.63,0.0,C42123815,86341.13,0.0,1,0
208,TRANSFER,730.25,C99115205,2361.01,1630.76,C17069536,86927.67,87657.92,0,0
208,PAYMENT,1025.92,C23298711,109587.69,108561.77,M97182566,0.0,0.0,0,0
208,PAYMENT,310.91,C11049999,315999.59,315688.68,M59251188,0.0,0.0,0,0
208,TRANSFER,4777.64,C96268397,10684.87,5907.23,M91424562,6646.54,11424.18,0,0
208,PAYMENT,945.39,C45507920,445690.43,444745.04,C49148093,0.0,0.0,0,0
208,PAYMENT,3951.35,C42594692,342139.83,338188.48,C21594468,0.0,0.0,0,0
208,DEBIT,6198.51,C31980274,18168.93,11970.42,C95387542,27663.25,33861.76,0,0
208,PAYMENT,2253.34,C48858073,163607.18,161353.84,M13527782,0.0,0.0,0,0
208,CASH_OUT,7350.02,C77853916,19016.57,11666.55,C71380637,20938.1,28288.12,0,0
208,PAYMENT,1558.85,C26104026,274544.3,272985.45,C26094525,0.0,0.0,0,0
209,CASH_OUT,4356.09,C99774697,7392.63,3036.54,C79491111,81546.95,85903.04,0,0
209,CASH_OUT,3115.8,C96879854,5195.68,2079.88,C46024950,61640.27,64756.07,0,0
209,TRANSFER,519.78,C34347841,874.64,354.86,C30144023,165907.94,166427.72,0,0
209,CASH_OUT,474.78,C40158366,1081.98,607.2,C62127652,31292.43,31767.21,0,0
209,TRANSFER,4254.84,C98269682,9139.78,4884.94,C82894477,53671.4,57926.24,0,0
209,TRANSFER,1818.36,C22762205,6214.6,4396.24,C84757265,179260.27,181078.63,0,0
209,CASH_OUT,7974.01,C69473616,13121.39,5147.38,M59440148,11148.06,19122.07,0,0
209,PAYMENT,175.25,C31203129,454597.5,454422.25,C33954324,0.0,0.0,0,0
209,PAYMENT,3154.91,C23311507,281121.67,277966.76,C39332201,0.0,0.0,0,0
209,TRANSFER,7656.68,C91480362,16798.1,9141.42,C72151291,139431.58,147088.26,0,0
209,PAYMENT,1582.83,C84045292,47090.02,45507.19,M49920898,0.0,0.0,0,0
209,DEBIT,8856.71,C91478884,24390.19,15533.48,C46297263,40463.71,49320.42,0,0
209,CASH_OUT,441.31,C38682516,911.59,470.28,M16080513,39675.67,40116.98,0,0
209,PAYMENT,85.85,C16408822,53605.76,53519.91,C65556767,0.0,0.0,0,0
210,PAYMENT,228.69,C15879578,407657.4,407428.71,C84275638,0.0,0.0,0,0
210,PAYMENT,739.34,C61254050,148368.3,147628.96,C23811663,0.0,0.0,0,0
210,CASH_IN,4762.87,C65304649,5546.0,783.13,C20443030,99943.89,104706.76,0,0
210,CASH_OUT,833281.14,C93352876,944741.38,0.0,C36229153,49449.29,882730.43,1,0
210,CASH_OUT,646.75,C61343880,1216.35,569.6,C33554528,81152.53,81799.28,0,0
210,CASH_OUT,1658.6,C49823450,4858.34,3199.74,M14179623,85753.13,87411.73,0,0
210,CASH_OUT,2134.87,C68503492,4510.22,2375.35,C47557512,99837.26,101972.13,0,0
210,CASH_IN,1579.58,C16818112,2167.37,587.79,C92924441,51857.14,53436.72,0,0
210,PAYMENT,4013.37,C59529086,288577.52,284564.15,C75998330,0.0,0.0,0,0
210,PAYMENT,1799.49,C65686520,373902.8,372103.31,C29585415,0.0,0.0,0,0
210,CASH_OUT,9101.0,C65833185,23724.96,14623.96,C32398441,26355.73,35456.73,0,0
210,CASH_IN,18616.25,C30534124,52127.47,33511.22,C91197624,93692.22,112308.47,0,0
210,PAYMENT,2597.6,C75181765,179822.94,177225.34,C63795149,0.0,0.0,0,0
211,CASH_OUT,5261.28,C51617680,14310.1,9048.82,C71272827,98625.58,103886.86,0,0
211,PAYMENT,1585.54,C99038359,270061.16,268475.62,C77056519,0.0,0.0,0,0
211,CASH_IN,12191.79,C34627347,36112.35,23920.56,M65783806,78421.86,90613.65,0,0
211,TRANSFER,589.21,C13874790,1143.34,554.13,C27810664,161643.46,162232.67,0,0
211,TRANSFER,21111.35,C15291208,66557.62,45446.27,M33593960,129348.23,150459.58,0,0
211,CASH_OUT,3124.86,C54099326,6032.77,2907.91,C36933626,57425.92,60550.78,0,0
211,PAYMENT,845.03,C29175900,310165.36,309320.33,C17207013,0.0,0.0,0,0
211,TRANSFER,31766.02,C98269682,122600.7,90834.68,C18397164,35096.9,66862.92,0,0
211,CASH_OUT,1917.31,C48571356,2137.98,220.67,C85633013,34760.31,36677.62,0,0
211,TRANSFER,920.06,C40406092,2802.52,1882.46,C10145801,14017.14,14937.2,0,0
211,CASH_IN,2281.9,C26405605,4882.14,2600.24,C69961498,94735.11,97017.01,0,0
211,TRANSFER,5367.34,C24524825,13270.37,7903.03,M13478029,141139.35,146506.69,0,0
211,CASH_OUT,5476.98,C44044361,7834.32,2357.34,M84252324,45211.17,50688.15,0,0
211,CASH_OUT,1610.85,C15858241,2675.73,1064.88,C46778269,56985.74,58596.59,0,0
212,PAYMENT,210.73,C31776452,473241.36,473030.63,C92767884,0.0,0.0,0,0
212,CASH_OUT,253.05,C30776478,597.87,344.82,C21220209,31445.86,31698.91,0,0
212,CASH_OUT,10239.42,C13999315,24822.68,14583.26,C20443030,35834.95,46074.37,0,0
212,DEBIT,3030.45,C66851760,8954.09,5923.64,C17772004,61385.05,64415.5,0,0
212,TRANSFER,1061.11,C75718414,3393.08,2331.97,C92747827,50511.11,51572.22,0,0
212,CASH_OUT,8659.1,C98473848,11764.96,3105.86,C68718382,18123.81,26782.91,0,0
212,PAYMENT,830.46,C41690501,248497.58,247667.12,C89526622,0.0,0.0,0,0
212,CASH_OUT,10532.75,C57553014,30463.81,19931.06,C28808678,57400.29,67933.04,0,0
212,PAYMENT,1209.66,C57284777,194950.67,193741.01,C55332729,0.0,0.0,0,0
212,PAYMENT,171.18,C52352128,348814.7,348643.52,C76743428,0.0,0.0,0,0
212,CASH_IN,8638.11,C17869910,14568.96,5930.85,C68382413,9586.33,18224.44,0,0
212,CASH_OUT,299.98,C87282128,827.38,527.4,M77353073,49968.18,50268.16,0,0
212,CASH_OUT,2931.66,C45496015,4260.52,1328.86,C18338186,98563.6,101495.26,0,0
213,PAYMENT,1196.06,C97139443,171180.64,169984.58,M85647532,0.0,0.0,0,0
213,PAYMENT,2129.86,C30881581,262885.9,260756.04,M70873663,0.0,0.0,0,0
213,CASH_OUT,1082.6,C58181396,3208.85,2126.25,C27544302,5914.62,6997.22,0,0
213,PAYMENT,315.47,C92666356,85919.53,85604.06,M31217198,0.0,0.0,0,0
213,PAYMENT,1339.36,C16416148,8264.08,6924.72,C83833059,0.0,0.0,0,0
213,CASH_OUT,138.27,C85751409,359.51,221.24,C51999682,56807.87,56946.14,0,0
213,PAYMENT,1285.65,C72394301,36555.84,35270.19,C64561191,0.0,0.0,0,0
213,CASH_OUT,2028.11,C82160068,4048.92,2020.81,M74985553,53521.4,55549.51,0,0
213,PAYMENT,1370.8,C53112268,50288.96,48918.16,C96344420,0.0,0.0,0,0
213,PAYMENT,50.45,C15820356,79026.24,78975.79,C85920407,0.0,0.0,0,0
213,CASH_OUT,4962.82,C74893936,9337.03,4374.21,C25446483,84597.31,89560.13,0,0
213,CASH_OUT,6817.86,C67801537,17922.27,11104.41,M77353073,44510.64,51328.5,0,0
213,CASH_OUT,1202.62,C26587799,3339.03,2136.41,M99635939,79364.75,80567.37,0,0
214,TRANSFER,1717.61,C65177213,6535.67,4818.06,C66286795,22447.21,24164.82,0,0
214,PAYMENT,1701.42,C92558242,295872.95,294171.53,M37828932,0.0,0.0,0,0
214,DEBIT,16498.18,C96637649,19788.63,3290.45,C42988674,19315.97,35814.15,0,0
214,CASH_OUT,1067.33,C19121552,3069.25,2001.92,C61500679,92860.65,93927.98,0,0
214,PAYMENT,2523.78,C29348212,195645.23,193121.45,C54965270,0.0,0.0,0,0
214,CASH_OUT,4865.41,C42194159,10260.78,5395.37,C33818260,33834.39,38699.8,0,0
214,CASH_OUT,6124.79,C96911784,16139.87,10015.08,M84870921,18834.02,24958.81,0,0
214,CASH_OUT,339.28,C70900658,961.26,621.98,M50259503,92112.46,92451.74,0,0
214,CASH_OUT,9564.11,C93821894,23099.95,13535.84,C77837366,83906.22,93470.33,0,0
214,PAYMENT,1544.34,C68800797,260882.21,259337.87,C98911718,0.0,0.0,0,0
214,PAYMENT,4764.1,C88703005,161635.43,156871.33,C86514083,0.0,0.0,0,0
214,PAYMENT,1310.51,C47962005,288393.22,287082.71,C24032377,0.0,0.0,0,0
214,PAYMENT,1878.34,C56321751,198304.09,196425.75,C94946730,0.0,0.0,0,0
214,PAYMENT,412.57,C23383077,102064.18,101651.61,C23746101,0.0,0.0,0,0
215,TRANSFER,29657.97,C13895645,47278.5,17620.53,M77680031,188905.21,218563.18,0,0
215,PAYMENT,243.65,C16895666,218699.13,218455.48,C14539747,0.0,0.0,0,0
215,CASH_OUT,178869.79,C10076758,193291.43,0.0,C90117857,30589.76,209459.55,1,0
215,TRANSFER,29235.75,C26104026,90534.49,61298.74,C69791674,105982.48,135218.23,0,0
215,PAYMENT,1567.38,C72043515,473496.37,471928.99,M91883092,0.0,0.0,0,0
215,PAYMENT,265.76,C64707061,294559.99,294294.23,C76588957,0.0,0.0,0,0
215,CASH_OUT,4553.13,C39801436,10389.63,5836.5,C68809636,73925.71,78478.84,0,0
215,CASH_OUT,471845.24,C71115319,421886.03,0.0,M34970946,5243.53,477088.77,1,0
215,PAYMENT,901.23,C27589104,369792.96,368891.73,C97227356,0.0,0.0,0,0
215,TRANSFER,49789.28,C47077298,105178.45,55389.17,C49148093,140137.44,189926.72,0,0
215,PAYMENT,533.95,C48504300,51128.07,50594.12,M65472370,0.0,0.0,0,0
215,TRANSFER,10077.72,C55439043,31616.14,21538.42,M55946354,15519.73,25597.45,0,0
215,PAYMENT,3712.78,C88183110,104955.0,101242.22,C42580349,0.0,0.0,0,0
216,PAYMENT,3402.39,C59796322,9765.17,6362.78,C61500679,0.0,0.0,0,0
216,PAYMENT,1613.13,C66348030,104602.86,102989.73,C72546007,0.0,0.0,0,0
216,CASH_IN,974.12,C75802771,2774.9,1800.78,M51411602,473.88,1448.0,0,0
216,CASH_IN,3065.47,C15957459,8053.83,4988.36,C48833650,83130.4,86195.87,0,0
216,CASH_IN,5697.73,C48250360,15116.9,9419.17,C66046380,37178.38,42876.11,0,0
216,PAYMENT,322.94,C68978194,24288.88,23965.94,C82764376,0.0,0.0,0,0
216,PAYMENT,156.45,C48285503,124594.24,124437.79,C62162278,0.0,0.0,0,0
216,PAYMENT,175.83,C43642236,441208.51,441032.68,C11534878,0.0,0.0,0,0
216,TRANSFER,19150.85,C11646234,68775.11,49624.26,C18500100,125611.89,144762.74,0,0
216,PAYMENT,219.45,C67684996,439583.16,439363.71,C80658723,0.0,0.0,0,0
216,CASH_OUT,1148.14,C13886030,2733.22,1585.08,C53165014,41588.74,42736.88,0,0
216,PAYMENT,283.81,C36054020,140487.17,140203.36,C72579077,0.0,0.0,0,0
216,CASH_IN,8665.03,C56920514,22818.92,14153.89,M43087238,48821.65,57486.68,0,0
216,TRANSFER,12899.11,C93334601,28202.68,15303.57,M64520614,139504.35,152403.46,0,0
217,TRANSFER,13665.85,C84087145,22807.26,9141.41,M59093843,127881.81,141547.66,0,0
217,CASH_OUT,5004.18,C42614537,9893.63,4889.45,M12232974,18335.86,23340.04,0,0
217,PAYMENT,69.68,C98986321,471864.56,471794.88,M88319168,0.0,0.0,0,0
217,TRANSFER,26694.01,C64502486,101219.89,74525.88,C75390879,80242.7,106936.71,0,0
217,CASH_OUT,8980.61,C86745380,19220.45,10239.84,C22205980,10849.21,19829.82,0,0
217,CASH_IN,943.34,C57553014,2495.85,1552.51,C83905989,88402.66,89346.0,0,0
217,CASH_OUT,5658.79,C96274567,11294.57,5635.78,M86790955,12711.5,18370.29,0,0
217,CASH_IN,21252.89,C57683626,41605.5,20352.61,C84227466,11140.66,32393.55,0,0
217,CASH_OUT,1446.02,C96977837,1687.82,241.8,C60502752,69361.68,70807.7,0,0
217,CASH_OUT,616.01,C43744231,1072.97,456.96,M44529507,73834.63,74450.64,0,0
217,CASH_OUT,12100.64,C86320155,28143.11,16042.47,C80828710,50361.93,62462.57,0,0
217,TRANSFER,12051.65,C34220459,38260.74,26209.09,M35805259,9707.82,21759.47,0,0
217,TRANSFER,7010.03,C10872248,25085.13,18075.1,C58974686,50909.63,57919.66,0,0
218,PAYMENT,2164.04,C19233013,232093.64,229929.6,C82199509,0.0,0.0,0,0
218,CASH_IN,14180.02,C13579612,15780.32,1600.3,C43223132,38003.43,52183.45,0,0
218,PAYMENT,3126.09,C88101741,253786.11,250660.02,C85000490,0.0,0.0,0,0
218,CASH_OUT,1507.36,C63481198,2519.97,1012.61,M52111160,72118.11,73625.47,0,0
218,PAYMENT,477.96,C84093639,221384.19,220906.23,C44918995,0.0,0.0,0,0
218,CASH_IN,5064.4,C17028380,11158.49,6094.09,C92000924,28780.65,33845.05,0,0
218,CASH_OUT,1536.32,C98231132,2512.05,975.73,M90861208,11136.58,12672.9,0,0
218,CASH_OUT,192.62,C61642594,199.35,6.73,C39356057,72048.25,72240.87,0,0
218,TRANSFER,11926.19,C23905032,13301.16,1374.97,C29072646,180402.4,192328.59,0,0
218,PAYMENT,2607.44,C79987997,4939.0,2331.56,M54968591,0.0,0.0,0,0
218,PAYMENT,1594.54,C23756669,31091.94,29497.4,C74796438,0.0,0.0,0,0
218,TRANSFER,10977.38,C90014570,39200.32,28222.94,C30854365,152673.07,163650.45,0,0
218,PAYMENT,35.59,C59684848,273700.1,273664.51,C49652241,0.0,0.0,0,0
218,CASH_IN,1621.02,C22981052,4292.46,2671.44,C41802361,47642.82,49263.84,0,0
219,CASH_OUT,36745.0,C32814819,87130.48,50385.48,C49957816,38676.71,75421.71,0,0
219,PAYMENT,472.18,C15140967,120359.19,119887.01,C19531069,0.0,0.0,0,0
219,CASH_OUT,16876.54,C48683937,49958.98,33082.44,C87149161,63669.76,80546.3,0,0
219,CASH_IN,3544.57,C33513701,9914.71,6370.14,C73308406,45422.32,48966.89,0,0
219,CASH_OUT,779.44,C41880763,1226.63,447.19,C20612653,73097.85,73877.29,0,0
219,CASH_IN,16720.48,C57912262,29710.68,12990.2,C39648058,25721.1,42441.58,0,0
219,PAYMENT,543.78,C66267415,370522.78,369979.0,C39127464,0.0,0.0,0,0
219,PAYMENT,485.6,C30364454,151329.12,150843.52,C34019729,0.0,0.0,0,0
219,CASH_OUT,2426.61,C46231783,6696.5,4269.89,C56420476,85168.36,87594.97,0,0
219,PAYMENT,638.34,C67110154,420387.4,419749.06,M48352498,0.0,0.0,0,0
219,CASH_IN,5016.99,C51746937,14467.81,9450.82,M24660143,42114.07,47131.06,0,0
219,TRANSFER,2286.01,C26989677,5330.24,3044.23,C23111164,78300.13,80586.14,0,0
219,CASH_IN,8647.63,C98787891,14286.07,5638.44,C98612211,39888.31,48535.94,0,0
220,PAYMENT,118.97,C57197152,104545.71,104426.74,C71957885,0.0,0.0,0,0
220,PAYMENT,202.39,C43308443,97100.61,96898.22,C66682016,0.0,0.0,0,0
220,CASH_OUT,13258.74,C15917225,30742.4,17483.66,C80638102,61887.63,75146.37,0,0
220,TRANSFER,22313.95,C39801436,73455.96,51142.01,C91224373,82233.41,104547.36,0,0
220,TRANSFER,14896.02,C97902129,21211.85,6315.83,C20770971,22621.39,37517.41,0,0
220,CASH_OUT,1005.58,C58140388,2680.65,1675.07,C29353063,77457.77,78463.35,0,0
220,TRANSFER,12270.22,C45186708,20264.69,7994.47,C92924441,110786.92,123057.14,0,0
220,PAYMENT,683.04,C26090908,193376.67,192693.63,C48833650,0.0,0.0,0,0
220,TRANSFER,67050.65,C46698468,156157.01,89106.36,C40314047,139099.95,206150.6,0,0
220,TRANSFER,20417.54,C44675473,37159.1,16741.56,C71113711,149448.37,169865.91,0,0
220,TRANSFER,19198.63,C69549527,42345.06,23146.43,C81993070,156589.92,175788.55,0,0
220,CASH_OUT,10933.97,C69302158,21180.84,10246.87,M28761086,86803.01,97736.98,0,0
220,TRANSFER,11225.32,C20117988,21874.15,10648.83,C63992760,186671.02,197896.34,0,0
221,CASH_OUT,2751.13,C77349752,7570.65,4819.52,C38138531,67618.94,70370.07,0,0
221,PAYMENT,157.34,C92963368,44703.53,44546.19,M26664623,0.0,0.0,0,0
221,PAYMENT,3111.68,C77827638,431400.14,428288.46,C57973830,0.0,0.0,0,0
221,PAYMENT,366.45,C29175900,426595.26,426228.81,C17575790,0.0,0.0,0,0
221,CASH_OUT,1978.43,C74019136,2781.7,803.27,C57201978,15060.29,17038.72,0,0
221,TRANSFER,2228.17,C31810617,4654.25,2426.08,C98824290,181939.88,184168.05,0,0
221,CASH_IN,9588.59,C56381032,25472.18,15883.59,C47550897,47508.73,57097.32,0,0
221,DEBIT,2660.9,C67723010,4202.84,1541.94,M66207740,10149.95,12810.85,0,0
221,CASH_OUT,826.7,C23212812,1078.04,251.34,M54458225,41518.59,42345.29,0,0
221,PAYMENT,40.26,C54619335,309907.87,309867.61,C58199211,0.0,0.0,0,0
221,CASH_OUT,3088.47,C89795010,5988.96,2900.49,C56300738,98330.3,101418.77,0,0
221,TRANSFER,189.89,C19863756,745.96,556.07,C98911718,133109.95,133299.84,0,0
221,TRANSFER,15293.08,C87736262,49962.81,34669.73,C12621269,27984.15,43277.23,0,0
221,TRANSFER,15911.04,C99682738,24047.53,8136.49,C93029219,4970.87,20881.91,0,0
222,PAYMENT,2526.11,C67213476,182467.35,179941.24,C53929586,0.0,0.0,0,0
222,CASH_OUT,1233.44,C67556566,2336.96,1103.52,C68000104,1985.67,3219.11,0,0
222,PAYMENT,1493.41,C83832717,336537.34,335043.93,C88733350,0.0,0.0,0,0
222,CASH_OUT,2736.09,C12735359,3201.28,465.19,C36541600,36996.82,39732.91,0,0
222,PAYMENT,3036.24,C48250360,312767.49,309731.25,M61854861,0.0,0.0,0,0
222,CASH_OUT,3021.81,C25253751,3692.48,670.67,C42981324,93502.89,96524.7,0,0
222,TRANSFER,2841.74,C73538641,8248.63,5406.89,C87500742,59177.54,62019.28,0,0
222,CASH_OUT,2271.62,C63118906,3883.16,1611.54,C19735027,98357.09,100628.71,0,0
222,CASH_IN,3321.4,C53389073,7452.31,4130.91,M41674763,59032.27,62353.67,0,0
222,TRANSFER,10112.43,C19736572,15937.89,5825.46,C90922827,56768.92,66881.35,0,0
222,CASH_IN,8117.68,C83989546,22988.05,14870.37,C21773787,48960.91,57078.59,0,0
222,TRANSFER,15319.97,C60319927,26295.38,10975.41,M16892773,62020.59,77340.56,0,0
222,CASH_OUT,3439.98,C84087145,5317.08,1877.1,C20820219,99509.67,102949.65,0,0
223,PAYMENT,945.25,C38468360,330386.44,329441.19,C28783850,0.0,0.0,0,0
223,PAYMENT,3704.87,C53936531,17624.16,13919.29,C63635785,0.0,0.0,0,0
223,PAYMENT,4573.1,C15066382,312836.49,308263.39,C62133188,0.0,0.0,0,0
223,TRANSFER,586489.89,C13523729,734442.18,0.0,C15997257,3598.32,590088.21,1,1
223,CASH_OUT,3964.71,C90180577,10333.19,6368.48,C84098828,85362.67,89327.38,0,0
223,PAYMENT,716.98,C48858073,204783.13,204066.15,C29984682,0.0,0.0,0,0
223,PAYMENT,1473.08,C15403355,471567.32,470094.24,M36126192,0.0,0.0,0,0
223,TRANSFER,18160.12,C26405605,44791.78,26631.66,C25867870,54067.83,72227.95,0,0
223,PAYMENT,279.71,C92590645,459550.51,459270.8,C34072553,0.0,0.0,0,0
223,TRANSFER,31439.59,C25014631,61490.86,30051.27,C34019729,102249.47,133689.06,0,0
223,CASH_OUT,2764.37,C27758595,7221.79,4457.42,M28481124,10704.96,13469.33,0,0
223,TRANSFER,1155.66,C45351479,1689.6,533.94,M65079923,160489.95,161645.61,0,0
223,CASH_IN,5539.17,C12515446,15107.43,9568.26,M65913331,964.52,6503.69,0,0
223,PAYMENT,1332.14,C89089901,403879.15,402547.01,C90664728,0.0,0.0,0,0
224,PAYMENT,5074.9,C78140959,309495.41,304420.51,C82968364,0.0,0.0,0,0
224,PAYMENT,1576.32,C64193837,313810.94,312234.62,C34756698,0.0,0.0,0,0
224,PAYMENT,1906.44,C80669879,231459.97,229553.53,C23973438,0.0,0.0,0,0
224,CASH_OUT,5645.4,C92950779,6840.34,1194.94,C39161379,12197.84,17843.24,0,0
224,CASH_OUT,11199.88,C40667888,27911.54,16711.66,M27268907,8115.56,19315.44,0,0
224,PAYMENT,612.77,C98550256,475793.18,475180.41,C50165370,0.0,0.0,0,0
224,PAYMENT,6646.02,C23756669,396213.18,389567.16,C20820219,0.0,0.0,0,0
224,TRANSFER,142132.64,C45630292,136476.11,0.0,M42542167,47604.41,0.0,1,0
224,CASH_OUT,5821.55,C25558733,11284.61,5463.06,C21375216,73156.47,78978.02,0,0
224,PAYMENT,419.68,C49625201,430727.67,430307.99,C50831043,0.0,0.0,0,0
224,PAYMENT,804.32,C93352876,254777.03,253972.71,M71694994,0.0,0.0,0,0
224,PAYMENT,39.77,C36697396,487146.8,487107.03,M65426567,0.0,0.0,0,0
224,DEBIT,16899.92,C38682516,46582.15,29682.23,M78333267,57543.41,74443.33,0,0
225,PAYMENT,629.88,C37326368,63757.13,63127.25,C59908025,0.0,0.0,0,0
225,PAYMENT,1720.33,C48016697,95722.86,94002.53,M22539748,0.0,0.0,0,0
225,CASH_OUT,842.68,C43822301,1226.46,383.78,C98610233,39466.8,40309.48,0,0
225,PAYMENT,2351.57,C15253567,149766.31,147414.74,C82060023,0.0,0.0,0,0
225,CASH_OUT,279.49,C90099897,401.49,122.0,C93890601,25094.98,25374.47,0,0
225,CASH_OUT,1897.48,C30452412,1923.98,26.5,C43308414,89055.61,90953.09,0,0
225,TRANSFER,17722.11,C15820356,26295.93,8573.82,C74082804,13262.29,30984.4,0,0
225,CASH_OUT,2607.1,C52213778,2922.06,314.96,C76521096,75565.01,78172.11,0,0
225,CASH_IN,2658.28,C19943140,6241.83,3583.55,M98413629,89863.97,92522.25,0,0
225,CASH_OUT,3357.05,C45520201,7885.72,4528.67,M31473054,31839.8,35196.85,0,0
225,DEBIT,11966.87,C11037490,33853.72,21886.85,C52799022,69807.6,81774.47,0,0
225,PAYMENT,4144.92,C14478111,479729.46,475584.54,C22501261,0.0,0.0,0,0
225,CASH_OUT,7884.54,C42775624,12915.89,5031.35,C51178850,35811.25,43695.79,0,0
225,PAYMENT,2463.05,C93821894,186480.81,184017.76,C10697290,0.0,0.0,0,0
226,DEBIT,1756.47,C41473195,3474.6,1718.13,C95971459,54591.69,56348.16,0,0
226,CASH_IN,305.73,C81200181,445.21,139.48,M47447604,17055.29,17361.02,0,0
226,PAYMENT,1166.93,C20843514,206046.73,204879.8,C29374563,0.0,0.0,0,0
226,CASH_OUT,5230.3,C69619341,13559.57,8329.27,C41157840,94521.31,99751.61,0,0
226,PAYMENT,4852.13,C54398056,434603.8,429751.67,C92391596,0.0,0.0,0,0
226,PAYMENT,241.58,C51286958,78037.05,77795.47,C29353063,0.0,0.0,0,0
226,PAYMENT,1265.04,C51471222,194010.95,192745.91,C27714442,0.0,0.0,0,0
226,CASH_IN,5532.28,C83284724,15195.64,9663.36,M63423225,78826.53,84358.81,0,0
226,CASH_OUT,116.85,C60867083,210.19,93.34,C16570040,1395.02,1511.87,0,0
226,TRANSFER,7484.53,C63747464,11364.06,3879.53,C51701149,118994.5,126479.03,0,0
226,TRANSFER,999.44,C28024248,2172.66,1173.22,M10695441,30830.07,31829.51,0,0
226,CASH_OUT,603542.05,C20993268,574427.82,0.0,M82905845,54932.86,0.0,1,0
226,TRANSFER,17485.64,C54735895,40191.95,22706.31,C25819123,189518.85,207004.49,0,0
227,TRANSFER,2041.5,C21003626,2407.5,366.0,C23863742,192326.44,194367.94,0,0
227,CASH_OUT,996.04,C81016525,1945.67,949.63,C53299069,28932.19,29928.23,0,0
227,DEBIT,4798.15,C68326160,13850.7,9052.55,C74291599,80362.2,85160.35,0,0
227,PAYMENT,4928.66,C50569669,8457.86,3529.2,C90117857,0.0,0.0,0,0
227,TRANSFER,1008.31,C82828034,2915.4,1907.09,C49203644,137127.46,138135.77,0,0
227,CASH_OUT,1509.78,C63782042,1900.6,390.82,C90050918,28189.71,29699.49,0,0
227,CASH_OUT,8563.86,C78103759,23363.88,14800.02,C91121400,36956.75,45520.61,0,0
227,CASH_IN,3534.47,C59304469,3980.7,446.23,C49645162,44707.82,48242.29,0,0
227,TRANSFER,16903.53,C81690398,33445.36,16541.83,C95728324,47454.23,64357.76,0,0
227,PAYMENT,1197.52,C15066382,157643.45,156445.93,C83912181,0.0,0.0,0,0
227,TRANSFER,1224.78,C38944689,4115.77,2890.99,C76960098,111444.15,112668.93,0,0
227,TRANSFER,23131.14,C95618110,36619.68,13488.54,C71095611,26299.44,49430.58,0,0
227,DEBIT,572.57,C99774697,1297.08,724.51,C11699863,97113.57,97686.14,0,0
227,PAYMENT,467.13,C78371272,297231.72,296764.59,C27810664,0.0,0.0,0,0
228,DEBIT,740.01,C91363974,1953.12,1213.11,C17069536,48858.79,49598.8,0,0
228,CASH_OUT,778666.69,C82475098,660146.87,0.0,C32547129,62360.7,0.0,1,0
228,PAYMENT,1473.81,C98930456,302094.69,300620.88,C55713584,0.0,0.0,0,0
228,TRANSFER,18765.87,C28575536,33741.45,14975.58,C29012298,90447.5,109213.37,0,0
228,PAYMENT,1539.15,C63293990,396058.23,394519.08,M37820354,0.0,0.0,0,0
228,PAYMENT,1885.86,C94525678,73255.51,71369.65,C56113741,0.0,0.0,0,0
228,DEBIT,727.96,C48137561,813.89,85.93,C92181084,24658.56,25386.52,0,0
228,DEBIT,4551.78,C97139443,7530.6,2978.82,M90882505,82483.68,87035.46,0,0
228,PAYMENT,846.72,C88561612,74767.86,73921.14,C56300738,0.0,0.0,0,0
228,PAYMENT,1817.7,C16202700,161377.76,159560.06,C33381086,0.0,0.0,0,0
228,CASH_OUT,609.11,C57212267,852.83,243.72,C89211057,81072.86,81681.97,0,0
228,TRANSFER,20324.5,C38270233,57218.43,36893.93,C92370625,59828.3,80152.8,0,0
228,CASH_IN,3652.78,C22201654,10116.53,6463.75,C43308414,52350.22,56003.0,0,0
229,CASH_IN,3886.0,C45843681,5815.22,1929.22,C32083803,37600.89,41486.89,0,0
229,TRANSFER,22722.54,C23311507,43048.56,20326.02,C21594468,41643.77,64366.31,0,0
229,TRANSFER,974882.71,C79967676,985325.28,0.0,M52196099,77579.69,1052462.4,1,1
229,TRANSFER,8187.49,C98641164,12043.27,3855.78,C97653539,89383.72,97571.21,0,0
229,CASH_OUT,8967.22,C57212267,17144.31,8177.09,M28908276,19778.07,28745.29,0,0
229,TRANSFER,4964.98,C58970845,13700.57,8735.59,C20326375,65237.94,70202.92,0,0
229,TRANSFER,10305.26,C30868105,20400.44,10095.18,M90197611,95943.2,106248.46,0,0
229,PAYMENT,2379.49,C48285503,416238.56,413859.07,C83074216,0.0,0.0,0,0
229,TRANSFER,665532.94,C68461818,640204.16,0.0,C85594147,61308.21,726841.15,1,1
229,PAYMENT,179.45,C97902129,163359.05,163179.6,C54039203,0.0,0.0,0,0
229,PAYMENT,4482.19,C91480362,21611.97,17129.78,C79942848,0.0,0.0,0,0
229,PAYMENT,287.43,C84121929,361942.78,361655.35,M87161840,0.0,0.0,0,0
229,TRANSFER,4502.22,C67965485,17022.2,12519.98,M85405783,28842.38,33344.6,0,0
230,PAYMENT,595.45,C55377076,83364.1,82768.65,C87293208,0.0,0.0,0,0
230,TRANSFER,9727.84,C67965485,20243.16,10515.32,M96075494,72059.13,81786.97,0,0
230,TRANSFER,7215.34,C82394227,8721.39,1506.05,C95594482,80711.42,87926.76,0,0
230,CASH_IN,2418.84,C30514014,4433.02,2014.18,C47621248,78972.87,81391.71,0,0
230,PAYMENT,428.51,C94970119,274952.56,274524.05,M55147280,0.0,0.0,0,0
230,TRANSFER,17201.43,C19289546,25409.63,8208.2,C39955391,152790.05,169991.48,0,0
230,PAYMENT,1863.18,C20356922,115243.29,113380.11,C99628735,0.0,0.0,0,0
230,PAYMENT,824.33,C88461803,342393.93,341569.6,C49957816,0.0,0.0,0,0
230,CASH_OUT,2117.99,C60806024,5071.69,2953.7,M18824561,47869.32,49987.31,0,0
230,CASH_OUT,1196.94,C60929647,3471.04,2274.1,M97629787,95442.1,96639.04,0,0
230,CASH_OUT,318.48,C38688676,565.32,246.84,C29587040,63433.06,63751.54,0,0
230,DEBIT,1154.46,C22489409,2332.58,1178.12,M91214453,28963.94,30118.4,0,0
230,DEBIT,2223.41,C26753883,5401.74,3178.33,C46066605,41493.87,43717.28,0,0
230,CASH_OUT,1972.62,C84252722,2114.67,142.05,M83819367,22950.6,24923.22,0,0
231,CASH_IN,727.02,C63747791,1235.03,508.01,M92523968,8062.74,8789.76,0,0
231,PAYMENT,1028.96,C70254091,255556.02,254527.06,C39127464,0.0,0.0,0,0
231,PAYMENT,337.2,C97488142,199796.38,199459.18,M45638891,0.0,0.0,0,0
231,CASH_IN,18801.58,C17634247,19077.96,276.38,C30688754,62767.98,81569.56,0,0
231,TRANSFER,30912.06,C71040347,65623.27,34711.21,C82029307,78295.54,109207.6,0,0
231,TRANSFER,3872.3,C77719420,6849.46,2977.16,M48605090,39958.71,43831.01,0,0
231,CASH_OUT,5427.92,C70306604,12489.24,7061.32,C18338186,45164.98,50592.9,0,0
231,CASH_IN,1589.75,C38323322,4666.66,3076.91,C33156250,67184.64,68774.39,0,0
231,CASH_OUT,317.13,C48848936,388.61,71.48,C16511491,38745.21,39062.34,0,0
231,PAYMENT,15.89,C94705205,466675.6,466659.71,C49666982,0.0,0.0,0,0
231,CASH_IN,8154.36,C15614174,20545.06,12390.7,M29659692,73570.25,81724.61,0,0
231,CASH_OUT,3613.96,C69038700,5163.21,1549.25,C98221829,59325.82,62939.78,0,0
231,PAYMENT,256.01,C30244148,232962.33,232706.32,C59805178,0.0,0.0,0,0
232,PAYMENT,717.34,C39161443,116445.4,115728.06,C76433728,0.0,0.0,0,0
232,CASH_OUT,3928.97,C91156554,5632.62,1703.65,C12925970,2381.25,6310.22,0,0
232,PAYMENT,37.29,C39587039,415134.42,415097.13,M28450513,0.0,0.0,0,0
232,PAYMENT,802.72,C22543044,104763.64,103960.92,C87324220,0.0,0.0,0,0
232,CASH_IN,5122.31,C88101741,9103.08,3980.77,C96110892,32735.88,37858.19,0,0
232,CASH_OUT,3190.31,C42394260,9065.71,5875.4,C57242616,48017.56,51207.87,0,0
232,TRANSFER,1476.86,C48412328,4432.16,2955.3,C88268756,187627.21,189104.07,0,0
232,DEBIT,7692.98,C95758349,9343.3,1650.32,C33251181,27.07,7720.05,0,0
232,PAYMENT,1086.96,C20709497,26913.96,25827.0,C35111946,0.0,0.0,0,0
232,TRANSFER,11872.88,C97226012,11873.22,0.34,C29012298,89567.06,101439.94,0,0
232,CASH_IN,4384.78,C84660688,12814.15,8429.37,C37765262,9723.27,14108.05,0,0
232,TRANSFER,719.6,C24165187,2815.67,2096.07,M54331259,148627.45,149347.05,0,0
232,PAYMENT,321.18,C46249845,141429.38,141108.2,M22539748,0.0,0.0,0,0
232,PAYMENT,2050.08,C47028180,150140.02,148089.94,M20319387,0.0,0.0,0,0
233,CASH_OUT,781.24,C31831063,1002.86,221.62,C92423989,45692.76,46474.0,0,0
233,CASH_OUT,890.83,C86593187,2520.28,1629.45,C22345163,12032.5,12923.33,0,0
233,PAYMENT,439.48,C76118957,476307.65,475868.17,C42123815,0.0,0.0,0,0
233,TRANSFER,3627.04,C63118906,13768.71,10141.67,M25805613,35741.68,39368.72,0,0
233,TRANSFER,6378.99,C38754377,15090.99,8712.0,M38294221,177401.56,183780.55,0,0
233,CASH_IN,337.76,C88566318,522.27,184.51,C87206788,2255.89,2593.65,0,0
233,PAYMENT,91.41,C69549527,33515.35,33423.94,C22283664,0.0,0.0,0,0
233,CASH_OUT,330.26,C91644298,592.84,262.58,M62741471,37742.5,38072.76,0,0
233,CASH_OUT,3636.57,C45833156,7023.68,3387.11,C61100987,17502.29,21138.86,0,0
233,TRANSFER,9995.33,C89089901,29684.43,19689.1,C42737441,191926.35,201921.68,0,0
233,PAYMENT,340.39,C34272734,355531.07,355190.68,C86866717,0.0,0.0,0,0
233,PAYMENT,1360.24,C26405605,102943.92,101583.68,C24301022,0.0,0.0,0,0
233,PAYMENT,195.51,C99100953,336278.79,336083.28,M59251188,0.0,0.0,0,0
234,CASH_IN,161.14,C57912262,221.75,60.61,C33336132,68967.52,69128.66,0,0
234,CASH_OUT,7806.67,C95268296,8495.58,688.91,M49680122,56321.2,64127.87,0,0
234,PAYMENT,228.63,C85017250,280354.31,280125.68,C64395532,0.0,0.0,0,0
234,PAYMENT,1803.17,C38859907,396397.96,394594.79,C22028437,0.0,0.0,0,0
234,CASH_OUT,7683.43,C84674816,12086.3,4402.87,C27543369,8841.6,16525.03,0,0
234,CASH_IN,5937.1,C75793759,15682.42,9745.32,C62231715,54459.07,60396.17,0,0
234,PAYMENT,428.47,C92666356,451106.8,450678.33,C53440052,0.0,0.0,0,0
234,CASH_OUT,1224.22,C98145654,2009.46,785.24,C96804457,63931.42,65155.64,0,0
234,PAYMENT,1832.45,C35848226,290945.47,289113.02,M69195194,0.0,0.0,0,0
234,TRANSFER,30414.75,C97302916,100427.68,70012.93,C75847681,30379.0,60793.75,0,0
234,CASH_OUT,523.86,C41934639,1231.82,707.96,C86286724,40782.58,41306.44,0,0
234,CASH_IN,1545.79,C14915156,1813.04,267.25,C40314047,25320.03,26865.82,0,0
234,PAYMENT,781.9,C38688676,462510.1,461728.2,C48824283,0.0,0.0,0,0
234,PAYMENT,1039.3,C92631441,226482.83,225443.53,C46685332,0.0,0.0,0,0
235,PAYMENT,778.67,C73481797,340808.16,340029.49,C70655283,0.0,0.0,0,0
235,TRANSFER,17885.21,C36802975,67157.1,49271.89,M95590648,196560.1,214445.31,0,0
235,CASH_OUT,882.71,C49823450,1999.69,1116.98,C62162278,74479.39,75362.1,0,0
235,TRANSFER,5708.47,C88213973,22443.97,16735.5,C23811663,158663.28,164371.75,0,0
235,PAYMENT,2412.6,C89736043,199382.39,196969.79,C71272827,0.0,0.0,0,0
235,CASH_OUT,1105.96,C22119391,3296.88,2190.92,C81057233,54399.67,55505.63,0,0
235,TRANSFER,1441.98,C71308842,2543.87,1101.89,M24251766,110539.26,111981.24,0,0
235,CASH_OUT,696.97,C60103798,1650.44,953.47,M97991930,78772.42,79469.39,0,0
235,CASH_IN,7636.16,C54265498,12607.11,4970.95,M76755908,83646.88,91283.04,0,0
235,TRANSFER,10469.05,C92666356,26898.79,16429.74,C96838849,164052.82,174521.87,0,0
235,CASH_IN,4088.29,C61343880,6959.37,2871.08,C42737441,40799.84,44888.13,0,0
235,PAYMENT,723.92,C30881581,114455.78,113731.86,M45899440,0.0,0.0,0,0
235,CASH_OUT,5217.12,C97902129,12457.89,7240.77,C50168264,75331.89,80549.01,0,0
236,CASH_OUT,10130.32,C18050510,29768.56,19638.24,M54012664,79993.52,90123.84,0,0
236,DEBIT,12665.7,C25558733,35865.3,23199.6,M63873262,69493.74,82159.44,0,0
236,PAYMENT,1188.31,C65682626,378388.68,377200.37,M44529507,0.0,0.0,0,0
236,CASH_OUT,7121.96,C28572252,16213.12,9091.16,C76217748,95155.06,102277.02,0,0
236,CASH_OUT,461281.51,C75569635,416788.0,0.0,M81062902,68048.15,0.0,1,0
236,PAYMENT,2404.93,C73070585,61238.56,58833.63,C88653825,0.0,0.0,0,0
236,CASH_OUT,500.37,C42363373,510.95,10.58,C42595918,59756.09,60256.46,0,0
236,TRANSFER,2393.6,C43189803,4575.03,2181.43,C45000508,124232.3,126625.9,0,0
236,PAYMENT,37.37,C41895531,318339.36,318301.99,C52503832,0.0,0.0,0,0
236,TRANSFER,9678.81,C63124147,38047.79,28368.98,M50259503,100498.97,110177.78,0,0
236,CASH_OUT,5495.64,C91503378,10701.08,5205.44,M45135070,79783.17,85278.81,0,0
236,CASH_OUT,1263.31,C92924837,2331.32,1068.01,C90253323,58712.47,59975.78,0,0
236,PAYMENT,2871.13,C91952730,474662.91,471791.78,C73554620,0.0,0.0,0,0
236,PAYMENT,5528.99,C50484137,497329.88,491800.89,C90117857,0.0,0.0,0,0
237,CASH_OUT,3524.51,C86483924,8875.06,5350.55,M99635939,8682.86,12207.37,0,0
237,CASH_IN,562.25,C27084279,665.76,103.51,C82062301,24538.95,25101.2,0,0
237,PAYMENT,1535.1,C73837847,316386.81,314851.71,C21989814,0.0,0.0,0,0
237,TRANSFER,31735.32,C80823176,63856.16,32120.84,C85693188,121118.14,152853.46,0,0
237,PAYMENT,1205.8,C77172238,162790.51,161584.71,M36867482,0.0,0.0,0,0
237,CASH_OUT,5338.24,C63349308,10155.46,4817.22,C70850538,61371.73,66709.97,0,0
237,PAYMENT,690.17,C66792612,342544.24,341854.07,M64520614,0.0,0.0,0,0
237,CASH_OUT,1134.21,C63124147,1198.26,64.05,C72189327,50629.45,51763.66,0,0
237,CASH_OUT,4185.17,C25374874,6484.85,2299.68,C68341261,56505.0,60690.17,0,0
237,CASH_OUT,6301.96,C23798190,15431.37,9129.41,C17503932,25320.43,31622.39,0,0
237,PAYMENT,1271.82,C22660194,259334.69,258062.87,C97857309,0.0,0.0,0,0
237,DEBIT,2879.19,C45594597,5480.4,2601.21,C65296657,85355.51,88234.7,0,0
237,CASH_IN,3059.36,C32969840,6737.45,3678.09,C71310453,42673.16,45732.52,0,0
238,PAYMENT,750.05,C18163847,484345.26,483595.21,M55147280,0.0,0.0,0,0
238,CASH_IN,1976.26,C93926371,3881.95,1905.69,M62953249,24904.27,26880.53,0,0
238,DEBIT,10703.7,C90014570,26642.17,15938.47,C21571285,65387.15,76090.85,0,0
238,TRANSFER,1143.15,C59597086,2179.79,1036.64,C18873816,45461.11,46604.26,0,0
238,CASH_OUT,1916.29,C38748452,3807.1,1890.81,C38434222,71382.79,73299.08,0,0
238,CASH_OUT,2972.85,C87774890,3663.08,690.23,C97095388,16443.33,19416.18,0,0
238,TRANSFER,18156.04,C23141087,51120.47,32964.43,C79491111,5711.96,23868.0,0,0
238,TRANSFER,7125.02,C79067939,16315.73,9190.71,C35254849,141973.35,149098.37,0,0
238,TRANSFER,5593.88,C70306604,14714.44,9120.56,C10090721,84306.29,89900.17,0,0
238,TRANSFER,19953.19,C70855700,61977.47,42024.28,C18289024,14320.77,34273.96,0,0
238,TRANSFER,9014.47,C42329237,26990.29,17975.82,C31436829,95450.48,104464.95,0,0
238,CASH_OUT,1619.72,C26297533,4625.49,3005.77,C73308406,13752.73,15372.45,0,0
238,PAYMENT,4073.87,C60806024,45016.01,40942.14,M51295819,0.0,0.0,0,0
239,CASH_OUT,4354.12,C46553958,10100.36,5746.24,C27809465,54591.89,58946.01,0,0
239,CASH_OUT,198.69,C14818295,584.49,385.8,C31436829,65626.27,65824.96,0,0
239,CASH_OUT,3611.74,C19913576,3898.91,287.17,C99490304,20244.73,23856.47,0,0
239,TRANSFER,5444.65,C46468984,11826.48,6381.83,M58657117,74999.85,80444.5,0,0
239,PAYMENT,332.28,C51708177,8058.38,7726.1,C13940129,0.0,0.0,0,0
239,CASH_IN,2677.16,C65692629,4100.81,1423.65,C29628462,53051.93,55729.09,0,0
239,TRANSFER,749.8,C30244148,1468.55,718.75,C59961172,49491.55,50241.35,0,0
239,PAYMENT,1904.42,C79654147,108353.4,106448.98,C10344739,0.0,0.0,0,0
239,TRANSFER,8628.55,C38984499,14171.25,5542.7,C21010955,35311.18,43939.73,0,0
239,PAYMENT,2058.27,C97219599,314260.84,312202.57,C82156607,0.0,0.0,0,0
239,PAYMENT,325.96,C54087376,37317.43,36991.47,C58852098,0.0,0.0,0,0
239,TRANSFER,4147.17,C29419691,5956.2,1809.03,M67838146,152343.09,156490.26,0,0
239,PAYMENT,1564.46,C46173157,494953.73,493389.27,C54230340,0.0,0.0,0,0
239,CASH_OUT,8751.07,C68353204,19723.88,10972.81,C56751880,41350.86,50101.93,0,0
240,TRANSFER,1010.72,C59858348,3521.27,2510.55,C22410307,81871.9,82882.62,0,0
240,PAYMENT,5878.44,C31127198,23368.64,17490.2,C40314047,0.0,0.0,0,0
240,CASH_OUT,6234.84,C13895645,8636.57,2401.73,C33574794,72649.53,78884.37,0,0
240,PAYMENT,1105.36,C82232344,226014.51,224909.15,C30456313,0.0,0.0,0,0
240,PAYMENT,1273.27,C15253567,113911.09,112637.82,C53995720,0.0,0.0,0,0
240,CASH_IN,17326.02,C52773159,33937.02,16611.0,M67838146,94938.79,112264.81,0,0
240,TRANSFER,7454.41,C31257157,26952.27,19497.86,C15730602,127433.55,134887.96,0,0
240,CASH_IN,5648.31,C10226999,11536.77,5888.46,C62162278,49713.35,55361.66,0,0
240,PAYMENT,950.27,C77187530,300711.25,299760.98,C20820219,0.0,0.0,0,0
240,PAYMENT,961.76,C81690398,281719.96,280758.2,M30537388,0.0,0.0,0,0
240,TRANSFER,10571.44,C40667888,35084.01,24512.57,C63015826,8949.76,19521.2,0,0
240,TRANSFER,2253.4,C61536717,6648.66,4395.26,C86475853,197349.1,199602.5,0,0
240,TRANSFER,21377.81,C97477029,60197.51,38819.7,C96688655,183946.03,205323.84,0,0
241,CASH_OUT,2115.23,C27307598,4178.8,2063.57,C58974686,75741.77,77857.0,0,0
241,CASH_IN,12213.9,C31306555,26615.58,14401.68,C56135950,56018.77,68232.67,0,0
241,PAYMENT,70.32,C39735904,300472.26,300401.94,C21375216,0.0,0.0,0,0
241,CASH_OUT,8839.99,C53589647,14799.47,5959.48,C25446483,69142.41,77982.4,0,0
241,CASH_IN,11078.94,C49428661,22883.31,11804.37,C94019376,61636.67,72715.61,0,0
241,CASH_OUT,3825.67,C94214382,10973.25,7147.58,C74082804,87475.15,91300.82,0,0
241,PAYMENT,434.85,C11086890,115465.43,115030.58,C54230340,0.0,0.0,0,0
241,TRANSFER,11982.6,C94819556,20589.04,8606.44,C66268745,39062.05,51044.65,0,0
241,CASH_OUT,6836.32,C66975380,11416.63,4580.31,C60418290,67610.01,74446.33,0,0
241,PAYMENT,1258.45,C63640499,299684.73,298426.28,C77447155,0.0,0.0,0,0
241,PAYMENT,810.8,C24754064,95799.69,94988.89,C49276764,0.0,0.0,0,0
241,CASH_OUT,5961.07,C46578001,15525.54,9564.47,C32547129,68833.22,74794.29,0,0
241,CASH_IN,1677.9,C45431319,3979.91,2302.01,C85986307,71262.1,72940.0,0,0
241,TRANSFER,4897.32,C97219599,11695.15,6797.83,C14324134,104502.42,109399.74,0,0
242,TRANSFER,23434.74,C22660194,43925.69,20490.95,C69069144,50158.4,73593.14,0,0
242,CASH_OUT,10754.08,C91478884,18010.33,7256.25,C46504617,88727.33,99481.41,0,0
242,PAYMENT,3109.62,C96300902,188749.31,185639.69,C32761034,0.0,0.0,0,0
242,PAYMENT,3301.93,C75575808,359086.64,355784.71,C35151299,0.0,0.0,0,0
242,PAYMENT,576.6,C86593187,230621.45,230044.85,C37765262,0.0,0.0,0,0
242,TRANSFER,33999.77,C97477029,41348.85,7349.08,M15222944,25761.43,59761.2,0,0
242,PAYMENT,661.33,C53258988,276240.35,275579.02,C17069536,0.0,0.0,0,0
242,DEBIT,2571.36,C73900135,2913.59,342.23,M90882505,81199.12,83770.48,0,0
242,PAYMENT,839.54,C33357554,248537.69,247698.15,C33635791,0.0,0.0,0,0
242,TRANSFER,29740.15,C21490910,54462.39,24722.24,C96574622,113923.27,143663.42,0,0
242,CASH_OUT,3567.15,C67403166,6618.54,3051.39,C49599276,98169.67,101736.82,0,0
242,CASH_IN,3180.04,C16582607,6209.78,3029.74,M22993840,38688.47,41868.51,0,0
242,PAYMENT,466.27,C57553014,92190.15,91723.88,M62868861,0.0,0.0,0,0
243,TRANSFER,2148.07,C15512205,2499.29,351.22,C48451741,169587.77,171735.84,0,0
243,CASH_IN,7330.34,C61536717,15371.59,8041.25,M28908276,26841.43,34171.77,0,0
243,PAYMENT,1350.34,C48858073,463022.41,461672.07,M69002851,0.0,0.0,0,0
243,CASH_OUT,14224.78,C18163847,39582.2,25357.42,C24363501,56656.73,70881.51,0,0
243,DEBIT,3670.01,C85329037,6148.04,2478.03,M31434525,62436.0,66106.01,0,0
243,CASH_OUT,4179.33,C36096655,6105.9,1926.57,C25601471,61831.19,66010.52,0,0
243,CASH_OUT,659.38,C85957578,1388.15,728.77,C86286724,84076.8,84736.18,0,0
243,PAYMENT,1141.05,C31130263,277747.7,276606.65,M28481124,0.0,0.0,0,0
243,PAYMENT,41.89,C83300637,111496.41,111454.52,C63992760,0.0,0.0,0,0
243,CASH_OUT,215.13,C33776150,302.53,87.4,C52710350,61629.66,61844.79,0,0
243,CASH_OUT,3923.89,C71428713,9734.83,5810.94,M24710878,97867.25,101791.14,0,0
243,CASH_IN,3360.31,C41523529,6628.26,3267.95,C65869014,9568.37,12928.68,0,0
243,PAYMENT,1213.4,C18846539,112044.8,110831.4,C65350347,0.0,0.0,0,0
243,CASH_OUT,28850.63,C25405014,38864.29,10013.66,C28972822,22034.16,50884.79,0,0
244,TRANSFER,4733.22,C17901903,9113.73,4380.51,M90882505,116347.88,121081.1,0,0
244,CASH_IN,1111.28,C35519083,1970.75,859.47,C49148093,21338.78,22450.06,0,0
244,CASH_OUT,2651.98,C26240908,6430.65,3778.67,C68382413,44252.76,46904.74,0,0
244,PAYMENT,649.93,C57113566,193468.81,192818.88,C54499873,0.0,0.0,0,0
244,PAYMENT,1747.98,C49613214,191320.99,189573.01,C27714442,0.0,0.0,0,0
244,CASH_IN,1610.2,C97512508,2485.26,875.06,C92684436,88180.63,89790.83,0,0
244,CASH_OUT,334.76,C63747791,685.55,350.79,C84182331,32208.0,32542.76,0,0
244,TRANSFER,977.95,C17275149,3437.16,2459.21,C89699345,121704.23,122682.18,0,0
244,CASH_IN,7319.68,C46249845,17617.83,10298.15,M63873262,60095.35,67415.03,0,0
244,CASH_OUT,8733.41,C77853916,22498.49,13765.08,C76399516,20713.09,29446.5,0,0
244,CASH_OUT,17409.88,C57212267,26071.84,8661.96,C72146184,29067.88,46477.76,0,0
244,CASH_OUT,12978.63,C13704481,25171.09,12192.46,C45106207,2427.6,15406.23,0,0
244,TRANSFER,1594.04,C80260907,4929.96,3335.92,C24032377,90996.92,92590.96,0,0
245,TRANSFER,1728.09,C96629889,3517.62,1789.53,M69584522,76813.22,78541.31,0,0
245,CASH_OUT,3343.66,C98930456,9423.69,6080.03,C60622842,8946.09,12289.75,0,0
245,CASH_OUT,100.49,C92613013,174.17,73.68,C30027648,99709.91,99810.4,0,0
245,PAYMENT,1023.93,C15399803,85933.74,84909.81,M50237208,0.0,0.0,0,0
245,CASH_IN,2469.37,C98054173,5654.9,3185.53,C13918120,59910.52,62379.89,0,0
245,TRANSFER,15150.4,C95268296,59654.47,44504.07,M85227370,73549.8,88700.2,0,0
245,CASH_OUT,1825.71,C67702031,5169.86,3344.15,M63283709,9237.68,11063.39,0,0
245,TRANSFER,3046.2,C83599154,3770.48,724.28,C24219637,186470.01,189516.21,0,0
245,CASH_IN,749.96,C49092160,1189.67,439.71,M29990477,85850.03,86599.99,0,0
245,TRANSFER,414.14,C63640499,698.76,284.62,C50109721,63008.07,63422.21,0,0
245,PAYMENT,2284.41,C29413516,117444.19,115159.78,M50818905,0.0,0.0,0,0
245,PAYMENT,135.18,C73791320,27968.97,27833.79,C93135800,0.0,0.0,0,0
245,TRANSFER,220.23,C26395999,850.42,630.19,C31989243,188360.25,188580.48,0,0
245,PAYMENT,2482.47,C42787299,274873.4,272390.93,C70858653,0.0,0.0,0,0
246,CASH_OUT,12383.69,C60103798,18234.87,5851.18,C24363501,80772.87,93156.56,0,0
246,DEBIT,5797.04,C54769200,14058.16,8261.12,C92861016,6738.21,12535.25,0,0
246,PAYMENT,2300.74,C40158366,409010.3,406709.56,C30560218,0.0,0.0,0,0
246,CASH_OUT,8074.3,C50603163,15543.63,7469.33,C95004924,76086.03,84160.33,0,0
246,TRANSFER,3281.69,C57197152,12458.77,9177.08,M18359252,49883.66,53165.35,0,0
246,CASH_OUT,6544.4,C77827638,16575.0,10030.6,C89717834,51324.59,57868.99,0,0
246,CASH_IN,896.19,C56164955,1800.46,904.27,C29587040,5685.01,6581.2,0,0
246,PAYMENT,367.0,C41726318,26075.54,25708.54,M88319168,0.0,0.0,0,0
246,CASH_OUT,1084.55,C64193837,2953.64,1869.09,C86211608,83427.99,84512.54,0,0
246,PAYMENT,9825.51,C93176117,141079.97,131254.46,C31989243,0.0,0.0,0,0
246,PAYMENT,2714.94,C93638503,89222.21,86507.27,C85693188,0.0,0.0,0,0
246,TRANSFER,22212.75,C79008866,64870.3,42657.55,C74115841,151148.21,173360.96,0,0
246,CASH_OUT,11645.16,C81016525,18334.2,6689.04,C72579077,52889.31,64534.47,0,0
247,CASH_IN,95.7,C76500726,240.07,144.37,C10331931,55031.57,55127.27,0,0
247,PAYMENT,442.24,C98145654,444618.76,444176.52,C14539747,0.0,0.0,0,0
247,CASH_OUT,11008.45,C68942178,22449.67,11441.22,C27092408,78638.47,89646.92,0,0
247,TRANSFER,11306.53,C95618110,25050.7,13744.17,C28405182,51034.53,62341.06,0,0
247,PAYMENT,2461.88,C80606503,85113.97,82652.09,C94651342,0.0,0.0,0,0
247,CASH_IN,1613.97,C96368203,2021.46,407.49,C46024950,3641.67,5255.64,0,0
247,TRANSFER,1180.62,C70897765,4162.67,2982.05,C62686364,23991.7,25172.32,0,0
247,CASH_OUT,3543.65,C60192261,5666.42,2122.77,C92924441,2387.58,5931.23,0,0
247,PAYMENT,885.27,C53091709,375655.06,374769.79,M60961690,0.0,0.0,0,0
247,PAYMENT,1116.69,C54585178,387985.88,386869.19,C64395532,0.0,0.0,0,0
247,CASH_OUT,92.66,C90023800,202.08,109.42,M54699966,75875.62,75968.28,0,0
247,CASH_OUT,6291.61,C10289289,11279.1,4987.49,C38169370,14231.53,20523.14,0,0
247,TRANSFER,752.66,C70549373,1323.75,571.09,M66087572,80448.6,81201.26,0,0
248,CASH_OUT,15574.96,C21457410,21951.11,6376.15,C53805532,13041.41,28616.37,0,0
248,PAYMENT,596.29,C82884346,124192.27,123595.98,M92134318,0.0,0.0,0,0
248,PAYMENT,1300.35,C39219319,320731.39,319431.04,C69862640,0.0,0.0,0,0
248,PAYMENT,670.54,C40158366,188269.75,187599.21,C87619624,0.0,0.0,0,0
248,CASH_OUT,4156.22,C32520277,11529.74,7373.52,C53805532,87211.29,91367.51,0,0
248,TRANSFER,6641.89,C95758349,23002.74,16360.85,C90124068,110769.74,117411.63,0,0
248,CASH_OUT,79.41,C81691040,213.96,134.55,C35264294,6775.57,6854.98,0,0
248,PAYMENT,3206.2,C16749089,156550.2,153344.0,M75632882,0.0,0.0,0,0
248,PAYMENT,1850.37,C75056916,7505.98,5655.61,M87528776,0.0,0.0,0,0
248,CASH_IN,1628.24,C40158366,4052.16,2423.92,M16080513,56159.01,57787.25,0,0
248,TRANSFER,10197.58,C78387461,29491.64,19294.06,M63423225,74882.02,85079.6,0,0
248,DEBIT,14278.43,C33328859,23817.59,9539.16,C80322629,61292.6,75571.03,0,0
248,CASH_OUT,503.02,C99853245,873.21,370.19,C58189421,80122.4,80625.42,0,0
248,CASH_OUT,2690.74,C43567615,6772.55,4081.81,M76423575,43340.82,46031.56,0,0
249,TRANSFER,704.77,C71934487,1863.39,1158.62,M70672142,150038.53,150743.3,0,0
249,PAYMENT,2354.64,C68802946,499324.98,496970.34,M32099899,0.0,0.0,0,0
249,TRANSFER,4408.63,C34941004,8775.18,4366.55,C29072646,143139.96,147548.59,0,0
249,TRANSFER,23222.67,C67594492,33251.48,10028.81,C11137460,152659.64,175882.31,0,0
249,CASH_OUT,1639.44,C95511909,2543.62,904.18,M64504816,22023.75,23663.19,0,0
249,PAYMENT,445.52,C39476249,8033.14,7587.62,C96104027,0.0,0.0,0,0
249,CASH_IN,4406.45,C97529405,8093.55,3687.1,M74398125,19366.43,23772.88,0,0
249,TRANSFER,10987.78,C57123808,25060.21,14072.43,C36229153,114069.18,125056.96,0,0
249,TRANSFER,122686.69,C30068183,150833.51,0.0,M16813620,48266.46,0.0,1,0
249,CASH_OUT,3754.2,C64023778,10698.13,6943.93,C34134478,49348.22,53102.42,0,0
249,PAYMENT,217.28,C30513739,230883.93,230666.65,C94879557,0.0,0.0,0,0
249,TRANSFER,33193.86,C68716573,130729.85,97535.99,C94019376,170268.17,203462.03,0,0
249,PAYMENT,3065.05,C37057085,130525.51,127460.46,C52585056,0.0,0.0,0,0
250,CASH_OUT,1473.85,C19183277,3874.4,2400.55,C32325574,33059.99,34533.84,0,0
250,PAYMENT,171.12,C54098516,264301.16,264130.04,C69920305,0.0,0.0,0,0
250,CASH_OUT,1163.65,C27447248,2536.24,1372.59,C39236638,68260.14,69423.79,0,0
250,TRANSFER,8458.62,C94281857,14683.23,6224.61,C53752954,163171.44,171630.06,0,0
250,CASH_OUT,650.86,C21432787,1874.4,1223.54,C27784789,30056.89,30707.75,0,0
250,TRANSFER,8064.76,C20593403,9305.6,1240.84,C69069144,118746.88,126811.64,0,0
250,TRANSFER,20568.79,C23798190,71419.1,50850.31,C45568761,111447.8,132016.59,0,0
250,PAYMENT,2484.07,C96879854,111038.37,108554.3,C76627415,0.0,0.0,0,0
250,CASH_OUT,4108.2,C15879578,5367.43,1259.23,C21641746,9859.72,13967.92,0,0
250,CASH_OUT,2705.29,C76481885,6722.77,4017.48,C43782566,41929.15,44634.44,0,0
250,PAYMENT,1653.87,C16749089,42402.34,40748.47,C18087373,0.0,0.0,0,0
250,TRANSFER,12338.99,C80166708,46705.91,34366.92,C28325379,14197.8,26536.79,0,0
250,PAYMENT,3570.58,C10791358,444874.64,441304.06,C87268086,0.0,0.0,0,0
250,CASH_OUT,496.36,C65857931,649.28,152.92,C10856822,47317.41,47813.77,0,0
251,TRANSFER,17044.57,C48840994,23089.92,6045.35,C87324220,47900.78,64945.35,0,0
251,CASH_OUT,3462.0,C58895439,6206.29,2744.29,C61705758,21402.86,24864.86,0,0
251,DEBIT,1607.61,C19943140,2363.54,755.93,C49148093,24323.59,25931.2,0,0
251,TRANSFER,27563.82,C30517835,77011.84,49448.02,M97991930,119095.76,146659.58,0,0
251,DEBIT,5837.24,C51638598,7012.39,1175.15,M13808225,8231.03,14068.27,0,0
251,DEBIT,514.82,C46677730,669.31,154.49,M95828117,42854.26,43369.08,0,0
251,DEBIT,1982.87,C31516757,5688.36,3705.49,M42866956,79358.94,81341.81,0,0
251,PAYMENT,420.41,C81210133,77640.06,77219.65,C25755285,0.0,0.0,0,0
251,TRANSFER,3571.27,C63100814,3921.45,350.18,M51137177,58993.18,62564.45,0,0
251,PAYMENT,227.5,C17028380,340012.38,339784.88,C88864147,0.0,0.0,0,0
251,PAYMENT,1283.94,C66808292,350592.22,349308.28,C42900372,0.0,0.0,0,0
251,TRANSFER,5208.97,C10380581,7790.87,2581.9,C52803305,62643.71,67852.68,0,0
251,CASH_OUT,11248.52,C70597444,13101.06,1852.54,M99635939,3951.37,15199.89,0,0
252,CASH_OUT,2067.34,C95822412,5331.85,3264.51,C49137230,89705.61,91772.95,0,0
252,CASH_OUT,874.26,C92545028,1911.78,1037.52,C90117857,61543.51,62417.77,0,0
252,PAYMENT,646.12,C45859307,416237.5,415591.38,M36347197,0.0,0.0,0,0
252,CASH_OUT,1464.12,C84813739,3239.12,1775.0,M25946545,25998.22,27462.34,0,0
252,PAYMENT,221.84,C65684858,350571.48,350349.64,C68315400,0.0,0.0,0,0
252,DEBIT,5072.65,C82383095,11225.61,6152.96,C79941466,68903.2,73975.85,0,0
252,PAYMENT,1225.52,C23556182,426373.9,425148.38,C86475853,0.0,0.0,0,0
252,TRANSFER,12885.7,C54098516,44208.42,31322.72,M13576520,72391.63,85277.33,0,0
252,PAYMENT,3007.1,C42117961,148239.33,145232.23,C60418290,0.0,0.0,0,0
252,PAYMENT,1786.9,C70867592,201744.83,199957.93,C79226031,0.0,0.0,0,0
252,PAYMENT,709.39,C76319264,119092.29,118382.9,C89398174,0.0,0.0,0,0
252,TRANSFER,9509.59,C84888554,15516.25,6006.66,C56676884,92796.07,102305.66,0,0
252,PAYMENT,2351.91,C67723010,20325.23,17973.32,M55147280,0.0,0.0,0,0
252,PAYMENT,1705.33,C39436733,437820.53,436115.2,C89484162,0.0,0.0,0,0
253,CASH_OUT,4176.28,C18181586,5229.62,1053.34,M28908276,72276.97,76453.25,0,0
253,CASH_OUT,5471.48,C33607110,8972.68,3501.2,C62443094,23925.41,29396.89,0,0
253,TRANSFER,19956.9,C47333543,75629.06,55672.16,C64395532,133985.6,153942.5,0,0
253,PAYMENT,1280.19,C11994519,365231.47,363951.28,C54506155,0.0,0.0,0,0
253,CASH_OUT,2431.77,C20814950,6787.51,4355.74,C22114140,65618.17,68049.94,0,0
253,PAYMENT,932.46,C59737181,196615.55,195683.09,M81449442,0.0,0.0,0,0
253,CASH_OUT,1265653.99,C30452412,1521080.29,0.0,M30537388,81251.88,0.0,1,0
253,CASH_IN,3988.21,C68646621,10239.53,6251.32,C75846624,86257.44,90245.65,0,0
253,CASH_OUT,11729.35,C20075036,29212.68,17483.33,M58657117,70738.45,82467.8,0,0
253,PAYMENT,406.1,C12866549,479116.43,478710.33,C72143331,0.0,0.0,0,0
253,CASH_OUT,8729.1,C30881581,11940.74,3211.64,C51861213,86917.42,95646.52,0,0
253,DEBIT,2731.63,C99889098,4100.73,1369.1,C68635481,9321.63,12053.26,0,0
253,PAYMENT,873.8,C31776452,75787.55,74913.75,C87507357,0.0,0.0,0,0
254,PAYMENT,526.27,C72950208,121531.64,121005.37,M60089832,0.0,0.0,0,0
254,CASH_OUT,442.66,C96750368,1245.92,803.26,C42580349,72078.44,72521.1,0,0
254,CASH_OUT,2840.19,C26989677,6427.57,3587.38,M52894344,71136.52,73976.71,0,0
254,CASH_OUT,519.64,C96629889,522.48,2.84,C95295586,48279.84,48799.48,0,0
254,PAYMENT,150.97,C89736043,251536.29,251385.32,C76596831,0.0,0.0,0,0
254,CASH_IN,8282.11,C64543049,13790.01,5507.9,M73584863,65866.56,74148.67,0,0
254,TRANSFER,3137.09,C13886030,8133.24,4996.15,C17324144,178027.69,181164.78,0,0
254,CASH_IN,2162.52,C58178682,6170.01,4007.49,C87149161,19666.1,21828.62,0,0
254,PAYMENT,1252.3,C48848936,366173.0,364920.7,C98870866,0.0,0.0,0,0
254,CASH_IN,69.19,C95225343,202.61,133.42,C85693188,59097.51,59166.7,0,0
254,PAYMENT,4191.8,C92228802,498401.48,494209.68,C90253323,0.0,0.0,0,0
254,PAYMENT,190.28,C41329612,143673.86,143483.58,M40097200,0.0,0.0,0,0
254,CASH_OUT,9946.85,C55176955,29145.98,19199.13,C94651342,6279.85,16226.7,0,0
255,TRANSFER,62677.11,C35265073,149837.73,87160.62,C18277097,176989.19,239666.3,0,0
255,CASH_OUT,434.81,C33497411,1160.77,725.96,M15028625,22289.95,22724.76,0,0
255,CASH_IN,2670.35,C32775593,7431.65,4761.3,C73360324,85216.47,87886.82,0,0
255,PAYMENT,1234.26,C89379016,334879.25,333644.99,M76489301,0.0,0.0,0,0
255,PAYMENT,145.64,C99501846,198616.66,198471.02,C61482483,0.0,0.0,0,0
255,PAYMENT,905.62,C83197857,116151.98,115246.36,C38138531,0.0,0.0,0,0
255,CASH_OUT,4296.84,C56930359,6350.56,2053.72,C55172462,225.04,4521.88,0,0
255,CASH_IN,1740.29,C45935572,2005.18,264.89,C39962391,80328.38,82068.67,0,0
255,PAYMENT,271.08,C35320492,449947.96,449676.88,C39955391,0.0,0.0,0,0
255,PAYMENT,513.6,C62405812,10139.02,9625.42,C81432350,0.0,0.0,0,0
255,CASH_OUT,11859.38,C30796389,30046.43,18187.05,C50502233,78799.38,90658.76,0,0
255,CASH_IN,1371.71,C28419343,3191.46,1819.75,C88786439,49663.56,51035.27,0,0
255,DEBIT,2039.38,C72445234,4217.8,2178.42,M17045237,55235.93,57275.31,0,0
255,PAYMENT,3070.62,C71707170,427906.47,424835.85,M76942394,0.0,0.0,0,0
256,CASH_OUT,950.01,C90092958,1574.33,624.32,C88387434,54506.33,55456.34,0,0
256,TRANSFER,4163.62,C25015458,5158.85,995.23,M14670638,129721.75,133885.37,0,0
256,CASH_OUT,216569.28,C23913528,254405.04,0.0,C22283664,65745.72,282315.0,1,0
256,TRANSFER,54527.67,C34084236,87913.87,33386.2,M51295819,33617.55,88145.22,0,0
256,PAYMENT,667.79,C63551839,466007.25,465339.46,C92684436,0.0,0.0,0,0
256,TRANSFER,8493.21,C18357162,24775.27,16282.06,C82966824,16168.93,24662.14,0,0
256,PAYMENT,1969.79,C41568532,62477.56,60507.77,C70693413,0.0,0.0,0,0
256,DEBIT,14011.45,C83025444,40733.68,26722.23,M90882505,6598.23,20609.68,0,0
256,CASH_OUT,9554.98,C54039837,14715.65,5160.67,C78555983,17897.05,27452.03,0,0
256,CASH_OUT,8790.29,C39597483,17588.72,8798.43,C37804291,83519.13,92309.42,0,0
256,PAYMENT,772.44,C71115319,256368.24,255595.8,C53805532,0.0,0.0,0,0
256,PAYMENT,954.94,C69355025,307954.27,306999.33,C29081953,0.0,0.0,0,0
256,PAYMENT,4899.99,C12799319,179417.01,174517.02,M20901547,0.0,0.0,0,0
257,PAYMENT,164.79,C73791320,89846.47,89681.68,C72146184,0.0,0.0,0,0
257,TRANSFER,805.53,C94281857,1410.34,604.81,M35805259,4627.28,5432.81,0,0
257,PAYMENT,381.52,C10704803,402578.92,402197.4,C70532325,0.0,0.0,0,0
257,TRANSFER,6914.06,C51644346,8229.8,1315.74,C21220209,30016.77,36930.83,0,0
257,CASH_OUT,6775.28,C66267415,14022.24,7246.96,C75901885,47869.04,54644.32,0,0
257,TRANSFER,4972.26,C24879094,5416.62,444.36,C45189912,170847.74,175820.0,0,0
257,PAYMENT,2240.8,C63118906,217335.97,215095.17,C11851322,0.0,0.0,0,0
257,PAYMENT,29.36,C72270726,388379.36,388350.0,C93240786,0.0,0.0,0,0
257,CASH_OUT,3292.27,C83871890,7381.76,4089.49,M40289135,48342.31,51634.58,0,0
257,PAYMENT,412.93,C71315464,349282.64,348869.71,C89715904,0.0,0.0,0,0
257,CASH_IN,9862.84,C23770458,14335.66,4472.82,C76422705,65702.57,75565.41,0,0
257,CASH_OUT,3341.07,C70210270,8491.92,5150.85,C26031369,38727.56,42068.63,0,0
257,TRANSFER,44484.51,C88831486,50084.84,5600.33,C38036618,91128.97,135613.48,0,0
257,CASH_IN,1262.07,C23756669,2159.2,897.13,C68809636,98766.24,100028.31,0,0
258,CASH_OUT,1148.51,C99170406,2103.0,954.49,C74279671,83751.91,84900.42,0,0
258,PAYMENT,1700.95,C76599269,431279.41,429578.46,C83074216,0.0,0.0,0,0
258,TRANSFER,32278.84,C58718453,89862.53,57583.69,M48735464,112721.05,144999.89,0,0
258,PAYMENT,1084.7,C64634663,69613.61,68528.91,C35093324,0.0,0.0,0,0
258,CASH_IN,11772.96,C43876400,35227.89,23454.93,C11415698,72590.37,84363.33,0,0
258,PAYMENT,695.07,C97260863,313223.38,312528.31,M42310051,0.0,0.0,0,0
258,CASH_OUT,918.17,C61019678,1500.41,582.24,C59911470,31205.82,32123.99,0,0
258,CASH_IN,12360.8,C48530827,19615.39,7254.59,C35760684,85865.69,98226.49,0,0
258,PAYMENT,203.72,C85345555,151502.15,151298.43,C39368039,0.0,0.0,0,0
258,PAYMENT,3612.67,C98010774,348561.57,344948.9,M47543473,0.0,0.0,0,0
258,PAYMENT,817.51,C50643870,499641.81,498824.3,C45106207,0.0,0.0,0,0
258,TRANSFER,11065.86,C10744212,43642.99,32577.13,C46930534,195050.78,206116.64,0,0
258,PAYMENT,395.75,C59737181,250146.95,249751.2,M92467167,0.0,0.0,0,0
259,CASH_IN,12002.17,C55610493,21768.84,9766.67,C73360324,2614.78,14616.95,0,0
259,CASH_OUT,147.96,C43446826,175.5,27.54,C42847661,13742.47,13890.43,0,0
259,PAYMENT,1493.13,C55617282,300573.88,299080.75,C92861016,0.0,0.0,0,0
259,PAYMENT,3615.05,C26240908,58460.34,54845.29,C35566010,0.0,0.0,0,0
259,CASH_OUT,423.12,C83212334,692.49,269.37,C51738753,12372.7,12795.82,0,0
259,CASH_IN,15872.73,C41163805,34355.83,18483.1,M40289135,7883.89,23756.62,0,0
259,PAYMENT,1150.09,C86125617,157121.28,155971.19,C80890196,0.0,0.0,0,0
259,PAYMENT,758.44,C67702031,377910.63,377152.19,C85594147,0.0,0.0,0,0
259,PAYMENT,1304.38,C70210270,41672.24,40367.86,C64561191,0.0,0.0,0,0
259,CASH_IN,3546.56,C21457410,10180.11,6633.55,C92232236,87030.04,90576.6,0,0
259,PAYMENT,1461.38,C23383077,453347.07,451885.69,C66867700,0.0,0.0,0,0
259,PAYMENT,2916.13,C90147573,52016.99,49100.86,C56241881,0.0,0.0,0,0
259,TRANSFER,2670.79,C57219209,5169.79,2499.0,C66487347,175714.89,178385.68,0,0
259,PAYMENT,2206.48,C32162965,167966.74,165760.26,C32599227,0.0,0.0,0,0
260,PAYMENT,2196.58,C86010330,70172.03,67975.45,M21571646,0.0,0.0,0,0
260,PAYMENT,592.22,C91415657,472458.63,471866.41,C19735027,0.0,0.0,0,0
260,TRANSFER,34517.75,C83197857,38921.34,4403.59,M70343755,162090.61,196608.36,0,0
260,CASH_IN,1208.85,C40942292,1467.28,258.43,C66143368,15880.69,17089.54,0,0
260,TRANSFER,2041.75,C62405812,3558.21,1516.46,C30232642,67478.5,69520.25,0,0
260,TRANSFER,7507.19,C24366125,23288.0,15780.81,C41802361,21670.89,29178.08,0,0
260,CASH_IN,13346.68,C52431444,25900.99,12554.31,M59167775,72874.87,86221.55,0,0
260,TRANSFER,8221.1,C81979055,28498.66,20277.56,M94426338,136807.18,145028.28,0,0
260,DEBIT,8267.76,C61700055,8355.17,87.41,C41062464,52297.51,60565.27,0,0
260,PAYMENT,588.63,C42862209,397741.18,397152.55,C42737441,0.0,0.0,0,0
260,TRANSFER,3231.96,C99663907,8541.07,5309.11,C21395409,12814.96,16046.92,0,0
260,PAYMENT,67.78,C64543049,334107.38,334039.6,C61500679,0.0,0.0,0,0
260,CASH_OUT,1572.52,C22388090,2655.26,1082.74,C89415412,40452.06,42024.58,0,0
261,PAYMENT,403.96,C58178682,455551.63,455147.67,C60090149,0.0,0.0,0,0
261,CASH_OUT,9585.49,C81287314,25998.53,16413.04,C30560218,12464.88,22050.37,0,0
261,TRANSFER,6555.7,C49209916,16343.57,9787.87,C69959826,195585.35,202141.05,0,0
261,CASH_IN,1169.25,C43742830,1616.29,447.04,C47358810,25293.62,26462.87,0,0
261,PAYMENT,527.69,C66623995,93810.25,93282.56,C32059232,0.0,0.0,0,0
261,PAYMENT,725.52,C99991136,61748.66,61023.14,C67226329,0.0,0.0,0,0
261,CASH_IN,4827.08,C27690330,6105.76,1278.68,C21641746,4020.62,8847.7,0,0
261,TRANSFER,131493.9,C64813568,131146.68,0.0,C76422705,27654.91,0.0,1,0
261,CASH_IN,298.39,C39958838,423.84,125.45,C67467610,11077.43,11375.82,0,0
261,PAYMENT,1261.68,C53645651,207851.21,206589.53,M68810561,0.0,0.0,0,0
261,CASH_OUT,251.81,C97477029,325.84,74.03,M46390817,64796.33,65048.14,0,0
261,TRANSFER,12668.89,C18135295,49810.91,37142.02,C57746984,76366.2,89035.09,0,0
261,CASH_OUT,5132.49,C73380266,11939.4,6806.91,C18500100,85775.62,90908.11,0,0
261,PAYMENT,157.28,C39219319,195827.09,195669.81,M85432781,0.0,0.0,0,0
262,TRANSFER,1753.98,C38270233,6735.8,4981.82,C78915391,49310.93,51064.91,0,0
262,CASH_IN,3273.41,C54265498,5066.57,1793.16,C19735027,4893.34,8166.75,0,0
262,PAYMENT,2190.6,C28728463,232864.09,230673.49,C97742922,0.0,0.0,0,0
262,TRANSFER,4553.36,C16323852,5367.4,814.04,C11699863,92290.78,96844.14,0,0
262,CASH_OUT,10142.75,C52587010,28020.49,17877.74,M44419327,14069.79,24212.54,0,0
262,CASH_OUT,290.52,C29806690,298.52,8.0,M65079923,78569.52,78860.04,0,0
262,CASH_OUT,7254.7,C75718414,12301.69,5046.99,M26664623,64425.0,71679.7,0,0
262,PAYMENT,399.46,C20075036,344838.59,344439.13,M15646068,0.0,0.0,0,0
262,DEBIT,151.63,C65625330,296.24,144.61,C41067722,39059.49,39211.12,0,0
262,CASH_OUT,3260.12,C66267415,9159.68,5899.56,C10697290,1714.58,4974.7,0,0
262,TRANSFER,185.46,C90070438,307.24,121.78,C14325890,189754.55,189940.01,0,0
262,CASH_OUT,2280.07,C31257157,2780.88,500.81,C83330295,72124.27,74404.34,0,0
262,TRANSFER,13672.41,C90447099,24821.39,11148.98,C41611127,132000.47,145672.88,0,0
263,CASH_OUT,15665.56,C57123808,16301.57,636.01,C33954324,56715.59,72381.15,0,0
263,TRANSFER,6224.3,C59370777,11505.25,5280.95,M43275109,162132.32,168356.62,0,0
263,CASH_IN,5187.65,C65590800,12122.99,6935.34,C92370625,55595.82,60783.47,0,0
263,PAYMENT,212.81,C32084778,399899.34,399686.53,C13031322,0.0,0.0,0,0
263,CASH_OUT,2298.51,C29944139,4583.4,2284.89,C31424479,52832.78,55131.29,0,0
263,CASH_OUT,1158527.35,C16729990,1372673.33,0.0,C39962391,34129.63,0.0,1,0
263,TRANSFER,2761.68,C47816686,8734.21,5972.53,M16792127,85544.89,88306.57,0,0
263,CASH_OUT,363.01,C53645651,507.83,144.82,C61402634,40195.37,40558.38,0,0
263,TRANSFER,9592.16,C64864099,25822.73,16230.57,C60785855,20121.9,29714.06,0,0
263,TRANSFER,16671.97,C90267122,28920.07,12248.1,C85374270,10114.88,26786.85,0,0
263,CASH_OUT,7425.48,C66581473,11007.04,3581.56,C27997624,33342.92,40768.4,0,0
263,PAYMENT,333.75,C57130035,478835.89,478502.14,C85833309,0.0,0.0,0,0
263,TRANSFER,32867.61,C47295260,88593.88,55726.27,C23364695,28262.15,61129.76,0,0
264,CASH_OUT,713947.24,C47111151,762131.79,0.0,C38859601,10261.52,724208.76,1,0
264,CASH_OUT,1856.34,C65026398,2675.85,819.51,C96557984,21453.37,23309.71,0,0
264,TRANSFER,42254.3,C68450095,46215.63,0.0,M74995086,28041.09,0.0,1,0
264,TRANSFER,2154.75,C31009452,4357.86,2203.11,C61369075,48105.19,50259.94,0,0
264,PAYMENT,4413.45,C67854710,403097.07,398683.62,M49920898,0.0,0.0,0,0
264,PAYMENT,421.55,C63747464,269371.76,268950.21,C90124068,0.0,0.0,0,0
264,PAYMENT,3967.25,C54024257,380933.55,376966.3,C41222178,0.0,0.0,0,0
264,CASH_OUT,5548.62,C39476249,11553.06,6004.44,C30699187,65729.7,71278.32,0,0
264,CASH_IN,2170.34,C53645651,2197.93,27.59,C21635070,84204.68,86375.02,0,0
264,CASH_OUT,247.86,C17539294,687.8,439.94,M28450513,10009.35,10257.21,0,0
264,PAYMENT,2678.97,C37321124,116205.96,113526.99,C34756698,0.0,0.0,0,0
264,CASH_OUT,1052159.15,C88270025,1333430.13,281270.98,C20482769,55628.69,0.0,1,0
264,TRANSFER,5774.86,C57113566,15679.4,9904.54,M72336371,133792.42,139567.28,0,0
264,TRANSFER,102.89,C22388090,175.19,72.3,M86849080,9995.63,10098.52,0,0
265,PAYMENT,360.23,C92097999,413984.18,413623.95,M46702849,0.0,0.0,0,0
265,PAYMENT,2469.12,C31687165,148909.98,146440.86,M36126192,0.0,0.0,0,0
265,PAYMENT,328.9,C16323852,225834.57,225505.67,C28198434,0.0,0.0,0,0
265,TRANSFER,1095472.17,C63339667,1272972.56,0.0,M19869264,75658.94,1171131.11,1,1
265,DEBIT,1431.07,C77719420,2667.01,1235.94,C27528063,68791.71,70222.78,0,0
265,PAYMENT,671.03,C56095437,81216.3,80545.27,C49608344,0.0,0.0,0,0
265,CASH_OUT,4050.22,C47437115,4334.78,284.56,M68376726,17509.57,21559.79,0,0
265,CASH_OUT,16093.66,C90246882,18824.02,2730.36,C13957046,15753.43,31847.09,0,0
265,CASH_OUT,4679.22,C31227574,8746.57,4067.35,M92745294,69968.75,74647.97,0,0
265,TRANSFER,590.73,C63121477,1855.58,1264.85,C59330907,176881.9,177472.63,0,0
265,CASH_IN,2468.33,C82287061,6915.84,4447.51,C98870866,59168.29,61636.62,0,0
265,PAYMENT,1658.11,C96825515,293638.99,291980.88,C39396392,0.0,0.0,0,0
265,PAYMENT,1332.03,C28213276,227621.47,226289.44,C69516344,0.0,0.0,0,0
266,CASH_OUT,3000.52,C97488142,6404.87,3404.35,C36450861,95361.81,98362.33,0,0
266,CASH_OUT,1589.2,C69118721,4115.13,2525.93,M86849080,27917.54,29506.74,0,0
266,TRANSFER,9358.29,C87844239,29948.8,20590.51,C52035079,154590.1,163948.39,0,0
266,CASH_OUT,7711.73,C58181396,13503.64,5791.91,M46702849,53544.77,61256.5,0,0
266,TRANSFER,12563.09,C79172559,16910.45,4347.36,M96155337,139209.01,151772.1,0,0
266,PAYMENT,4056.74,C70549373,116409.44,112352.7,M74245343,0.0,0.0,0,0
266,TRANSFER,15790.75,C23311507,21151.63,5360.88,C28680305,96385.01,112175.76,0,0
266,PAYMENT,354.47,C29602406,291169.84,290815.37,C88909809,0.0,0.0,0,0
266,TRANSFER,25369.67,C46677730,64790.67,39421.0,C72423883,108266.05,133635.72,0,0
266,TRANSFER,31988.94,C45059710,119126.93,87137.99,C87029205,102174.78,134163.72,0,0
266,TRANSFER,8190.71,C58970845,14124.75,5934.04,C82062301,110903.18,119093.89,0,0
266,PAYMENT,2444.21,C16990811,269708.1,267263.89,C62738860,0.0,0.0,0,0
266,PAYMENT,3458.08,C67698610,167373.78,163915.7,C99628735,0.0,0.0,0,0
266,CASH_IN,14400.8,C64547971,19536.42,5135.62,C10856024,42772.07,57172.87,0,0
267,TRANSFER,13664.72,C54743095,46577.7,32912.98,C47557512,44881.06,58545.78,0,0
267,CASH_OUT,752.14,C76118957,1692.07,939.93,M94176528,7143.52,7895.66,0,0
267,CASH_OUT,224.5,C66765623,555.75,331.25,C48744673,32184.24,32408.74,0,0
267,TRANSFER,2118.79,C52169044,7504.07,5385.28,C63380520,6962.06,9080.85,0,0
267,PAYMENT,691.31,C63051354,390463.68,389772.37,M78865239,0.0,0.0,0,0
267,TRANSFER,11811.61,C77144075,42387.82,30576.21,C27809465,144894.91,156706.52,0,0
267,PAYMENT,1060.84,C75579548,84132.12,83071.28,C92533595,0.0,0.0,0,0
267,PAYMENT,1289.89,C19339597,319245.52,317955.63,C40133935,0.0,0.0,0,0
267,CASH_OUT,4117.65,C82394227,8077.02,3959.37,M13808225,80537.33,84654.98,0,0
267,CASH_OUT,2094.42,C70467027,4806.89,2712.47,C76627415,5724.76,7819.18,0,0
267,CASH_OUT,2884.93,C96926431,3034.03,149.1,C19531069,14977.53,17862.46,0,0
267,TRANSFER,12632.97,C24508768,16997.32,4364.35,C39888974,182937.54,195570.51,0,0
267,PAYMENT,1601.95,C64776386,376759.61,375157.66,C65757342,0.0,0.0,0,0
268,CASH_OUT,1904.21,C97873101,4999.56,3095.35,M59440148,60034.83,61939.04,0,0
268,PAYMENT,153.01,C41163805,239435.61,239282.6,C88147469,0.0,0.0,0,0
268,CASH_IN,5894.3,C98930456,16624.92,10730.62,C75901885,7660.39,13554.69,0,0
268,PAYMENT,671.77,C19233013,382087.87,381416.1,C59428849,0.0,0.0,0,0
268,CASH_OUT,9076.4,C93568503,14778.44,5702.04,C58189421,46887.44,55963.84,0,0
268,PAYMENT,415.02,C26297533,234721.76,234306.74,C22549425,0.0,0.0,0,0
268,DEBIT,96.04,C39476249,105.42,9.38,C92048427,66203.71,66299.75,0,0
268,PAYMENT,4802.16,C69135982,190192.08,185389.92,C92000924,0.0,0.0,0,0
268,CASH_OUT,1566.83,C76118957,3835.28,2268.45,C89412216,27507.93,29074.76,0,0
268,PAYMENT,52.89,C73993471,190105.14,190052.25,C99686372,0.0,0.0,0,0
268,PAYMENT,3209.08,C23209423,207660.25,204451.17,M82920556,0.0,0.0,0,0
268,TRANSFER,15389.88,C81216573,61128.64,45738.76,C30560218,74543.69,89933.57,0,0
268,CASH_IN,2671.58,C86125617,4328.63,1657.05,C19768947,17023.57,19695.15,0,0
268,PAYMENT,1101.97,C71894493,365340.64,364238.67,C84098828,0.0,0.0,0,0
269,CASH_IN,8207.76,C63349308,8854.14,646.38,C19506414,46976.92,55184.68,0,0
269,PAYMENT,1779.28,C26194158,121714.15,119934.87,M28424464,0.0,0.0,0,0
269,CASH_OUT,11950.74,C94322033,22945.99,10995.25,C30858851,35507.71,47458.45,0,0
269,PAYMENT,1155.47,C30868105,312950.27,311794.8,C96322745,0.0,0.0,0,0
269,DEBIT,2688.37,C76118957,7734.96,5046.59,C53299069,92464.24,95152.61,0,0
269,TRANSFER,976.79,C25492573,1761.57,784.78,M82033413,10350.33,11327.12,0,0
269,PAYMENT,598.47,C96728778,197054.93,196456.46,C90973889,0.0,0.0,0,0
269,CASH_IN,1711.08,C77719420,2136.33,425.25,C34149421,55579.34,57290.42,0,0
269,TRANSFER,947728.15,C98575748,880752.97,0.0,C13600310,17744.51,965472.66,1,1
269,CASH_OUT,934.78,C72005415,1898.84,964.06,C59961172,37808.79,38743.57,0,0
269,TRANSFER,16197.64,C51395350,19315.65,3118.01,M45482091,54292.09,70489.73,0,0
269,DEBIT,4970.96,C19121552,5622.46,651.5,C22494970,69664.45,74635.41,0,0
269,CASH_OUT,725.0,C84801233,972.76,247.76,C22501261,57142.04,57867.04,0,0
270,CASH_IN,761.13,C24754064,1873.22,1112.09,C43226234,40764.12,41525.25,0,0
270,CASH_OUT,1588.17,C89795010,2921.6,1333.43,M59790013,71699.11,73287.28,0,0
270,CASH_IN,6414.11,C68186525,15717.5,9303.39,C11137460,52832.1,59246.21,0,0
270,CASH_OUT,1286.28,C65337219,3288.49,2002.21,M52831009,8216.83,9503.11,0,0
270,TRANSFER,11642.15,C92950779,21827.59,10185.44,M82769008,196459.47,208101.62,0,0
270,CASH_OUT,598.85,C35643159,1497.48,898.63,M81449442,75765.8,76364.65,0,0
270,CASH_IN,11096.42,C75266178,12035.6,939.18,C70693413,40327.92,51424.34,0,0
270,PAYMENT,2605.38,C63643924,338523.95,335918.57,C19182050,0.0,0.0,0,0
270,TRANSFER,7534.45,C40094589,14176.06,6641.61,C82062301,191884.47,199418.92,0,0
270,PAYMENT,1314.71,C73411827,13585.52,12270.81,C23484199,0.0,0.0,0,0
270,CASH_OUT,2696.08,C25014631,4913.29,2217.21,C67961650,27978.76,30674.84,0,0
270,CASH_OUT,6058.43,C77750178,15930.3,9871.87,C60987966,50521.63,56580.06,0,0
270,CASH_OUT,316.83,C66808292,779.9,463.07,M87030477,36837.18,37154.01,0,0
270,DEBIT,3114.78,C94127561,6235.6,3120.82,C22527880,17845.46,20960.24,0,0
271,PAYMENT,425.14,C65625330,363296.34,362871.2,C28808678,0.0,0.0,0,0
271,TRANSFER,26246.53,C11980765,81143.03,54896.5,C13976288,135061.88,161308.41,0,0
271,TRANSFER,16722.38,C40094589,48783.26,32060.88,M69741812,198632.08,215354.46,0,0
271,PAYMENT,979.56,C67276174,103910.66,102931.1,M35878707,0.0,0.0,0,0
271,CASH_IN,7407.91,C65259205,21775.28,14367.37,M92634772,82393.76,89801.67,0,0
271,PAYMENT,1054.05,C47135391,264053.84,262999.79,C65034115,0.0,0.0,0,0
271,PAYMENT,800.33,C36738452,441973.16,441172.83,C83074216,0.0,0.0,0,0
271,CASH_OUT,7425.08,C96728778,19404.78,11979.7,C83905989,80594.8,88019.88,0,0
271,PAYMENT,3840.87,C81498611,356230.16,352389.29,M19794273,0.0,0.0,0,0
271,CASH_OUT,2439.57,C47945817,6726.37,4286.8,C25285764,12377.88,14817.45,0,0
271,TRANSFER,11248.6,C18883684,19384.59,8135.99,C25819123,19192.32,30440.92,0,0
271,CASH_OUT,3381.6,C70166480,4292.65,911.05,M82905845,64402.82,67784.42,0,0
271,TRANSFER,2429.02,C54058573,8658.1,6229.08,M56630633,144948.8,147377.82,0,0
272,CASH_OUT,3951.81,C15879578,8787.84,4836.03,M16101779,50488.64,54440.45,0,0
272,PAYMENT,2189.66,C38933176,165065.65,162875.99,C49529438,0.0,0.0,0,0
272,CASH_IN,14766.35,C79340535,28401.99,13635.64,M31217198,50068.35,64834.7,0,0
272,TRANSFER,1847.48,C35848226,6636.24,4788.76,C51512209,178472.96,180320.44,0,0
272,TRANSFER,1533.64,C36687537,5308.0,3774.36,C83083942,199455.36,200989.0,0,0
272,CASH_IN,1064.13,C98753260,1291.31,227.18,C92424037,77863.3,78927.43,0,0
272,PAYMENT,792.92,C75151231,65697.69,64904.77,C15945401,0.0,0.0,0,0
272,TRANSFER,19097.23,C40885967,33098.51,14001.28,C53739710,76080.93,95178.16,0,0
272,TRANSFER,2347.07,C15350023,4205.15,1858.08,C78559218,57446.19,59793.26,0,0
272,PAYMENT,1077.31,C91390501,480263.55,479186.24,M42310051,0.0,0.0,0,0
272,PAYMENT,1428.79,C23298711,458502.71,457073.92,C75478707,0.0,0.0,0,0
272,CASH_OUT,6321.11,C41407343,11273.84,4952.73,C93135800,60974.26,67295.37,0,0
272,CASH_IN,12216.58,C26941092,33861.52,21644.94,M48735464,7625.19,19841.77,0,0
273,CASH_IN,1453.3,C96750368,3803.33,2350.03,M43635675,87084.16,88537.46,0,0
273,PAYMENT,549.9,C62163160,288364.05,287814.15,C97219985,0.0,0.0,0,0
273,DEBIT,17937.31,C14216175,28421.43,10484.12,C74321792,23134.95,41072.26,0,0
273,DEBIT,632.77,C29944139,1066.79,434.02,C30706693,2637.61,3270.38,0,0
273,CASH_IN,2802.67,C60864911,8390.82,5588.15,C11851322,19470.59,22273.26,0,0
273,PAYMENT,886.15,C94743076,80523.7,79637.55,C91915661,0.0,0.0,0,0
273,PAYMENT,1187.49,C54585178,301778.36,300590.87,C25819123,0.0,0.0,0,0
273,PAYMENT,972.07,C18181586,121590.91,120618.84,M26800072,0.0,0.0,0,0
273,CASH_OUT,10205.2,C71124923,11771.59,1566.39,C90251151,25514.73,35719.93,0,0
273,CASH_OUT,2896.24,C38119557,7128.96,4232.72,C97241147,13005.25,15901.49,0,0
273,CASH_OUT,11850.13,C42051937,12865.77,1015.64,C94651342,36683.6,48533.73,0,0
273,PAYMENT,1148.72,C91030736,396432.03,395283.31,C91716102,0.0,0.0,0,0
273,PAYMENT,82.31,C78642041,467924.98,467842.67,C11656329,0.0,0.0,0,0
273,CASH_OUT,9980.51,C18770247,24826.66,14846.15,C64395532,51933.93,61914.44,0,0
274,PAYMENT,2520.27,C82383095,373678.77,371158.5,M51411602,0.0,0.0,0,0
274,DEBIT,12336.87,C16895666,33224.1,20887.23,C33574794,93884.52,106221.39,0,0
274,PAYMENT,3524.38,C19067690,437664.89,434140.51,M37820354,0.0,0.0,0,0
274,PAYMENT,1215.58,C82340307,442698.79,441483.21,C63450811,0.0,0.0,0,0
274,PAYMENT,77.31,C85958181,200119.5,200042.19,C49620038,0.0,0.0,0,0
274,CASH_OUT,2989.25,C22097496,7549.27,4560.02,M14064904,38628.41,41617.66,0,0
274,PAYMENT,326.85,C50484137,38194.35,37867.5,C86060638,0.0,0.0,0,0
274,CASH_OUT,52.01,C73100462,151.12,99.11,C61792685,76759.46,76811.47,0,0
274,CASH_OUT,462.83,C60888017,511.01,48.18,C29948970,42979.34,43442.17,0,0
274,PAYMENT,742.22,C20043277,219247.75,218505.53,M60576565,0.0,0.0,0,0
274,TRANSFER,5361.97,C14216175,13167.98,7806.01,C84757265,152847.34,158209.31,0,0
274,PAYMENT,4992.86,C23290458,73012.71,68019.85,C83912181,0.0,0.0,0,0
274,CASH_OUT,168.56,C85146293,266.46,97.9,C47621248,96312.91,96481.47,0,0
275,TRANSFER,25054.13,C73481353,66733.98,41679.85,M44529507,158968.46,184022.59,0,0
275,PAYMENT,159.0,C31079846,98646.46,98487.46,C98322292,0.0,0.0,0,0
275,CASH_OUT,4707.2,C69038700,10987.61,6280.41,M77674279,55028.82,59736.02,0,0
275,CASH_OUT,325.33,C84429198,355.34,30.01,C34149421,23374.75,23700.08,0,0
275,PAYMENT,1471.47,C74893936,362480.95,361009.48,C75319770,0.0,0.0,0,0
275,PAYMENT,1061.98,C45551614,334178.82,333116.84,M59733063,0.0,0.0,0,0
275,TRANSFER,4100.64,C70465583,11551.69,7451.05,C12185246,10450.76,14551.4,0,0
275,CASH_IN,9290.51,C68186525,20083.18,10792.67,C21523236,6483.99,15774.5,0,0
275,CASH_OUT,456.02,C52587010,1308.74,852.72,C75609379,71465.28,71921.3,0,0
275,PAYMENT,1028.22,C49092160,292283.76,291255.54,C69959826,0.0,0.0,0,0
275,PAYMENT,5753.28,C45650176,378596.92,372843.64,C17882882,0.0,0.0,0,0
275,PAYMENT,1012.59,C63516659,312640.23,311627.64,C50300763,0.0,0.0,0,0
275,TRANSFER,12339.38,C59858348,33540.23,21200.85,C48478684,75797.73,88137.11,0,0
275,PAYMENT,854.01,C52018286,149613.01,148759.0,C90108882,0.0,0.0,0,0
276,PAYMENT,3290.56,C63349308,303120.71,299830.15,C83330295,0.0,0.0,0,0
276,PAYMENT,3685.37,C93334601,365419.56,361734.19,C25132198,0.0,0.0,0,0
276,CASH_OUT,1816.05,C73920651,3473.02,1656.97,C77249653,88915.14,90731.19,0,0
276,CASH_OUT,208.56,C47220099,361.3,152.74,M15402922,38409.88,38618.44,0,0
276,CASH_IN,3789.02,C74227366,5669.9,1880.88,C79942848,33035.38,36824.4,0,0
276,PAYMENT,685.5,C12823170,12594.14,11908.64,C44152669,0.0,0.0,0,0
276,PAYMENT,6823.22,C79583757,156177.46,149354.24,C22345163,0.0,0.0,0,0
276,PAYMENT,1605.91,C84801233,487477.17,485871.26,C94226031,0.0,0.0,0,0
276,TRANSFER,35791.46,C15917225,56232.94,20441.48,C28314232,37805.96,73597.42,0,0
276,PAYMENT,1149.21,C52018286,410044.09,408894.88,C98007006,0.0,0.0,0,0
276,TRANSFER,14662.88,C44788100,57292.71,42629.83,C33574794,81438.22,96101.1,0,0
276,PAYMENT,333.11,C48571356,468889.46,468556.35,C60785855,0.0,0.0,0,0
276,PAYMENT,2019.98,C26046365,350439.44,348419.46,C11286267,0.0,0.0,0,0
277,PAYMENT,1288.19,C92874006,79190.41,77902.22,C93029219,0.0,0.0,0,0
277,PAYMENT,2976.68,C59796322,229676.39,226699.71,M22086184,0.0,0.0,0,0
277,CASH_IN,3704.17,C26989677,10309.5,6605.33,C52885071,64193.6,67897.77,0,0
277,TRANSFER,3299.78,C45594597,8859.84,5560.06,C11619606,198943.68,202243.46,0,0
277,PAYMENT,478.99,C96098221,304152.07,303673.08,C33842070,0.0,0.0,0,0
277,CASH_OUT,3863.74,C62884503,10879.21,7015.47,C94263610,65018.96,68882.7,0,0
277,CASH_IN,2573.2,C29776801,5250.4,2677.2,C98870866,65725.92,68299.12,0,0
277,CASH_OUT,1232690.15,C68246664,1161626.44,0.0,C45189912,34468.29,0.0,1,0
277,TRANSFER,8723.46,C38984499,32335.65,23612.19,M22086184,113687.3,122410.76,0,0
277,PAYMENT,920.32,C43311626,16910.07,15989.75,C89412216,0.0,0.0,0,0
277,TRANSFER,14816.36,C30517835,32872.95,18056.59,C41778964,152857.95,167674.31,0,0
277,CASH_IN,2047.33,C54559574,2647.66,600.33,C53928023,66091.86,68139.19,0,0
277,PAYMENT,1038.65,C45575298,276205.75,275167.1,C76627415,0.0,0.0,0,0
277,TRANSFER,2313.43,C91804602,6688.26,4374.83,C97069904,184768.82,187082.25,0,0
278,CASH_OUT,21024.95,C99913412,55032.48,34007.53,M26942307,9825.28,30850.23,0,0
278,CASH_IN,1147.66,C73837847,3172.79,2025.13,C83458776,76649.1,77796.76,0,0
278,DEBIT,6145.32,C72270726,10000.83,3855.51,C34149421,33685.25,39830.57,0,0
278,TRANSFER,9434.3,C71352751,33302.36,23868.06,C52476240,155666.5,165100.8,0,0
278,CASH_OUT,3320.93,C99115205,7223.76,3902.83,C77996397,77314.49,80635.42,0,0
278,TRANSFER,8256.79,C30182766,30525.2,22268.41,C71453148,171072.75,179329.54,0,0
278,CASH_OUT,1097.91,C70468188,2749.9,1651.99,C99326148,97.82,1195.73,0,0
278,CASH_IN,5657.16,C27447248,11471.57,5814.41,C70768130,60039.24,65696.4,0,0
278,CASH_OUT,574.0,C52773159,1720.21,1146.21,C18653290,11678.39,12252.39,0,0
278,CASH_OUT,694.63,C99541016,798.9,104.27,C29585415,66831.5,67526.13,0,0
278,PAYMENT,1133.98,C72937522,168750.81,167616.83,C28504235,0.0,0.0,0,0
278,TRANSFER,10764.41,C76599269,12311.78,1547.37,C42559072,14178.26,24942.67,0,0
278,PAYMENT,855.77,C50071487,306809.68,305953.91,M87161840,0.0,0.0,0,0
279,PAYMENT,6535.8,C42747037,147931.22,141395.42,M93816177,0.0,0.0,0,0
279,CASH_OUT,5864.74,C58970845,9634.51,3769.77,M46836194,45313.69,51178.43,0,0
279,PAYMENT,159.3,C61030579,431723.45,431564.15,M65079923,0.0,0.0,0,0
279,CASH_IN,1736.18,C35583290,4763.52,3027.34,M46702849,94942.37,96678.55,0,0
279,TRANSFER,12693.2,C66254240,14608.57,1915.37,C60090149,74303.85,86997.05,0,0
279,PAYMENT,2503.14,C23044889,136520.51,134017.37,C77845324,0.0,0.0,0,0
279,TRANSFER,4012.37,C48260510,11220.62,7208.25,C42580349,78756.86,82769.23,0,0
279,PAYMENT,276.0,C58586340,471579.6,471303.6,C19506414,0.0,0.0,0,0
279,DEBIT,5842.2,C86560394,14325.32,8483.12,M62868861,76296.64,82138.84,0,0
279,PAYMENT,111.78,C80415568,66754.33,66642.55,C70665302,0.0,0.0,0,0
279,CASH_OUT,1203033.82,C74606833,1411076.27,0.0,C16292676,62538.97,0.0,1,0
279,CASH_OUT,262433.42,C75437844,301704.0,0.0,C98162850,76911.31,0.0,1,0
279,TRANSFER,5523.35,C64277800,14364.07,8840.72,C15095407,14364.46,19887.81,0,0
280,PAYMENT,1671.23,C10475894,102927.89,101256.66,M60961690,0.0,0.0,0,0
280,CASH_IN,1016.2,C33966966,2921.05,1904.85,M76845536,95419.32,96435.52,0,0
280,CASH_OUT,2809.84,C57212267,3772.2,962.36,C42595918,34474.11,37283.95,0,0
280,TRANSFER,3618.73,C14915156,9531.94,5913.21,C75540707,16751.02,20369.75,0,0
280,CASH_OUT,3370.42,C36687537,9431.2,6060.78,M38720823,16427.29,19797.71,0,0
280,TRANSFER,4461.99,C18593410,4468.21,6.22,M87933054,23411.39,27873.38,0,0
280,PAYMENT,144.74,C90023800,120510.54,120365.8,C67790557,0.0,0.0,0,0
280,CASH_OUT,1142.24,C25228493,2210.75,1068.51,C46066605,54611.28,55753.52,0,0
280,CASH_OUT,2524.57,C23770458,3485.86,961.29,C56226575,44748.94,47273.51,0,0
280,TRANSFER,7699.93,C43554863,14793.84,7093.91,C75694038,118918.45,126618.38,0,0
280,TRANSFER,1372.6,C30767532,3756.01,2383.41,C51181116,10509.34,11881.94,0,0
280,PAYMENT,1644.78,C58667035,148420.22,146775.44,C55307111,0.0,0.0,0,0
280,CASH_OUT,1735.93,C95899313,3232.86,1496.93,C32533467,28476.06,30211.99,0,0
280,TRANSFER,2679.83,C29175900,8163.15,5483.32,M76291802,166568.08,169247.91,0,0
281,PAYMENT,44.98,C51098277,268022.55,267977.57,C34929311,0.0,0.0,0,0
281,DEBIT,1233.09,C79172559,3465.09,2232.0,M59070856,74091.65,75324.74,0,0
281,PAYMENT,501.93,C35176902,257668.61,257166.68,C62707402,0.0,0.0,0,0
281,PAYMENT,1539.41,C44349528,39438.92,37899.51,M57551594,0.0,0.0,0,0
281,PAYMENT,226.16,C56095437,320253.11,320026.95,M88343175,0.0,0.0,0,0
281,CASH_OUT,2125.01,C15864298,4628.24,2503.23,C53544301,82732.28,84857.29,0,0
281,CASH_OUT,4125.72,C55377076,8411.72,4286.0,C69572772,97367.84,101493.56,0,0
281,PAYMENT,1588.29,C23419256,273970.29,272382.0,C19015987,0.0,0.0,0,0
281,PAYMENT,1163.13,C13523729,246670.31,245507.18,C82684966,0.0,0.0,0,0
281,TRANSFER,3841.62,C40354559,6536.88,2695.26,C27528063,85778.08,89619.7,0,0
281,CASH_OUT,10302.66,C87890494,21416.34,11113.68,M50049524,87664.31,97966.97,0,0
281,CASH_IN,4729.44,C48137561,6405.71,1676.27,C97380687,68153.17,72882.61,0,0
281,TRANSFER,362639.73,C39450273,426150.86,63511.13,C19122502,2291.87,364931.6,1,1
282,PAYMENT,455.78,C24314759,360153.1,359697.32,C95655118,0.0,0.0,0,0
282,TRANSFER,5592.68,C18770247,22277.9,16685.22,C96142207,91261.17,96853.85,0,0
282,CASH_IN,2346.67,C67740376,4236.49,1889.82,M83994695,93819.44,96166.11,0,0
282,TRANSFER,5905.04,C52101056,19720.81,13815.77,C42988674,30162.29,36067.33,0,0
282,CASH_OUT,5310.39,C20555833,5334.3,23.91,M19023909,54062.06,59372.45,0,0
282,CASH_OUT,2083.4,C12614124,2835.29,751.89,C49276764,62917.49,65000.89,0,0
282,CASH_OUT,245.6,C13637575,732.94,487.34,C79204468,67874.71,68120.31,0,0
282,DEBIT,3644.89,C54762841,3753.01,108.12,C19768947,33505.1,37149.99,0,0
282,TRANSFER,8349.97,C31079846,14985.91,6635.94,C22114140,114316.93,122666.9,0,0
282,CASH_OUT,114.24,C93446356,290.19,175.95,M46836194,17421.47,17535.71,0,0
282,DEBIT,3009.63,C85957578,4980.29,1970.66,M27268907,39793.04,42802.67,0,0
282,PAYMENT,233.18,C45507920,297897.24,297664.06,C12240013,0.0,0.0,0,0
282,TRANSFER,8329.84,C95225343,27636.02,19306.18,C87206788,54434.98,62764.82,0,0
282,TRANSFER,13723.07,C19943140,25612.91,11889.84,C28325379,109798.5,123521.57,0,0
283,TRANSFER,39159.5,C47295260,143971.06,104811.56,C53299069,8519.84,47679.34,0,0
283,CASH_OUT,917620.63,C34391257,1068861.39,0.0,C23811663,54228.23,971848.86,1,0
283,CASH_OUT,629.05,C57287718,1267.36,638.31,C23851475,29186.76,29815.81,0,0
283,TRANSFER,5029.01,C43528453,10124.22,5095.21,C18557710,147349.52,152378.53,0,0
283,CASH_OUT,9920.49,C64759583,22762.98,12842.49,C11415698,28356.59,38277.08,0,0
283,PAYMENT,123.01,C89699989,273754.81,273631.8,C76433728,0.0,0.0,0,0
283,DEBIT,1246.68,C89160218,3266.95,2020.27,C33851602,91291.87,92538.55,0,0
283,CASH_OUT,3964.03,C88566318,6793.85,2829.82,C86514083,17904.23,21868.26,0,0
283,CASH_OUT,718.17,C26733967,1279.06,560.89,C89701163,19598.87,20317.04,0,0
283,PAYMENT,1230.66,C44295247,329049.91,327819.25,C56548066,0.0,0.0,0,0
283,CASH_IN,2730.7,C94374605,6092.64,3361.94,C35264294,27490.0,30220.7,0,0
283,PAYMENT,1409.73,C20450542,481834.77,480425.04,M89431184,0.0,0.0,0,0
283,CASH_IN,9117.81,C66661351,20566.48,11448.67,C27870584,97335.74,106453.55,0,0
284,CASH_IN,164.14,C53389073,338.85,174.71,C62138657,38447.44,38611.58,0,0
284,PAYMENT,1420.37,C73993471,312573.34,311152.97,C32062036,0.0,0.0,0,0
284,CASH_OUT,1729.07,C44349528,4213.88,2484.81,C60622842,15391.53,17120.6,0,0
284,PAYMENT,2329.52,C21318464,161417.91,159088.39,M59115280,0.0,0.0,0,0
284,PAYMENT,701.58,C71894493,247965.77,247264.19,M46702849,0.0,0.0,0,0
284,TRANSFER,9961.28,C86181117,25863.69,15902.41,M52894344,136630.98,146592.26,0,0
284,CASH_OUT,2241.33,C24942603,5300.02,3058.69,C32579937,79240.52,81481.85,0,0
284,CASH_OUT,4451.91,C58612055,12314.17,7862.26,M21571646,66357.01,70808.92,0,0
284,TRANSFER,12375.94,C28463709,26861.52,14485.58,C70369365,145810.03,158185.97,0,0
284,PAYMENT,142.67,C44917589,229404.45,229261.78,C83458776,0.0,0.0,0,0
284,PAYMENT,391.53,C19583482,337159.6,336768.07,M25805613,0.0,0.0,0,0
284,TRANSFER,22124.23,C50264926,33799.66,11675.43,C83504237,149548.09,171672.32,0,0
284,CASH_OUT,7830.45,C28982195,10689.44,2858.99,C42122457,52358.49,60188.94,0,0
284,TRANSFER,6323.35,C40173413,8985.88,2662.53,C59095909,165467.22,171790.57,0,0
285,TRANSFER,2656.44,C59104566,4621.87,1965.43,C44152669,190376.33,193032.77,0,0
285,PAYMENT,1350.75,C15820356,370201.54,368850.79,C64914054,0.0,0.0,0,0
285,CASH_IN,962.59,C84888554,2482.59,1520.0,C30560218,83030.84,83993.43,0,0
285,PAYMENT,2278.0,C50962024,470421.4,468143.4,C38859601,0.0,0.0,0,0
285,PAYMENT,2664.8,C23383077,450955.91,448291.11,C60785855,0.0,0.0,0,0
285,CASH_OUT,14613.72,C20598952,26447.94,11834.22,C76065552,26072.84,40686.56,0,0
285,TRANSFER,13115.44,C79987997,20457.53,7342.09,C18500100,152538.14,165653.58,0,0
285,TRANSFER,12050.14,C90585678,45089.96,33039.82,C85645982,69326.78,81376.92,0,0
285,TRANSFER,2608.41,C50264926,5767.08,3158.67,C85906869,118235.72,120844.13,0,0
285,TRANSFER,9124.18,C30796389,23624.53,14500.35,C37154689,156554.83,165679.01,0,0
285,CASH_OUT,6699.96,C71705170,19985.03,13285.07,M59733063,50448.12,57148.08,0,0
285,CASH_OUT,651.73,C48571356,1128.54,476.81,C11246473,95162.84,95814.57,0,0
285,CASH_OUT,3518.79,C65250068,6237.26,2718.47,C74291599,85012.23,88531.02,0,0
286,DEBIT,12670.58,C93517915,28125.74,15455.16,M41674763,75598.79,88269.37,0,0
286,PAYMENT,2587.55,C27339011,145077.77,142490.22,C58079840,0.0,0.0,0,0
286,PAYMENT,696.33,C53251559,5785.96,5089.63,M97550053,0.0,0.0,0,0
286,TRANSFER,2023.44,C65682626,7351.66,5328.22,C69572772,178879.56,180903.0,0,0
286,CASH_OUT,91.95,C89736043,245.03,153.08,C42737441,91388.04,91479.99,0,0
286,PAYMENT,1314.1,C39394291,84077.82,82763.72,C35151299,0.0,0.0,0,0
286,CASH_OUT,12473.12,C67403166,20795.56,8322.44,C94946730,23601.8,36074.92,0,0
286,CASH_OUT,5620.34,C51644346,9714.46,4094.12,M21783073,39453.08,45073.42,0,0
286,TRANSFER,115.42,C20570592,152.65,37.23,C89717834,165692.27,165807.69,0,0
286,PAYMENT,1157.14,C14835614,109864.74,108707.6,M43275109,0.0,0.0,0,0
286,CASH_OUT,2751.69,C77898694,3931.99,1180.3,C19768947,41948.37,44700.06,0,0
286,CASH_OUT,3739.28,C24524825,4467.53,728.25,C89442904,79880.37,83619.65,0,0
286,PAYMENT,329.82,C31079846,160025.48,159695.66,C53788744,0.0,0.0,0,0
286,CASH_OUT,6503.33,C55667651,18895.17,12391.84,C89047551,14968.65,21471.98,0,0
287,DEBIT,675.31,C51455302,1759.02,1083.71,C23746101,28347.88,29023.19,0,0
287,CASH_IN,1224.86,C48848936,1438.32,213.46,C94226031,77633.37,78858.23,0,0
287,PAYMENT,8951.66,C31172421,192700.33,183748.67,C82553061,0.0,0.0,0,0
287,PAYMENT,1664.02,C98575748,498801.56,497137.54,C80638102,0.0,0.0,0,0
287,PAYMENT,1312.07,C53645651,262813.06,261500.99,C87490324,0.0,0.0,0,0
287,CASH_IN,1979.64,C68246664,4375.29,2395.65,M56239991,83491.22,85470.86,0,0
287,CASH_OUT,557455.22,C65590800,511467.93,0.0,C62294176,55780.48,613235.7,1,0
287,PAYMENT,1480.43,C67110154,445312.26,443831.83,M13576520,0.0,0.0,0,0
287,PAYMENT,365.88,C80260907,279588.48,279222.6,C39161379,0.0,0.0,0,0
287,PAYMENT,305.56,C70210270,388377.85,388072.29,C65869014,0.0,0.0,0,0
287,CASH_IN,2580.74,C50569669,7512.77,4932.03,M19954260,86403.44,88984.18,0,0
287,PAYMENT,902.42,C88862539,208925.31,208022.89,C93890601,0.0,0.0,0,0
287,PAYMENT,2056.33,C46521025,270379.62,268323.29,C34072553,0.0,0.0,0,0
288,CASH_IN,2931.57,C29806690,7989.07,5057.5,C82633735,13821.91,16753.48,0,0
288,DEBIT,4221.98,C63516659,8530.16,4308.18,C98612211,98315.39,102537.37,0,0
288,PAYMENT,1769.79,C59823245,141247.65,139477.86,C94879557,0.0,0.0,0,0
288,TRANSFER,12718.68,C72312933,28819.18,16100.5,C50332555,73378.24,86096.92,0,0
288,DEBIT,2952.97,C35770506,7604.53,4651.56,C40824989,84157.63,87110.6,0,0
288,CASH_IN,6994.87,C81287314,14018.16,7023.29,M92071195,30454.17,37449.04,0,0
288,TRANSFER,11192.54,C74672520,13978.74,2786.2,C58199211,138942.87,150135.41,0,0
288,PAYMENT,6175.46,C60882459,69790.39,63614.93,M97182566,0.0,0.0,0,0
288,CASH_OUT,274.19,C20939011,297.7,23.51,M15684813,80162.15,80436.34,0,0
288,PAYMENT,1474.52,C97302916,116327.55,114853.03,C82894477,0.0,0.0,0,0
288,PAYMENT,46.26,C59731689,117580.6,117534.34,C18277097,0.0,0.0,0,0
288,TRANSFER,4954.01,C51617680,17993.54,13039.53,M76291802,176733.73,181687.74,0,0
288,TRANSFER,3757.02,C84399083,13545.77,9788.75,M76942394,14779.27,18536.29,0,0
289,PAYMENT,1762.64,C66629388,171285.03,169522.39,C37659807,0.0,0.0,0,0
289,TRANSFER,2780.04,C95320121,8059.38,5279.34,C94946730,111553.66,114333.7,0,0
289,PAYMENT,1354.03,C50181935,51983.95,50629.92,C39236638,0.0,0.0,0,0
289,PAYMENT,249.29,C30244148,425858.82,425609.53,C25601471,0.0,0.0,0,0
289,PAYMENT,2519.5,C65692629,192767.64,190248.14,C84479105,0.0,0.0,0,0
289,CASH_OUT,7048.17,C50550084,13964.25,6916.08,C52222214,49958.45,57006.62,0,0
289,CASH_OUT,5584.01,C54743095,8064.27,2480.26,C94044392,44900.44,50484.45,0,0
289,TRANSFER,12436.0,C23044889,47858.36,35422.36,C54964418,128985.97,141421.97,0,0
289,PAYMENT,1467.17,C88406989,5169.96,3702.79,C77052833,0.0,0.0,0,0
289,CASH_OUT,3519.32,C11698142,8719.1,5199.78,C89442904,16770.89,20290.21,0,0
289,TRANSFER,3999.24,C58612055,15501.35,11502.11,C17467311,105639.7,109638.94,0,0
289,CASH_OUT,5951.3,C20113745,12418.75,6467.45,C34071191,81635.6,87586.9,0,0
289,DEBIT,2145.29,C34215035,2962.32,817.03,M84252324,6291.56,8436.85,0,0
289,CASH_OUT,4170.33,C11297845,11186.22,7015.89,C25819123,708.43,4878.76,0,0
290,DEBIT,3801.89,C30509175,4506.03,704.14,C61532114,37715.63,41517.52,0,0
290,TRANSFER,10449.5,C41227216,18122.0,7672.5,C36541600,53215.68,63665.18,0,0
290,CASH_OUT,16768.01,C21003626,32301.43,15533.42,M44419327,2422.54,19190.55,0,0
290,PAYMENT,92.37,C42035886,236887.05,236794.68,C51594998,0.0,0.0,0,0
290,CASH_IN,3823.79,C73380266,4489.83,666.04,C10145801,45602.75,49426.54,0,0
290,CASH_OUT,3342.99,C92963368,6552.79,3209.8,M85280948,32084.89,35427.88,0,0
290,PAYMENT,2202.1,C70887307,182867.32,180665.22,C95387542,0.0,0.0,0,0
290,CASH_OUT,1917.68,C13358751,3370.93,1453.25,C49599276,86273.77,88191.45,0,0
290,PAYMENT,2738.77,C60103798,164066.25,161327.48,M38799154,0.0,0.0,0,0
290,PAYMENT,3204.27,C63339667,256442.23,253237.96,M83226170,0.0,0.0,0,0
290,PAYMENT,1358.36,C84990607,335552.55,334194.19,C28268622,0.0,0.0,0,0
290,CASH_IN,5717.92,C14380847,16006.19,10288.27,C73013937,55379.98,61097.9,0,0
290,TRANSFER,14136.18,C25419645,37434.33,23298.15,M59733063,37148.85,51285.03,0,0
291,PAYMENT,497.06,C69421007,62223.02,61725.96,C33535297,0.0,0.0,0,0
291,CASH_IN,6997.3,C46540265,7883.47,886.17,M30324759,68748.28,75745.58,0,0
291,CASH_OUT,2244.77,C84045292,5514.52,3269.75,C80888325,92579.5,94824.27,0,0
291,PAYMENT,57.32,C22304198,483376.87,483319.55,C34756698,0.0,0.0,0,0
291,CASH_OUT,7228.11,C36772387,11938.27,4710.16,C29109045,17254.39,24482.5,0,0
291,TRANSFER,22150.0,C41163805,63004.07,40854.07,C75390879,148457.92,170607.92,0,0
291,PAYMENT,695.34,C70254091,477760.3,477064.96,M42507072,0.0,0.0,0,0
291,PAYMENT,899.34,C93446356,400102.68,399203.34,C43878996,0.0,0.0,0,0
291,PAYMENT,4632.97,C95831286,293418.01,288785.04,C20024377,0.0,0.0,0,0
291,PAYMENT,3842.5,C59796322,119663.49,115820.99,C96104027,0.0,0.0,0,0
291,TRANSFER,50923.27,C73013961,76369.19,25445.92,M78333267,131010.61,181933.88,0,0
291,CASH_OUT,13406.15,C83998961,28893.07,15486.92,C62559853,89452.17,102858.32,0,0
291,PAYMENT,2078.91,C88183110,278860.18,276781.27,C35297417,0.0,0.0,0,0
291,CASH_IN,802.49,C82828034,1473.17,670.68,C92493631,48910.32,49712.81,0,0
292,PAYMENT,838.96,C75679047,369083.24,368244.28,C91224373,0.0,0.0,0,0
292,CASH_IN,3958.65,C81673763,5691.48,1732.83,C49171088,80824.18,84782.83,0,0
292,TRANSFER,1925.6,C69401199,5224.41,3298.81,C67405358,52946.55,54872.15,0,0
292,PAYMENT,2502.2,C99245317,405760.2,403258.0,C79255529,0.0,0.0,0,0
292,PAYMENT,1517.07,C77144075,306383.99,304866.92,C28634797,0.0,0.0,0,0
292,CASH_IN,1220.09,C78103759,1660.45,440.36,M51411602,44682.67,45902.76,0,0
292,CASH_OUT,459.84,C78057490,863.39,403.55,C98911718,18679.47,19139.31,0,0
292,CASH_OUT,945.22,C27778019,1050.02,104.8,C77089857,24648.94,25594.16,0,0
292,CASH_OUT,1842.18,C56920514,3783.84,1941.66,C45212476,49770.09,51612.27,0,0
292,TRANSFER,11078.42,C38754377,40836.7,29758.28,M23448342,66048.48,77126.9,0,0
292,PAYMENT,2040.09,C99501846,280039.5,277999.41,C23560308,0.0,0.0,0,0
292,PAYMENT,1638.72,C12550658,123027.54,121388.82,C74291599,0.0,0.0,0,0
292,PAYMENT,1757.69,C16729990,406535.74,404778.05,M34970946,0.0,0.0,0,0
293,PAYMENT,841.01,C92924837,51081.09,50240.08,C56548066,0.0,0.0,0,0
293,PAYMENT,2079.72,C51644346,199771.58,197691.86,C91197624,0.0,0.0,0,0
293,PAYMENT,3212.02,C89036966,431763.12,428551.1,C30317091,0.0,0.0,0,0
293,DEBIT,1143.53,C29348212,1539.8,396.27,M91883092,88337.15,89480.68,0,0
293,CASH_OUT,509.03,C98429450,1126.56,617.53,C77249653,93972.69,94481.72,0,0
293,TRANSFER,15092.74,C59370777,37999.69,22906.95,C13976288,114215.34,129308.08,0,0
293,CASH_OUT,4950.16,C44392446,12276.21,7326.05,C46042404,70495.29,75445.45,0,0
293,PAYMENT,722.28,C97302916,258138.61,257416.33,C62707402,0.0,0.0,0,0
293,PAYMENT,1914.22,C25492573,319438.71,317524.49,M76291802,0.0,0.0,0,0
293,TRANSFER,14903.52,C75876924,52364.46,37460.94,C45772648,150370.76,165274.28,0,0
293,PAYMENT,598.32,C19165226,22138.02,21539.7,C30854365,0.0,0.0,0,0
293,PAYMENT,49.12,C38898923,489038.94,488989.82,C85721444,0.0,0.0,0,0
293,PAYMENT,2449.15,C52101056,195149.86,192700.71,C43266810,0.0,0.0,0,0
293,DEBIT,3701.32,C81182864,7940.56,4239.24,C79226031,79424.87,83126.19,0,0
294,TRANSFER,475.72,C13895645,970.78,495.06,M61559717,174493.22,174968.94,0,0
294,DEBIT,115.48,C18469210,316.88,201.4,M42542167,57051.61,57167.09,0,0
294,CASH_IN,3409.04,C42472386,4047.0,637.96,C29907683,77894.48,81303.52,0,0
294,PAYMENT,3879.85,C30739712,85405.08,81525.23,C79255529,0.0,0.0,0,0
294,PAYMENT,1316.35,C94819556,471030.11,469713.76,C28792245,0.0,0.0,0,0
294,TRANSFER,3071.09,C53537934,3923.09,852.0,C30027648,40569.06,43640.15,0,0
294,TRANSFER,12775.74,C36096655,32375.55,19599.81,C37732020,12281.04,25056.78,0,0
294,CASH_OUT,53.59,C22119391,115.38,61.79,M48626436,99217.84,99271.43,0,0
294,CASH_IN,948.78,C90388981,2251.97,1303.19,M42542167,49986.52,50935.3,0,0
294,PAYMENT,468.71,C53851498,59354.73,58886.02,C39648058,0.0,0.0,0,0
294,PAYMENT,206.96,C42655866,317378.76,317171.8,M84359498,0.0,0.0,0,0
294,CASH_IN,1943.26,C67594492,2392.38,449.12,M92284610,15740.46,17683.72,0,0
294,PAYMENT,179.74,C35770506,462145.78,461966.04,C27528063,0.0,0.0,0,0
295,CASH_OUT,9690.26,C73538641,24277.2,14586.94,C17207013,13963.5,23653.76,0,0
295,PAYMENT,41.7,C73440831,386145.7,386104.0,C27978165,0.0,0.0,0,0
295,PAYMENT,97.26,C53455870,59735.08,59637.82,M76845536,0.0,0.0,0,0
295,PAYMENT,857.15,C13852048,54043.76,53186.61,C96142207,0.0,0.0,0,0
295,PAYMENT,1098.34,C92590645,22841.86,21743.52,M85280948,0.0,0.0,0,0
295,PAYMENT,4243.61,C28892086,17894.84,13651.23,C81203615,0.0,0.0,0,0
295,CASH_IN,4232.85,C64547971,7136.07,2903.22,C91915661,74257.97,78490.82,0,0
295,TRANSFER,5858.65,C98575748,10229.33,4370.68,C48451741,185171.11,191029.76,0,0
295,TRANSFER,15704.89,C70887307,29538.33,13833.44,C28792245,39296.47,55001.36,0,0
295,TRANSFER,23416.29,C86483924,24358.26,941.97,C29228089,36588.7,60004.99,0,0
295,CASH_IN,2096.96,C59302863,4886.52,2789.56,C28762704,30146.52,32243.48,0,0
295,CASH_OUT,549.41,C29413516,1411.98,862.57,M24251766,17613.72,18163.13,0,0
295,PAYMENT,810.29,C81498611,13309.3,12499.01,C25601471,0.0,0.0,0,0
295,PAYMENT,3148.01,C19183277,198602.28,195454.27,C38434222,0.0,0.0,0,0
296,PAYMENT,922.27,C65692629,461120.64,460198.37,M60089832,0.0,0.0,0,0
296,CASH_OUT,5936.07,C99941500,9813.98,3877.91,M95828117,13463.43,19399.5,0,0
296,TRANSFER,24499.77,C76669607,25757.7,1257.93,C78501420,164824.4,189324.17,0,0
296,CASH_OUT,2944.7,C66851377,8802.1,5857.4,C99188862,34997.53,37942.23,0,0
296,PAYMENT,947.36,C91917334,395905.85,394958.49,C41067722,0.0,0.0,0,0
296,CASH_OUT,4816.6,C95268296,4828.51,11.91,C35319707,93070.08,97886.68,0,0
296,CASH_OUT,3456.21,C84674816,5842.65,2386.44,C43226234,77921.89,81378.1,0,0
296,PAYMENT,30.6,C56381032,412099.84,412069.24,C79941466,0.0,0.0,0,0
296,PAYMENT,1805.95,C99663907,115973.89,114167.94,M72336371,0.0,0.0,0,0
296,CASH_OUT,1803.13,C41068214,2491.05,687.92,M62780072,93516.89,95320.02,0,0
296,TRANSFER,6659.9,C30718012,14399.41,7739.51,C69920305,152751.85,159411.75,0,0
296,TRANSFER,3257.41,C43528453,5791.91,2534.5,M40289135,15914.85,19172.26,0,0
296,PAYMENT,338.52,C19339597,79772.94,79434.42,C17385816,0.0,0.0,0,0
297,PAYMENT,341.21,C45594951,465232.24,464891.03,C58307308,0.0,0.0,0,0
297,PAYMENT,1490.3,C11646234,182187.64,180697.34,M76423575,0.0,0.0,0,0
297,PAYMENT,5435.94,C85863473,116941.78,111505.84,C24301022,0.0,0.0,0,0
297,PAYMENT,646.58,C53389073,32033.86,31387.28,C85721444,0.0,0.0,0,0
297,TRANSFER,201.85,C39394291,637.14,435.29,C35111946,192834.81,193036.66,0,0
297,CASH_OUT,212.59,C17195288,222.11,9.52,C93185576,22820.12,23032.71,0,0
297,CASH_IN,11181.56,C81979055,17474.51,6292.95,C81930575,65009.43,76190.99,0,0
297,TRANSFER,9512.51,C56920514,16962.57,7450.06,M43275109,172946.98,182459.49,0,0
297,CASH_OUT,2497.36,C70362235,5704.17,3206.81,C39835008,22183.69,24681.05,0,0
297,CASH_OUT,279.01,C60237832,418.35,139.34,C38859601,12469.47,12748.48,0,0
297,PAYMENT,926.61,C25457816,454174.29,453247.68,C16917129,0.0,0.0,0,0
297,TRANSFER,26351.55,C43742830,98623.83,72272.28,C33381086,128327.9,154679.45,0,0
297,PAYMENT,2604.43,C68186525,446735.18,444130.75,C24363501,0.0,0.0,0,0
298,PAYMENT,761.52,C72535301,34311.43,33549.91,C75043108,0.0,0.0,0,0
298,PAYMENT,776.63,C93352876,339180.1,338403.47,C37619925,0.0,0.0,0,0
298,PAYMENT,1060.47,C85694715,143951.72,142891.25,C25745913,0.0,0.0,0,0
298,CASH_OUT,2962.81,C17028380,4451.81,1489.0,M24749927,84157.87,87120.68,0,0
298,TRANSFER,22767.25,C74606833,54305.3,31538.05,C76038997,1543.67,24310.92,0,0
298,CASH_OUT,3421.18,C39476249,4232.07,810.89,C39796480,78360.06,81781.24,0,0
298,PAYMENT,3253.28,C23209423,105195.29,101942.01,M99635939,0.0,0.0,0,0
298,CASH_OUT,1299.67,C33776150,2372.09,1072.42,C83083942,22985.09,24284.76,0,0
298,PAYMENT,2447.84,C20075036,139532.66,137084.82,C32579937,0.0,0.0,0,0
298,PAYMENT,7269.86,C12179995,245514.13,238244.27,M83226170,0.0,0.0,0,0
298,PAYMENT,2394.96,C48163378,23226.47,20831.51,C28270317,0.0,0.0,0,0
298,TRANSFER,8232.39,C70291817,26181.38,17948.99,C50323741,73882.53,82114.92,0,0
298,DEBIT,2712.9,C17901903,5929.03,3216.13,M79703656,86843.26,89556.16,0,0
298,TRANSFER,706.68,C19046318,835.58,128.9,C99929175,17802.56,18509.24,0,0
299,PAYMENT,431.16,C91721371,205476.24,205045.08,M31139996,0.0,0.0,0,0
299,CASH_OUT,696.36,C18593410,1688.84,992.48,C95728324,33213.93,33910.29,0,0
299,PAYMENT,803.89,C35074182,406872.58,406068.69,M13527782,0.0,0.0,0,0
299,CASH_OUT,6275.22,C81287314,18246.93,11971.71,C59805178,49203.31,55478.53,0,0
299,PAYMENT,134.4,C85283645,201507.33,201372.93,C10344739,0.0,0.0,0,0
299,CASH_IN,1560.03,C86644106,2173.29,613.26,C41426254,1742.96,3302.99,0,0
299,DEBIT,10006.84,C84903294,16990.28,6983.44,M98882576,85940.45,95947.29,0,0
299,CASH_OUT,974.63,C66500369,2345.75,1371.12,C65902739,59616.03,60590.66,0,0
299,CASH_OUT,7382.11,C79067939,15668.64,8286.53,M61940566,33376.27,40758.38,0,0
299,CASH_OUT,2106.43,C27690330,2950.54,844.11,C73319171,40257.99,42364.42,0,0
299,PAYMENT,204.97,C20298660,459889.19,459684.22,C52940967,0.0,0.0,0,0
299,TRANSFER,10661.27,C69421007,24653.38,13992.11,C23439803,79331.19,89992.46,0,0
299,TRANSFER,7840.49,C96525668,21604.01,13763.52,M71335966,105398.57,113239.06,0,0
300,TRANSFER,12393.4,C73837847,30054.12,17660.72,M25946545,7384.84,19778.24,0,0
300,CASH_IN,945.16,C21381064,1729.27,784.11,C17882882,10016.72,10961.88,0,0
300,TRANSFER,1922.0,C46670512,2065.77,143.77,C82445335,14494.44,16416.44,0,0
300,CASH_OUT,6575.79,C64634663,12962.9,6387.11,M84040798,46735.86,53311.65,0,0
300,CASH_IN,1684.69,C10704803,1810.54,125.85,C53433080,74902.27,76586.96,0,0
300,CASH_IN,376.76,C69295515,554.55,177.79,C13918120,76827.27,77204.03,0,0
300,CASH_OUT,344.15,C93652460,731.61,387.46,M53306792,69993.39,70337.54,0,0
300,DEBIT,3823.08,C22762205,9148.16,5325.08,C39598969,57416.89,61239.97,0,0
300,CASH_OUT,8956.29,C62343121,21633.54,12677.25,C63798927,31666.59,40622.88,0,0
300,PAYMENT,69.03,C19832887,129249.8,129180.77,M31139996,0.0,0.0,0,0
300,DEBIT,1941.19,C53851498,2088.32,147.13,C32442197,58964.57,60905.76,0,0
300,PAYMENT,957.97,C14391105,299770.8,298812.83,C56496201,0.0,0.0,0,0
300,CASH_OUT,207.3,C10154493,532.07,324.77,C52681823,52918.79,53126.09,0,0
300,PAYMENT,60.02,C71045700,113393.0,113332.98,C45955440,0.0,0.0,0,0
301,TRANSFER,27156.98,C61642594,62924.14,35767.16,M60961690,24935.31,52092.29,0,0
301,CASH_IN,5117.42,C40532273,11288.9,6171.48,C23234972,74990.68,80108.1,0,0
301,PAYMENT,3554.29,C55377076,454221.72,450667.43,C71204580,0.0,0.0,0,0
301,TRANSFER,2103.28,C49385195,5163.27,3059.99,M29282885,190556.73,192660.01,0,0
301,CASH_IN,7133.13,C73083727,15279.42,8146.29,C22283664,24824.18,31957.31,0,0
301,CASH_OUT,6225.27,C73837847,11664.83,5439.56,M69195194,21093.54,27318.81,0,0
301,PAYMENT,365.5,C24490391,258663.28,258297.78,C92058189,0.0,0.0,0,0
301,CASH_OUT,1290.53,C87149951,2757.77,1467.24,C71411378,11393.84,12684.37,0,0
301,TRANSFER,18379.22,C27738187,22073.2,3693.98,C46385762,164686.65,183065.87,0,0
301,CASH_OUT,3068.93,C78608612,8274.58,5205.65,M87641510,95575.44,98644.37,0,0
301,CASH_OUT,9170.02,C60864911,10105.01,934.99,M47405107,46074.18,55244.2,0,0
301,CASH_OUT,1346.61,C60192261,1631.26,284.65,C81721578,41074.19,42420.8,0,0
301,PAYMENT,577.16,C47969333,331056.46,330479.3,M73739005,0.0,0.0,0,0
302,PAYMENT,488.57,C54762841,316150.67,315662.1,M13478029,0.0,0.0,0,0
302,PAYMENT,921.36,C26901217,131226.76,130305.4,C65784972,0.0,0.0,0,0
302,CASH_IN,601.76,C30182766,1687.26,1085.5,C13785821,54574.77,55176.53,0,0
302,CASH_OUT,5862.28,C67795113,10193.06,4330.78,C87029205,70181.7,76043.98,0,0
302,PAYMENT,3847.62,C49613214,257451.71,253604.09,C70726434,0.0,0.0,0,0
302,CASH_OUT,2310.63,C83715012,5012.74,2702.11,C18653290,90083.25,92393.88,0,0
302,CASH_OUT,1537.76,C46613428,2904.7,1366.94,M53947691,2241.32,3779.08,0,0
302,CASH_OUT,252.61,C15253567,549.5,296.89,C60598851,28976.67,29229.28,0,0
302,CASH_OUT,1235014.11,C37542226,1031613.08,0.0,C92767884,39900.17,0.0,1,0
302,TRANSFER,12250.08,C53188224,16669.04,4418.96,M25946545,189413.82,201663.9,0,0
302,PAYMENT,1705.5,C51536077,261929.25,260223.75,C81134297,0.0,0.0,0,0
302,CASH_OUT,3254.8,C46677730,9652.8,6398.0,C57621071,97251.92,100506.72,0,0
302,CASH_OUT,3097.03,C82232344,6436.25,3339.22,C17531619,6171.45,9268.48,0,0
302,DEBIT,3494.47,C49349722,7269.16,3774.69,C58258264,41878.76,45373.23,0,0
303,CASH_OUT,8131.11,C75181765,21609.41,13478.3,C49645162,17983.0,26114.11,0,0
303,TRANSFER,3237.69,C56020613,6147.3,2909.61,C58270683,81242.67,84480.36,0,0
303,TRANSFER,21099.4,C16095815,80229.33,59129.93,C25755285,102668.76,123768.16,0,0
303,PAYMENT,1124.88,C35176902,408936.79,407811.91,C47342819,0.0,0.0,0,0
303,CASH_OUT,2230.74,C51663795,5221.77,2991.03,C45292504,55968.89,58199.63,0,0
303,CASH_OUT,1459.37,C83715012,3654.72,2195.35,M28761086,57859.6,59318.97,0,0
303,PAYMENT,2382.62,C98725654,424270.33,421887.71,C89398174,0.0,0.0,0,0
303,PAYMENT,484.91,C54098516,26912.64,26427.73,C85920319,0.0,0.0,0,0
303,DEBIT,2176.83,C95899313,3720.82,1543.99,C62188655,71338.2,73515.03,0,0
303,CASH_IN,19544.14,C48508907,50442.29,30898.15,C47550897,79011.66,98555.8,0,0
303,PAYMENT,72.76,C48163378,178595.8,178523.04,M87535841,0.0,0.0,0,0
303,CASH_OUT,3048.16,C39476249,6963.99,3915.83,C21368176,17702.93,20751.09,0,0
303,PAYMENT,1854.05,C16740197,447093.88,445239.83,C79204468,0.0,0.0,0,0
304,PAYMENT,3072.6,C53233116,279977.44,276904.84,C24219637,0.0,0.0,0,0
304,PAYMENT,214.27,C38408562,189938.65,189724.38,C91915661,0.0,0.0,0,0
304,PAYMENT,4848.34,C17901903,465643.06,460794.72,C51512209,0.0,0.0,0,0
304,CASH_OUT,8131.6,C48605268,18843.05,10711.45,C44241100,64117.69,72249.29,0,0
304,TRANSFER,5019.33,C84437458,18342.15,13322.82,C51361818,185319.19,190338.52,0,0
304,PAYMENT,992.76,C97364555,142953.91,141961.15,C59239353,0.0,0.0,0,0
304,CASH_OUT,5045.3,C33574011,7554.38,2509.08,C47991562,26483.14,31528.44,0,0
304,PAYMENT,4463.75,C59104566,14759.28,10295.53,C60070135,0.0,0.0,0,0
304,PAYMENT,5066.87,C49092160,157572.05,152505.18,C63108878,0.0,0.0,0,0
304,PAYMENT,994.14,C18526544,7784.39,6790.25,C40838737,0.0,0.0,0,0
304,PAYMENT,904.37,C22130508,52900.42,51996.05,C79961132,0.0,0.0,0,0
304,CASH_OUT,2909.86,C66775103,4979.19,2069.33,M54458225,76004.92,78914.78,0,0
304,TRANSFER,15933.66,C61604364,41871.41,25937.75,C85886408,25886.48,41820.14,0,0
304,CASH_OUT,9006.94,C69329732,23226.09,14219.15,C39648058,22200.26,31207.2,0,0
305,PAYMENT,1420.6,C71115319,267286.31,265865.71,C28784915,0.0,0.0,0,0
305,CASH_OUT,2358.1,C76906611,6509.93,4151.83,M33593960,13745.94,16104.04,0,0
305,TRANSFER,4618.72,C48508907,18344.57,13725.85,C97859993,150826.16,155444.88,0,0
305,PAYMENT,370.82,C93955206,288723.62,288352.8,C57242616,0.0,0.0,0,0
305,PAYMENT,1733.61,C69118721,312373.05,310639.44,M20319387,0.0,0.0,0,0
305,CASH_OUT,15089.67,C31472420,21561.68,6472.01,M76845536,82969.63,98059.3,0,0
305,CASH_OUT,317.25,C50550084,777.12,459.87,C46907428,35774.71,36091.96,0,0
305,DEBIT,9977.03,C66910299,22749.56,12772.53,C62686364,16324.51,26301.54,0,0
305,TRANSFER,10678.7,C15047559,23729.55,13050.85,C70693413,47297.13,57975.83,0,0
305,CASH_IN,3849.69,C22257687,6988.21,3138.52,C27870584,42.44,3892.13,0,0
305,CASH_IN,483.45,C46553958,525.79,42.34,C21641746,25451.25,25934.7,0,0
305,PAYMENT,881.75,C75491202,49008.99,48127.24,C10908300,0.0,0.0,0,0
305,CASH_OUT,8520.29,C60882459,8894.0,373.71,C99399687,16557.34,25077.63,0,0
306,CASH_IN,2512.08,C40137082,3910.89,1398.81,C52585056,30208.82,32720.9,0,0
306,PAYMENT,2432.97,C35487660,64035.53,61602.56,C72464258,0.0,0.0,0,0
306,CASH_OUT,1156.62,C63551839,1229.64,73.02,C20605783,19324.86,20481.48,0,0
306,TRANSFER,861648.52,C52587010,862538.06,0.0,C39314711,75560.55,0.0,1,1
306,CASH_OUT,7407.34,C73411827,18850.2,11442.86,C57201978,12677.73,20085.07,0,0
306,TRANSFER,4469.83,C48508907,14567.29,10097.46,C36450861,126466.9,130936.73,0,0
306,CASH_IN,5493.74,C80591959,16002.45,10508.71,C77996397,72948.58,78442.32,0,0
306,TRANSFER,4049.77,C75266178,10745.9,6696.13,C83356206,20282.72,24332.49,0,0
306,CASH_OUT,1436.57,C30513739,2921.9,1485.33,C22799248,99527.64,100964.21,0,0
306,PAYMENT,1142.0,C71753160,420187.85,419045.85,M15006085,0.0,0.0,0,0
306,PAYMENT,1496.95,C26587799,459720.13,458223.18,M71694994,0.0,0.0,0,0
306,PAYMENT,1606.06,C41383044,473698.1,472092.04,C61091554,0.0,0.0,0,0
306,PAYMENT,10.36,C23383077,309001.15,308990.79,C67790557,0.0,0.0,0,0
307,PAYMENT,4078.43,C15858241,402773.64,398695.21,C32396311,0.0,0.0,0,0
307,DEBIT,1380.31,C51511484,4072.62,2692.31,C43606680,39582.76,40963.07,0,0
307,CASH_OUT,4739.76,C63339667,13558.65,8818.89,C15945401,38116.24,42856.0,0,0
307,CASH_IN,2388.88,C87267850,6653.14,4264.26,C16497381,9029.59,11418.47,0,0
307,CASH_OUT,378.22,C40094589,615.41,237.19,C67653606,65990.66,66368.88,0,0
307,TRANSFER,39930.21,C41944441,126464.76,86534.55,M97813295,136225.09,176155.3,0,0
307,TRANSFER,4174.1,C58586340,10156.71,5982.61,C62928934,72901.9,77076.0,0,0
307,PAYMENT,1833.71,C90180577,191981.97,190148.26,C89526622,0.0,0.0,0,0
307,CASH_OUT,2391.54,C94970119,2728.19,336.65,M40097200,7860.63,10252.17,0,0
307,CASH_IN,162.27,C92558242,182.35,20.08,C39158087,83252.4,83414.67,0,0
307,PAYMENT,3818.78,C65133300,386103.61,382284.83,C59044830,0.0,0.0,0,0
307,PAYMENT,446.04,C72270726,105156.49,104710.45,C83905989,0.0,0.0,0,0
307,TRANSFER,20933.75,C57212267,65482.23,44548.48,C21641746,26026.84,46960.59,0,0
307,PAYMENT,4307.6,C96934122,131432.86,127125.26,C54424679,0.0,0.0,0,0
308,CASH_OUT,1049.88,C97302916,2069.33,1019.45,C92048427,4915.17,5965.05,0,0
308,CASH_OUT,2480.33,C46840133,3974.15,1493.82,C81441519,13588.67,16069.0,0,0
308,TRANSFER,18450.35,C69934576,28354.18,9903.83,C41943272,59370.16,77820.51,0,0
308,CASH_IN,727.13,C46023439,1719.53,992.4,C84098828,27397.17,28124.3,0,0
308,TRANSFER,7968.87,C63211150,22632.96,14664.09,C79491111,86836.66,94805.53,0,0
308,TRANSFER,5515.39,C74988034,12726.28,7210.89,M72734149,33204.03,38719.42,0,0
308,PAYMENT,1745.34,C70654852,465833.67,464088.33,C80310522,0.0,0.0,0,0
308,TRANSFER,2699.88,C50079111,6668.94,3969.06,C22927031,89176.12,91876.0,0,0
308,CASH_OUT,689666.39,C41348220,880356.16,190689.77,C76588957,96475.78,0.0,1,0
308,CASH_OUT,3381.47,C75056916,6256.74,2875.27,C34019729,24251.66,27633.13,0,0
308,PAYMENT,1534.55,C64280720,130528.09,128993.54,C54689713,0.0,0.0,0,0
308,PAYMENT,413.8,C46361787,191867.68,191453.88,C72014395,0.0,0.0,0,0
308,CASH_OUT,255.8,C20117988,649.95,394.15,C37207628,33650.73,33906.53,0,0
309,PAYMENT,20.22,C52587010,55982.55,55962.33,M74245343,0.0,0.0,0,0
309,PAYMENT,117.23,C50559278,302617.93,302500.7,C52802529,0.0,0.0,0,0
309,CASH_IN,1754.08,C99853245,5000.36,3246.28,M63283709,915.61,2669.69,0,0
309,PAYMENT,423.62,C42287985,213896.83,213473.21,C59535894,0.0,0.0,0,0
309,CASH_IN,3721.52,C89865081,4602.88,881.36,M57551594,15215.58,18937.1,0,0
309,TRANSFER,24899.86,C11049999,58658.57,33758.71,C10241310,192902.46,217802.32,0,0
309,TRANSFER,4995.77,C87342561,9651.07,4655.3,C67418250,27732.98,32728.75,0,0
309,PAYMENT,721.73,C82238741,35531.47,34809.74,C61500679,0.0,0.0,0,0
309,PAYMENT,1706.57,C87490893,41374.41,39667.84,M24251766,0.0,0.0,0,0
309,PAYMENT,1301.28,C24305904,491779.98,490478.7,C40358823,0.0,0.0,0,0
309,PAYMENT,328.47,C83793389,455538.02,455209.55,C74279671,0.0,0.0,0,0
309,TRANSFER,33265.78,C99068509,58334.98,25069.2,C66519399,159579.51,192845.29,0,0
309,TRANSFER,13190.38,C62163160,13432.53,242.15,C84264220,180983.01,194173.39,0,0
309,PAYMENT,213.79,C61401477,55957.23,55743.44,M26942307,0.0,0.0,0,0
310,PAYMENT,556.66,C24314759,491025.3,490468.64,C28270317,0.0,0.0,0,0
310,PAYMENT,296.76,C69355025,248278.04,247981.28,C11082139,0.0,0.0,0,0
310,CASH_OUT,129.82,C41510328,150.37,20.55,M27976443,57783.96,57913.78,0,0
310,CASH_OUT,2435.84,C81673763,6970.04,4534.2,C54524582,89726.54,92162.38,0,0
310,TRANSFER,10029.2,C92518345,14088.32,4059.12,C11649277,143937.39,153966.59,0,0
310,PAYMENT,534.57,C63118906,426665.41,426130.84,C31436829,0.0,0.0,0,0
310,CASH_OUT,10300.46,C82148284,13334.46,3034.0,C60037465,11090.77,21391.23,0,0
310,PAYMENT,164.08,C52169044,103537.69,103373.61,M63440127,0.0,0.0,0,0
310,DEBIT,2203.11,C49682169,5443.51,3240.4,M63283709,88449.79,90652.9,0,0
310,CASH_OUT,2277.87,C15403355,5450.64,3172.77,M33593960,72949.62,75227.49,0,0
310,PAYMENT,1344.95,C75266178,267080.39,265735.44,C59044830,0.0,0.0,0,0
310,TRANSFER,2822.71,C96924061,9758.12,6935.41,C23234748,34591.92,37414.63,0,0
310,TRANSFER,19231.49,C32775593,37103.1,17871.61,C80638102,25557.77,44789.26,0,0
311,CASH_OUT,559.71,C14818295,1123.3,563.59,C37154689,87865.0,88424.71,0,0
311,TRANSFER,14657.71,C56600900,56433.22,41775.51,C59350218,10382.67,25040.38,0,0
311,CASH_OUT,5009.35,C27013243,8070.09,3060.74,C53431355,36742.72,41752.07,0,0
311,PAYMENT,1867.71,C58140388,170592.52,168724.81,C70471823,0.0,0.0,0,0
311,CASH_OUT,173.65,C39219319,479.29,305.64,C78915391,11140.37,11314.02,0,0
311,TRANSFER,4958.69,C56278607,15564.22,10605.53,M75632882,90042.43,95001.12,0,0
311,CASH_OUT,1267.6,C48848936,3134.72,1867.12,C60598851,97715.05,98982.65,0,0
311,CASH_OUT,12271.09,C39735904,32287.67,20016.58,C80658723,8486.68,20757.77,0,0
311,CASH_OUT,12770.59,C80138498,32288.07,19517.48,C49608344,24289.62,37060.21,0,0
311,CASH_IN,103.64,C70407340,236.61,132.97,C14325890,74226.15,74329.79,0,0
311,CASH_OUT,1304724.51,C65250068,1405898.62,0.0,M93179531,16971.6,0.0,1,0
311,TRANSFER,23680.89,C13471527,70217.73,46536.84,C17734153,13094.86,36775.75,0,0
311,PAYMENT,5957.3,C84888554,304156.78,298199.48,M32099899,0.0,0.0,0,0
311,CASH_OUT,7938.18,C47535126,8600.26,662.08,C27092408,32895.13,40833.31,0,0
312,PAYMENT,314.02,C14994527,18533.67,18219.65,M74398125,0.0,0.0,0,0
312,CASH_OUT,161.16,C53851498,265.91,104.75,C20344164,54531.87,54693.03,0,0
312,CASH_OUT,120.24,C53154591,335.18,214.94,M77119320,33102.41,33222.65,0,0
312,CASH_OUT,2321.39,C81969657,2487.43,166.04,C94597104,92083.25,94404.64,0,0
312,CASH_OUT,6004.15,C67740376,7251.06,1246.91,C25845304,6912.36,12916.51,0,0
312,PAYMENT,181.37,C55199748,221389.71,221208.34,C44537812,0.0,0.0,0,0
312,PAYMENT,1343.51,C27584297,258065.92,256722.41,C22205980,0.0,0.0,0,0
312,TRANSFER,16366.9,C81016525,64922.51,48555.61,C87949714,56491.97,72858.87,0,0
312,TRANSFER,6687.44,C60888017,13899.13,7211.69,C90143600,53115.63,59803.07,0,0
312,TRANSFER,421.63,C45551614,1458.14,1036.51,C36229153,175922.63,176344.26,0,0
312,PAYMENT,5605.81,C67213476,238605.5,232999.69,M30537388,0.0,0.0,0,0
312,DEBIT,2047.75,C59093496,3892.1,1844.35,M83867070,78427.82,80475.57,0,0
312,CASH_OUT,9446.29,C17901903,21743.68,12297.39,M19023909,91034.83,100481.12,0,0
313,TRANSFER,317.45,C30767532,930.43,612.98,C46066605,25543.24,25860.69,0,0
313,PAYMENT,1081.23,C61401477,480251.8,479170.57,C62231715,0.0,0.0,0,0
313,CASH_IN,5957.95,C22510327,9001.95,3044.0,C79043610,53886.67,59844.62,0,0
313,PAYMENT,324.9,C44675473,311805.26,311480.36,C58852098,0.0,0.0,0,0
313,CASH_OUT,9258.1,C99501846,19028.98,9770.88,C35760684,77641.12,86899.22,0,0
313,CASH_OUT,5220.07,C59370777,11472.15,6252.08,C27286109,30607.51,35827.58,0,0
313,PAYMENT,2655.02,C50079111,290230.04,287575.02,C69691437,0.0,0.0,0,0
313,CASH_OUT,1549.01,C97529405,2398.61,849.6,C29109045,44941.41,46490.42,0,0
313,CASH_OUT,1259.43,C38688676,1351.19,91.76,C45002007,8954.17,10213.6,0,0
313,PAYMENT,346.85,C84660688,271142.62,270795.77,C90124068,0.0,0.0,0,0
313,PAYMENT,628.16,C16416148,355815.36,355187.2,C76743428,0.0,0.0,0,0
313,TRANSFER,8624.47,C56843172,13895.79,5271.32,C39410942,111792.67,120417.14,0,0
313,TRANSFER,3887.62,C47393469,9969.38,6081.76,C82060023,48415.17,52302.79,0,0
314,PAYMENT,1403.69,C20555833,77172.04,75768.35,M85383550,0.0,0.0,0,0
314,TRANSFER,4357.36,C38754377,10893.0,6535.64,C45274462,78987.54,83344.9,0,0
314,DEBIT,6916.76,C17539294,19971.47,13054.71,M75746104,56658.12,63574.88,0,0
314,DEBIT,3465.81,C82160068,9475.07,6009.26,C50323741,92415.38,95881.19,0,0
314,PAYMENT,1797.18,C19010480,279408.83,277611.65,C33414716,0.0,0.0,0,0
314,PAYMENT,883.03,C30743797,74561.43,73678.4,M74484744,0.0,0.0,0,0
314,PAYMENT,2627.1,C53524491,60252.54,57625.44,C19251149,0.0,0.0,0,0
314,PAYMENT,3511.08,C24366125,89513.12,86002.04,M48851599,0.0,0.0,0,0
314,DEBIT,3173.54,C42868828,3573.6,400.06,M96592295,52202.16,55375.7,0,0
314,CASH_OUT,4880.62,C96924061,5322.9,442.28,C97227356,2980.05,7860.67,0,0
314,CASH_OUT,2876.45,C47969333,7869.02,4992.57,C49203644,91955.04,94831.49,0,0
314,CASH_OUT,3153.73,C66500369,3921.36,767.63,C51374957,54774.1,57927.83,0,0
314,CASH_IN,3381.28,C57236885,4661.78,1280.5,C87619624,38371.59,41752.87,0,0
314,TRANSFER,18549.42,C32162965,58866.91,40317.49,C27709269,179650.47,198199.89,0,0
315,CASH_OUT,4092.67,C52587010,6089.64,1996.97,C41749355,94340.53,98433.2,0,0
315,PAYMENT,955.99,C61185849,378048.34,377092.35,C50890504,0.0,0.0,0,0
315,CASH_IN,7041.56,C33068427,10933.62,3892.06,C23721268,78303.84,85345.4,0,0
315,CASH_OUT,216.88,C17352710,276.85,59.97,C30858851,31486.18,31703.06,0,0
315,TRANSFER,12582.57,C81922443,24525.65,11943.08,C38859601,135579.96,148162.53,0,0
315,CASH_OUT,1106669.49,C97225156,1435674.11,0.0,M26460116,75159.68,1181829.17,1,0
315,PAYMENT,2880.27,C23756669,409050.13,406169.86,C50693207,0.0,0.0,0,0
315,TRANSFER,2737.5,C42747037,8832.77,6095.27,C55735904,76458.69,79196.19,0,0
315,PAYMENT,506.78,C21318464,167040.91,166534.13,M50644430,0.0,0.0,0,0
315,TRANSFER,663454.99,C63211150,828286.0,0.0,C16166355,26867.25,0.0,1,1
315,PAYMENT,268.92,C61830338,197707.71,197438.79,C21674661,0.0,0.0,0,0
315,CASH_OUT,761.3,C68450095,1840.76,1079.46,C18087373,70407.97,71169.27,0,0
315,PAYMENT,915.98,C17003454,113948.14,113032.16,C37040091,0.0,0.0,0,0
316,TRANSFER,17407.29,C39372360,45693.47,28286.18,M49680122,21013.75,38421.04,0,0
316,TRANSFER,18820.04,C44489940,52215.14,33395.1,C53929586,154712.76,173532.8,0,0
316,CASH_OUT,650.11,C77172238,669.67,19.56,M50259503,77300.56,77950.67,0,0
316,PAYMENT,871.8,C56328316,216088.46,215216.66,M74398125,0.0,0.0,0,0
316,TRANSFER,16429.59,C29348212,23370.77,6941.18,M56488123,107324.87,123754.46,0,0
316,CASH_OUT,2506.2,C60310319,3304.7,798.5,C21523236,60693.32,63199.52,0,0
316,PAYMENT,395.9,C64362516,264921.33,264525.43,M19023909,0.0,0.0,0,0
316,CASH_OUT,2803.37,C61167978,5719.09,2915.72,C97742922,63527.91,66331.28,0,0
316,TRANSFER,2345.75,C98447167,7146.06,4800.31,C21501669,128526.9,130872.65,0,0
316,CASH_OUT,9620.95,C67617561,10210.42,589.47,C75319770,80285.08,89906.03,0,0
316,PAYMENT,1024.48,C63782042,182784.63,181760.15,M37828932,0.0,0.0,0,0
316,CASH_IN,2076.64,C94676162,4441.31,2364.67,M32633927,89679.22,91755.86,0,0
316,CASH_OUT,522.63,C81971316,654.86,132.23,C71272827,94326.8,94849.43,0,0
316,CASH_OUT,519.53,C16789850,1313.37,793.84,C42642810,35850.67,36370.2,0,0
317,CASH_IN,6337.97,C90893133,14337.25,7999.28,C86884584,57731.22,64069.19,0,0
317,CASH_OUT,6138.74,C73837847,6319.13,180.39,C64276605,97777.79,103916.53,0,0
317,CASH_OUT,1416821.95,C20779739,1769130.56,0.0,C28268622,13920.02,0.0,1,0
317,TRANSFER,23554.73,C96924061,45768.34,22213.61,C59805178,191510.05,215064.78,0,0
317,CASH_IN,3506.11,C40173413,6710.12,3204.01,C78778646,70606.63,74112.74,0,0
317,CASH_IN,4427.34,C27690330,5649.02,1221.68,C89715904,29679.79,34107.13,0,0
317,TRANSFER,7372.25,C94322033,9508.11,2135.86,M71694994,134921.88,142294.13,0,0
317,PAYMENT,15.59,C77719420,276610.06,276594.47,C49957816,0.0,0.0,0,0
317,PAYMENT,1079.18,C10744212,305058.73,303979.55,M74819756,0.0,0.0,0,0
317,TRANSFER,7241.04,C49625201,16706.73,9465.69,C96142207,36228.2,43469.24,0,0
317,CASH_IN,2206.01,C45594951,6366.66,4160.65,C33156250,33426.74,35632.75,0,0
317,TRANSFER,1819.73,C61632653,6248.02,4428.29,M50644430,176446.65,178266.38,0,0
317,PAYMENT,2250.21,C92590645,133638.24,131388.03,C20064609,0.0,0.0,0,0
318,CASH_OUT,7200.29,C40354559,9099.59,1899.3,C35254849,82330.75,89531.04,0,0
318,PAYMENT,1282.35,C73560289,148236.94,146954.59,C81729237,0.0,0.0,0,0
318,PAYMENT,398.28,C64807553,417834.15,417435.87,C60502752,0.0,0.0,0,0
318,PAYMENT,219.48,C46632757,390192.14,389972.66,C64395532,0.0,0.0,0,0
318,PAYMENT,196.44,C35529407,422771.08,422574.64,M69849800,0.0,0.0,0,0
318,CASH_IN,1895.42,C71070189,5097.03,3201.61,M11097552,36716.89,38612.31,0,0
318,PAYMENT,343.0,C91202508,355732.7,355389.7,M20746667,0.0,0.0,0,0
318,CASH_OUT,380.93,C55176955,429.21,48.28,C41222178,39929.84,40310.77,0,0
318,DEBIT,16335.44,C90092958,45689.46,29354.02,C67610401,41000.87,57336.31,0,0
318,PAYMENT,907.02,C96274567,230760.36,229853.34,M51512297,0.0,0.0,0,0
318,PAYMENT,1545.44,C64543049,69734.19,68188.75,C30208677,0.0,0.0,0,0
318,TRANSFER,3877.49,C61883769,5943.71,2066.22,C31154777,33428.05,37305.54,0,0
318,PAYMENT,1602.07,C48571356,165392.98,163790.91,C66135102,0.0,0.0,0,0
318,TRANSFER,2476.43,C66765623,2514.0,37.57,C36541600,18702.92,21179.35,0,0
319,CASH_OUT,4212.88,C83989546,11095.27,6882.39,C32277675,18276.82,22489.7,0,0
319,DEBIT,674.85,C24490391,1642.69,967.84,C72464258,24037.05,24711.9,0,0
319,CASH_OUT,5646.88,C75181648,16281.06,10634.18,C46875077,54224.49,59871.37,0,0
319,PAYMENT,1790.28,C57354167,386669.64,384879.36,C58335011,0.0,0.0,0,0
319,TRANSFER,34901.75,C14265799,117231.61,82329.86,C58307308,188651.26,223553.01,0,0
319,PAYMENT,1554.33,C82503409,377022.94,375468.61,C97857309,0.0,0.0,0,0
319,TRANSFER,37807.05,C39436733,79977.2,42170.15,M50546385,1204.11,39011.16,0,0
319,PAYMENT,4922.61,C68812137,232983.28,228060.67,C27919925,0.0,0.0,0,0
319,CASH_IN,1626.18,C72270726,4816.92,3190.74,M48951595,65693.73,67319.91,0,0
319,CASH_OUT,27185.53,C62343121,67829.61,40644.08,M55946354,4361.96,31547.49,0,0
319,PAYMENT,871.12,C81503856,473608.13,472737.01,M66087572,0.0,0.0,0,0
319,TRANSFER,4293.52,C66828640,14866.08,10572.56,C71095611,28096.69,32390.21,0,0
319,PAYMENT,382.94,C84752529,232262.98,231880.04,M92124765,0.0,0.0,0,0
320,PAYMENT,889.4,C96300902,297636.92,296747.52,C71605634,0.0,0.0,0,0
320,PAYMENT,3108.36,C89680504,4292.54,1184.18,M26942307,0.0,0.0,0,0
320,CASH_OUT,495.25,C95199362,1317.34,822.09,C50526484,65364.58,65859.83,0,0
320,CASH_OUT,5351.62,C32218290,8693.8,3342.18,C74992426,71137.65,76489.27,0,0
320,CASH_IN,65.13,C77853916,94.7,29.57,C12921981,64585.97,64651.1,0,0
320,PAYMENT,3952.3,C81216573,261907.68,257955.38,C71113711,0.0,0.0,0,0
320,CASH_IN,6425.31,C23492385,13561.68,7136.37,C35093324,21333.85,27759.16,0,0
320,CASH_OUT,529.71,C60557040,1160.25,630.54,C92924441,27902.85,28432.56,0,0
320,TRANSFER,3261.07,C15350023,11443.09,8182.02,C47241089,18530.06,21791.13,0,0
320,PAYMENT,2503.49,C88458327,361033.28,358529.79,C76591799,0.0,0.0,0,0
320,PAYMENT,958.51,C90092958,488747.3,487788.79,M84870921,0.0,0.0,0,0
320,CASH_IN,1077.94,C14835614,1748.11,670.17,C30144023,53841.98,54919.92,0,0
320,CASH_IN,25875.92,C31810617,65751.35,39875.43,C76960098,77344.61,103220.53,0,0
320,CASH_OUT,982.51,C59684848,1284.59,302.08,C11534878,77468.32,78450.83,0,0
321,PAYMENT,838.76,C38984499,202834.28,201995.52,C62138657,0.0,0.0,0,0
321,PAYMENT,504.08,C50484137,36222.93,35718.85,M60576565,0.0,0.0,0,0
321,CASH_IN,882.43,C96057593,1258.94,376.51,C16078694,88164.87,89047.3,0,0
321,CASH_OUT,52.05,C89036966,78.7,26.65,C39158087,76394.09,76446.14,0,0
321,CASH_OUT,12431.3,C92545028,35265.02,22833.72,M44529507,42067.69,54498.99,0,0
321,PAYMENT,317.82,C76238574,431298.01,430980.19,C16511491,0.0,0.0,0,0
321,CASH_OUT,658168.72,C69096899,590297.09,0.0,C64395532,98972.64,757141.36,1,0
321,CASH_OUT,5874.25,C28575536,11788.21,5913.96,C19263592,54716.25,60590.5,0,0
321,PAYMENT,445.93,C69020451,160323.91,159877.98,M65079923,0.0,0.0,0,0
321,CASH_IN,12889.24,C57130035,36634.76,23745.52,C73013937,79779.36,92668.6,0,0
321,TRANSFER,22564.75,C96926431,50041.32,27476.57,C23973438,28442.05,51006.8,0,0
321,TRANSFER,6727.88,C45935572,15720.02,8992.14,C39161379,89422.37,96150.25,0,0
321,PAYMENT,843.75,C87265240,26960.23,26116.48,C97977738,0.0,0.0,0,0
322,TRANSFER,373.14,C90585882,767.67,394.53,C98329927,73480.19,73853.33,0,0
322,TRANSFER,18343.74,C64277800,28401.92,10058.18,M59440148,165105.74,183449.48,0,0
322,CASH_OUT,5091.44,C46840133,8485.46,3394.02,M75927774,76565.98,81657.42,0,0
322,CASH_IN,140.98,C17901903,280.09,139.11,M95590648,69983.72,70124.7,0,0
322,CASH_OUT,7790.51,C87054398,17140.5,9349.99,M13478029,88948.32,96738.83,0,0
322,TRANSFER,4796.89,C70597444,6237.64,1440.75,C88653825,156002.93,160799.82,0,0
322,PAYMENT,3288.04,C95318289,49187.85,45899.81,C45000508,0.0,0.0,0,0
322,TRANSFER,25356.15,C18163847,86624.82,61268.67,M91214453,141127.76,166483.91,0,0
322,CASH_OUT,5657.24,C93955206,13427.32,7770.08,C39236638,17714.76,23372.0,0,0
322,CASH_OUT,5431.65,C25659979,12177.57,6745.92,M81062902,91937.73,97369.38,0,0
322,TRANSFER,8749.51,C62343121,15785.41,7035.9,C51701149,188158.86,196908.37,0,0
322,CASH_OUT,2389.23,C39735904,6656.25,4267.02,M65079923,66686.14,69075.37,0,0
322,TRANSFER,1307.0,C50181935,4384.72,3077.72,C17531619,180119.46,181426.46,0,0
323,CASH_IN,527.25,C20200074,1541.66,1014.41,C33336132,1057.57,1584.82,0,0
323,CASH_OUT,2715.31,C80651318,6514.77,3799.46,C65208920,5077.39,7792.7,0,0
323,TRANSFER,13756.42,C68496914,49364.51,35608.09,M43322272,186169.78,199926.2,0,0
323,PAYMENT,1361.02,C40137082,174818.21,173457.19,C39835008,0.0,0.0,0,0
323,CASH_OUT,8857.49,C78444607,19277.45,10419.96,C17966873,44015.45,52872.94,0,0
323,PAYMENT,3425.65,C91156554,171212.58,167786.93,C32396311,0.0,0.0,0,0
323,CASH_OUT,1256261.46,C80138498,1067755.07,0.0,C32083803,19126.28,0.0,1,0
323,DEBIT,3370.67,C85957706,3704.48,333.81,C96574622,35386.56,38757.23,0,0
323,TRANSFER,30265.35,C29042093,88730.13,58464.78,C37619925,182777.6,213042.95,0,0
323,DEBIT,3022.49,C10380581,8035.19,5012.7,C61920550,4814.45,7836.94,0,0
323,PAYMENT,759.26,C42255732,478781.53,478022.27,C17467311,0.0,0.0,0,0
323,TRANSFER,4157.05,C82017516,13795.52,9638.47,M23494908,3428.76,7585.81,0,0
323,PAYMENT,2970.6,C19863756,290331.15,287360.55,C69862640,0.0,0.0,0,0
323,PAYMENT,1708.0,C28728463,175408.48,173700.48,C20482769,0.0,0.0,0,0
324,PAYMENT,643.55,C78092370,439386.86,438743.31,M44935501,0.0,0.0,0,0
324,PAYMENT,482.01,C18770247,254228.18,253746.17,M36975128,0.0,0.0,0,0
324,CASH_OUT,10864.78,C70896652,12264.37,1399.59,C52885071,54276.11,65140.89,0,0
324,PAYMENT,944.17,C41383044,455108.93,454164.76,C66779304,0.0,0.0,0,0
324,TRANSFER,24917.3,C49385195,50094.54,25177.24,M48553376,123459.35,148376.65,0,0
324,CASH_OUT,3648.25,C17003454,6268.96,2620.71,M69195194,75996.52,79644.77,0,0
324,CASH_OUT,9448.2,C58884978,20164.01,10715.81,C12621269,14650.79,24098.99,0,0
324,PAYMENT,783.48,C15512205,37189.52,36406.04,C45000508,0.0,0.0,0,0
324,CASH_IN,6791.39,C28566572,19881.85,13090.46,C94651342,56939.45,63730.84,0,0
324,TRANSFER,9151.2,C95618110,20071.79,10920.59,M29163535,86266.16,95417.36,0,0
324,PAYMENT,1112.58,C10704803,412475.41,411362.83,C82968364,0.0,0.0,0,0
324,CASH_OUT,2759.54,C39436733,6717.43,3957.89,M26800072,47750.06,50509.6,0,0
324,CASH_OUT,9924.77,C39476249,14721.13,4796.36,C91716102,47898.2,57822.97,0,0
325,PAYMENT,910.98,C79182797,340748.6,339837.62,C37154689,0.0,0.0,0,0
325,TRANSFER,14056.46,C88714010,41981.54,27925.08,C16796477,114484.92,128541.38,0,0
325,PAYMENT,1543.52,C89920257,291364.48,289820.96,C20770971,0.0,0.0,0,0
325,DEBIT,2757.55,C57912262,7510.95,4753.4,C42122457,2051.12,4808.67,0,0
325,CASH_IN,24977.57,C42255732,47880.82,22903.25,C90268079,75876.28,100853.85,0,0
325,PAYMENT,408.01,C22684373,168418.79,168010.78,M75746104,0.0,0.0,0,0
325,CASH_IN,15939.59,C41227216,21061.94,5122.35,M31198492,34793.88,50733.47,0,0
325,PAYMENT,32.67,C97226012,247628.67,247596.0,M46836194,0.0,0.0,0,0
325,PAYMENT,8296.99,C72372114,129041.73,120744.74,C10466177,0.0,0.0,0,0
325,PAYMENT,1057.38,C29776801,93455.16,92397.78,C36332415,0.0,0.0,0,0
325,CASH_OUT,153.06,C10965138,209.32,56.26,C77215278,6114.83,6267.89,0,0
325,CASH_OUT,1671.91,C46553958,4020.8,2348.89,C22780905,14945.16,16617.07,0,0
325,DEBIT,1716.61,C24208709,2773.06,1056.45,M48553376,85601.15,87317.76,0,0
325,CASH_OUT,5657.66,C82070937,6019.17,361.51,M19023909,3983.38,9641.04,0,0
326,PAYMENT,63.13,C26733967,212033.91,211970.78,C76588957,0.0,0.0,0,0
326,TRANSFER,4196.25,C80610004,4266.98,70.73,M41774192,153096.78,157293.03,0,0
326,CASH_OUT,8106.3,C99078806,16381.81,8275.51,C79631857,24297.57,32403.87,0,0
326,TRANSFER,11292.46,C31130263,14286.75,2994.29,C69516344,79123.83,90416.29,0,0
326,CASH_OUT,8826.89,C73174945,25201.1,16374.21,C58335011,28158.99,36985.88,0,0
326,TRANSFER,3966.4,C73920651,14955.66,10989.26,C87507357,91851.17,95817.57,0,0
326,PAYMENT,1162.43,C46521025,498019.2,496856.77,C23677772,0.0,0.0,0,0
326,TRANSFER,7060.41,C75491202,16616.27,9555.86,C46504617,171584.76,178645.17,0,0
326,PAYMENT,1911.99,C22543044,45687.97,43775.98,M83319550,0.0,0.0,0,0
326,PAYMENT,339.01,C63124147,297611.15,297272.14,C90531692,0.0,0.0,0,0
326,TRANSFER,3201.8,C48163378,3647.74,445.94,C80980044,190697.0,193898.8,0,0
326,CASH_OUT,2371.8,C15957459,6557.1,4185.3,C81057233,79733.95,82105.75,0,0
326,TRANSFER,9344.73,C36040410,19718.61,10373.88,C67418250,104611.49,113956.22,0,0
327,PAYMENT,263.96,C95758349,232047.99,231784.03,C45835371,0.0,0.0,0,0
327,DEBIT,2893.37,C19584466,3036.09,142.72,C16796477,59583.77,62477.14,0,0
327,TRANSFER,535.14,C13356886,680.97,145.83,C80573568,69506.2,70041.34,0,0
327,TRANSFER,9793.8,C85863473,25975.04,16181.24,M81826922,37005.58,46799.38,0,0
327,CASH_OUT,6188.45,C17195288,7413.45,1225.0,C99188862,79526.17,85714.62,0,0
327,PAYMENT,445.98,C38553319,87116.56,86670.58,C45882178,0.0,0.0,0,0
327,CASH_OUT,14753.44,C51746937,37936.3,23182.86,C96255361,52225.4,66978.84,0,0
327,PAYMENT,1042.69,C28468304,361949.12,360906.43,C57501571,0.0,0.0,0,0
327,PAYMENT,102.93,C14180968,283640.61,283537.68,C19768947,0.0,0.0,0,0
327,PAYMENT,242.68,C21432787,386855.67,386612.99,M45899440,0.0,0.0,0,0
327,CASH_OUT,3864.9,C16927215,6735.97,2871.07,C84182331,55023.81,58888.71,0,0
327,PAYMENT,23.93,C81182864,295093.55,295069.62,C26529882,0.0,0.0,0,0
327,CASH_OUT,1019.1,C61053877,2426.0,1406.9,C74817230,47044.52,48063.62,0,0
327,CASH_OUT,2104.31,C70606674,4444.36,2340.05,C71684020,4445.71,6550.02,0,0
328,CASH_OUT,1946.46,C97971488,3268.77,1322.31,C52476240,23633.32,25579.78,0,0
328,PAYMENT,388.38,C53188224,404531.33,404142.95,C30492422,0.0,0.0,0,0
328,PAYMENT,847.98,C96750368,109541.72,108693.74,C72552858,0.0,0.0,0,0
328,CASH_OUT,1581.31,C12059919,2070.17,488.86,C84098828,90861.49,92442.8,0,0
328,PAYMENT,1107.64,C73149551,87844.37,86736.73,C93104469,0.0,0.0,0,0
328,CASH_OUT,16516.72,C42117961,45654.46,29137.74,C69961498,86623.26,103139.98,0,0
328,CASH_OUT,3235.47,C95831286,4129.12,893.65,M69002851,72238.25,75473.72,0,0
328,CASH_OUT,287007.59,C88802305,260280.21,0.0,M94457912,12746.08,299753.67,1,0
328,CASH_IN,8862.31,C78371272,20604.61,11742.3,M77680031,15548.71,24411.02,0,0
328,PAYMENT,416.25,C27084279,140157.31,139741.06,M14064904,0.0,0.0,0,0
328,PAYMENT,1063.04,C53091709,328107.17,327044.13,C25060409,0.0,0.0,0,0
328,CASH_OUT,3548.03,C40354559,9652.45,6104.42,M86541906,74777.26,78325.29,0,0
328,PAYMENT,1938.75,C89978790,487021.17,485082.42,C77406294,0.0,0.0,0,0
329,CASH_OUT,1758.92,C36772387,4258.49,2499.57,C20612653,70110.08,71869.0,0,0
329,CASH_OUT,2830.79,C89034501,6990.84,4160.05,M24428014,12758.07,15588.86,0,0
329,DEBIT,9378.93,C25659979,27736.79,18357.86,M28424464,27699.82,37078.75,0,0
329,TRANSFER,14212.62,C60015814,50556.08,36343.46,C50515702,26986.32,41198.94,0,0
329,DEBIT,3473.09,C61053474,5967.99,2494.9,C32750139,93036.76,96509.85,0,0
329,PAYMENT,2111.6,C83599154,53411.24,51299.64,C72014395,0.0,0.0,0,0
329,PAYMENT,747.84,C46249845,98593.72,97845.88,C50165370,0.0,0.0,0,0
329,DEBIT,6494.43,C29776801,16356.92,9862.49,C25567455,50333.81,56828.24,0,0
329,TRANSFER,3000.95,C26989677,6666.53,3665.58,C53038943,79778.7,82779.65,0,0
329,TRANSFER,4110.65,C39958838,4819.01,708.36,C67665720,143334.22,147444.87,0,0
329,PAYMENT,2049.96,C85957706,467581.56,465531.6,M15028625,0.0,0.0,0,0
329,PAYMENT,918.16,C49910061,230880.23,229962.07,C82553061,0.0,0.0,0,0
329,TRANSFER,48360.3,C42655866,137020.0,88659.7,C74294443,45624.75,93985.05,0,0
329,TRANSFER,1100.35,C50455821,3251.85,2151.5,M43635675,198143.0,199243.35,0,0
330,PAYMENT,1350.16,C19289546,341952.84,340602.68,C12111482,0.0,0.0,0,0
330,CASH_OUT,2762.95,C30261159,3172.02,409.07,C83458776,29853.8,32616.75,0,0
330,TRANSFER,1418713.13,C34194479,1547844.61,129131.48,C25696616,21816.98,1440530.11,1,1
330,PAYMENT,1100.2,C16150444,125474.86,124374.66,C64414096,0.0,0.0,0,0
330,TRANSFER,2043.87,C26706752,3735.62,1691.75,C35319707,124397.66,126441.53,0,0
330,PAYMENT,207.85,C75575808,77116.21,76908.36,M94457912,0.0,0.0,0,0
330,PAYMENT,1421.29,C82394227,434579.91,433158.62,C15910667,0.0,0.0,0,0
330,PAYMENT,444.39,C84377016,211060.18,210615.79,M62780072,0.0,0.0,0,0
330,PAYMENT,4759.26,C47338124,29826.79,25067.53,C18491573,0.0,0.0,0,0
330,DEBIT,1360.04,C40942292,3766.76,2406.72,C87206788,96883.9,98243.94,0,0
330,PAYMENT,363.38,C26989677,484916.81,484553.43,C71533194,0.0,0.0,0,0
330,TRANSFER,337.66,C73900135,1226.06,888.4,C23111164,9075.3,9412.96,0,0
330,CASH_OUT,3752.85,C15134794,4901.01,1148.16,C99188862,57032.79,60785.64,0,0
331,DEBIT,947.98,C90852623,1634.41,686.43,C42981324,6044.46,6992.44,0,0
331,CASH_OUT,7900.15,C83363160,20275.3,12375.15,C78501420,30050.31,37950.46,0,0
331,PAYMENT,772.64,C38119557,482725.54,481952.9,C96557984,0.0,0.0,0,0
331,PAYMENT,450.99,C64549859,343059.19,342608.2,M48626436,0.0,0.0,0,0
331,PAYMENT,1228.69,C51464269,95905.13,94676.44,C62443094,0.0,0.0,0,0
331,TRANSFER,35516.64,C35921441,36426.17,909.53,C71113711,129797.42,165314.06,0,0
331,PAYMENT,5466.83,C53258988,227900.44,222433.61,M88319168,0.0,0.0,0,0
331,PAYMENT,2233.38,C72092888,86133.77,83900.39,C86211608,0.0,0.0,0,0
331,PAYMENT,241.62,C22517517,441267.97,441026.35,C97227356,0.0,0.0,0,0
331,DEBIT,1897.07,C22660194,3018.31,1121.24,M14064904,14685.81,16582.88,0,0
331,CASH_OUT,4228.67,C99913412,5391.09,1162.42,C32409388,82874.86,87103.53,0,0
331,TRANSFER,8317.85,C36757737,25671.21,17353.36,C74154596,54044.46,62362.31,0,0
331,CASH_OUT,509.33,C81286543,1375.34,866.01,M63514837,63623.22,64132.55,0,0
332,CASH_OUT,11357.8,C14963880,22556.42,11198.62,M56630633,98632.87,109990.67,0,0
332,PAYMENT,237.37,C96274567,309614.23,309376.86,C85986307,0.0,0.0,0,0
332,CASH_OUT,2924.88,C34347841,3787.83,862.95,C75043108,24010.21,26935.09,0,0
332,TRANSFER,1867.62,C88393811,2341.82,474.2,C80573568,120556.24,122423.86,0,0
332,TRANSFER,1723.59,C92558242,2762.98,1039.39,C58270683,68428.26,70151.85,0,0
332,TRANSFER,17407.54,C35511941,67838.6,50431.06,C22345163,197875.46,215283.0,0,0
332,PAYMENT,993.16,C88101741,487105.94,486112.78,C23111164,0.0,0.0,0,0
332,CASH_IN,5852.18,C46553958,10131.68,4279.5,C15730602,5760.32,11612.5,0,0
332,CASH_OUT,2729.41,C75007200,4152.75,1423.34,M80372842,20230.69,22960.1,0,0
332,CASH_OUT,256.76,C94743076,380.46,123.7,M26460116,7868.56,8125.32,0,0
332,PAYMENT,350.48,C21318464,424473.07,424122.59,C19768947,0.0,0.0,0,0
332,TRANSFER,22529.77,C98575748,47798.85,25269.08,C50417154,144034.83,166564.6,0,0
332,PAYMENT,1604.67,C71705170,234518.43,232913.76,C26094525,0.0,0.0,0,0
332,CASH_OUT,4461.65,C24524825,9491.85,5030.2,C49620038,26856.3,31317.95,0,0
333,TRANSFER,10426.11,C34391257,28781.06,18354.95,C86086168,179087.98,189514.09,0,0
333,PAYMENT,141.4,C81216573,361429.35,361287.95,C27927298,0.0,0.0,0,0
333,CASH_IN,730.14,C44044361,2068.03,1337.89,C76960098,33550.36,34280.5,0,0
333,PAYMENT,3172.14,C85283645,483593.06,480420.92,C70369365,0.0,0.0,0,0
333,PAYMENT,1586.01,C90010790,283030.2,281444.19,C38428357,0.0,0.0,0,0
333,PAYMENT,755.02,C85017250,197727.68,196972.66,C60147077,0.0,0.0,0,0
333,PAYMENT,640.21,C57354167,298134.32,297494.11,C39158087,0.0,0.0,0,0
333,TRANSFER,15393.43,C69329732,18329.67,2936.24,C23234972,42515.73,57909.16,0,0
333,TRANSFER,34596.04,C10744212,70222.1,35626.06,M24428014,74617.88,109213.92,0,0
333,PAYMENT,1058.95,C35320492,454312.85,453253.9,C22527880,0.0,0.0,0,0
333,CASH_OUT,12690.97,C20598952,36469.95,23778.98,C77631755,91706.5,104397.47,0,0
333,PAYMENT,1288.21,C65682626,45594.1,44305.89,C92767884,0.0,0.0,0,0
333,DEBIT,1434.88,C97477029,3617.1,2182.22,M81555103,59594.45,61029.33,0,0
334,DEBIT,146.14,C32151928,420.87,274.73,C59911470,57571.66,57717.8,0,0
334,CASH_OUT,13573.77,C64277800,18507.13,4933.36,C34156684,85344.86,98918.63,0,0
334,CASH_OUT,2940.43,C35511941,8708.6,5768.17,M91547054,13670.89,16611.32,0,0
334,PAYMENT,3800.73,C24165187,359267.42,355466.69,C70850538,0.0,0.0,0,0
334,TRANSFER,453.11,C67854710,619.68,166.57,C49599276,162913.91,163367.02,0,0
334,CASH_OUT,3337.33,C71586053,7680.3,4342.97,C75694038,58352.12,61689.45,0,0
334,PAYMENT,371.72,C50308572,448835.79,448464.07,C20344164,0.0,0.0,0,0
334,PAYMENT,1291.01,C95318289,408655.85,407364.84,C75478707,0.0,0.0,0,0
334,CASH_OUT,3573.49,C55076693,5781.52,2208.03,C25567455,71839.43,75412.92,0,0
334,CASH_OUT,9916.72,C45264581,14280.29,4363.57,C63458386,77031.99,86948.71,0,0
334,CASH_OUT,114.19,C54058573,269.64,155.45,M52831009,1807.2,1921.39,0,0
334,CASH_OUT,2756.42,C60628276,3428.89,672.47,C70362053,94014.67,96771.09,0,0
334,CASH_OUT,5285.99,C48530827,6788.15,1502.16,C81134297,12024.73,17310.72,0,0
334,TRANSFER,29981.23,C68186525,38290.06,8308.83,C28792245,186573.87,216555.1,0,0
335,PAYMENT,1679.88,C24305904,79896.37,78216.49,C71824078,0.0,0.0,0,0
335,PAYMENT,3888.44,C81503856,484791.58,480903.14,C63811222,0.0,0.0,0,0
335,PAYMENT,159.54,C29806690,448338.06,448178.52,C98369672,0.0,0.0,0,0
335,PAYMENT,711.57,C85543051,453110.09,452398.52,C71873691,0.0,0.0,0,0
335,PAYMENT,1329.65,C81216573,131361.27,130031.62,C23111164,0.0,0.0,0,0
335,TRANSFER,517.28,C94676162,1570.53,1053.25,C18500100,10673.28,11190.56,0,0
335,PAYMENT,2504.52,C98269682,322122.27,319617.75,M52552488,0.0,0.0,0,0
335,CASH_OUT,6502.57,C37415205,17113.05,10610.48,C78915391,2531.51,9034.08,0,0
335,CASH_OUT,1912.37,C98575748,5260.21,3347.84,C71204580,82035.58,83947.95,0,0
335,PAYMENT,487.14,C50962024,223465.37,222978.23,C61407440,0.0,0.0,0,0
335,CASH_OUT,19729.22,C49092160,35524.63,15795.41,M85405783,32391.38,52120.6,0,0
335,TRANSFER,216.97,C38270233,289.53,72.56,M56815569,182294.32,182511.29,0,0
335,PAYMENT,593.09,C64776386,25227.39,24634.3,C30208677,0.0,0.0,0,0
336,CASH_OUT,440.31,C99541016,1158.27,717.96,C32448383,81367.14,81807.45,0,0
336,CASH_IN,2321.31,C86593187,2613.25,291.94,C66791272,92757.16,95078.47,0,0
336,CASH_IN,7632.51,C75793759,17540.69,9908.18,C89717834,65828.53,73461.04,0,0
336,CASH_OUT,249175.02,C40742311,306028.64,0.0,M70672142,12802.36,0.0,1,0
336,CASH_OUT,4977.99,C68496914,14390.01,9412.02,C91224373,11991.51,16969.5,0,0
336,CASH_OUT,5004.01,C93016315,14688.37,9684.36,C92474715,69229.97,74233.98,0,0
336,CASH_OUT,21543.58,C18135295,54421.83,32878.25,C81993070,52908.66,74452.24,0,0
336,CASH_OUT,7551.72,C13358751,22556.3,15004.58,C67418250,90843.31,98395.03,0,0
336,DEBIT,1264.43,C84045292,1765.44,501.01,M16530784,62243.44,63507.87,0,0
336,PAYMENT,999.26,C91321540,78779.0,77779.74,C40358823,0.0,0.0,0,0
336,TRANSFER,21305.86,C84990607,67380.58,46074.72,C30456313,120585.68,141891.54,0,0
336,TRANSFER,10251.47,C30863865,36575.56,26324.09,C96969050,157034.51,167285.98,0,0
336,TRANSFER,567.42,C12735359,2212.42,1645.0,M27976443,71097.53,71664.95,0,0
336,CASH_OUT,8852.56,C59823245,12627.44,3774.88,C26205010,23463.13,32315.69,0,0
337,PAYMENT,1363.33,C19736572,320688.44,319325.11,M28761086,0.0,0.0,0,0
337,CASH_OUT,946.74,C26104026,2270.87,1324.13,C79226031,19010.41,19957.15,0,0
337,PAYMENT,5881.94,C90447099,304746.01,298864.07,C33156250,0.0,0.0,0,0
337,TRANSFER,3196.26,C13356886,7738.29,4542.03,C69791674,139005.06,142201.32,0,0
337,PAYMENT,1662.13,C23769360,416135.13,414473.0,C11699863,0.0,0.0,0,0
337,CASH_OUT,5207.84,C86960402,7568.42,2360.58,C85482164,42682.15,47889.99,0,0
337,PAYMENT,3369.9,C26297533,486052.45,482682.55,C34679818,0.0,0.0,0,0
337,TRANSFER,4611.51,C77172238,5288.78,677.27,C96126771,195248.51,199860.02,0,0
337,TRANSFER,6032.86,C40742311,17021.13,10988.27,C63108878,157794.53,163827.39,0,0
337,DEBIT,13293.79,C72682989,26738.24,13444.45,C82162880,15839.49,29133.28,0,0
337,PAYMENT,3001.94,C98054173,191804.23,188802.29,M29659692,0.0,0.0,0,0
337,CASH_OUT,13404.33,C68800797,17585.7,4181.37,M68810561,9977.67,23382.0,0,0
337,PAYMENT,1300.43,C75679047,476170.8,474870.37,C20043577,0.0,0.0,0,0
338,PAYMENT,2616.71,C20779739,446688.31,444071.6,M48307798,0.0,0.0,0,0
338,PAYMENT,1257.99,C19183277,280989.89,279731.9,C22501261,0.0,0.0,0,0
338,PAYMENT,594.43,C96825515,353631.32,353036.89,M80528349,0.0,0.0,0,0
338,CASH_OUT,9585.33,C16416148,24802.15,15216.82,C64561191,63026.69,72612.02,0,0
338,CASH_OUT,9642.5,C93592219,19943.24,10300.74,C73995913,25827.07,35469.57,0,0
338,PAYMENT,1109.4,C83871890,101751.45,100642.05,C52503832,0.0,0.0,0,0
338,TRANSFER,240.56,C93352876,345.31,104.75,C33188838,195955.93,196196.49,0,0
338,CASH_OUT,5466.52,C98010774,16207.92,10741.4,M28450513,14163.44,19629.96,0,0
338,CASH_OUT,6714.33,C88339168,6941.1,226.77,C81059199,10613.06,17327.39,0,0
338,CASH_OUT,395.41,C22097496,517.17,121.76,C72059365,56021.31,56416.72,0,0
338,PAYMENT,1371.27,C98725654,370802.23,369430.96,C72552858,0.0,0.0,0,0
338,PAYMENT,134.49,C19196777,408212.02,408077.53,C59333294,0.0,0.0,0,0
338,TRANSFER,9797.92,C71477426,15048.77,5250.85,C39598969,191712.51,201510.43,0,0
338,PAYMENT,1921.77,C51154241,189759.42,187837.65,M52550733,0.0,0.0,0,0
339,CASH_OUT,2073.46,C17635653,6191.59,4118.13,C26445384,21106.35,23179.81,0,0
339,CASH_OUT,5280.5,C98955314,7838.83,2558.33,M86809773,89708.88,94989.38,0,0
339,CASH_OUT,4080.77,C68475513,10599.7,6518.93,C85603667,6666.91,10747.68,0,0
339,PAYMENT,1798.6,C39161443,266723.17,264924.57,M76876068,0.0,0.0,0,0
339,TRANSFER,34394.56,C29777514,85137.85,50743.29,C75581613,21803.74,56198.3,0,0
339,CASH_OUT,4479.95,C52101056,7304.61,2824.66,M15684813,85677.19,90157.14,0,0
339,PAYMENT,351.7,C55439043,386540.76,386189.06,C61335545,0.0,0.0,0,0
339,PAYMENT,981.02,C63437398,163331.52,162350.5,C56300738,0.0,0.0,0,0
339,PAYMENT,1095.19,C89089901,330675.69,329580.5,C26445384,0.0,0.0,0,0
339,PAYMENT,5715.61,C73174945,193912.66,188197.05,C17772004,0.0,0.0,0,0
339,PAYMENT,4041.14,C81259135,30551.3,26510.16,C79043610,0.0,0.0,0,0
339,CASH_IN,3776.0,C25458308,8790.3,5014.3,C78501420,22923.86,26699.86,0,0
339,CASH_OUT,2913.93,C86726461,5043.28,2129.35,C96110892,6325.75,9239.68,0,0
340,CASH_OUT,2131.94,C87054398,2323.96,192.02,C80890196,31842.04,33973.98,0,0
340,PAYMENT,1304.94,C29538047,400042.52,398737.58,M83932683,0.0,0.0,0,0
340,TRANSFER,10496.77,C80606503,22094.26,11597.49,C76433728,86195.69,96692.46,0,0
340,PAYMENT,695.83,C99300492,37866.4,37170.57,C39410942,0.0,0.0,0,0
340,PAYMENT,90.54,C17532195,459319.37,459228.83,C21220209,0.0,0.0,0,0
340,PAYMENT,125.72,C15403355,215276.07,215150.35,C41452485,0.0,0.0,0,0
340,PAYMENT,2524.4,C30868105,466805.92,464281.52,C56748074,0.0,0.0,0,0
340,PAYMENT,1623.56,C98550256,361006.47,359382.91,C32059232,0.0,0.0,0,0
340,PAYMENT,3088.27,C12944682,296285.44,293197.17,M81275182,0.0,0.0,0,0
340,TRANSFER,4476.08,C64830300,15283.85,10807.77,C99213703,12979.43,17455.51,0,0
340,TRANSFER,5874.39,C33286644,6194.43,320.04,M54012664,34576.73,40451.12,0,0
340,CASH_OUT,658.2,C23770458,751.82,93.62,M73739005,86687.72,87345.92,0,0
340,CASH_IN,2821.76,C79067939,3589.03,767.27,M69002851,66163.24,68985.0,0,0
341,PAYMENT,1867.9,C88406989,38499.22,36631.32,C98824290,0.0,0.0,0,0
341,TRANSFER,21596.86,C83227889,68016.23,46419.37,C70726434,181281.45,202878.31,0,0
341,TRANSFER,15356.68,C62958901,41456.72,26100.04,C80322629,91326.74,106683.42,0,0
341,PAYMENT,2817.37,C38119557,477535.75,474718.38,C56751880,0.0,0.0,0,0
341,CASH_OUT,1239.49,C43603811,2296.43,1056.94,M73404979,89319.64,90559.13,0,0
341,PAYMENT,580.34,C25480907,399349.16,398768.82,M98413629,0.0,0.0,0,0
341,CASH_IN,1534.16,C54039837,1938.72,404.56,M81555103,65203.43,66737.59,0,0
341,TRANSFER,1439737.15,C45617024,1652424.39,212687.24,C82162880,53476.52,0.0,1,1
341,PAYMENT,769.32,C54559574,177503.6,176734.28,C81905550,0.0,0.0,0,0
341,CASH_OUT,15351.31,C60043345,44233.41,28882.1,C25194922,68493.78,83845.09,0,0
341,TRANSFER,20618.22,C39801436,39716.92,19098.7,C13498112,23942.34,44560.56,0,0
341,TRANSFER,599.68,C98550256,1191.23,591.55,C85886408,38486.84,39086.52,0,0
341,PAYMENT,1295.44,C18469210,336712.52,335417.08,C93240786,0.0,0.0,0,0
341,CASH_IN,9849.6,C12799319,22396.69,12547.09,C84076145,18168.9,28018.5,0,0
342,PAYMENT,382.9,C24665841,24748.98,24366.08,M77119320,0.0,0.0,0,0
342,PAYMENT,3846.19,C72682989,36488.03,32641.84,C92424037,0.0,0.0,0,0
342,DEBIT,7505.68,C64864099,19133.42,11627.74,M81062902,48629.0,56134.68,0,0
342,TRANSFER,8523.37,C47437115,22920.37,14397.0,C73193474,91762.87,100286.24,0,0
342,TRANSFER,3606.68,C42002808,11299.37,7692.69,C69302835,1236.93,4843.61,0,0
342,TRANSFER,471.65,C26948946,1031.47,559.82,C95851936,62528.18,62999.83,0,0
342,PAYMENT,3275.11,C29804386,218758.7,215483.59,C63992760,0.0,0.0,0,0
342,CASH_OUT,2798.42,C81259135,6117.83,3319.41,C56241881,92335.72,95134.14,0,0
342,TRANSFER,5644.4,C59370777,19465.54,13821.14,C10091737,77745.73,83390.13,0,0
342,CASH_OUT,7716.72,C25353091,8237.98,521.26,C80659726,85790.09,93506.81,0,0
342,CASH_OUT,6461.69,C47308985,11023.69,4562.0,M28481124,69903.16,76364.85,0,0
342,PAYMENT,628.67,C76276072,20742.26,20113.59,M62953249,0.0,0.0,0,0
342,TRANSFER,4919.94,C57113566,13259.92,8339.98,C85500790,123675.28,128595.22,0,0
343,CASH_OUT,2047.57,C48401154,2497.67,450.1,C63244581,63498.97,65546.54,0,0
343,PAYMENT,773.84,C23335151,70401.89,69628.05,C44224936,0.0,0.0,0,0
343,CASH_IN,1330.15,C53645651,1922.71,592.56,C58270683,20588.87,21919.02,0,0
343,CASH_OUT,2886.74,C94970119,7037.96,4151.22,C38428357,17924.63,20811.37,0,0
343,PAYMENT,1013.78,C59512272,82432.98,81419.2,M92594562,0.0,0.0,0,0
343,CASH_OUT,3649.71,C98231132,5156.09,1506.38,C55713584,29970.97,33620.68,0,0
343,DEBIT,1754.97,C78137358,2857.14,1102.17,C41354768,28998.09,30753.06,0,0
343,PAYMENT,4146.62,C65692629,425269.59,421122.97,C93135800,0.0,0.0,0,0
343,TRANSFER,10407.75,C60043345,29507.76,19100.01,C73909453,70387.51,80795.26,0,0
343,CASH_OUT,2010.13,C67062156,3007.21,997.08,C92747827,97237.46,99247.59,0,0
343,CASH_OUT,777.55,C20949687,2242.6,1465.05,C72464258,29215.99,29993.54,0,0
343,PAYMENT,244.47,C71780854,355100.27,354855.8,C98824290,0.0,0.0,0,0
343,CASH_OUT,1309.32,C12799319,2108.93,799.61,M46836194,12131.23,13440.55,0,0
343,CASH_OUT,14399.76,C81291936,21443.78,7044.02,C33635791,60746.1,75145.86,0,0
344,TRANSFER,9419.11,C56095437,16723.03,7303.92,C22775337,116085.54,125504.65,0,0
344,TRANSFER,4832.35,C43446826,8741.32,3908.97,M15006085,82573.65,87406.0,0,0
344,TRANSFER,11180.01,C38898923,39245.35,28065.34,C58991556,140222.03,151402.04,0,0
344,CASH_IN,13934.15,C85563727,20191.39,6257.24,M15222944,59332.1,73266.25,0,0
344,DEBIT,11047.01,C58557203,13881.75,2834.74,C81905550,72295.0,83342.01,0,0
344,TRANSFER,12955.85,C57197152,35328.77,22372.92,C51480401,163696.91,176652.76,0,0
344,DEBIT,2545.73,C88831486,7038.11,4492.38,C88710263,58263.69,60809.42,0,0
344,CASH_IN,2737.44,C99170406,3283.61,546.17,C71066203,15769.33,18506.77,0,0
344,CASH_OUT,6236.01,C69020451,15717.85,9481.84,M46850196,44554.31,50790.32,0,0
344,CASH_IN,1452.65,C16323852,1956.25,503.6,C12185246,86042.13,87494.78,0,0
344,CASH_OUT,3728.35,C48016697,5975.49,2247.14,M33366099,85162.57,88890.92,0,0
344,PAYMENT,2258.23,C85694715,144958.57,142700.34,M48789478,0.0,0.0,0,0
344,CASH_OUT,5458.39,C44210729,9133.83,3675.44,C80196591,80035.29,85493.68,0,0
345,PAYMENT,994.57,C23141087,389317.52,388322.95,C64561191,0.0,0.0,0,0
345,CASH_OUT,470112.58,C45833156,509292.94,39180.36,C86206305,38150.15,0.0,1,0
345,TRANSFER,2753.34,C57197152,3204.4,451.06,C66135102,6449.78,9203.12,0,0
345,CASH_IN,3631.75,C46613428,9984.71,6352.96,C90531692,10663.61,14295.36,0,0
345,CASH_OUT,2697.05,C68548403,7356.34,4659.29,M79085198,33331.85,36028.9,0,0
345,TRANSFER,6374.06,C73900135,19893.04,13518.98,C31154777,78929.66,85303.72,0,0
345,TRANSFER,9527.89,C34391257,28894.49,19366.6,C94524999,94799.31,104327.2,0,0
345,TRANSFER,8349.65,C42868828,32668.48,24318.83,C78541804,16697.38,25047.03,0,0
345,PAYMENT,1037.99,C61344226,110763.64,109725.65,C28972822,0.0,0.0,0,0
345,PAYMENT,212.25,C11540956,353496.5,353284.25,C99628735,0.0,0.0,0,0
345,CASH_IN,4693.71,C63349308,6469.36,1775.65,C82633735,69576.3,74270.01,0,0
345,CASH_OUT,2619.1,C39742165,2998.76,379.66,C45000508,93454.88,96073.98,0,0
345,CASH_IN,5129.6,C73013961,5622.64,493.04,C38428357,20470.36,25599.96,0,0
345,CASH_OUT,2348.78,C91156554,4262.55,1913.77,M60576565,93278.81,95627.59,0,0
346,CASH_IN,8636.82,C86010330,9215.24,578.42,M77680031,24866.1,33502.92,0,0
346,DEBIT,994.88,C37760841,1577.39,582.51,C54524025,26512.31,27507.19,0,0
346,PAYMENT,514.52,C58024342,55675.15,55160.63,C81441519,0.0,0.0,0,0
346,PAYMENT,2910.76,C55076693,332316.27,329405.51,M86230551,0.0,0.0,0,0
346,PAYMENT,128.73,C22960658,209011.24,208882.51,C54424679,0.0,0.0,0,0
346,PAYMENT,344.48,C98227303,338048.99,337704.51,C71272827,0.0,0.0,0,0
346,PAYMENT,2408.81,C90147573,391152.61,388743.8,C44537812,0.0,0.0,0,0
346,CASH_OUT,839449.16,C61818612,1049985.75,210536.59,C11287794,31379.26,870828.42,1,0
346,PAYMENT,851.4,C45594951,430457.01,429605.61,C74817230,0.0,0.0,0,0
346,TRANSFER,1551.72,C60867083,1785.05,233.33,C83330690,177338.07,178889.79,0,0
346,CASH_OUT,6104.94,C35475673,17976.35,11871.41,M94176528,43815.42,49920.36,0,0
346,CASH_OUT,6568.43,C71265269,9042.41,2473.98,M77493234,3753.99,10322.42,0,0
346,PAYMENT,4626.09,C58024342,160631.41,156005.32,C71533194,0.0,0.0,0,0
347,CASH_OUT,11766.08,C19121552,30388.84,18622.76,M14877451,36661.27,48427.35,0,0
347,PAYMENT,4083.95,C63843426,82669.54,78585.59,M90115852,0.0,0.0,0,0
347,CASH_OUT,9126.75,C94712997,16832.0,7705.25,C28972822,33834.05,42960.8,0,0
347,PAYMENT,2023.58,C33328859,169713.5,167689.92,C86286724,0.0,0.0,0,0
347,CASH_IN,5724.52,C98842638,16283.76,10559.24,C33188838,15948.31,21672.83,0,0
347,CASH_OUT,14609.68,C20099059,19089.53,4479.85,M84252324,79320.79,93930.47,0,0
347,TRANSFER,512028.86,C13561597,556477.29,0.0,M83800569,20441.12,0.0,1,1
347,CASH_OUT,3284.55,C45503389,5966.66,2682.11,M73847325,44097.32,47381.87,0,0
347,CASH_IN,445.67,C84724345,555.18,109.51,C31204188,90090.37,90536.04,0,0
347,TRANSFER,14036.8,C66061934,48389.84,34353.04,C62231715,88070.38,102107.18,0,0
347,CASH_OUT,4423.57,C43887075,9817.43,5393.86,M59070856,34737.35,39160.92,0,0
347,CASH_IN,14285.82,C19165226,21403.69,7117.87,C83074216,74839.28,89125.1,0,0
347,PAYMENT,782.18,C77898694,321593.96,320811.78,C85721444,0.0,0.0,0,0
348,PAYMENT,609.41,C85146293,40964.47,40355.06,M87161840,0.0,0.0,0,0
348,TRANSFER,29101.81,C77378254,93246.52,64144.71,M35606639,111669.59,140771.4,0,0
348,CASH_OUT,731.96,C48508907,1075.96,344.0,C19251149,21678.48,22410.44,0,0
348,PAYMENT,1344.72,C88714010,475479.15,474134.43,C13933043,0.0,0.0,0,0
348,TRANSFER,3817.13,C83863413,7206.8,3389.67,M41774192,14552.17,18369.3,0,0
348,DEBIT,13161.64,C66975380,28469.36,15307.72,C25479814,74139.89,87301.53,0,0
348,TRANSFER,694972.85,C91722503,612633.95,0.0,C88710263,79706.87,0.0,1,1
348,DEBIT,2472.13,C48242379,2761.32,289.19,C91121400,81432.42,83904.55,0,0
348,CASH_OUT,3280.77,C90585678,4979.84,1699.07,C92747827,88309.78,91590.55,0,0
348,PAYMENT,3955.26,C29090631,388541.58,384586.32,C28792245,0.0,0.0,0,0
348,TRANSFER,16013.1,C18593410,46863.61,30850.51,C54965270,138505.78,154518.88,0,0
348,TRANSFER,328.74,C62191530,433.15,104.41,C89415412,157545.29,157874.03,0,0
348,PAYMENT,1038.42,C43638559,431408.23,430369.81,C33562830,0.0,0.0,0,0
348,CASH_OUT,2087.85,C90092958,3590.1,1502.25,C77447155,54162.4,56250.25,0,0
349,CASH_OUT,6047.18,C61401477,7910.75,1863.57,C14171767,67763.83,73811.01,0,0
349,CASH_OUT,3441.51,C54024257,9444.95,6003.44,M79703656,6408.9,9850.41,0,0
349,CASH_IN,3408.85,C41568532,7491.27,4082.42,C60905625,80266.45,83675.3,0,0
349,TRANSFER,2768.44,C95756900,5968.29,3199.85,C28416255,151891.64,154660.08,0,0
349,PAYMENT,74.89,C39372360,128851.79,128776.9,C66682016,0.0,0.0,0,0
349,CASH_OUT,1478.66,C26297533,4279.7,2801.04,C57135617,48546.78,50025.44,0,0
349,PAYMENT,2219.84,C73280554,226782.02,224562.18,M45482091,0.0,0.0,0,0
349,PAYMENT,426.0,C44295247,40001.95,39575.95,C74154596,0.0,0.0,0,0
349,PAYMENT,2246.54,C30863865,66735.38,64488.84,M51954112,0.0,0.0,0,0
349,PAYMENT,917.03,C42138745,61374.45,60457.42,M76306502,0.0,0.0,0,0
349,TRANSFER,14053.58,C89160218,23991.13,9937.55,C90851238,69984.47,84038.05,0,0
349,CASH_OUT,8372.66,C67213476,23748.43,15375.77,C24219637,61419.07,69791.73,0,0
349,PAYMENT,537.4,C24754064,445645.99,445108.59,C52799022,0.0,0.0,0,0
350,PAYMENT,246.77,C29776801,228298.47,228051.7,M93889081,0.0,0.0,0,0
350,PAYMENT,566.09,C52235350,412540.82,411974.73,C45568761,0.0,0.0,0,0
350,TRANSFER,953187.3,C67276174,870038.52,0.0,C10090721,10356.9,963544.2,1,1
350,CASH_OUT,2449.06,C28892086,3321.92,872.86,C74082804,31833.94,34283.0,0,0
350,CASH_OUT,2098.61,C69135982,4172.0,2073.39,C69862640,17266.35,19364.96,0,0
350,PAYMENT,1178.67,C66775103,247130.54,245951.87,C28419506,0.0,0.0,0,0
350,PAYMENT,134.73,C47080140,128754.53,128619.8,C19531069,0.0,0.0,0,0
350,TRANSFER,34458.09,C39854548,51364.93,16906.84,C87206788,72782.6,107240.69,0,0
350,CASH_OUT,511.27,C52587010,895.42,384.15,M91370909,37688.42,38199.69,0,0
350,CASH_OUT,6639.46,C13895645,14488.66,7849.2,C55332729,64604.9,71244.36,0,0
350,CASH_OUT,8632.14,C30182766,12003.83,3371.69,C57892314,73594.06,82226.2,0,0
350,TRANSFER,3104.65,C29909029,4989.39,1884.74,C88147469,58689.46,61794.11,0,0
350,TRANSFER,9651.25,C82498004,33784.6,24133.35,C22799248,61641.92,71293.17,0,0
350,TRANSFER,10090.95,C60043345,28231.06,18140.11,C74291599,184567.28,194658.23,0,0
351,CASH_IN,11676.49,C66306997,22526.87,10850.38,C60147077,80443.95,92120.44,0,0
351,DEBIT,8132.74,C36687537,14219.14,6086.4,C81930575,68311.66,76444.4,0,0
351,CASH_IN,568.45,C90440034,1346.49,778.04,C89699345,7137.14,7705.59,0,0
351,PAYMENT,1034.96,C90440034,157984.46,156949.5,C43534652,0.0,0.0,0,0
351,CASH_OUT,3567.66,C58567046,5404.14,1836.48,C39236638,70199.08,73766.74,0,0
351,CASH_OUT,798.07,C84437458,1848.22,1050.15,C96126771,15995.83,16793.9,0,0
351,PAYMENT,1983.9,C68743530,371058.29,369074.39,C52064387,0.0,0.0,0,0
351,PAYMENT,659.31,C49761527,135467.71,134808.4,M24401654,0.0,0.0,0,0
351,PAYMENT,655.86,C73070585,250008.05,249352.19,C41240803,0.0,0.0,0,0
351,CASH_OUT,2343.12,C46632757,6617.2,4274.08,C58335011,56723.87,59066.99,0,0
351,CASH_OUT,576.42,C38898923,1036.83,460.41,C11590610,54273.69,54850.11,0,0
351,CASH_OUT,2359.29,C48285503,2490.36,131.07,C65869014,36888.54,39247.83,0,0
351,CASH_OUT,6512.01,C38553319,14229.12,7717.11,C33315234,11702.56,18214.57,0,0
352,PAYMENT,3250.0,C64266464,432613.31,429363.31,C45772648,0.0,0.0,0,0
352,CASH_OUT,2849.42,C29270557,3089.01,239.59,C30854365,59141.24,61990.66,0,0
352,PAYMENT,4288.77,C66240084,333090.58,328801.81,C38956527,0.0,0.0,0,0
352,CASH_OUT,1216.12,C31203129,1810.47,594.35,C82764376,66837.51,68053.63,0,0
352,PAYMENT,2498.53,C52431444,323584.8,321086.27,M50162553,0.0,0.0,0,0
352,CASH_OUT,7307.56,C19832887,11643.27,4335.71,C42900372,76394.56,83702.12,0,0
352,TRANSFER,15225.51,C97775215,18696.83,3471.32,M95590648,132985.82,148211.33,0,0
352,TRANSFER,1011514.2,C59470729,980987.93,0.0,C54927535,72385.14,0.0,1,1
352,PAYMENT,1512.27,C15858241,425963.96,424451.69,C94365330,0.0,0.0,0,0
352,CASH_IN,1909.68,C84752529,4101.6,2191.92,C82144402,85166.77,87076.45,0,0
352,TRANSFER,13550.35,C98588154,16161.46,2611.11,C67610401,128830.88,142381.23,0,0
352,TRANSFER,22350.86,C48250360,86034.5,63683.64,C52279780,35406.26,57757.12,0,0
352,CASH_OUT,350.33,C24282218,708.62,358.29,C74279671,91169.65,91519.98,0,0
352,CASH_IN,7029.75,C38754377,12266.77,5237.02,C11082139,15365.37,22395.12,0,0
353,DEBIT,5316.25,C84903294,9751.67,4435.42,C58255231,49950.35,55266.6,0,0
353,DEBIT,646.07,C56138336,1800.76,1154.69,C18557710,10398.12,11044.19,0,0
353,PAYMENT,3146.31,C69287967,266357.47,263211.16,M61559717,0.0,0.0,0,0
353,PAYMENT,132.21,C72409658,269542.4,269410.19,C84892608,0.0,0.0,0,0
353,CASH_OUT,9073.8,C79340535,22685.89,13612.09,C56676884,83717.17,92790.97,0,0
353,PAYMENT,2899.78,C53455870,23204.96,20305.18,M54012664,0.0,0.0,0,0
353,CASH_OUT,3720.71,C84597009,7459.85,3739.14,M77353073,93243.79,96964.5,0,0
353,CASH_OUT,2767.17,C86320155,4120.6,1353.43,C25328557,31367.84,34135.01,0,0
353,PAYMENT,512.9,C98986321,368900.98,368388.08,C68315400,0.0,0.0,0,0
353,TRANSFER,9194.3,C47080140,35280.32,26086.02,C86868379,80459.86,89654.16,0,0
353,CASH_OUT,7885.55,C62274692,17281.87,9396.32,C42813517,72422.05,80307.6,0,0
353,CASH_OUT,7638.52,C45810056,9346.39,1707.87,C19801857,14090.94,21729.46,0,0
353,PAYMENT,87.04,C67611469,404714.33,404627.29,C60622842,0.0,0.0,0,0
354,DEBIT,442.81,C50603163,614.01,171.2,M92467167,1710.77,2153.58,0,0
354,PAYMENT,1792.73,C19863756,24645.12,22852.39,M68065043,0.0,0.0,0,0
354,TRANSFER,25180.11,C44999379,41569.2,16389.09,C90050918,194543.47,219723.58,0,0
354,PAYMENT,27.91,C67062156,243827.58,243799.67,C52211967,0.0,0.0,0,0
354,PAYMENT,1304.39,C11835355,440227.31,438922.92,C39396392,0.0,0.0,0,0
354,TRANSFER,9285.33,C33581357,12402.88,3117.55,C51380361,94740.83,104026.16,0,0
354,DEBIT,12229.73,C49613214,15982.4,3752.67,C16249441,76035.14,88264.87,0,0
354,PAYMENT,940.24,C74855088,297842.61,296902.37,C28972822,0.0,0.0,0,0
354,TRANSFER,35837.65,C46578001,92480.41,56642.76,C20482769,130685.85,166523.5,0,0
354,CASH_IN,1392.06,C71934487,1946.55,554.49,C58376818,73535.59,74927.65,0,0
354,CASH_OUT,2424.33,C22981052,4518.91,2094.58,M26821075,40982.13,43406.46,0,0
354,PAYMENT,23.94,C46677730,373072.77,373048.83,C56135950,0.0,0.0,0,0
354,TRANSFER,8141.02,C63516659,16636.23,8495.21,M51137177,40144.99,48286.01,0,0
354,PAYMENT,1751.98,C88339168,169656.96,167904.98,C74321792,0.0,0.0,0,0
355,PAYMENT,1241.11,C89212676,95898.93,94657.82,C44537812,0.0,0.0,0,0
355,PAYMENT,284.32,C36998038,162239.21,161954.89,M67192331,0.0,0.0,0,0
355,TRANSFER,3271.86,C52339391,5923.57,2651.71,C69920305,177372.89,180644.75,0,0
355,TRANSFER,2760.16,C68716573,2775.98,15.82,M96075494,71700.33,74460.49,0,0
355,TRANSFER,2154.85,C75802771,7600.92,5446.07,M51295819,123572.94,125727.79,0,0
355,CASH_OUT,7060.85,C42691263,15695.77,8634.92,C17385816,5964.13,13024.98,0,0
355,PAYMENT,956.11,C51098277,349358.22,348402.11,C95004924,0.0,0.0,0,0
355,PAYMENT,1377.64,C37415205,229779.54,228401.9,C50790016,0.0,0.0,0,0
355,PAYMENT,1134.97,C91378577,123544.68,122409.71,C85579195,0.0,0.0,0,0
355,TRANSFER,31080.34,C47463522,123663.4,92583.06,M77353073,42155.02,73235.36,0,0
355,TRANSFER,10595.98,C98842638,22845.92,12249.94,C32442197,158131.15,168727.13,0,0
355,TRANSFER,35829.9,C82884346,87817.53,51987.63,M44419327,180125.53,215955.43,0,0
355,CASH_OUT,1730.2,C53507489,2124.84,394.64,C43782566,63110.6,64840.8,0,0
356,CASH_OUT,2881.66,C76481885,7648.8,4767.14,C85920407,40249.05,43130.71,0,0
356,CASH_OUT,8704.87,C42655866,16261.63,7556.76,C85693188,30470.28,39175.15,0,0
356,PAYMENT,1821.68,C19673809,2408.6,586.92,M16792127,0.0,0.0,0,0
356,PAYMENT,539.65,C45351479,79216.17,78676.52,M43087238,0.0,0.0,0,0
356,PAYMENT,1949.58,C48658617,80111.94,78162.36,C45292504,0.0,0.0,0,0
356,PAYMENT,11.36,C39801436,359014.34,359002.98,M81826922,0.0,0.0,0,0
356,CASH_OUT,988.79,C78159587,2668.05,1679.26,M29282885,73108.98,74097.77,0,0
356,PAYMENT,416.76,C13176186,449060.33,448643.57,C60527631,0.0,0.0,0,0
356,TRANSFER,7853.02,C96924061,28022.83,20169.81,C90531692,106142.64,113995.66,0,0
356,PAYMENT,5298.78,C13619375,469072.0,463773.22,C27810664,0.0,0.0,0,0
356,CASH_OUT,2001.85,C45896226,3627.59,1625.74,C10091737,89565.31,91567.16,0,0
356,PAYMENT,902.79,C71045700,49296.02,48393.23,C16135823,0.0,0.0,0,0
356,CASH_OUT,841.31,C95899313,2058.44,1217.13,C34060788,82552.18,83393.49,0,0
357,PAYMENT,2953.12,C96637649,318132.42,315179.3,M15684813,0.0,0.0,0,0
357,PAYMENT,727.53,C99686286,262278.04,261550.51,C70272714,0.0,0.0,0,0
357,DEBIT,5490.56,C21370793,14420.61,8930.05,C37775381,24736.23,30226.79,0,0
357,PAYMENT,1736.59,C77187530,65462.96,63726.37,C17195581,0.0,0.0,0,0
357,PAYMENT,2005.68,C58970845,478348.2,476342.52,C38375916,0.0,0.0,0,0
357,TRANSFER,20231.45,C35556386,62401.49,42170.04,C23111164,71116.31,91347.76,0,0
357,CASH_IN,13054.18,C63124147,28185.42,15131.24,C81057233,53324.1,66378.28,0,0
357,CASH_IN,3638.94,C99038359,8680.9,5041.96,C77996397,34994.35,38633.29,0,0
357,TRANSFER,7606.65,C98269682,7986.29,379.64,M92071195,143521.91,151128.56,0,0
357,CASH_OUT,10820.73,C67594492,18976.76,8156.03,M28761086,69593.12,80413.85,0,0
357,PAYMENT,3765.09,C48530827,267865.56,264100.47,C57268285,0.0,0.0,0,0
357,CASH_OUT,19332.0,C51395350,33015.26,13683.26,M29834119,82943.3,102275.3,0,0
357,DEBIT,1692.09,C17869910,3208.94,1516.85,C42301683,30804.79,32496.88,0,0
357,PAYMENT,188.58,C26297533,283621.19,283432.61,C35093324,0.0,0.0,0,0
358,PAYMENT,1438.59,C94790150,173027.44,171588.85,M94457912,0.0,0.0,0,0
358,CASH_OUT,11525.58,C39920292,21556.41,10030.83,C71453007,63646.19,75171.77,0,0
358,CASH_OUT,78.24,C51395350,216.97,138.73,C38375916,57933.16,58011.4,0,0
358,PAYMENT,167.58,C22097496,223635.8,223468.22,M87030477,0.0,0.0,0,0
358,TRANSFER,8450.23,C73280554,24100.29,15650.06,C45966597,85187.22,93637.45,0,0
358,PAYMENT,652.67,C61410126,382705.98,382053.31,M34422678,0.0,0.0,0,0
358,PAYMENT,1572.23,C93176117,199385.93,197813.7,C28830282,0.0,0.0,0,0
358,TRANSFER,1178224.13,C45503389,1211971.02,0.0,C13296743,49803.05,0.0,1,1
358,TRANSFER,6796.93,C96347724,12592.54,5795.61,C75718640,55884.12,62681.05,0,0
358,CASH_IN,1258.67,C28099607,1745.88,487.21,C71453148,60826.26,62084.93,0,0
358,TRANSFER,16082.46,C45843681,35909.89,19827.43,C18359464,49263.84,65346.3,0,0
358,CASH_OUT,13276.85,C91846696,30003.39,16726.54,C28783850,20625.79,33902.64,0,0
358,TRANSFER,7576.2,C92352411,19695.5,12119.3,C41119124,199451.06,207027.26,0,0
359,PAYMENT,1418.57,C31361812,292971.39,291552.82,C25567455,0.0,0.0,0,0
359,PAYMENT,272.08,C35808537,146427.85,146155.77,C95726382,0.0,0.0,0,0
359,TRANSFER,9219.4,C85329037,27553.5,18334.1,C94226031,103439.16,112658.56,0,0
359,PAYMENT,1807.06,C75876924,6936.56,5129.5,C72014395,0.0,0.0,0,0
359,CASH_OUT,1097.54,C46670512,3045.96,1948.42,M42507072,3139.9,4237.44,0,0
359,TRANSFER,15389.44,C99115205,17193.91,1804.47,M22976369,80642.74,96032.18,0,0
359,TRANSFER,6140.03,C97219599,6473.03,333.0,C57242616,109328.48,115468.51,0,0
359,PAYMENT,1423.93,C40150759,417114.78,415690.85,C50645509,0.0,0.0,0,0
359,CASH_IN,5619.82,C42594692,6792.95,1173.13,C63450811,22143.95,27763.77,0,0
359,PAYMENT,936.18,C75491202,270732.74,269796.56,C26301180,0.0,0.0,0,0
359,DEBIT,546.13,C52501540,1501.79,955.66,M47447604,80449.79,80995.92,0,0
359,CASH_IN,14936.46,C28213276,24051.32,9114.86,C23721268,81480.35,96416.81,0,0
359,PAYMENT,4073.88,C45570755,310189.48,306115.6,M28012011,0.0,0.0,0,0
359,TRANSFER,22449.47,C34215035,80006.12,57556.65,C43077929,198973.85,221423.32,0,0
360,TRANSFER,7076.16,C20779739,25449.28,18373.12,C65878146,3899.21,10975.37,0,0
360,CASH_OUT,7496.67,C90092958,13052.57,5555.9,C33535297,1272.54,8769.21,0,0
360,PAYMENT,1358.99,C24942603,24870.28,23511.29,M95623471,0.0,0.0,0,0
360,PAYMENT,646.86,C30452412,196407.91,195761.05,C96110892,0.0,0.0,0,0
360,PAYMENT,959.66,C70166480,52707.61,51747.95,C17882882,0.0,0.0,0,0
360,PAYMENT,180.36,C80794454,389720.03,389539.67,C63183031,0.0,0.0,0,0
360,PAYMENT,61.01,C60372847,103246.27,103185.26,C14325890,0.0,0.0,0,0
360,TRANSFER,37166.73,C73411827,80362.19,43195.46,C95851936,20321.19,57487.92,0,0
360,PAYMENT,4395.52,C97873101,283535.96,279140.44,C20606094,0.0,0.0,0,0
360,CASH_OUT,5123.64,C61604364,11937.74,6814.1,C95462880,89720.27,94843.91,0,0
360,CASH_OUT,8814.45,C44788100,9727.39,912.94,C40314047,76117.0,84931.45,0,0
360,PAYMENT,1064.05,C10704803,456308.57,455244.52,C19182050,0.0,0.0,0,0
360,CASH_OUT,4469.37,C47028180,5917.41,1448.04,M62780072,87818.69,92288.06,0,0
361,CASH_OUT,955759.5,C33286644,862116.53,0.0,M26460116,68793.21,0.0,1,0
361,PAYMENT,1770.17,C36726767,149221.95,147451.78,C17863981,0.0,0.0,0,0
361,TRANSFER,5820.2,C83284724,16321.93,10501.73,C23973438,187690.35,193510.55,0,0
361,PAYMENT,1464.67,C73900135,138580.86,137116.19,C35151299,0.0,0.0,0,0
361,DEBIT,3477.64,C43189803,6412.35,2934.71,C95800828,90238.69,93716.33,0,0
361,CASH_OUT,2622.13,C84285882,3486.57,864.44,C21594468,93999.85,96621.98,0,0
361,PAYMENT,105.22,C21631697,394123.92,394018.7,M59070856,0.0,0.0,0,0
361,PAYMENT,727.42,C35529407,163156.43,162429.01,M76755908,0.0,0.0,0,0
361,PAYMENT,1908.44,C12735359,299483.55,297575.11,C66135102,0.0,0.0,0,0
361,CASH_OUT,310.96,C98842638,890.86,579.9,C62294176,76811.84,77122.8,0,0
361,PAYMENT,490.85,C45496015,427843.98,427353.13,C90753812,0.0,0.0,0,0
361,TRANSFER,372969.96,C24665841,472155.75,0.0,C60104292,29489.52,402459.48,1,1
361,PAYMENT,225.7,C48508907,155036.98,154811.28,C46093692,0.0,0.0,0,0
361,CASH_IN,8203.38,C70549373,13184.05,4980.67,C88387434,28857.37,37060.75,0,0
362,PAYMENT,792.75,C12799319,187437.98,186645.23,C89717834,0.0,0.0,0,0
362,TRANSFER,18885.29,C40547349,28557.72,9672.43,C25331969,169772.53,188657.82,0,0
362,TRANSFER,1741.52,C57236885,3374.4,1632.88,M50049524,98330.68,100072.2,0,0
362,CASH_OUT,2578.26,C81182864,4295.47,1717.21,C76596831,34769.82,37348.08,0,0
362,PAYMENT,716.2,C18593410,351355.36,350639.16,M40540334,0.0,0.0,0,0
362,TRANSFER,5142.97,C66828640,5194.26,51.29,C92809273,50578.23,55721.2,0,0
362,PAYMENT,772.5,C28814949,94047.77,93275.27,C53440052,0.0,0.0,0,0
362,PAYMENT,2230.89,C98550256,434722.93,432492.04,C89398174,0.0,0.0,0,0
362,PAYMENT,77.35,C49093864,390008.09,389930.74,C52057323,0.0,0.0,0,0
362,CASH_OUT,7484.69,C91363974,9628.1,2143.41,C98162850,96991.06,104475.75,0,0
362,CASH_OUT,3451.25,C53389073,5319.76,1868.51,M75746104,64253.81,67705.06,0,0
362,PAYMENT,2014.7,C67594492,309507.78,307493.08,C95728324,0.0,0.0,0,0
362,CASH_OUT,1463.61,C94127561,2403.92,940.31,C14324134,32472.4,33936.01,0,0
363,CASH_IN,601.15,C11049999,1405.0,803.85,C98222374,17031.12,17632.27,0,0
363,CASH_IN,9889.42,C61998170,12657.33,2767.91,C80392240,85921.73,95811.15,0,0
363,CASH_OUT,14013.95,C40158366,28093.96,14080.01,C10856822,48925.35,62939.3,0,0
363,CASH_OUT,1106.43,C49613214,1227.56,121.13,M96094462,91623.69,92730.12,0,0
363,TRANSFER,990.26,C98575748,2069.46,1079.2,C52688984,120257.98,121248.24,0,0
363,TRANSFER,16339.1,C48508907,29536.76,13197.66,C82884346,46833.89,63172.99,0,0
363,TRANSFER,4911.0,C55799273,16290.43,11379.43,C25328557,60215.06,65126.06,0,0
363,CASH_OUT,10336.62,C27589104,27974.51,17637.89,C83833059,29579.66,39916.28,0,0
363,PAYMENT,740.35,C23891786,422364.02,421623.67,C67622968,0.0,0.0,0,0
363,PAYMENT,1792.91,C67854710,291129.32,289336.41,C81134297,0.0,0.0,0,0
363,PAYMENT,1649.58,C83998961,490031.18,488381.6,C14746418,0.0,0.0,0,0
363,PAYMENT,342.69,C67061186,131458.82,131116.13,M56323191,0.0,0.0,0,0
363,CASH_IN,143.49,C61883769,316.55,173.06,C49608344,3664.7,3808.19,0,0
363,TRANSFER,362.37,C25480907,395.29,32.92,C22028437,39851.91,40214.28,0,0
364,TRANSFER,8442.93,C29944139,30576.42,22133.49,M83867070,14660.89,23103.82,0,0
364,PAYMENT,222.62,C20099059,413098.15,412875.53,M25119192,0.0,0.0,0,0
364,TRANSFER,13486.52,C61484043,20859.05,7372.53,C47706144,187331.48,200818.0,0,0
364,CASH_OUT,3833.1,C40158811,10653.14,6820.04,C19865900,81208.51,85041.61,0,0
364,CASH_OUT,1169.57,C82613940,1576.79,407.22,M53306792,54330.51,55500.08,0,0
364,PAYMENT,274.92,C95511909,144050.02,143775.1,M20071854,0.0,0.0,0,0
364,PAYMENT,392.12,C61003997,93609.33,93217.21,C22549425,0.0,0.0,0,0
364,TRANSFER,10025.32,C79987997,13701.42,3676.1,M34422678,138610.39,148635.71,0,0
364,CASH_IN,1138.11,C81922443,3031.32,1893.21,C90233330,21270.69,22408.8,0,0
364,CASH_OUT,8548.43,C98986321,22433.95,13885.52,C21635070,78424.89,86973.32,0,0
364,CASH_OUT,1521.88,C38538251,4150.1,2628.22,M63514837,35624.04,37145.92,0,0
364,PAYMENT,70.07,C96347724,95619.78,95549.71,C52503832,0.0,0.0,0,0
364,PAYMENT,2057.41,C42747037,191994.93,189937.52,C63183031,0.0,0.0,0,0
365,PAYMENT,381.34,C86149359,240637.03,240255.69,C21307671,0.0,0.0,0,0
365,CASH_OUT,7681.27,C19339597,16783.42,9102.15,C58219001,39749.05,47430.32,0,0
365,TRANSFER,14470.89,C86593187,24216.34,9745.45,M26664623,162912.89,177383.78,0,0
365,TRANSFER,2191.0,C75181648,3879.95,1688.95,C89484162,75838.05,78029.05,0,0
365,TRANSFER,10509.09,C55568701,39073.91,28564.82,C64496076,11479.0,21988.09,0,0
365,CASH_IN,406.14,C61632653,882.0,475.86,C56047142,2899.31,3305.45,0,0
365,TRANSFER,903476.63,C99949389,876500.77,0.0,M53947691,1696.19,905172.82,1,1
365,PAYMENT,1074.87,C70468188,342511.55,341436.68,C13785821,0.0,0.0,0,0
365,PAYMENT,573.19,C97260863,49409.43,48836.24,M73698420,0.0,0.0,0,0
365,CASH_OUT,4086.53,C58718453,9509.94,5423.41,C63795149,29050.94,33137.47,0,0
365,TRANSFER,4134.49,C99600766,8970.14,4835.65,M61028283,147488.39,151622.88,0,0
365,PAYMENT,734.58,C25766039,259318.0,258583.42,C25567455,0.0,0.0,0,0
365,CASH_OUT,17138.65,C59093496,45910.07,28771.42,C61920550,61507.22,78645.87,0,0
366,TRANSFER,6097.7,C89160218,9220.27,3122.57,C34756698,182256.89,188354.59,0,0
366,CASH_OUT,2833.52,C68450095,5611.95,2778.43,C72267186,63510.94,66344.46,0,0
366,CASH_OUT,1362.94,C34166826,1707.54,344.6,C30027648,51831.27,53194.21,0,0
366,CASH_OUT,3846.31,C47376585,5224.44,1378.13,C87949714,7145.71,10992.02,0,0
366,CASH_OUT,7637.32,C38874646,15867.5,8230.18,C95963619,66033.32,73670.64,0,0
366,PAYMENT,1896.25,C84384510,316337.64,314441.39,C89442904,0.0,0.0,0,0
366,CASH_OUT,2174.06,C10435578,4473.42,2299.36,C11069604,18753.14,20927.2,0,0
366,PAYMENT,13.95,C53851498,430219.79,430205.84,C80573568,0.0,0.0,0,0
366,TRANSFER,5314.39,C29776801,20081.44,14767.05,M85647532,150371.94,155686.33,0,0
366,CASH_OUT,1091.53,C98575748,1665.0,573.47,C18087373,32873.15,33964.68,0,0
366,DEBIT,1540.38,C68800797,2359.48,819.1,C46504617,92596.48,94136.86,0,0
366,PAYMENT,992.95,C55728776,380753.62,379760.67,C79941466,0.0,0.0,0,0
366,TRANSFER,3006.16,C21003626,11862.69,8856.53,C42537638,21857.42,24863.58,0,0
366,PAYMENT,288.96,C50181935,110383.63,110094.67,C30317091,0.0,0.0,0,0
367,CASH_OUT,7400.32,C98753260,12457.98,5057.66,M42115895,43441.74,50842.06,0,0
367,TRANSFER,15124.81,C86745380,41356.78,26231.97,M31386576,122341.17,137465.98,0,0
367,CASH_OUT,794.1,C63747791,1231.02,436.92,C23951801,91643.56,92437.66,0,0
367,CASH_IN,8652.74,C41163805,24011.49,15358.75,M78865239,2266.39,10919.13,0,0
367,PAYMENT,319.0,C32566390,329032.2,328713.2,C32396311,0.0,0.0,0,0
367,PAYMENT,233.41,C75266178,422167.6,421934.19,C90851238,0.0,0.0,0,0
367,CASH_OUT,3221.13,C91804602,8590.07,5368.94,C85886408,44529.49,47750.62,0,0
367,CASH_OUT,6907.13,C71894493,8948.97,2041.84,M76306502,86144.31,93051.44,0,0
367,CASH_OUT,5847.65,C24879094,8432.44,2584.79,C24363501,78931.86,84779.51,0,0
367,PAYMENT,570.46,C19289546,414871.34,414300.88,C69572772,0.0,0.0,0,0
367,CASH_OUT,96.94,C74019136,242.52,145.58,C42123815,75454.42,75551.36,0,0
367,PAYMENT,2874.68,C51286958,375003.12,372128.44,C51181116,0.0,0.0,0,0
367,CASH_OUT,1591.94,C28419343,2213.3,621.36,C66346728,67333.45,68925.39,0,0
368,CASH_OUT,7912.08,C22981052,9840.42,1928.34,C42357445,24113.11,32025.19,0,0
368,PAYMENT,65.05,C95756900,7196.75,7131.7,M98413629,0.0,0.0,0,0
368,CASH_IN,2166.97,C79173614,4475.39,2308.42,C70339827,85283.13,87450.1,0,0
368,PAYMENT,1025.49,C43603811,68931.75,67906.26,C98824290,0.0,0.0,0,0
368,CASH_OUT,1302.88,C55866538,1936.99,634.11,C83074216,42659.19,43962.07,0,0
368,PAYMENT,427.02,C93176117,345662.05,345235.03,M70394554,0.0,0.0,0,0
368,CASH_IN,1149.52,C13637575,2379.53,1230.01,C83357939,10106.43,11255.95,0,0
368,CASH_OUT,13019.01,C93940940,20398.37,7379.36,C52057323,6099.65,19118.66,0,0
368,PAYMENT,5313.17,C32321899,107664.35,102351.18,C19263592,0.0,0.0,0,0
368,CASH_IN,10845.54,C96924061,19531.97,8686.43,M85432781,90577.69,101423.23,0,0
368,PAYMENT,1517.91,C65910756,397947.23,396429.32,C46778269,0.0,0.0,0,0
368,CASH_OUT,21403.47,C82287061,53830.84,32427.37,C79941466,13986.09,35389.56,0,0
368,PAYMENT,2188.82,C69421007,110082.41,107893.59,M30695604,0.0,0.0,0,0
368,PAYMENT,299.7,C72415804,360870.99,360571.29,C24357588,0.0,0.0,0,0
369,TRANSFER,19048.99,C81259135,39235.01,20186.02,C37765262,159897.35,178946.34,0,0
369,TRANSFER,517448.52,C76238574,497205.19,0.0,C67610401,75127.57,592576.09,1,1
369,TRANSFER,64068.62,C26879290,120173.28,56104.66,C88864147,133466.17,197534.79,0,0
369,TRANSFER,11566.64,C42138745,24955.05,13388.41,C91907952,75739.14,87305.78,0,0
369,TRANSFER,6086.48,C95756900,12606.35,6519.87,C23863742,158180.93,164267.41,0,0
369,CASH_OUT,13944.0,C42614537,20807.22,6863.22,M63514837,95651.88,109595.88,0,0
369,TRANSFER,17652.92,C32084778,62049.26,44396.34,M95590648,182291.7,199944.62,0,0
369,PAYMENT,365.78,C20796722,92491.96,92126.18,C84455942,0.0,0.0,0,0
369,TRANSFER,342.58,C35808537,953.57,610.99,C88478184,199356.92,199699.5,0,0
369,PAYMENT,1102.85,C23335151,206109.9,205007.05,C97069904,0.0,0.0,0,0
369,PAYMENT,470.9,C43189803,126188.25,125717.35,C62127652,0.0,0.0,0,0
369,TRANSFER,10315.85,C48250360,35297.89,24982.04,C49117508,52028.52,62344.37,0,0
369,CASH_IN,5233.06,C17539294,12380.98,7147.92,C97977738,7654.34,12887.4,0,0
370,TRANSFER,32071.47,C59823245,99091.34,67019.87,M42445506,191821.03,223892.5,0,0
370,CASH_OUT,1165.77,C72732043,1946.28,780.51,C32576626,87219.24,88385.01,0,0
370,PAYMENT,1699.65,C16086345,151207.32,149507.67,C73308406,0.0,0.0,0,0
370,CASH_OUT,575624.84,C86726461,496315.17,0.0,C95726382,56021.65,0.0,1,0
370,CASH_OUT,235497.13,C48683937,237816.59,0.0,M23448342,93362.69,0.0,1,0
370,CASH_OUT,4956.97,C55377076,11663.08,6706.11,C64414096,45328.76,50285.73,0,0
370,CASH_IN,3863.45,C98575748,8337.41,4473.96,C12240013,59197.77,63061.22,0,0
370,PAYMENT,2652.78,C39738898,463429.37,460776.59,M99903592,0.0,0.0,0,0
370,PAYMENT,2262.91,C88270025,288416.09,286153.18,C18113477,0.0,0.0,0,0
370,CASH_IN,6016.74,C53524491,11976.89,5960.15,C11590610,26012.77,32029.51,0,0
370,CASH_OUT,3134.51,C75184410,8527.54,5393.03,C58088526,62669.62,65804.13,0,0
370,TRANSFER,281208.09,C29909029,296063.8,14855.71,C81059199,27821.96,309030.05,1,1
370,TRANSFER,12239.51,C48668783,23985.81,11746.3,C30492422,192222.35,204461.86,0,0
370,CASH_OUT,5724.05,C75151231,15239.23,9515.18,C24626086,76691.92,82415.97,0,0
371,PAYMENT,1031.79,C65133300,446592.81,445561.02,C80905413,0.0,0.0,0,0
371,CASH_OUT,3278.5,C64547971,6252.18,2973.68,C89442904,88826.6,92105.1,0,0
371,TRANSFER,17795.53,C91030736,60827.48,43031.95,C83330295,192011.25,209806.78,0,0
371,CASH_OUT,2682.62,C66851760,4741.52,2058.9,C54964418,83210.04,85892.66,0,0
371,DEBIT,937.07,C40150759,2288.03,1350.96,C21571285,82899.99,83837.06,0,0
371,CASH_IN,682.65,C59555330,1975.74,1293.09,C61335545,59064.76,59747.41,0,0
371,PAYMENT,3321.17,C56328316,450770.64,447449.47,C87293208,0.0,0.0,0,0
371,PAYMENT,1972.33,C26297533,104362.12,102389.79,C65540647,0.0,0.0,0,0
371,CASH_OUT,9844.49,C82475098,16915.67,7071.18,C80888325,51196.93,61041.42,0,0
371,CASH_IN,1790.98,C85291541,2559.13,768.15,M48193218,28396.47,30187.45,0,0
371,CASH_OUT,395326.61,C13471527,362227.53,0.0,C14416002,1245.64,396572.25,1,0
371,PAYMENT,793.36,C60103798,175855.1,175061.74,C23560308,0.0,0.0,0,0
371,CASH_OUT,2341.62,C22510327,4304.51,1962.89,C36229153,2319.21,4660.83,0,0
372,CASH_OUT,3553.61,C23470708,6031.76,2478.15,M27976443,78752.43,82306.04,0,0
372,CASH_OUT,18090.07,C76776459,20543.81,2453.74,M56630633,84738.24,102828.31,0,0
372,PAYMENT,1289.84,C78248169,117856.59,116566.75,C78915391,0.0,0.0,0,0
372,DEBIT,3332.95,C58718453,3565.26,232.31,C66135102,65237.29,68570.24,0,0
372,PAYMENT,1243.31,C10359129,68707.35,67464.04,C41157840,0.0,0.0,0,0
372,PAYMENT,262.52,C93115778,141190.24,140927.72,C15345470,0.0,0.0,0,0
372,CASH_OUT,3736.54,C22981052,7433.83,3697.29,M19898653,59156.51,62893.05,0,0
372,CASH_IN,8249.91,C40667888,9895.02,1645.11,C73193474,21509.15,29759.06,0,0
372,CASH_OUT,75.19,C40150759,111.31,36.12,C35504548,55083.83,55159.02,0,0
372,TRANSFER,2740.08,C33978249,8614.16,5874.08,M72523073,62603.71,65343.79,0,0
372,CASH_IN,1009.34,C14963880,2873.79,1864.45,C32576626,14419.84,15429.18,0,0
372,PAYMENT,1101.1,C36096655,476154.77,475053.67,C89701163,0.0,0.0,0,0
372,PAYMENT,363.33,C35808537,365634.51,365271.18,C70340936,0.0,0.0,0,0
373,CASH_OUT,515.68,C92874006,917.68,402.0,C21010955,25575.93,26091.61,0,0
373,PAYMENT,708.41,C35140847,204623.17,203914.76,C13031322,0.0,0.0,0,0
373,CASH_OUT,4096.23,C23903144,12221.97,8125.74,M77353073,84198.19,88294.42,0,0
373,TRANSFER,10109.66,C51644346,10533.93,424.27,M63873262,166643.96,176753.62,0,0
373,TRANSFER,33113.94,C93794475,50239.61,17125.67,C70362053,20836.08,53950.02,0,0
373,PAYMENT,1688.49,C82937948,311684.77,309996.28,C65034115,0.0,0.0,0,0
373,DEBIT,8195.26,C59684848,13202.22,5006.96,M48789478,52584.05,60779.31,0,0
373,PAYMENT,536.31,C79467853,191978.28,191441.97,C75140950,0.0,0.0,0,0
373,CASH_OUT,830579.13,C38538251,850783.3,0.0,C21010955,5609.05,836188.18,1,0
373,PAYMENT,2515.87,C12515446,17835.17,15319.3,M26460116,0.0,0.0,0,0
373,CASH_OUT,6589.39,C60885459,11741.29,5151.9,C99399687,80258.76,86848.15,0,0
373,PAYMENT,1907.5,C16904975,36899.07,34991.57,M77680031,0.0,0.0,0,0
373,CASH_OUT,8936.99,C26247735,18655.1,9718.11,M48626436,3117.73,12054.72,0,0
373,PAYMENT,45.07,C16990811,238946.45,238901.38,C53805532,0.0,0.0,0,0
374,TRANSFER,2033.13,C74019136,5051.92,3018.79,M85386435,28175.74,30208.87,0,0
374,CASH_OUT,12515.64,C49385195,12824.13,308.49,C44241100,79853.01,92368.65,0,0
374,TRANSFER,22468.12,C65259205,35241.69,12773.57,C82125824,155959.78,178427.9,0,0
374,PAYMENT,286.81,C26395999,87489.26,87202.45,C37804291,0.0,0.0,0,0
374,PAYMENT,606.57,C45575298,103688.54,103081.97,M48951595,0.0,0.0,0,0
374,CASH_IN,559.9,C69023966,1194.12,634.22,C78829070,74324.44,74884.34,0,0
374,CASH_OUT,3052.8,C15350023,5433.05,2380.25,C12925970,14253.5,17306.3,0,0
374,CASH_IN,703.5,C66851760,1835.1,1131.6,M52196099,25388.58,26092.08,0,0
374,PAYMENT,54.98,C78140959,355552.72,355497.74,C23439803,0.0,0.0,0,0
374,TRANSFER,4005.98,C29806690,5350.48,1344.5,C96727439,99699.61,103705.59,0,0
374,DEBIT,4693.6,C81291936,9829.88,5136.28,M88319168,99281.0,103974.6,0,0
374,CASH_OUT,3845.48,C11540956,7343.24,3497.76,C43077929,30639.33,34484.81,0,0
374,PAYMENT,893.23,C35848226,491658.69,490765.46,M74245343,0.0,0.0,0,0
375,CASH_IN,9066.0,C35487660,13156.27,4090.27,C89415412,30153.44,39219.44,0,0
375,DEBIT,8714.43,C51551377,24935.01,16220.58,C59911470,13174.46,21888.89,0,0
375,PAYMENT,397.08,C26247735,48235.8,47838.72,M63873262,0.0,0.0,0,0
375,PAYMENT,552.55,C64277800,73747.22,73194.67,M19023909,0.0,0.0,0,0
375,PAYMENT,970.24,C11049999,455862.01,454891.77,M65472370,0.0,0.0,0,0
375,CASH_OUT,10427.46,C41523529,30330.35,19902.89,C12240013,91386.24,101813.7,0,0
375,CASH_OUT,425605.84,C41272553,498364.82,0.0,C26529882,84257.01,509862.85,1,0
375,CASH_IN,327.03,C89520597,341.81,14.78,C84479105,67440.29,67767.32,0,0
375,PAYMENT,1634.13,C26948946,313503.94,311869.81,C69239219,0.0,0.0,0,0
375,PAYMENT,448.54,C66240084,113875.35,113426.81,M19794273,0.0,0.0,0,0
375,PAYMENT,481.65,C20117988,205669.69,205188.04,C34929311,0.0,0.0,0,0
375,TRANSFER,7061.0,C96547189,13418.19,6357.19,C13976288,111881.08,118942.08,0,0
375,TRANSFER,13503.04,C59304469,24454.62,10951.58,C54448673,69644.33,83147.37,0,0
375,TRANSFER,3573.13,C29909029,7333.02,3759.89,C54327148,77070.72,80643.85,0,0
376,PAYMENT,654.96,C83863413,54937.72,54282.76,M26444612,0.0,0.0,0,0
376,CASH_OUT,7117.4,C29419691,20357.77,13240.37,M66121095,58144.22,65261.62,0,0
376,CASH_OUT,1383.05,C61998170,2572.11,1189.06,M96155337,88084.22,89467.27,0,0
376,CASH_OUT,4277.88,C65590800,9468.23,5190.35,C93967184,53586.06,57863.94,0,0
376,TRANSFER,9681.53,C36054020,22111.45,12429.92,C69959826,175882.83,185564.36,0,0
376,TRANSFER,10101.51,C71934487,16583.46,6481.95,C47342819,76494.47,86595.98,0,0
376,CASH_OUT,800140.37,C39436733,764918.81,0.0,C43440045,51117.18,0.0,1,0
376,PAYMENT,2087.2,C17635653,279630.14,277542.94,C82312290,0.0,0.0,0,0
376,PAYMENT,113.43,C21496211,56548.66,56435.23,C21523236,0.0,0.0,0,0
376,CASH_IN,15781.82,C61019678,24985.02,9203.2,C90117857,84637.08,100418.9,0,0
376,PAYMENT,888.47,C20117988,219717.24,218828.77,M97393186,0.0,0.0,0,0
376,PAYMENT,1006.39,C84752529,203024.63,202018.24,M84040798,0.0,0.0,0,0
376,CASH_OUT,15090.22,C34215035,43257.32,28167.1,C30317091,76853.49,91943.71,0,0
377,CASH_OUT,2234.05,C44044361,4950.34,2716.29,C99929175,73036.23,75270.28,0,0
377,CASH_OUT,1919.84,C28814949,3171.71,1251.87,C51273379,23046.12,24965.96,0,0
377,CASH_IN,10266.53,C61818612,20735.55,10469.02,C74180488,27041.9,37308.43,0,0
377,CASH_OUT,257637.5,C56278607,234965.59,0.0,C63095937,41021.84,0.0,1,0
377,PAYMENT,530.91,C47816686,357779.12,357248.21,M79703656,0.0,0.0,0,0
377,PAYMENT,2547.77,C13561597,34827.2,32279.43,M32885741,0.0,0.0,0,0
377,TRANSFER,4818.87,C63121477,11926.72,7107.85,M56323191,187821.28,192640.15,0,0
377,TRANSFER,1356427.01,C52091325,1086152.21,0.0,C38859601,21780.4,0.0,1,1
377,CASH_OUT,715.45,C23718431,1071.27,355.82,C96838849,29169.08,29884.53,0,0
377,DEBIT,11439.89,C22960658,21814.43,10374.54,C17882882,59374.37,70814.26,0,0
377,CASH_IN,2583.24,C81249799,2600.59,17.35,M69580374,52109.23,54692.47,0,0
377,PAYMENT,711.75,C38351344,284927.81,284216.06,C91716102,0.0,0.0,0,0
377,PAYMENT,300.66,C81498611,127557.04,127256.38,M57364777,0.0,0.0,0,0
377,CASH_OUT,879976.46,C40942292,1080555.64,0.0,C44241100,56771.74,936748.2,1,0
378,TRANSFER,24192.24,C17634247,73944.38,49752.14,C59515518,41106.76,65299.0,0,0
378,PAYMENT,1558.68,C45507920,416171.26,414612.58,C35319707,0.0,0.0,0,0
378,CASH_OUT,7174.9,C89034501,15457.17,8282.27,C19282319,45983.11,53158.01,0,0
378,DEBIT,6578.8,C88714010,7167.33,588.53,C75718640,890.64,7469.44,0,0
378,CASH_IN,2072.25,C32566390,3468.28,1396.03,C28767690,54332.67,56404.92,0,0
378,TRANSFER,270.16,C55414869,962.77,692.61,C88653825,182038.45,182308.61,0,0
378,PAYMENT,421.91,C69118721,499987.52,499565.61,C10697290,0.0,0.0,0,0
378,PAYMENT,462.09,C84597009,22233.97,21771.88,C35925669,0.0,0.0,0,0
378,PAYMENT,53.4,C81971316,299169.17,299115.77,C41240803,0.0,0.0,0,0
378,CASH_IN,91.29,C47969333,198.92,107.63,C52885071,27733.0,27824.29,0,0
378,CASH_OUT,875.25,C61343880,2433.75,1558.5,C63798927,72301.25,73176.5,0,0
378,CASH_IN,11215.11,C19391725,21211.57,9996.46,C53299069,92956.91,104172.02,0,0
378,CASH_OUT,5627.28,C28321839,6667.95,1040.67,C88158177,60412.91,66040.19,0,0
379,PAYMENT,6296.77,C64776386,347762.83,341466.06,C54689713,0.0,0.0,0,0
379,DEBIT,11324.04,C28213276,14529.23,3205.19,C18491573,57333.11,68657.15,0,0
379,CASH_OUT,2163.97,C97980930,2242.61,78.64,C97715861,63592.2,65756.17,0,0
379,DEBIT,1773.15,C97980930,4130.48,2357.33,C98911718,6841.36,8614.51,0,0
379,CASH_OUT,575.31,C88183110,894.88,319.57,C37659807,41111.58,41686.89,0,0
379,CASH_IN,808.6,C98641164,1415.15,606.55,C98610233,57475.41,58284.01,0,0
379,PAYMENT,1235.12,C40885967,143125.01,141889.89,C22802372,0.0,0.0,0,0
379,CASH_OUT,4879.39,C91156554,8826.06,3946.67,C41426254,44161.68,49041.07,0,0
379,PAYMENT,11.42,C18050510,49554.28,49542.86,M63440127,0.0,0.0,0,0
379,CASH_OUT,21118.12,C73013961,48316.67,27198.55,M92012822,1603.2,22721.32,0,0
379,CASH_OUT,3132.84,C60864911,8836.17,5703.33,C10145801,68871.83,72004.67,0,0
379,CASH_IN,2686.87,C17634247,3427.23,740.36,C88381665,22249.22,24936.09,0,0
379,TRANSFER,7881.06,C98641164,14713.61,6832.55,C75697427,1224.59,9105.65,0,0
379,TRANSFER,18010.04,C14915156,19829.81,1819.77,C87025433,69983.47,87993.51,0,0
380,TRANSFER,4670.16,C61254050,14320.96,9650.8,M48124318,181062.07,185732.23,0,0
380,PAYMENT,67.72,C72907576,395254.98,395187.26,M66087572,0.0,0.0,0,0
380,CASH_OUT,1356.57,C42594692,2473.26,1116.69,C78559218,15976.94,17333.51,0,0
380,PAYMENT,1601.24,C10209961,173531.52,171930.28,M48307798,0.0,0.0,0,0
380,CASH_OUT,153605.13,C48668783,170482.87,16877.74,M58607028,56001.37,0.0,1,0
380,CASH_OUT,3551.63,C97874085,4377.0,825.37,C28808678,41867.29,45418.92,0,0
380,DEBIT,13821.21,C82070937,18705.33,4884.12,C69572772,63154.67,76975.88,0,0
380,CASH_OUT,5097.43,C98986321,8021.98,2924.55,C61157708,86627.76,91725.19,0,0
380,PAYMENT,6116.96,C42655866,441918.03,435801.07,M76876068,0.0,0.0,0,0
380,PAYMENT,349.71,C22201654,301604.29,301254.58,C63244581,0.0,0.0,0,0
380,TRANSFER,802.24,C61343880,1785.14,982.9,M64953237,11702.64,12504.88,0,0
380,CASH_IN,4488.92,C28814949,6664.28,2175.36,C56300738,14332.43,18821.35,0,0
380,CASH_OUT,5382.61,C17774584,14845.01,9462.4,M61940566,90737.54,96120.15,0,0
381,TRANSFER,491.07,C25015458,1573.89,1082.82,C21773787,185120.82,185611.89,0,0
381,CASH_OUT,6346.97,C43887075,7934.9,1587.93,M40262109,65486.4,71833.37,0,0
381,TRANSFER,17090.93,C73509974,36280.35,19189.42,C88733350,100053.94,117144.87,0,0
381,PAYMENT,385.15,C76001106,376212.19,375827.04,C64395532,0.0,0.0,0,0
381,PAYMENT,707.81,C98588154,407818.57,407110.76,C97131500,0.0,0.0,0,0
381,CASH_OUT,8848.75,C43554863,22191.24,13342.49,C89131271,31205.66,40054.41,0,0
381,TRANSFER,10773.41,C38553319,20646.0,9872.59,M28639738,36363.17,47136.58,0,0
381,CASH_OUT,1430.13,C30776478,2055.85,625.72,C21097943,63401.31,64831.44,0,0
381,PAYMENT,5378.48,C76344695,483263.65,477885.17,C76217748,0.0,0.0,0,0
381,CASH_OUT,19977.2,C17901903,29430.32,9453.12,C58189421,36595.09,56572.29,0,0
381,PAYMENT,1831.19,C26405605,399677.69,397846.5,C96727439,0.0,0.0,0,0
381,PAYMENT,464.09,C67684996,366480.72,366016.63,C62559853,0.0,0.0,0,0
381,TRANSFER,4721.21,C83832717,8047.94,3326.73,C20043577,112108.52,116829.73,0,0
382,PAYMENT,467.51,C75884623,246602.18,246134.67,M20901547,0.0,0.0,0,0
382,PAYMENT,1838.24,C39042654,86200.31,84362.07,C42483531,0.0,0.0,0,0
382,TRANSFER,1287.81,C73100462,4183.27,2895.46,C43220503,26117.3,27405.11,0,0
382,PAYMENT,172.27,C36550845,476451.6,476279.33,C29081953,0.0,0.0,0,0
382,CASH_OUT,544.74,C75876924,1099.71,554.97,C63458386,84730.4,85275.14,0,0
382,CASH_OUT,153.62,C67723010,261.49,107.87,C65869014,69879.0,70032.62,0,0
382,PAYMENT,3330.03,C73519947,78016.09,74686.06,C53299069,0.0,0.0,0,0
382,CASH_OUT,428.84,C43528453,1249.12,820.28,C69961498,62140.12,62568.96,0,0
382,CASH_OUT,3446.57,C86320155,9321.6,5875.03,C20064609,44199.78,47646.35,0,0
382,CASH_OUT,4640.71,C21370793,10428.1,5787.39,C95525640,47330.5,51971.21,0,0
382,CASH_OUT,25230.97,C53154591,54407.11,29176.14,M93816177,63911.19,89142.16,0,0
382,PAYMENT,1477.03,C15512205,20176.72,18699.69,M26942307,0.0,0.0,0,0
382,TRANSFER,583.02,C83212334,1475.5,892.48,C29072646,100619.11,101202.13,0,0
382,PAYMENT,200.44,C68503492,486830.05,486629.61,C64877191,0.0,0.0,0,0
383,CASH_OUT,4236.97,C35714784,6540.82,2303.85,M96075494,20947.49,25184.46,0,0
383,CASH_OUT,211.88,C45551614,584.24,372.36,C98824290,75390.0,75601.88,0,0
383,TRANSFER,31123.01,C12059919,45204.54,14081.53,M31810655,67919.41,99042.42,0,0
383,TRANSFER,11867.47,C25585427,33392.73,21525.26,C20820219,150490.78,162358.25,0,0
383,CASH_OUT,7710.66,C37415205,19826.49,12115.83,C27997624,1719.19,9429.85,0,0
383,TRANSFER,23519.08,C59529086,80037.54,56518.46,C86871268,128920.8,152439.88,0,0
383,TRANSFER,26445.58,C20570592,79647.26,53201.68,C21220209,122879.36,149324.94,0,0
383,PAYMENT,503.21,C81481992,274257.59,273754.38,M85227370,0.0,0.0,0,0
383,PAYMENT,2391.38,C60185867,75082.36,72690.98,C68848427,0.0,0.0,0,0
383,TRANSFER,3222.62,C99508850,7370.47,4147.85,M69849800,62037.88,65260.5,0,0
383,PAYMENT,3485.03,C20993268,294206.16,290721.13,C88108751,0.0,0.0,0,0
383,CASH_OUT,4081.93,C99600766,8185.82,4103.89,C76185975,17877.01,21958.94,0,0
383,CASH_OUT,3265.37,C18526544,7096.87,3831.5,C83233096,41977.54,45242.91,0,0
384,TRANSFER,29748.76,C81971316,107051.33,77302.57,C99686372,4639.02,34387.78,0,0
384,PAYMENT,823.08,C84888554,408646.22,407823.14,M55659873,0.0,0.0,0,0
384,PAYMENT,1044.18,C84752529,47371.8,46327.62,M98882576,0.0,0.0,0,0
384,TRANSFER,8879.9,C94743076,14103.23,5223.33,C18277097,150200.62,159080.52,0,0
384,PAYMENT,1089.67,C10076758,363651.27,362561.6,C11649277,0.0,0.0,0,0
384,PAYMENT,315.62,C26726926,16595.18,16279.56,C45568761,0.0,0.0,0,0
384,PAYMENT,2167.35,C67279295,27376.94,25209.59,C34702473,0.0,0.0,0,0
384,TRANSFER,11922.66,C82398083,27084.13,15161.47,C17324144,164935.33,176857.99,0,0
384,CASH_OUT,5736.51,C35511941,13922.85,8186.34,C32761034,64186.0,69922.51,0,0
384,TRANSFER,5990.29,C27584297,7040.76,1050.47,C65556767,33467.98,39458.27,0,0
384,TRANSFER,12361.44,C77853916,28927.81,16566.37,M48605090,165786.32,178147.76,0,0
384,TRANSFER,22796.22,C71040347,26181.37,3385.15,C92474715,18803.62,41599.84,0,0
384,DEBIT,985.02,C94525678,2833.62,1848.6,M38799154,20985.66,21970.68,0,0
384,PAYMENT,1503.0,C48668339,238472.25,236969.25,C15095407,0.0,0.0,0,0
385,PAYMENT,38.12,C35556386,55255.04,55216.92,M31809610,0.0,0.0,0,0
385,DEBIT,1336.74,C69533928,3335.27,1998.53,C79941466,58969.4,60306.14,0,0
385,CASH_IN,6369.22,C68942178,14677.63,8308.41,C66851305,41494.09,47863.31,0,0
385,CASH_OUT,1174.86,C52018286,2655.98,1481.12,C11619606,38795.38,39970.24,0,0
385,PAYMENT,1114.92,C79172559,380758.69,379643.77,M78090664,0.0,0.0,0,0
385,PAYMENT,556.7,C62405812,342503.97,341947.27,C65388634,0.0,0.0,0,0
385,PAYMENT,270.87,C20106509,495330.89,495060.02,C61920550,0.0,0.0,0,0
385,PAYMENT,2340.66,C48604965,130668.51,128327.85,C89699345,0.0,0.0,0,0
385,PAYMENT,53.31,C31203129,143877.88,143824.57,C25755285,0.0,0.0,0,0
385,CASH_OUT,18694.99,C50851122,30983.46,12288.47,C46685332,36465.86,55160.85,0,0
385,PAYMENT,199.46,C13561597,61999.2,61799.74,C75592138,0.0,0.0,0,0
385,CASH_OUT,11891.18,C15614174,17205.51,5314.33,C57892314,53010.91,64902.09,0,0
385,CASH_OUT,1385870.37,C63516659,1495431.54,0.0,M71368457,83712.1,0.0,1,0
386,CASH_OUT,1942.09,C23756669,3759.82,1817.73,C98673882,76045.28,77987.37,0,0
386,TRANSFER,1248.15,C27463800,4788.5,3540.35,M33496796,22050.94,23299.09,0,0
386,CASH_OUT,6506.67,C87490893,7952.04,1445.37,C67774765,61556.95,68063.62,0,0
386,CASH_IN,1558.21,C53112268,2040.1,481.89,C37540722,89375.73,90933.94,0,0
386,PAYMENT,1193.19,C80610004,439799.4,438606.21,C45212476,0.0,0.0,0,0
386,CASH_OUT,7862.95,C74855088,11815.09,3952.14,C82156607,49041.0,56903.95,0,0
386,PAYMENT,465.21,C72682989,100586.81,100121.6,C43914361,0.0,0.0,0,0
386,TRANSFER,4916.5,C82399599,11515.55,6599.05,C29109045,84425.84,89342.34,0,0
386,DEBIT,3259.99,C12446861,9125.82,5865.83,M45899440,697.41,3957.4,0,0
386,CASH_OUT,4394.89,C78444607,10316.88,5921.99,C78501420,71631.8,76026.69,0,0
386,CASH_OUT,2072.38,C11698142,5666.43,3594.05,C80196591,50050.13,52122.51,0,0
386,CASH_OUT,1654.97,C31429110,3869.75,2214.78,M93179531,29316.02,30970.99,0,0
386,TRANSFER,2989.69,C36025314,10849.64,7859.95,C78626154,192837.74,195827.43,0,0
386,TRANSFER,4695.79,C80166708,10199.77,5503.98,C54448673,8572.24,13268.03,0,0
387,PAYMENT,5126.19,C75437844,335107.06,329980.87,C71453007,0.0,0.0,0,0
387,PAYMENT,2331.99,C13852048,177500.96,175168.97,C63635785,0.0,0.0,0,0
387,CASH_IN,150.51,C19553585,270.44,119.93,C58258264,47215.98,47366.49,0,0
387,CASH_OUT,1507.86,C11362459,3566.51,2058.65,C10344739,6629.32,8137.18,0,0
387,PAYMENT,783.48,C22120246,60960.3,60176.82,C94044392,0.0,0.0,0,0
387,CASH_IN,109.17,C44088261,323.7,214.53,C45029610,93151.79,93260.96,0,0
387,CASH_OUT,3529.72,C90180577,10189.04,6659.32,C80905413,8944.27,12473.99,0,0
387,DEBIT,488.7,C85345555,601.53,112.83,C43308414,40657.23,41145.93,0,0
387,CASH_OUT,5748.89,C46855845,6584.77,835.88,C42559072,48034.27,53783.16,0,0
387,CASH_OUT,14315.48,C13561597,15644.55,1329.07,M83867070,94101.7,108417.18,0,0
387,CASH_OUT,264.4,C69023966,400.85,136.45,C41802361,78176.99,78441.39,0,0
387,TRANSFER,6189.04,C39372360,20078.32,13889.28,C27543369,23388.74,29577.78,0,0
387,PAYMENT,910.41,C15858241,112621.43,111711.02,C90973889,0.0,0.0,0,0
388,TRANSFER,6894.66,C74606833,12951.65,6056.99,C70858653,14125.72,21020.38,0,0
388,CASH_IN,514.05,C26753883,823.95,309.9,M95565484,10713.69,11227.74,0,0
388,CASH_IN,3321.91,C69118721,8699.21,5377.3,C25331969,7459.43,10781.34,0,0
388,CASH_OUT,8915.17,C66722344,9750.53,835.36,C81394920,10093.4,19008.57,0,0
388,TRANSFER,6854.31,C73411827,21653.35,14799.04,M43635675,152966.48,159820.79,0,0
388,TRANSFER,5734.88,C22960658,17748.64,12013.76,C85594147,81451.7,87186.58,0,0
388,CASH_IN,8878.41,C39738898,12981.81,4103.4,C35925669,86773.6,95652.01,0,0
388,PAYMENT,181.64,C74672520,166337.43,166155.79,C72189327,0.0,0.0,0,0
388,TRANSFER,1346.44,C37760841,1359.12,12.68,C85594147,4398.12,5744.56,0,0
388,CASH_OUT,825.62,C98447167,2331.69,1506.07,C59961172,42061.11,42886.73,0,0
388,TRANSFER,186.95,C28419343,646.99,460.04,M78090664,117456.35,117643.3,0,0
388,PAYMENT,1706.04,C74251933,479659.79,477953.75,C24626086,0.0,0.0,0,0
388,TRANSFER,46048.45,C75181765,92597.91,46549.46,C21501669,149147.54,195195.99,0,0
388,DEBIT,2274.18,C20633503,2779.81,505.63,C22136086,54600.87,56875.05,0,0
389,PAYMENT,2812.57,C24282218,225621.97,222809.4,C66268745,0.0,0.0,0,0
389,CASH_IN,8641.45,C71045700,22591.86,13950.41,C68916591,13398.64,22040.09,0,0
389,PAYMENT,9269.58,C49625201,383008.28,373738.7,C74279671,0.0,0.0,0,0
389,PAYMENT,1942.15,C82825679,51034.26,49092.11,C93890601,0.0,0.0,0,0
389,CASH_IN,1393.89,C56600900,1825.34,431.45,C58258264,85408.19,86802.08,0,0
389,CASH_IN,1901.56,C62163160,4801.16,2899.6,M36975128,81209.82,83111.38,0,0
389,CASH_IN,1701.28,C29997018,2473.94,772.66,M65907088,38335.24,40036.52,0,0
389,CASH_IN,325.16,C34941004,836.81,511.65,C87619624,43513.17,43838.33,0,0
389,CASH_OUT,3847.62,C51471222,9786.05,5938.43,C87949714,42285.15,46132.77,0,0
389,TRANSFER,3135.42,C29090631,6503.83,3368.41,C57756170,88867.05,92002.47,0,0
389,CASH_OUT,1108.6,C58537831,2942.03,1833.43,C23111164,46384.53,47493.13,0,0
389,CASH_OUT,1510.09,C15512205,3789.42,2279.33,C59755172,48068.43,49578.52,0,0
389,CASH_IN,195.25,C82503409,285.02,89.77,C59044830,66457.95,66653.2,0,0
390,PAYMENT,426.22,C16323852,50655.91,50229.69,M28450513,0.0,0.0,0,0
390,TRANSFER,3279.0,C75529051,8493.36,5214.36,C20770971,155487.02,158766.02,0,0
390,TRANSFER,24812.42,C80794454,30238.6,5426.18,C85947990,61041.11,85853.53,0,0
390,CASH_OUT,4387.05,C22684373,10280.78,5893.73,C19031632,38332.26,42719.31,0,0
390,PAYMENT,1786.22,C85863473,88033.64,86247.42,C74796438,0.0,0.0,0,0
390,PAYMENT,2325.25,C67698610,376366.92,374041.67,C88710263,0.0,0.0,0,0
390,PAYMENT,819.48,C71477426,202607.67,201788.19,C83233096,0.0,0.0,0,0
390,TRANSFER,23592.12,C18181586,62873.04,39280.92,C61369075,166947.19,190539.31,0,0
390,PAYMENT,1260.84,C40742311,209476.49,208215.65,C85633013,0.0,0.0,0,0
390,PAYMENT,1840.13,C64009265,7122.23,5282.1,M70445541,0.0,0.0,0,0
390,CASH_IN,2901.18,C18126895,5090.1,2188.92,C76588957,20687.44,23588.62,0,0
390,TRANSFER,31577.26,C87342561,110662.65,79085.39,C12941099,42098.92,73676.18,0,0
390,TRANSFER,8123.76,C12601580,31688.23,23564.47,M24660143,80776.46,88900.22,0,0
391,CASH_OUT,5893.51,C26989677,13009.83,7116.32,C26674831,21788.81,27682.32,0,0
391,PAYMENT,2591.48,C98575748,361573.71,358982.23,C42642810,0.0,0.0,0,0
391,TRANSFER,1001.19,C33160465,2221.95,1220.76,C45966597,134692.56,135693.75,0,0
391,CASH_OUT,2415.64,C40587988,6853.28,4437.64,C59350218,52331.55,54747.19,0,0
391,PAYMENT,1516.78,C73900135,340352.88,338836.1,C87490324,0.0,0.0,0,0
391,DEBIT,10985.29,C59597086,26231.15,15245.86,M52550733,78017.21,89002.5,0,0
391,CASH_IN,10163.62,C63293990,15442.77,5279.15,M96075494,34685.31,44848.93,0,0
391,PAYMENT,727.64,C49349722,263363.5,262635.86,C85986307,0.0,0.0,0,0
391,CASH_OUT,2330.53,C21318464,4541.11,2210.58,C49922369,57771.05,60101.58,0,0
391,CASH_OUT,4711.05,C19339597,7795.58,3084.53,M16101779,85375.44,90086.49,0,0
391,TRANSFER,28280.27,C63782042,29029.8,749.53,C23560308,39178.56,67458.83,0,0
391,TRANSFER,7601.02,C98955314,17867.68,10266.66,C48241423,147612.33,155213.35,0,0
391,CASH_IN,3451.16,C79583757,9537.87,6086.71,C25294777,49981.15,53432.31,0,0
391,PAYMENT,1089.45,C16990811,128836.14,127746.69,C16292676,0.0,0.0,0,0
392,CASH_OUT,7549.79,C91378577,18186.9,10637.11,C52279780,2762.12,10311.91,0,0
392,CASH_OUT,6205.41,C77292380,8031.82,1826.41,C11699863,18092.77,24298.18,0,0
392,PAYMENT,2981.67,C57469942,202415.72,199434.05,C81930575,0.0,0.0,0,0
392,DEBIT,1129.31,C68754920,2157.98,1028.67,M16072331,20624.2,21753.51,0,0
392,PAYMENT,5580.06,C78387461,89679.73,84099.67,C10145801,0.0,0.0,0,0
392,DEBIT,11235.68,C57928328,14544.03,3308.35,C23746101,10328.74,21564.42,0,0
392,DEBIT,3951.01,C48016697,10556.44,6605.43,M92467167,83013.23,86964.24,0,0
392,CASH_OUT,3991.28,C83076970,8834.68,4843.4,C27286109,96871.2,100862.48,0,0
392,PAYMENT,2062.7,C94705205,83862.07,81799.37,C24363501,0.0,0.0,0,0
392,TRANSFER,12619.58,C71707170,46050.4,33430.82,C10404729,75017.83,87637.41,0,0
392,TRANSFER,8222.83,C89920257,18192.56,9969.73,C27927298,111138.33,119361.16,0,0
392,PAYMENT,500.08,C61019678,89509.27,89009.19,C42122457,0.0,0.0,0,0
392,PAYMENT,336.61,C84346088,213565.95,213229.34,C41966313,0.0,0.0,0,0
393,CASH_IN,880.94,C71682508,1246.23,365.29,M46850196,85647.79,86528.73,0,0
393,PAYMENT,1349.56,C50603163,16734.81,15385.25,M96343485,0.0,0.0,0,0
393,CASH_OUT,886.03,C80993218,2589.12,1703.09,C77052833,56863.89,57749.92,0,0
393,CASH_OUT,7740.31,C30718012,22900.46,15160.15,M68810561,26614.11,34354.42,0,0
393,PAYMENT,520.92,C73920651,135781.54,135260.62,C75846624,0.0,0.0,0,0
393,CASH_IN,8784.07,C97488142,9847.82,1063.75,M32633927,54636.72,63420.79,0,0
393,CASH_OUT,479.06,C30796389,1325.6,846.54,M36347197,75947.32,76426.38,0,0
393,TRANSFER,9932.74,C42002808,12328.07,2395.33,M23494908,184846.33,194779.07,0,0
393,PAYMENT,901.93,C38323322,389709.12,388807.19,C27286109,0.0,0.0,0,0
393,CASH_OUT,2032.85,C77498993,5860.15,3827.3,C94019376,29120.53,31153.38,0,0
393,CASH_OUT,9226.98,C84045292,24638.45,15411.47,M92634772,18353.98,27580.96,0,0
393,PAYMENT,2746.34,C83659258,189614.09,186867.75,C83504237,0.0,0.0,0,0
393,PAYMENT,2737.73,C13176186,58339.97,55602.24,C46501299,0.0,0.0,0,0
393,PAYMENT,139.85,C87774890,81635.02,81495.17,C68238367,0.0,0.0,0,0
394,CASH_OUT,3242.7,C63640499,9591.18,6348.48,C11523452,91587.98,94830.68,0,0
394,CASH_IN,2306.41,C89254563,3331.8,1025.39,C88147469,56282.16,58588.57,0,0
394,PAYMENT,1051.93,C98227303,378603.58,377551.65,C75846624,0.0,0.0,0,0
394,TRANSFER,5166.97,C81688860,18822.91,13655.94,C41715995,123540.66,128707.63,0,0
394,CASH_OUT,7176.46,C77349752,11841.88,4665.42,C51701149,69888.08,77064.54,0,0
394,DEBIT,18083.11,C61343880,39953.23,21870.12,C48241423,12722.06,30805.17,0,0
394,PAYMENT,1898.67,C25356396,495670.63,493771.96,M50237208,0.0,0.0,0,0
394,TRANSFER,13664.28,C21819185,17230.93,3566.65,M37828932,179066.73,192731.01,0,0
394,TRANSFER,61046.53,C23009833,124790.4,63743.87,C85672859,10503.84,71550.37,0,0
394,CASH_OUT,15284.21,C83212334,28405.34,13121.13,C96322745,12543.86,27828.07,0,0
394,CASH_OUT,11710.12,C87446468,20964.23,9254.11,C28405182,33112.77,44822.89,0,0
394,CASH_OUT,3123.15,C23419256,6577.13,3453.98,C50168264,30372.24,33495.39,0,0
394,PAYMENT,703.82,C27105448,245647.48,244943.66,C67653606,0.0,0.0,0,0
395,PAYMENT,1123.48,C59470729,314047.7,312924.22,C80905413,0.0,0.0,0,0
395,TRANSFER,9039.61,C82232344,9055.08,15.47,M28481124,171973.33,181012.94,0,0
395,CASH_IN,12171.17,C25898299,32036.09,19864.92,C64877191,41869.59,54040.76,0,0
395,PAYMENT,700.39,C25558733,377261.6,376561.21,C46032304,0.0,0.0,0,0
395,TRANSFER,90777.4,C22684373,73086.23,0.0,C50109721,10328.27,101105.67,1,0
395,TRANSFER,19323.35,C96879854,28940.81,9617.46,M14237322,154557.8,173881.15,0,0
395,TRANSFER,10286.38,C60192261,39432.73,29146.35,C35504548,176541.23,186827.61,0,0
395,DEBIT,8247.63,C25521714,8784.95,537.32,C52222214,25904.81,34152.44,0,0
395,PAYMENT,1887.2,C20598952,19228.2,17341.0,C53165014,0.0,0.0,0,0
395,TRANSFER,4288.72,C63481198,8772.52,4483.8,M12541730,39293.27,43581.99,0,0
395,PAYMENT,1011.95,C51373735,5267.15,4255.2,M35606639,0.0,0.0,0,0
395,TRANSFER,3576.42,C50264926,4013.5,437.08,C35925669,162107.91,165684.33,0,0
395,CASH_OUT,7387.21,C60319927,12470.39,5083.18,C32277675,97342.54,104729.75,0,0
395,PAYMENT,86.07,C27758595,442598.65,442512.58,C48766747,0.0,0.0,0,0
396,CASH_OUT,100.05,C47393469,259.37,159.32,C98612211,68295.04,68395.09,0,0
396,CASH_IN,4989.2,C70855700,13523.89,8534.69,M81826922,58089.53,63078.73,0,0
396,PAYMENT,434.5,C69023966,404650.96,404216.46,C44727276,0.0,0.0,0,0
396,PAYMENT,412.74,C43446826,392117.15,391704.41,C27705074,0.0,0.0,0,0
396,PAYMENT,1430.77,C45186708,378016.4,376585.63,M75632882,0.0,0.0,0,0
396,PAYMENT,1138.17,C54318698,437823.22,436685.05,M48789478,0.0,0.0,0,0
396,CASH_OUT,1819.41,C43183955,5163.98,3344.57,C45029610,59209.55,61028.96,0,0
396,PAYMENT,66.95,C23141087,406299.17,406232.22,M92523968,0.0,0.0,0,0
396,PAYMENT,2025.57,C93016315,283036.66,281011.09,C52779814,0.0,0.0,0,0
396,PAYMENT,2396.66,C29226889,499910.97,497514.31,C70272714,0.0,0.0,0,0
396,TRANSFER,7339.64,C13704481,28608.11,21268.47,M16783418,54623.69,61963.33,0,0
396,TRANSFER,15080.59,C51663795,41311.2,26230.61,M48879071,89421.87,104502.46,0,0
396,PAYMENT,204.46,C38408562,300025.24,299820.78,C61920550,0.0,0.0,0,0
397,CASH_OUT,2029.88,C74019136,4470.38,2440.5,C80573568,13389.73,15419.61,0,0
397,TRANSFER,12593.64,C88461803,49127.07,36533.43,M22086184,80896.21,93489.85,0,0
397,TRANSFER,11719.82,C33978249,32393.52,20673.7,C69691437,56293.18,68013.0,0,0
397,TRANSFER,293822.21,C61220073,348895.36,0.0,C36770773,9290.67,0.0,1,1
397,CASH_OUT,6169.8,C42194159,16002.36,9832.56,C33505978,58595.69,64765.49,0,0
397,TRANSFER,13732.15,C11049999,42692.87,28960.72,C55307111,20875.04,34607.19,0,0
397,DEBIT,2880.56,C97302916,7043.24,4162.68,M86230551,12810.88,15691.44,0,0
397,TRANSFER,17439.58,C48163378,42210.02,24770.44,C28268622,31077.81,48517.39,0,0
397,CASH_OUT,418.27,C51638598,751.75,333.48,C36246038,38309.51,38727.78,0,0
397,DEBIT,206.33,C46613428,264.87,58.54,C28419506,2540.48,2746.81,0,0
397,CASH_OUT,7160.52,C11868130,18741.25,11580.73,C35760684,22856.86,30017.38,0,0
397,CASH_IN,328.27,C21668732,717.66,389.39,C68809636,65984.48,66312.75,0,0
397,CASH_OUT,2841.69,C58895439,4634.26,1792.57,C77015343,13742.86,16584.55,0,0
397,PAYMENT,151.99,C16323852,84775.24,84623.25,M50063879,0.0,0.0,0,0
398,CASH_OUT,3310.42,C10965138,4835.01,1524.59,M34422678,33186.49,36496.91,0,0
398,PAYMENT,1432.02,C85329037,48855.4,47423.38,C43220503,0.0,0.0,0,0
398,CASH_OUT,7339.56,C23796726,8812.87,1473.31,C96110892,63984.73,71324.29,0,0
398,CASH_IN,2683.68,C48349783,6259.36,3575.68,M77674279,4936.94,7620.62,0,0
398,CASH_IN,10078.33,C88213973,19856.62,9778.29,C54462389,59127.97,69206.3,0,0
398,PAYMENT,270.25,C41514326,131942.31,131672.06,M62868861,0.0,0.0,0,0
398,TRANSFER,6267.94,C69166287,19288.16,13020.22,C21908603,51013.53,57281.47,0,0
398,CASH_OUT,4427.98,C69476001,8871.18,4443.2,M92745294,23626.7,28054.68,0,0
398,CASH_OUT,3615.63,C19957701,8499.67,4884.04,C61482483,70041.2,73656.83,0,0
398,PAYMENT,2940.97,C61167978,56511.74,53570.77,C45292504,0.0,0.0,0,0
398,PAYMENT,5336.15,C80993218,463980.12,458643.97,C84275638,0.0,0.0,0,0
398,PAYMENT,4774.13,C39345092,386287.06,381512.93,C28176954,0.0,0.0,0,0
398,PAYMENT,404.07,C68503492,22640.78,22236.71,C11656329,0.0,0.0,0,0
399,PAYMENT,1841.75,C71045700,192337.5,190495.75,C48744673,0.0,0.0,0,0
399,DEBIT,2896.43,C42323627,8467.09,5570.66,M60961690,88062.76,90959.19,0,0
399,CASH_IN,4511.64,C65590800,9825.56,5313.92,M61028283,98617.73,103129.37,0,0
399,CASH_OUT,9385.19,C19943140,25764.36,16379.17,C85482164,94275.6,103660.79,0,0
399,PAYMENT,666.05,C45650176,234700.43,234034.38,C46930534,0.0,0.0,0,0
399,CASH_IN,11611.33,C14968688,18342.1,6730.77,C43511112,43329.1,54940.43,0,0
399,CASH_IN,11655.7,C88320463,23772.16,12116.46,C44738319,63653.98,75309.68,0,0
399,PAYMENT,2613.56,C12799319,180920.08,178306.52,C80196591,0.0,0.0,0,0
399,TRANSFER,56364.39,C47962005,181293.35,124928.96,C38138531,35187.45,91551.84,0,0
399,TRANSFER,9784.83,C40884937,30644.17,20859.34,C25145751,96087.36,105872.19,0,0
399,TRANSFER,4758.64,C46361787,15317.91,10559.27,C13940129,53958.97,58717.61,0,0
399,PAYMENT,3400.02,C34359060,329914.15,326514.13,M48352498,0.0,0.0,0,0
399,CASH_OUT,801.36,C12515446,2282.24,1480.88,M32885741,86226.35,87027.71,0,0
400,CASH_OUT,4965.45,C23044889,8671.98,3706.53,C43534652,78573.56,83539.01,0,0
400,TRANSFER,3616.7,C75575808,5489.57,1872.87,M80361272,174045.7,177662.4,0,0
400,DEBIT,6073.0,C77827638,7363.99,1290.99,C12240013,18335.1,24408.1,0,0
400,TRANSFER,11386.03,C59333209,33097.92,21711.89,C77056519,34432.53,45818.56,0,0
400,PAYMENT,973.45,C42100652,224716.62,223743.17,C73360324,0.0,0.0,0,0
400,PAYMENT,360.52,C63349308,95974.07,95613.55,C60090149,0.0,0.0,0,0
400,CASH_OUT,12160.01,C67702031,27873.64,15713.63,C74082804,9063.97,21223.98,0,0
400,TRANSFER,2894.53,C98195059,5027.95,2133.42,M93179531,55431.87,58326.4,0,0
400,CASH_OUT,10296.97,C99600766,22530.22,12233.25,C56748074,78806.1,89103.07,0,0
400,CASH_OUT,10203.53,C14478111,18252.46,8048.93,C63196064,83147.53,93351.06,0,0
400,TRANSFER,16825.93,C91823275,36941.43,20115.5,M18715975,53192.96,70018.89,0,0
400,PAYMENT,652.2,C73837847,172660.19,172007.99,C63015826,0.0,0.0,0,0
400,TRANSFER,8691.97,C91846696,18113.37,9421.4,M18824561,39646.86,48338.83,0,0
400,CASH_IN,10419.15,C72820592,27839.01,17419.86,C30706693,64701.59,75120.74,0,0
401,PAYMENT,294.54,C22448136,117336.46,117041.92,C52057323,0.0,0.0,0,0
401,TRANSFER,4222.46,C77187530,5291.61,1069.15,M72734149,44701.6,48924.06,0,0
401,CASH_OUT,11703.69,C68450095,26197.23,14493.54,C21063273,13446.88,25150.57,0,0
401,CASH_IN,5350.85,C46855845,10313.02,4962.17,C66346728,8684.35,14035.2,0,0
401,CASH_OUT,3774.33,C49625201,3818.03,43.7,M48307798,4677.69,8452.02,0,0
401,PAYMENT,1125.68,C46670512,466018.59,464892.91,M59930790,0.0,0.0,0,0
401,CASH_OUT,6832.85,C75319931,7342.2,509.35,C68664992,39997.43,46830.28,0,0
401,PAYMENT,699.04,C73519947,461887.5,461188.46,M43322272,0.0,0.0,0,0
401,TRANSFER,38559.56,C59667685,44909.5,6349.94,C11590610,195147.68,233707.24,0,0
401,TRANSFER,16982.57,C78140959,28108.97,11126.4,M59115280,105618.59,122601.16,0,0
401,CASH_OUT,869353.29,C12729224,794705.91,0.0,C17734153,27137.69,0.0,1,0
401,PAYMENT,1282.49,C72104107,330199.32,328916.83,C35760684,0.0,0.0,0,0
401,DEBIT,3273.67,C85017250,7681.97,4408.3,M96690951,20558.6,23832.27,0,0
402,CASH_IN,1256.91,C40406092,1755.22,498.31,C96702893,41036.66,42293.57,0,0
402,PAYMENT,3340.87,C39587039,468554.58,465213.71,C67063296,0.0,0.0,0,0
402,CASH_OUT,24574.54,C28892086,29152.95,4578.41,C97735896,43527.28,68101.82,0,0
402,CASH_OUT,13848.4,C38688676,16594.31,2745.91,C90753812,34896.6,48745.0,0,0
402,CASH_OUT,9353.18,C39801436,26476.85,17123.67,C47890586,19662.74,29015.92,0,0
402,CASH_OUT,2459.28,C82909480,6860.21,4400.93,C89941241,52335.89,54795.17,0,0
402,CASH_IN,2879.2,C88802305,5299.01,2419.81,C88653825,91858.64,94737.84,0,0
402,TRANSFER,7189.56,C41244663,11685.08,4495.52,C67790557,50950.56,58140.12,0,0
402,CASH_OUT,3229.16,C69849511,3519.8,290.64,M79616482,27744.32,30973.48,0,0
402,PAYMENT,3216.22,C18770247,36591.8,33375.58,C43321320,0.0,0.0,0,0
402,TRANSFER,10768.3,C13637575,27295.39,16527.09,C72552858,88834.68,99602.98,0,0
402,PAYMENT,15.09,C17774584,423422.99,423407.9,C41966313,0.0,0.0,0,0
402,PAYMENT,1839.07,C22120246,283186.7,281347.63,C82125824,0.0,0.0,0,0
402,PAYMENT,3603.49,C82160068,349271.94,345668.45,C19263592,0.0,0.0,0,0
403,PAYMENT,353.35,C31931511,86012.64,85659.29,C21279580,0.0,0.0,0,0
403,PAYMENT,31.12,C40532691,223757.57,223726.45,M97629787,0.0,0.0,0,0
403,CASH_OUT,10448.59,C79182797,26509.8,16061.21,C97219985,16821.83,27270.42,0,0
403,CASH_OUT,1092.51,C54988206,1825.02,732.51,C96344420,19637.06,20729.57,0,0
403,PAYMENT,979.19,C92545028,287154.55,286175.36,C88387434,0.0,0.0,0,0
403,CASH_IN,1470.78,C33328859,3708.88,2238.1,C73909453,1078.03,2548.81,0,0
403,CASH_OUT,2944.17,C23676961,6100.71,3156.54,C83835976,74535.73,77479.9,0,0
403,PAYMENT,922.98,C70505620,381010.44,380087.46,C21395409,0.0,0.0,0,0
403,PAYMENT,2414.34,C46817443,284774.34,282360.0,C62497139,0.0,0.0,0,0
403,PAYMENT,1948.73,C24305904,234870.02,232921.29,C56135950,0.0,0.0,0,0
403,PAYMENT,4664.93,C69302158,218068.97,213404.04,C89778067,0.0,0.0,0,0
403,PAYMENT,3225.07,C63516659,33483.2,30258.13,C59330907,0.0,0.0,0,0
403,CASH_OUT,524882.73,C66306997,551352.52,0.0,C85427317,88563.64,0.0,1,0
404,CASH_IN,3299.39,C57928328,4450.09,1150.7,C39410942,39081.48,42380.87,0,0
404,CASH_OUT,2365.82,C63640499,5157.33,2791.51,M70981700,1600.34,3966.16,0,0
404,PAYMENT,887.99,C78444607,291612.42,290724.43,M38799154,0.0,0.0,0,0
404,PAYMENT,6039.8,C39854548,267748.0,261708.2,C95080736,0.0,0.0,0,0
404,PAYMENT,1344.52,C72409658,214815.84,213471.32,C20135622,0.0,0.0,0,0
404,CASH_OUT,3911.81,C30509175,8880.52,4968.71,C22028437,73703.92,77615.73,0,0
404,CASH_OUT,667.51,C70407340,1944.04,1276.53,M53106399,52255.03,52922.54,0,0
404,CASH_OUT,1742.86,C65625330,3123.83,1380.97,M40289135,37517.65,39260.51,0,0
404,CASH_IN,7228.93,C76481885,13754.81,6525.88,C59044830,65182.52,72411.45,0,0
404,CASH_IN,241.4,C21370793,665.53,424.13,C42342202,25640.72,25882.12,0,0
404,PAYMENT,336.16,C49761527,234742.21,234406.05,C41778964,0.0,0.0,0,0
404,PAYMENT,426.25,C58592048,195074.32,194648.07,C28762704,0.0,0.0,0,0
404,CASH_OUT,1363.9,C15134794,3571.06,2207.16,C14539747,96467.57,97831.47,0,0
404,TRANSFER,26351.61,C81016525,96099.16,69747.55,C39127464,18338.46,44690.07,0,0
405,CASH_OUT,2559.57,C46249845,5676.76,3117.19,C72423883,3355.81,5915.38,0,0
405,TRANSFER,7399.85,C78387461,27923.4,20523.55,M29990477,34220.5,41620.35,0,0
405,PAYMENT,1517.69,C90246882,7524.3,6006.61,M92594562,0.0,0.0,0,0
405,TRANSFER,23056.18,C78299645,71301.53,48245.35,C82383656,130312.6,153368.78,0,0
405,CASH_OUT,4764.63,C68978194,7528.65,2764.02,C13296743,23618.79,28383.42,0,0
405,TRANSFER,2927.63,C80415568,3219.8,292.17,C59044830,179985.63,182913.26,0,0
405,CASH_OUT,3381.64,C57130035,5187.5,1805.86,C22775337,42480.58,45862.22,0,0
405,PAYMENT,335.69,C42117961,107214.47,106878.78,C92000924,0.0,0.0,0,0
405,PAYMENT,2261.96,C49491631,323016.83,320754.87,C27784789,0.0,0.0,0,0
405,PAYMENT,1131.86,C89991301,13082.08,11950.22,M99903592,0.0,0.0,0,0
405,TRANSFER,10498.89,C46361787,38457.35,27958.46,C88634827,24928.31,35427.2,0,0
405,DEBIT,10165.21,C65910756,13886.42,3721.21,M77680031,18341.0,28506.21,0,0
405,TRANSFER,285.83,C74988034,1067.2,781.37,C54499873,128832.24,129118.07,0,0
406,TRANSFER,11282.75,C99663907,37383.05,26100.3,M55314533,90972.27,102255.02,0,0
406,CASH_OUT,5318.23,C59731689,7637.3,2319.07,C76545476,75992.75,81310.98,0,0
406,PAYMENT,1569.96,C27013243,404552.41,402982.45,C52064387,0.0,0.0,0,0
406,PAYMENT,2092.59,C52339391,236422.64,234330.05,C12176998,0.0,0.0,0,0
406,PAYMENT,1866.27,C27105448,208525.6,206659.33,C19015987,0.0,0.0,0,0
406,PAYMENT,796.02,C61410126,406976.83,406180.81,C58079840,0.0,0.0,0,0
406,CASH_OUT,1336.54,C61124122,3658.0,2321.46,C67796330,50371.5,51708.04,0,0
406,CASH_OUT,1269656.06,C47333543,1522838.15,0.0,C32718459,84816.05,1354472.11,1,0
406,CASH_OUT,4478.34,C25585427,5723.31,1244.97,C28176954,11794.82,16273.16,0,0
406,TRANSFER,8003.82,C70939053,28568.38,20564.56,M70394554,85094.9,93098.72,0,0
406,CASH_OUT,3247.67,C67740376,8861.71,5614.04,C92684436,68279.4,71527.07,0,0
406,CASH_OUT,2893.13,C93352876,4084.71,1191.58,M61940566,83893.59,86786.72,0,0
406,PAYMENT,371.07,C75314742,202305.13,201934.06,M79645282,0.0,0.0,0,0
407,PAYMENT,547.07,C52462441,465604.41,465057.34,C33414716,0.0,0.0,0,0
407,CASH_OUT,7953.35,C27013243,15502.14,7548.79,C46907428,94350.54,102303.89,0,0
407,PAYMENT,4802.89,C72445234,90301.05,85498.16,C41119124,0.0,0.0,0,0
407,TRANSFER,29963.9,C68754920,37163.52,7199.62,C71453148,199044.07,229007.97,0,0
407,CASH_OUT,6458.47,C46866075,12794.72,6336.25,C30688754,56185.23,62643.7,0,0
407,PAYMENT,382.67,C16109013,162783.36,162400.69,C63196064,0.0,0.0,0,0
407,PAYMENT,1898.85,C51536077,103628.62,101729.77,C81993070,0.0,0.0,0,0
407,PAYMENT,2327.25,C30517835,232897.98,230570.73,M24401654,0.0,0.0,0,0
407,PAYMENT,2576.66,C89160218,457381.22,454804.56,C91549765,0.0,0.0,0,0
407,PAYMENT,295.6,C14265799,212598.54,212302.94,C95004924,0.0,0.0,0,0
407,PAYMENT,797.61,C91202508,306151.49,305353.88,C82383656,0.0,0.0,0,0
407,PAYMENT,2173.64,C23419256,294481.51,292307.87,C99686372,0.0,0.0,0,0
407,PAYMENT,658.99,C87701200,104710.92,104051.93,M85386435,0.0,0.0,0,0
407,CASH_OUT,395.66,C83599154,1150.33,754.67,C87490324,23441.75,23837.41,0,0
408,CASH_IN,21507.95,C72950208,50525.26,29017.31,M65913331,23740.53,45248.48,0,0
408,PAYMENT,526.43,C85751409,344169.76,343643.33,C28176954,0.0,0.0,0,0
408,TRANSFER,18074.3,C70887034,24199.03,6124.73,C56697654,72399.71,90474.01,0,0
408,CASH_OUT,5219.26,C53536830,9912.85,4693.59,C62138657,99388.39,104607.65,0,0
408,CASH_OUT,677.7,C39394291,1138.51,460.81,M28533117,53860.82,54538.52,0,0
408,CASH_OUT,6164.42,C95125977,18446.83,12282.41,M51137177,53050.19,59214.61,0,0
408,CASH_OUT,11074.36,C79173614,31284.24,20209.88,C83717007,74249.91,85324.27,0,0
408,CASH_OUT,1176.35,C76354180,3086.09,1909.74,C53440052,69737.47,70913.82,0,0
408,TRANSFER,8275.64,C95918360,28684.01,20408.37,C44918995,15993.59,24269.23,0,0
408,PAYMENT,4649.6,C78103759,57599.73,52950.13,C90253323,0.0,0.0,0,0
408,PAYMENT,1803.32,C20796722,430296.13,428492.81,C68341261,0.0,0.0,0,0
408,TRANSFER,411.6,C66629388,1589.41,1177.81,C39698906,54944.78,55356.38,0,0
408,CASH_IN,9597.2,C56930359,11783.4,2186.2,C22501261,88302.82,97900.02,0,0
409,TRANSFER,3219.91,C50071487,10548.01,7328.1,C85141654,184306.58,187526.49,0,0
409,PAYMENT,687.4,C12823170,325944.71,325257.31,C45106207,0.0,0.0,0,0
409,PAYMENT,1069.93,C35748341,386654.6,385584.67,C88158177,0.0,0.0,0,0
409,CASH_IN,4327.78,C16408822,10024.61,5696.83,C91915661,90125.25,94453.03,0,0
409,DEBIT,5311.68,C35475673,6301.28,989.6,C10908300,147.27,5458.95,0,0
409,TRANSFER,23239.82,C62405812,31218.35,7978.53,C98329927,11825.44,35065.26,0,0
409,TRANSFER,24456.68,C39394291,46346.18,21889.5,M78412668,89807.04,114263.72,0,0
409,PAYMENT,216.85,C18883684,17481.74,17264.89,M98043078,0.0,0.0,0,0
409,DEBIT,4476.57,C54024257,4758.11,281.54,C74321792,64062.19,68538.76,0,0
409,DEBIT,13939.19,C55866538,37886.8,23947.61,C51181116,45426.16,59365.35,0,0
409,PAYMENT,1052.63,C67110154,265288.68,264236.05,M79190008,0.0,0.0,0,0
409,TRANSFER,11897.45,C43638559,18102.68,6205.23,C29825571,174153.64,186051.09,0,0
409,CASH_OUT,1696.62,C79967676,3483.42,1786.8,C98221829,75226.59,76923.21,0,0
409,CASH_OUT,6217.5,C40587988,11908.29,5690.79,C45882178,51634.01,57851.51,0,0
410,PAYMENT,2533.55,C42691263,483038.53,480504.98,C54424679,0.0,0.0,0,0
410,CASH_OUT,14982.62,C72360629,34365.51,19382.89,C25578562,63134.59,78117.21,0,0
410,PAYMENT,181.68,C21496211,210636.29,210454.61,M81602209,0.0,0.0,0,0
410,TRANSFER,1176.61,C42868828,3596.04,2419.43,C24363501,144127.24,145303.85,0,0
410,CASH_IN,247.27,C36040410,437.61,190.34,C33193791,11017.87,11265.14,0,0
410,CASH_OUT,3773.28,C96629889,4772.68,999.4,C21501669,55746.93,59520.21,0,0
410,TRANSFER,917.32,C69934576,1578.09,660.77,M84252324,24889.33,25806.65,0,0
410,CASH_OUT,4450.04,C67503414,6009.6,1559.56,C85920319,92283.03,96733.07,0,0
410,PAYMENT,3625.62,C15917225,450874.76,447249.14,C95044078,0.0,0.0,0,0
410,PAYMENT,906.01,C73509974,136123.1,135217.09,C37133023,0.0,0.0,0,0
410,TRANSFER,1367.42,C62884503,3952.72,2585.3,C16171536,37592.2,38959.62,0,0
410,CASH_IN,2396.31,C66431351,7180.88,4784.57,C52802529,68046.68,70442.99,0,0
410,PAYMENT,744.8,C30703455,450195.15,449450.35,C67845091,0.0,0.0,0,0
411,CASH_OUT,1125908.54,C82394227,1357004.9,231096.36,M73297813,14260.42,0.0,1,0
411,TRANSFER,14331.31,C93851247,39984.53,25653.22,C37449289,117527.81,131859.12,0,0
411,PAYMENT,512.25,C84377016,79792.63,79280.38,C87268086,0.0,0.0,0,0
411,CASH_OUT,466.33,C40547349,474.68,8.35,C20526386,55131.97,55598.3,0,0
411,DEBIT,531.98,C48089166,1012.2,480.22,C73909453,82291.81,82823.79,0,0
411,CASH_OUT,2287.6,C94819556,5078.68,2791.08,C67610401,64902.52,67190.12,0,0
411,CASH_OUT,879.61,C84087145,2206.44,1326.83,M54012664,24228.3,25107.91,0,0
411,PAYMENT,374.9,C75529051,422541.9,422167.0,M58657117,0.0,0.0,0,0
411,PAYMENT,571.83,C43554863,155552.67,154980.84,C23364695,0.0,0.0,0,0
411,TRANSFER,10762.92,C25372341,35434.71,24671.79,C65388634,51912.6,62675.52,0,0
411,CASH_OUT,5389.06,C20949687,14174.87,8785.81,M32978158,78977.28,84366.34,0,0
411,CASH_OUT,2703.29,C12515446,2791.25,87.96,C54524582,24307.16,27010.45,0,0
411,TRANSFER,6523.9,C73519947,22971.96,16448.06,C42900372,179873.43,186397.33,0,0
411,CASH_OUT,1356.83,C80591959,3729.32,2372.49,M28392710,56995.56,58352.39,0,0
412,PAYMENT,1590.4,C72005415,259849.84,258259.44,C21641746,0.0,0.0,0,0
412,PAYMENT,3322.48,C87265240,356725.5,353403.02,C39368039,0.0,0.0,0,0
412,DEBIT,449.15,C47111151,1346.61,897.46,M52752377,96073.02,96522.17,0,0
412,PAYMENT,1035.31,C13704481,21143.31,20108.0,C45879718,0.0,0.0,0,0
412,CASH_OUT,1657.29,C54398056,4227.62,2570.33,C98007006,97015.6,98672.89,0,0
412,CASH_OUT,4568.3,C26046365,5750.1,1181.8,C69302835,58147.68,62715.98,0,0
412,PAYMENT,48.55,C58112135,243331.73,243283.18,C72423883,0.0,0.0,0,0
412,CASH_OUT,1258.79,C73411827,3537.4,2278.61,C88478184,13488.84,14747.63,0,0
412,CASH_OUT,2776.14,C97971488,6134.34,3358.2,C23560308,38695.16,41471.3,0,0
412,CASH_OUT,10365.82,C45650176,23217.0,12851.18,C51181116,1107.96,11473.78,0,0
412,DEBIT,2372.25,C11898961,2717.04,344.79,C71851421,45370.49,47742.74,0,0
412,PAYMENT,2248.46,C57354167,292536.63,290288.17,C74817230,0.0,0.0,0,0
412,TRANSFER,2658.94,C48250360,5665.84,3006.9,M35805259,197068.08,199727.02,0,0
413,CASH_IN,1153.88,C97236246,3341.6,2187.72,C16796477,65730.43,66884.31,0,0
413,PAYMENT,40.73,C89864260,457576.95,457536.22,C67653606,0.0,0.0,0,0
413,CASH_OUT,5468.74,C94216001,11464.25,5995.51,C45292504,21533.62,27002.36,0,0
413,PAYMENT,588.52,C30881581,367932.32,367343.8,C24219637,0.0,0.0,0,0
413,PAYMENT,1719.89,C34194479,201108.99,199389.1,C52885071,0.0,0.0,0,0
413,PAYMENT,3980.07,C96934122,355637.55,351657.48,C89941241,0.0,0.0,0,0
413,PAYMENT,12049.27,C64830300,95270.95,83221.68,C66135102,0.0,0.0,0,0
413,PAYMENT,2224.63,C30068183,218046.51,215821.88,C26031369,0.0,0.0,0,0
413,PAYMENT,136.45,C55076693,125035.41,124898.96,M57364777,0.0,0.0,0,0
413,DEBIT,9836.16,C55617282,10797.27,961.11,M24749927,94752.71,104588.87,0,0
413,TRANSFER,14643.9,C72270726,50364.7,35720.8,C74082804,20033.48,34677.38,0,0
413,CASH_OUT,9635.12,C11297845,13288.75,3653.63,C33156250,76443.58,86078.7,0,0
413,PAYMENT,1122.47,C25014631,495538.98,494416.51,M89688374,0.0,0.0,0,0
413,TRANSFER,1347787.11,C83871890,1273384.45,0.0,M95565484,97888.87,1445675.98,1,1
414,TRANSFER,26747.09,C67611469,76251.11,49504.02,C32579937,149651.6,176398.69,0,0
414,PAYMENT,252.91,C81016525,396619.9,396366.99,C33381086,0.0,0.0,0,0
414,CASH_OUT,5407.33,C86010330,14631.23,9223.9,C32277675,87071.52,92478.85,0,0
414,PAYMENT,753.21,C40354559,282883.45,282130.24,C33562830,0.0,0.0,0,0
414,CASH_IN,1465.91,C45810056,1812.48,346.57,C14259382,20412.52,21878.43,0,0
414,CASH_OUT,6788.24,C94183695,8856.02,2067.78,C56047142,63556.78,70345.02,0,0
414,TRANSFER,33376.06,C77416376,92595.54,59219.48,C67961650,108489.09,141865.15,0,0
414,CASH_OUT,3111.75,C23290458,5499.98,2388.23,C16533225,15976.89,19088.64,0,0
414,CASH_OUT,5948.25,C53589647,7559.42,1611.17,C62707402,90859.07,96807.32,0,0
414,CASH_OUT,10597.34,C67527432,24351.94,13754.6,C93135800,5561.12,16158.46,0,0
414,TRANSFER,4378.14,C99038526,7427.0,3048.86,M54968591,114475.31,118853.45,0,0
414,PAYMENT,67.77,C22246348,215197.36,215129.59,C80659726,0.0,0.0,0,0
414,PAYMENT,3070.97,C44044361,52947.84,49876.87,C78293320,0.0,0.0,0,0
415,CASH_OUT,5451.88,C12179995,12217.02,6765.14,C99628735,12510.24,17962.12,0,0
415,CASH_OUT,9509.64,C78092370,25243.98,15734.34,C79942848,54519.9,64029.54,0,0
415,TRANSFER,1481912.62,C20593403,1459699.91,0.0,C72423883,87934.68,0.0,1,1
415,DEBIT,2277.1,C16788532,3397.46,1120.36,C91197624,93524.27,95801.37,0,0
415,CASH_IN,6047.53,C33328859,10988.26,4940.73,C82125824,10050.4,16097.93,0,0
415,PAYMENT,1255.46,C45859307,286791.73,285536.27,C71605634,0.0,0.0,0,0
415,TRANSFER,1880.59,C79654147,5556.98,3676.39,M62741471,146775.41,148656.0,0,0
415,CASH_OUT,1940.12,C16416148,5225.23,3285.11,C95133532,30962.01,32902.13,0,0
415,PAYMENT,4463.82,C32566390,155062.1,150598.28,C39368039,0.0,0.0,0,0
415,CASH_OUT,10524.56,C10054484,17217.92,6693.36,M38876195,96436.51,106961.07,0,0
415,CASH_OUT,2257.93,C38468360,5051.77,2793.84,M52552488,85042.02,87299.95,0,0
415,TRANSFER,13614.77,C51837852,33636.32,20021.55,M29163535,40093.41,53708.18,0,0
415,CASH_IN,1512.93,C11250299,3014.75,1501.82,M26800072,97068.16,98581.09,0,0
416,DEBIT,12940.23,C30514014,23785.27,10845.04,M81826922,75756.93,88697.16,0,0
416,CASH_OUT,13437.6,C89609131,14646.68,1209.08,C47221734,69500.98,82938.58,0,0
416,TRANSFER,36795.42,C23891786,101242.08,64446.66,C58189421,144724.47,181519.89,0,0
416,CASH_OUT,264.57,C58178682,366.89,102.32,M60961690,45962.18,46226.75,0,0
416,CASH_IN,3362.83,C95125977,8284.42,4921.59,C18557710,81036.51,84399.34,0,0
416,TRANSFER,10129.44,C99068509,23760.24,13630.8,C33954324,110440.09,120569.53,0,0
416,PAYMENT,959.96,C95822412,136924.94,135964.98,C99399687,0.0,0.0,0,0
416,CASH_OUT,128.02,C17195288,373.5,245.48,M97182566,41598.28,41726.3,0,0
416,PAYMENT,13.69,C34627347,114295.34,114281.65,C17772004,0.0,0.0,0,0
416,TRANSFER,15737.37,C61220073,15979.96,242.59,C98162850,167551.2,183288.57,0,0
416,CASH_OUT,14569.39,C23492385,36629.07,22059.68,C98610233,7129.24,21698.63,0,0
416,CASH_OUT,1380404.26,C20796722,1489016.63,108612.37,C21095863,35727.99,0.0,1,0
416,PAYMENT,3878.46,C87388337,329390.15,325511.69,C51181116,0.0,0.0,0,0
416,CASH_OUT,4321.61,C58667035,4999.73,678.12,C70272714,35167.53,39489.14,0,0
417,CASH_OUT,12955.97,C22388090,28633.17,15677.2,C41943272,7337.46,20293.43,0,0
417,CASH_OUT,2347.29,C54703713,3963.7,1616.41,C85482164,54460.9,56808.19,0,0
417,CASH_OUT,255.56,C91734598,304.34,48.78,C21635070,89519.75,89775.31,0,0
417,TRANSFER,6357.04,C89699989,21628.56,15271.52,C18338186,79087.72,85444.76,0,0
417,PAYMENT,45.03,C55799273,301934.12,301889.09,C21641746,0.0,0.0,0,0
417,PAYMENT,1604.67,C35556386,200389.09,198784.42,C31424479,0.0,0.0,0,0
417,CASH_OUT,22249.76,C14391105,22369.59,119.83,C61705758,28505.64,50755.4,0,0
417,PAYMENT,1382.11,C61632653,446345.84,444963.73,C92000924,0.0,0.0,0,0
417,CASH_IN,963.86,C41711468,2345.7,1381.84,M14179623,31893.32,32857.18,0,0
417,CASH_OUT,7082.05,C12621534,21029.61,13947.56,M13110670,99446.1,106528.15,0,0
417,PAYMENT,2972.62,C51511484,461713.46,458740.84,C92474715,0.0,0.0,0,0
417,CASH_OUT,219.87,C19010480,255.68,35.81,C43316996,53962.76,54182.63,0,0
417,PAYMENT,85.56,C24636981,295106.04,295020.48,M88763056,0.0,0.0,0,0
418,PAYMENT,1077.85,C96691619,81838.68,80760.83,C30854365,0.0,0.0,0,0
418,TRANSFER,3838.24,C62405812,6585.05,2746.81,C13600310,74977.6,78815.84,0,0
418,CASH_IN,2346.41,C15047559,4949.44,2603.03,C89701163,68449.27,70795.68,0,0
418,PAYMENT,545.5,C63640499,486106.73,485561.23,C69572772,0.0,0.0,0,0
418,TRANSFER,6395.48,C14114726,16644.46,10248.98,M59930790,3477.07,9872.55,0,0
418,PAYMENT,221.18,C75575808,80409.03,80187.85,C98610233,0.0,0.0,0,0
418,CASH_OUT,27842.24,C49580505,78030.41,50188.17,C79961132,28248.46,56090.7,0,0
418,PAYMENT,730.98,C93002706,300955.95,300224.97,C40358823,0.0,0.0,0,0
418,CASH_OUT,6387.07,C35770506,10762.8,4375.73,M44419327,41752.37,48139.44,0,0
418,TRANSFER,28337.64,C11297845,79762.07,51424.43,M64953237,94216.13,122553.77,0,0
418,CASH_OUT,1364127.51,C38682516,1705161.24,341033.73,C45029610,84043.16,0.0,1,0
418,TRANSFER,12584.33,C48658617,33665.19,21080.86,C96110892,198487.64,211071.97,0,0
418,CASH_IN,7962.82,C46231783,10641.32,2678.5,C75697427,97904.79,105867.61,0,0
418,PAYMENT,615.9,C84674816,300543.63,299927.73,M13110670,0.0,0.0,0,0
419,TRANSFER,4631.59,C49613214,14675.92,10044.33,M42866956,138858.37,143489.96,0,0
419,CASH_OUT,8801.24,C86560394,10189.39,1388.15,C30112846,19969.22,28770.46,0,0
419,CASH_OUT,22753.14,C21370793,40491.38,17738.24,C58199211,10026.0,32779.14,0,0
419,PAYMENT,3129.04,C60885459,139287.17,136158.13,C60598851,0.0,0.0,0,0
419,CASH_OUT,265438.83,C82399599,265351.33,0.0,C77171380,11930.49,0.0,1,0
419,TRANSFER,15996.73,C54398056,37823.72,21826.99,M38799154,137065.09,153061.82,0,0
419,PAYMENT,2346.22,C15334035,11008.55,8662.33,M28392710,0.0,0.0,0,0
419,TRANSFER,4248.65,C54058573,12891.94,8643.29,C25331969,95733.71,99982.36,0,0
419,CASH_OUT,5180.81,C74227366,8066.69,2885.88,C82144402,48024.77,53205.58,0,0
419,PAYMENT,56.3,C49580505,395399.75,395343.45,C39962391,0.0,0.0,0,0
419,TRANSFER,10214.03,C12446861,31017.3,20803.27,C19282319,28379.74,38593.77,0,0
419,DEBIT,13220.52,C59796322,18421.11,5200.59,C38818707,44379.3,57599.82,0,0
419,TRANSFER,16919.5,C66661351,20646.63,3727.13,C78886959,123899.73,140819.23,0,0
420,TRANSFER,16548.93,C16990811,30067.72,13518.79,C23484199,175403.45,191952.38,0,0
420,PAYMENT,705.59,C64807553,194968.0,194262.41,C58852098,0.0,0.0,0,0
420,CASH_OUT,141.62,C26046365,192.55,50.93,M85405783,32671.69,32813.31,0,0
420,CASH_OUT,9075.3,C78765957,9125.69,50.39,C32059232,23208.92,32284.22,0,0
420,TRANSFER,7229.24,C89089901,8827.03,1597.79,M92012822,107389.49,114618.73,0,0
420,DEBIT,7522.84,C47295260,13149.48,5626.64,M59115280,81295.45,88818.29,0,0
420,PAYMENT,597.29,C13783268,4956.95,4359.66,C85633013,0.0,0.0,0,0
420,CASH_OUT,4191.38,C13783268,4597.26,405.88,C84264220,92812.64,97004.02,0,0
420,PAYMENT,566.44,C96282117,119779.01,119212.57,C86475853,0.0,0.0,0,0
420,DEBIT,5876.56,C49491631,8682.1,2805.54,C55307111,82923.5,88800.06,0,0
420,CASH_IN,7333.85,C68450095,9229.88,1896.03,M78284040,53090.18,60424.03,0,0
420,CASH_IN,1267.93,C99991136,2908.58,1640.65,M92961108,42893.48,44161.41,0,0
420,CASH_OUT,152.12,C68978194,330.94,178.82,M46850196,1094.9,1247.02,0,0
420,CASH_OUT,199441.8,C99913412,175998.29,0.0,C36484437,23725.76,0.0,1,0
421,TRANSFER,411881.17,C77908907,362059.94,0.0,M77680031,94275.77,506156.94,1,1
421,PAYMENT,2985.15,C29538047,348664.68,345679.53,C75847681,0.0,0.0,0,0
421,DEBIT,162.77,C11698142,441.91,279.14,M11243818,57447.81,57610.58,0,0
421,CASH_OUT,2343.0,C89736043,2538.22,195.22,M57551594,62328.1,64671.1,0,0
421,TRANSFER,1297984.33,C82937948,1339174.91,41190.58,C71605634,94752.24,1392736.57,1,1
421,CASH_OUT,1904.16,C37542226,2945.18,1041.02,C98610233,63016.45,64920.61,0,0
421,CASH_IN,1040.02,C74227366,1131.22,91.2,M47543473,28583.0,29623.02,0,0
421,CASH_OUT,5625.31,C82613940,13427.46,7802.15,C33851602,92572.89,98198.2,0,0
421,PAYMENT,599.01,C63481198,47100.34,46501.33,C69085720,0.0,0.0,0,0
421,CASH_OUT,7223.33,C14818295,8968.13,1744.8,M96592295,54802.4,62025.73,0,0
421,PAYMENT,1155.21,C79340535,315366.74,314211.53,C64795619,0.0,0.0,0,0
421,PAYMENT,361.2,C75718414,143129.98,142768.78,M99903592,0.0,0.0,0,0
421,TRANSFER,1178.75,C91846696,2346.32,1167.57,C20043577,196089.83,197268.58,0,0
422,CASH_OUT,6379.35,C86460539,16512.33,10132.98,C53995720,37099.47,43478.82,0,0
422,CASH_IN,5962.15,C18135295,13313.85,7351.7,C65540647,5233.29,11195.44,0,0
422,CASH_IN,4092.93,C91259008,7202.63,3109.7,C94651342,23473.37,27566.3,0,0
422,CASH_OUT,18905.02,C94183695,34785.2,15880.18,C19122502,13953.98,32859.0,0,0
422,CASH_OUT,40465.38,C30415230,41454.96,0.0,C24363501,75776.94,116242.32,1,0
422,PAYMENT,1939.96,C40942292,67278.75,65338.79,M41674763,0.0,0.0,0,0
422,CASH_IN,7987.9,C24508768,23872.72,15884.82,C25479814,36597.25,44585.15,0,0
422,CASH_OUT,5613.1,C77908907,16332.92,10719.82,M25226815,68089.53,73702.63,0,0
422,CASH_IN,525.19,C43744231,767.2,242.01,C96557984,72583.57,73108.76,0,0
422,CASH_OUT,1716.17,C33500064,4492.81,2776.64,M83226170,31603.34,33319.51,0,0
422,CASH_OUT,4727.67,C28740864,10136.9,5409.23,C52779814,37341.97,42069.64,0,0
422,PAYMENT,357.42,C92097999,152506.61,152149.19,C45835371,0.0,0.0,0,0
422,CASH_OUT,736.15,C99514287,1189.02,452.87,C33554528,56716.76,57452.91,0,0
422,PAYMENT,2714.95,C88461803,188937.33,186222.38,C79718627,0.0,0.0,0,0
423,PAYMENT,1014.32,C73509974,373178.08,372163.76,C57182314,0.0,0.0,0,0
423,CASH_IN,1338.35,C33763566,3158.53,1820.18,M74995086,31987.4,33325.75,0,0
423,TRANSFER,11290.8,C12729224,13133.94,1843.14,C13933043,144813.7,156104.5,0,0
423,CASH_OUT,11646.29,C18135295,13508.58,1862.29,C19015987,64298.58,75944.87,0,0
423,CASH_IN,7544.85,C65692629,16230.16,8685.31,C25194922,39785.96,47330.81,0,0
423,PAYMENT,47.68,C54550177,468491.25,468443.57,C96727439,0.0,0.0,0,0
423,TRANSFER,1931.51,C61883769,3176.22,1244.71,C28405182,66689.45,68620.96,0,0
423,CASH_OUT,5460.7,C59370777,7588.28,2127.58,M76423575,32226.91,37687.61,0,0
423,PAYMENT,2727.27,C27637794,133393.89,130666.62,C85099723,0.0,0.0,0,0
423,PAYMENT,859.05,C13460153,231083.02,230223.97,C62497139,0.0,0.0,0,0
423,CASH_OUT,1037830.55,C71327848,855782.63,0.0,C95800828,24288.74,1062119.29,1,0
423,TRANSFER,7085.45,C87342561,22624.62,15539.17,C68382413,108870.12,115955.57,0,0
423,PAYMENT,779.85,C19391725,4977.63,4197.78,C24626086,0.0,0.0,0,0
424,CASH_OUT,12385.9,C88831486,16447.05,4061.15,M52857920,60347.0,72732.9,0,0
424,TRANSFER,6711.15,C30024960,10529.53,3818.38,C57501571,163658.56,170369.71,0,0
424,CASH_OUT,14353.56,C19863756,28105.94,13752.38,C10145801,78613.4,92966.96,0,0
424,PAYMENT,880.11,C97529405,283630.16,282750.05,M42542167,0.0,0.0,0,0
424,CASH_OUT,4754.12,C22543044,5133.67,379.55,C99686372,86857.72,91611.84,0,0
424,PAYMENT,1492.21,C42002808,162435.69,160943.48,M84252324,0.0,0.0,0,0
424,PAYMENT,1080.69,C80723898,408107.62,407026.93,M73698420,0.0,0.0,0,0
424,TRANSFER,25169.38,C21490910,59917.42,34748.04,C58852098,123844.99,149014.37,0,0
424,TRANSFER,4032.76,C63124147,6033.06,2000.3,C92698414,95206.15,99238.91,0,0
424,PAYMENT,3120.21,C68571795,466659.92,463539.71,C58189421,0.0,0.0,0,0
424,PAYMENT,842.35,C93131979,361023.17,360180.82,M22007214,0.0,0.0,0,0
424,PAYMENT,2236.22,C40406092,326549.37,324313.15,C79961132,0.0,0.0,0,0
424,TRANSFER,5290.53,C52339391,8184.89,2894.36,M83800569,115471.1,120761.63,0,0
425,TRANSFER,23043.9,C49682169,27555.34,4511.44,C16497381,123752.62,146796.52,0,0
425,CASH_OUT,6376.9,C57130035,12961.25,6584.35,C77249653,29333.51,35710.41,0,0
425,DEBIT,11650.78,C41774346,18569.54,6918.76,C49529438,65984.29,77635.07,0,0
425,PAYMENT,4579.0,C51464269,263585.08,259006.08,C18397164,0.0,0.0,0,0
425,PAYMENT,719.42,C31751079,6528.21,5808.79,C25696616,0.0,0.0,0,0
425,DEBIT,1655.41,C41934639,2752.61,1097.2,C27784789,32108.21,33763.62,0,0
425,PAYMENT,550.64,C12614124,421685.08,421134.44,C15937353,0.0,0.0,0,0
425,CASH_OUT,2934.23,C19863756,5217.08,2282.85,C33505978,91483.87,94418.1,0,0
425,CASH_OUT,11314.72,C93352876,26922.84,15608.12,C42301683,62233.57,73548.29,0,0
425,CASH_OUT,1193.71,C83227889,1490.51,296.8,C96804457,378.02,1571.73,0,0
425,CASH_IN,1585.98,C18304547,4087.4,2501.42,C86475853,98468.13,100054.11,0,0
425,PAYMENT,151.41,C33763566,79053.28,78901.87,C64069715,0.0,0.0,0,0
425,CASH_OUT,653.85,C61030579,1471.71,817.86,C18115992,77908.26,78562.11,0,0
425,PAYMENT,545.08,C10704803,247396.04,246850.96,M45496951,0.0,0.0,0,0
426,PAYMENT,1400.42,C72907576,110735.28,109334.86,C70471823,0.0,0.0,0,0
426,CASH_OUT,7213.78,C12729224,17687.85,10474.07,M81602209,69984.34,77198.12,0,0
426,PAYMENT,432.17,C95320121,200416.03,199983.86,C95800828,0.0,0.0,0,0
426,CASH_IN,91.35,C42472386,224.74,133.39,C82633735,2827.72,2919.07,0,0
426,DEBIT,1164.02,C44355473,1172.05,8.03,C80888325,55851.17,57015.19,0,0
426,CASH_IN,2145.09,C71586053,3768.72,1623.63,M72816684,3455.32,5600.41,0,0
426,TRANSFER,14835.93,C74672520,37242.19,22406.26,C10466177,61542.86,76378.79,0,0
426,CASH_OUT,1963.18,C39711402,5198.86,3235.68,C17467311,64031.32,65994.5,0,0
426,CASH_OUT,6609.77,C63747464,7318.94,709.17,C27810664,89780.69,96390.46,0,0
426,PAYMENT,26.89,C51663795,338347.96,338321.07,M86134287,0.0,0.0,0,0
426,TRANSFER,1796.5,C30796389,5885.03,4088.53,C14252622,101761.57,103558.07,0,0
426,CASH_OUT,1254.33,C25312516,2185.67,931.34,C20326375,92600.37,93854.7,0,0
426,TRANSFER,2742.84,C64864099,4058.59,1315.75,C87268086,168711.16,171454.0,0,0
427,TRANSFER,1580.3,C99152472,5396.01,3815.71,C38644905,132809.59,134389.89,0,0
427,PAYMENT,88.73,C36619372,423780.86,423692.13,C32576626,0.0,0.0,0,0
427,CASH_IN,817.42,C96300902,1477.14,659.72,C55735904,95519.95,96337.37,0,0
427,CASH_OUT,401.72,C69295515,458.74,57.02,C29825571,57367.66,57769.38,0,0
427,PAYMENT,1076.59,C99100953,298316.28,297239.69,C83074216,0.0,0.0,0,0
427,TRANSFER,36434.18,C64776386,93568.65,57134.47,C92424037,44300.28,80734.46,0,0
427,CASH_IN,7611.75,C36738452,19334.98,11723.23,C43606680,67939.11,75550.86,0,0
427,CASH_OUT,3084.48,C51827259,7452.52,4368.04,C13031322,84211.35,87295.83,0,0
427,TRANSFER,35369.4,C57287718,98900.85,63531.45,C46504617,141507.07,176876.47,0,0
427,CASH_OUT,4376.47,C74119726,9805.23,5428.76,M36867482,31499.41,35875.88,0,0
427,PAYMENT,81.74,C10791358,433654.15,433572.41,M14670638,0.0,0.0,0,0
427,CASH_IN,1932.46,C40885967,5026.08,3093.62,C63196064,20753.71,22686.17,0,0
427,TRANSFER,1561.13,C22119391,3605.52,2044.39,C81432350,44079.17,45640.3,0,0
427,CASH_OUT,190.1,C83863413,414.6,224.5,C61792685,89318.83,89508.93,0,0
428,CASH_OUT,805.77,C40158366,1963.82,1158.05,M63765155,58572.38,59378.15,0,0
428,DEBIT,6592.46,C99686286,13628.82,7036.36,C59961172,65091.65,71684.11,0,0
428,PAYMENT,1261.44,C26901217,455294.29,454032.85,C53995720,0.0,0.0,0,0
428,PAYMENT,304.45,C67527432,145581.69,145277.24,C96605343,0.0,0.0,0,0
428,DEBIT,2633.57,C65910756,3834.36,1200.79,C50332555,1628.36,4261.93,0,0
428,TRANSFER,2334.32,C67740376,5488.66,3154.34,M46836194,148521.19,150855.51,0,0
428,TRANSFER,24732.83,C48668339,92225.19,67492.36,C72014395,163507.47,188240.3,0,0
428,TRANSFER,36439.95,C66975380,69693.49,33253.54,C68848427,100043.83,136483.78,0,0
428,CASH_IN,832.68,C82160068,2314.02,1481.34,C42900372,63697.49,64530.17,0,0
428,PAYMENT,2988.1,C19209801,358135.95,355147.85,C75846624,0.0,0.0,0,0
428,TRANSFER,152.6,C66348963,182.0,29.4,C74992426,103164.97,103317.57,0,0
428,PAYMENT,1375.57,C93568503,72389.22,71013.65,C25285764,0.0,0.0,0,0
428,CASH_OUT,765.82,C46670512,1571.25,805.43,M59093843,54603.62,55369.44,0,0
429,PAYMENT,3838.35,C68503492,166254.24,162415.89,M96213226,0.0,0.0,0,0
429,CASH_OUT,4505.3,C80591959,5112.55,607.25,C52885071,52215.65,56720.95,0,0
429,CASH_OUT,2850.56,C75437844,7019.72,4169.16,C22527880,69790.79,72641.35,0,0
429,CASH_OUT,2374.51,C86384014,4277.98,1903.47,C96969050,46753.86,49128.37,0,0
429,PAYMENT,1968.53,C76795767,269167.12,267198.59,C92048427,0.0,0.0,0,0
429,TRANSFER,47900.36,C23574883,51421.24,3520.88,C85906869,136210.18,184110.54,0,0
429,PAYMENT,3831.34,C30665654,343975.87,340144.53,C63270536,0.0,0.0,0,0
429,CASH_IN,1434.39,C59470729,3062.05,1627.66,C30560218,79677.98,81112.37,0,0
429,CASH_OUT,2887.64,C22388090,4282.03,1394.39,C44738319,370.73,3258.37,0,0
429,CASH_IN,3040.31,C11868130,8624.32,5584.01,C72552858,15416.53,18456.84,0,0
429,CASH_OUT,3195.86,C70152969,8561.14,5365.28,C58852098,5935.4,9131.26,0,0
429,PAYMENT,343.5,C69619341,209756.06,209412.56,M55511258,0.0,0.0,0,0
429,TRANSFER,17002.22,C34406132,22049.66,5047.44,C83356206,65207.65,82209.87,0,0
429,CASH_OUT,5883.86,C70549373,13937.5,8053.64,C56460773,40635.2,46519.06,0,0
430,PAYMENT,995.04,C61536717,250632.6,249637.56,C82445335,0.0,0.0,0,0
430,PAYMENT,2561.77,C94819556,473616.92,471055.15,C87293208,0.0,0.0,0,0
430,CASH_IN,2661.78,C64266464,6663.01,4001.23,C42847661,35847.39,38509.17,0,0
430,PAYMENT,289.12,C21819185,51738.3,51449.18,C50364158,0.0,0.0,0,0
430,CASH_OUT,4784.77,C59394697,8908.8,4124.03,M86849080,572.09,5356.86,0,0
430,CASH_OUT,1514.37,C71586053,2536.81,1022.44,C39698906,78689.65,80204.02,0,0
430,CASH_OUT,5873.5,C40532273,7433.41,1559.91,C53191535,68329.34,74202.84,0,0
430,PAYMENT,1192.8,C20200074,208532.15,207339.35,M36347197,0.0,0.0,0,0
430,PAYMENT,913.77,C51746937,163897.86,162984.09,C69959826,0.0,0.0,0,0
430,DEBIT,2783.92,C19196777,7749.18,4965.26,M66207740,86157.49,88941.41,0,0
430,CASH_OUT,4511.08,C87844239,9822.68,5311.6,M40262109,47230.94,51742.02,0,0
430,PAYMENT,1315.21,C79967676,73572.71,72257.5,M57183837,0.0,0.0,0,0
430,TRANSFER,6202.76,C48137561,16051.82,9849.06,C60502752,182517.72,188720.48,0,0
431,PAYMENT,818.6,C34744872,257254.23,256435.63,M59167775,0.0,0.0,0,0
431,PAYMENT,165.99,C45630292,160502.15,160336.16,C76038997,0.0,0.0,0,0
431,TRANSFER,118696.38,C82475098,96136.94,0.0,C29907683,19398.59,138094.97,1,0
431,PAYMENT,3906.33,C46855845,468431.68,464525.35,C52940967,0.0,0.0,0,0
431,TRANSFER,17118.78,C19196777,50140.28,33021.5,C52799022,13091.86,30210.64,0,0
431,TRANSFER,14712.22,C17507864,46990.33,32278.11,C59350218,108570.91,123283.13,0,0
431,PAYMENT,4278.51,C45896226,113222.74,108944.23,C42483531,0.0,0.0,0,0
431,TRANSFER,21457.31,C53851498,69524.32,48067.01,C70850538,43305.64,64762.95,0,0
431,TRANSFER,1160983.04,C82506491,1299122.63,138139.59,C84076145,47563.04,0.0,1,1
431,PAYMENT,1689.96,C96879854,410992.02,409302.06,C73308406,0.0,0.0,0,0
431,PAYMENT,977.37,C29208935,244515.38,243538.01,C11604831,0.0,0.0,0,0
431,PAYMENT,1490.78,C60043345,169644.41,168153.63,C82144402,0.0,0.0,0,0
431,CASH_IN,3171.87,C20752378,4876.6,1704.73,C78541804,20974.49,24146.36,0,0
431,CASH_OUT,3594.19,C79340535,3688.95,94.76,C28972822,31777.32,35371.51,0,0
432,TRANSFER,32083.94,C60929647,104610.75,72526.81,C89941241,76150.52,108234.46,0,0
432,DEBIT,7754.24,C53233116,12393.68,4639.44,C61705758,50943.94,58698.18,0,0
432,PAYMENT,1191.21,C10872248,162290.3,161099.09,C50300763,0.0,0.0,0,0
432,PAYMENT,890.26,C59796322,476763.73,475873.47,C45955440,0.0,0.0,0,0
432,TRANSFER,21479.81,C91804602,78719.5,57239.69,C28872606,117311.12,138790.93,0,0
432,DEBIT,2727.47,C93154172,5719.54,2992.07,C65758338,14035.58,16763.05,0,0
432,PAYMENT,2978.3,C30024960,85955.72,82977.42,M98707076,0.0,0.0,0,0
432,PAYMENT,1468.82,C20106509,136591.9,135123.08,C34800912,0.0,0.0,0,0
432,PAYMENT,775.01,C59302863,404753.61,403978.6,C33336132,0.0,0.0,0,0
432,CASH_IN,580.66,C39476249,851.56,270.9,C15910667,9002.33,9582.99,0,0
432,TRANSFER,4503.3,C73411827,14807.39,10304.09,C38138531,67092.59,71595.89,0,0
432,CASH_IN,10225.79,C10744212,27436.44,17210.65,C62138657,1756.22,11982.01,0,0
432,PAYMENT,137.01,C75569635,157465.09,157328.08,C95525640,0.0,0.0,0,0
433,CASH_OUT,2100.14,C42857966,5225.58,3125.44,M66087572,66498.79,68598.93,0,0
433,CASH_OUT,213.23,C68755000,409.52,196.29,C75609379,60966.25,61179.48,0,0
433,PAYMENT,1749.32,C37057085,58612.04,56862.72,C58974686,0.0,0.0,0,0
433,PAYMENT,2933.54,C65804273,257715.68,254782.14,M50818905,0.0,0.0,0,0
433,PAYMENT,374.03,C55728776,135117.79,134743.76,C48241423,0.0,0.0,0,0
433,CASH_IN,2887.65,C55001909,5906.29,3018.64,C27528063,15896.69,18784.34,0,0
433,CASH_OUT,1058.52,C23756669,2591.06,1532.54,C29587040,83909.91,84968.43,0,0
433,CASH_OUT,6525.07,C75181765,17928.18,11403.11,C27036337,69633.14,76158.21,0,0
433,PAYMENT,2658.24,C33776150,139673.94,137015.7,C17538738,0.0,0.0,0,0
433,CASH_OUT,2514.3,C85957578,5766.31,3252.01,C81905550,21978.31,24492.61,0,0
433,CASH_OUT,4349.09,C79696025,10758.16,6409.07,C68137264,36059.45,40408.54,0,0
433,PAYMENT,783.08,C65026398,358782.89,357999.81,C61091554,0.0,0.0,0,0
433,PAYMENT,778.5,C91480362,84541.68,83763.18,C77845324,0.0,0.0,0,0
434,CASH_OUT,3344.1,C49209916,9551.36,6207.26,C22485824,20978.7,24322.8,0,0
434,CASH_IN,1788.41,C90893133,2476.84,688.43,C15711200,248.78,2037.19,0,0
434,TRANSFER,18655.12,C54398056,30611.36,11956.24,M98882576,193354.68,212009.8,0,0
434,TRANSFER,9603.1,C12550658,12261.41,2658.31,C63380520,162580.76,172183.86,0,0
434,PAYMENT,772.74,C93592219,399518.05,398745.31,C61369075,0.0,0.0,0,0
434,PAYMENT,10983.86,C81498611,271359.42,260375.56,C57756170,0.0,0.0,0,0
434,PAYMENT,3247.68,C88406989,389911.82,386664.14,C10404729,0.0,0.0,0,0
434,CASH_OUT,2134.52,C71965637,5642.4,3507.88,C72546007,56312.64,58447.16,0,0
434,TRANSFER,22131.24,C49761527,77634.77,55503.53,C75043108,186779.27,208910.51,0,0
434,DEBIT,924.11,C87181563,1359.49,435.38,M31810655,46016.82,46940.93,0,0
434,PAYMENT,622.46,C30776478,327574.16,326951.7,M74082055,0.0,0.0,0,0
434,PAYMENT,1377.84,C67854710,313087.55,311709.71,C52209421,0.0,0.0,0,0
434,DEBIT,2452.89,C94323222,2585.22,132.33,C54424679,15150.44,17603.33,0,0
434,CASH_OUT,4990.28,C85563727,13249.44,8259.16,M33593960,5661.4,10651.68,0,0
435,TRANSFER,1924.67,C67279295,7574.5,5649.83,C77382794,63955.32,65879.99,0,0
435,CASH_OUT,9690.14,C16202700,20197.21,10507.07,C64276605,63776.23,73466.37,0,0
435,CASH_OUT,140.2,C82340307,218.87,78.67,C60354777,46601.55,46741.75,0,0
435,PAYMENT,118.02,C98641164,162834.46,162716.44,C72015859,0.0,0.0,0,0
435,CASH_OUT,7112.73,C67698610,13445.48,6332.75,M20584397,49639.96,56752.69,0,0
435,PAYMENT,2743.37,C10791358,297487.51,294744.14,M56488123,0.0,0.0,0,0
435,CASH_OUT,5905.42,C50056581,12338.15,6432.73,C21594468,62431.52,68336.94,0,0
435,CASH_IN,486.95,C32969840,927.57,440.62,C22828128,21013.09,21500.04,0,0
435,CASH_IN,723.96,C25766039,1234.7,510.74,M30537388,6480.2,7204.16,0,0
435,TRANSFER,22981.09,C52213778,63039.26,40058.17,C71453007,74549.18,97530.27,0,0
435,CASH_IN,3579.86,C53851498,8679.07,5099.21,C66851305,39060.66,42640.52,0,0
435,CASH_OUT,6207.53,C51154241,12483.69,6276.16,C42900372,55049.4,61256.93,0,0
435,CASH_OUT,697.76,C18083974,729.65,31.89,C71204580,15555.46,16253.22,0,0
436,CASH_OUT,3331.92,C30868105,3860.19,528.27,C55332729,23779.53,27111.45,0,0
436,TRANSFER,6717.68,C88055069,9025.53,2307.85,C63380520,126687.73,133405.41,0,0
436,TRANSFER,1278343.79,C27447248,1494529.46,0.0,C92861016,80728.01,0.0,1,1
436,CASH_IN,4022.62,C42472386,9228.22,5205.6,C56045630,54002.04,58024.66,0,0
436,CASH_IN,1044.02,C97902129,2813.29,1769.27,C29585415,78413.8,79457.82,0,0
436,CASH_OUT,8412.94,C60119651,22134.1,13721.16,C10908300,2655.29,11068.23,0,0
436,CASH_OUT,617640.2,C15505975,715001.49,97361.29,C22028437,59599.05,677239.25,1,0
436,CASH_OUT,4209.89,C63843426,6057.58,1847.69,C85693188,77933.58,82143.47,0,0
436,DEBIT,8669.94,C61185849,11166.51,2496.57,C39796480,55327.93,63997.87,0,0
436,PAYMENT,2841.62,C59823245,113504.04,110662.42,M11243818,0.0,0.0,0,0
436,TRANSFER,3611.48,C20952896,13684.23,10072.75,C10145801,87895.12,91506.6,0,0
436,DEBIT,2878.39,C41039390,8071.7,5193.31,C50987410,92132.02,95010.41,0,0
436,CASH_OUT,1578.58,C82269803,2906.87,1328.29,C74115841,32790.36,34368.94,0,0
436,PAYMENT,1036.16,C11835355,208055.32,207019.16,C34931439,0.0,0.0,0,0
437,PAYMENT,2115.93,C73380266,365343.65,363227.72,C31989243,0.0,0.0,0,0
437,PAYMENT,889.52,C63481198,97122.44,96232.92,C99929175,0.0,0.0,0,0
437,PAYMENT,516.69,C13446499,224153.35,223636.66,C71684020,0.0,0.0,0,0
437,CASH_OUT,871.94,C29822594,2161.95,1290.01,C64766762,76594.22,77466.16,0,0
437,CASH_OUT,12520.29,C58841557,34552.31,22032.02,C34019729,10015.0,22535.29,0,0
437,CASH_OUT,8380.62,C67527432,19800.82,11420.2,C46930534,76763.17,85143.79,0,0
437,PAYMENT,442.99,C49910061,452724.01,452281.02,C75504221,0.0,0.0,0,0
437,DEBIT,6328.18,C89470029,14475.17,8146.99,M67838146,52479.76,58807.94,0,0
437,CASH_OUT,5499.75,C40281491,13630.04,8130.29,C33156250,51657.83,57157.58,0,0
437,TRANSFER,646.96,C30486849,733.74,86.78,C85672859,74161.25,74808.21,0,0
437,CASH_OUT,5727.11,C42117961,16858.99,11131.88,C60598851,31136.33,36863.44,0,0
437,TRANSFER,27702.21,C72535301,31974.41,4272.2,C54499873,184029.5,211731.71,0,0
437,PAYMENT,532.89,C55377076,77887.42,77354.53,C59044830,0.0,0.0,0,0
438,DEBIT,8022.44,C19317495,20750.5,12728.06,C25755285,85083.18,93105.62,0,0
438,TRANSFER,1781.28,C84045292,4153.78,2372.5,C83356206,65535.57,67316.85,0,0
438,PAYMENT,1611.66,C90023800,409929.48,408317.82,C86475853,0.0,0.0,0,0
438,TRANSFER,21829.34,C57535513,70529.81,48700.47,C95004924,116973.09,138802.43,0,0
438,CASH_IN,8240.14,C40291214,22622.67,14382.53,C18277097,61791.02,70031.16,0,0
438,TRANSFER,18752.95,C65133300,26748.66,7995.71,M63440127,128123.1,146876.05,0,0
438,TRANSFER,2294.1,C20814950,4131.74,1837.64,C61402634,85843.99,88138.09,0,0
438,PAYMENT,740.95,C83534128,207182.83,206441.88,C64414096,0.0,0.0,0,0
438,CASH_IN,1415.52,C67985905,3709.24,2293.72,C13031322,2473.97,3889.49,0,0
438,PAYMENT,5260.9,C48016697,410062.58,404801.68,M50049524,0.0,0.0,0,0
438,PAYMENT,2321.14,C87049595,428399.94,426078.8,C94299475,0.0,0.0,0,0
438,PAYMENT,67.31,C18469210,407572.96,407505.65,C18557710,0.0,0.0,0,0
438,CASH_IN,802.04,C89978790,1151.62,349.58,C40314047,13471.26,14273.3,0,0
438,CASH_OUT,1651.4,C46632757,3298.21,1646.81,C22283664,66190.52,67841.92,0,0
439,PAYMENT,86.82,C30796389,178823.48,178736.66,M77839607,0.0,0.0,0,0
439,PAYMENT,121.06,C42363373,184293.64,184172.58,C28634797,0.0,0.0,0,0
439,CASH_OUT,3373.44,C63516659,9513.18,6139.74,C39396392,66936.0,70309.44,0,0
439,PAYMENT,822.88,C84384510,118293.67,117470.79,C33002714,0.0,0.0,0,0
439,CASH_IN,12131.67,C42117961,35466.5,23334.83,C86475853,77402.32,89533.99,0,0
439,CASH_OUT,858278.93,C38195995,724699.93,0.0,C11246473,92176.67,950455.6,1,0
439,DEBIT,1975.73,C88831486,5911.11,3935.38,M73698420,22676.87,24652.6,0,0
439,TRANSFER,11514.07,C56843172,41031.65,29517.58,C73360324,147541.21,159055.28,0,0
439,CASH_OUT,3336.0,C25374874,8265.71,4929.71,C85594147,53754.42,57090.42,0,0
439,TRANSFER,51479.93,C56381032,55181.23,3701.3,C20820219,93846.19,145326.12,0,0
439,CASH_OUT,2904.47,C15354599,5136.85,2232.38,C73360324,47094.27,49998.74,0,0
439,CASH_OUT,1620.55,C33357554,2017.04,396.49,C88387434,74301.05,75921.6,0,0
439,PAYMENT,661.79,C20598952,273295.14,272633.35,C27997624,0.0,0.0,0,0
440,TRANSFER,300.1,C23335151,738.6,438.5,M15529005,148404.01,148704.11,0,0
440,CASH_OUT,2275.14,C71352751,4207.62,1932.48,C89526622,44195.35,46470.49,0,0
440,CASH_OUT,434.21,C43859311,1213.67,779.46,M29163535,7692.26,8126.47,0,0
440,PAYMENT,3316.74,C41272553,203435.77,200119.03,M70873663,0.0,0.0,0,0
440,CASH_OUT,15057.15,C93652460,43448.67,28391.52,M95235919,89124.03,104181.18,0,0
440,CASH_IN,2374.96,C68800797,6116.64,3741.68,M33593960,29985.19,32360.15,0,0
440,PAYMENT,2941.66,C73771720,240797.33,237855.67,C75694038,0.0,0.0,0,0
440,CASH_IN,5016.42,C77853916,5604.08,587.66,C71873691,59079.87,64096.29,0,0
440,CASH_OUT,7660.48,C17539294,15119.54,7459.06,C13296743,44974.85,52635.33,0,0
440,TRANSFER,10347.41,C49349722,28708.62,18361.21,C84275638,144074.15,154421.56,0,0
440,CASH_OUT,5875.59,C43374088,13683.52,7807.93,C98404247,99692.07,105567.66,0,0
440,PAYMENT,625.8,C79696025,385783.97,385158.17,M48605090,0.0,0.0,0,0
440,PAYMENT,407.85,C19335534,77478.2,77070.35,C60037465,0.0,0.0,0,0
441,CASH_IN,237.96,C96825515,539.89,301.93,C46501299,96924.44,97162.4,0,0
441,PAYMENT,565.66,C53537934,288418.71,287853.05,M61940566,0.0,0.0,0,0
441,CASH_OUT,3868.94,C64776386,10207.58,6338.64,C63094168,11657.51,15526.45,0,0
441,PAYMENT,279.12,C28575536,208976.83,208697.71,M74985553,0.0,0.0,0,0
441,PAYMENT,1057.33,C73070585,63310.91,62253.58,C56420476,0.0,0.0,0,0
441,PAYMENT,4433.34,C66348963,494993.94,490560.6,C81625307,0.0,0.0,0,0
441,TRANSFER,827.14,C36054020,830.85,3.71,C64395532,199479.0,200306.14,0,0
441,CASH_OUT,2043.78,C70887307,3179.65,1135.87,C77015110,81130.77,83174.55,0,0
441,CASH_OUT,1689.7,C42002808,4558.91,2869.21,M69897763,12800.59,14490.29,0,0
441,CASH_OUT,7445.39,C78885632,11446.02,4000.63,C43606680,58838.31,66283.7,0,0
441,CASH_IN,1563.15,C32969840,4375.71,2812.56,M83932683,20875.68,22438.83,0,0
441,PAYMENT,946.18,C40291214,212841.61,211895.43,C56548066,0.0,0.0,0,0
441,CASH_IN,11632.75,C36786211,21426.97,9794.22,C87025433,35808.34,47441.09,0,0
441,PAYMENT,222.22,C29226889,48706.1,48483.88,M96592295,0.0,0.0,0,0
442,TRANSFER,1452.91,C58667035,2879.95,1427.04,C29353063,127497.28,128950.19,0,0
442,PAYMENT,250.93,C94525678,202995.49,202744.56,C39955391,0.0,0.0,0,0
442,CASH_OUT,267201.76,C92043803,246535.47,0.0,C63143336,6266.71,0.0,1,0
442,CASH_IN,28670.59,C12314351,49341.88,20671.29,C43440045,88168.21,116838.8,0,0
442,TRANSFER,11065.9,C10289289,38074.09,27008.19,C43315361,22898.69,33964.59,0,0
442,DEBIT,674.77,C53622663,1335.53,660.76,C95728324,12824.07,13498.84,0,0
442,CASH_OUT,2678.37,C31367172,6868.92,4190.55,M50818905,35670.42,38348.79,0,0
442,PAYMENT,783.14,C41645597,191933.31,191150.17,C67063296,0.0,0.0,0,0
442,PAYMENT,1793.17,C77349752,168757.83,166964.66,C82156607,0.0,0.0,0,0
442,PAYMENT,569.65,C69287967,80659.46,80089.81,C15345470,0.0,0.0,0,0
442,PAYMENT,3009.94,C99038526,343283.93,340273.99,C84455942,0.0,0.0,0,0
442,TRANSFER,10287.7,C89520597,35345.23,25057.53,C62741214,60427.48,70715.18,0,0
442,CASH_OUT,2692.34,C17507864,7314.09,4621.75,M47405107,79281.28,81973.62,0,0
443,PAYMENT,2060.52,C72937522,163041.43,160980.91,C57648477,0.0,0.0,0,0
443,PAYMENT,174.51,C20593403,371989.65,371815.14,M18359252,0.0,0.0,0,0
443,CASH_OUT,1221.26,C55298556,2984.78,1763.52,C84605013,20828.63,22049.89,0,0
443,PAYMENT,977.19,C80606503,484334.84,483357.65,C28416255,0.0,0.0,0,0
443,TRANSFER,14895.84,C71707170,26327.71,11431.87,C70858653,110315.97,125211.81,0,0
443,CASH_OUT,5219.69,C69355025,14725.84,9506.15,M55511258,22869.38,28089.07,0,0
443,CASH_OUT,1780.88,C24942603,2639.98,859.1,C14259382,23342.51,25123.39,0,0
443,PAYMENT,874.37,C35748341,181876.21,181001.84,C17503932,0.0,0.0,0,0
443,PAYMENT,6303.36,C47437115,369990.68,363687.32,C61543890,0.0,0.0,0,0
443,CASH_OUT,949.55,C75579548,1504.87,555.32,C37449289,82945.86,83895.41,0,0
443,PAYMENT,75.59,C17672593,48211.91,48136.32,C42595918,0.0,0.0,0,0
443,PAYMENT,192.05,C91424737,391270.5,391078.45,C31337593,0.0,0.0,0,0
443,TRANSFER,23522.73,C89160218,65132.94,41610.21,C25285764,64046.22,87568.95,0,0
443,CASH_OUT,1264.24,C66661351,1284.66,20.42,M48735464,1396.4,2660.64,0,0
444,TRANSFER,8608.74,C99774697,21406.85,12798.11,C88268756,87653.9,96262.64,0,0
444,CASH_OUT,9185.53,C66792612,22015.24,12829.71,C69085720,80439.12,89624.65,0,0
444,CASH_IN,3609.05,C93940940,4040.51,431.46,M92134318,72308.67,75917.72,0,0
444,CASH_OUT,642.79,C42051937,753.06,110.27,C10697290,20613.04,21255.83,0,0
444,CASH_OUT,1479.7,C12614124,1671.83,192.13,C19031632,22884.0,24363.7,0,0
444,TRANSFER,12163.12,C69355025,35199.12,23036.0,C42483531,189112.42,201275.54,0,0
444,PAYMENT,90.39,C31429110,399619.04,399528.65,C84455942,0.0,0.0,0,0
444,PAYMENT,43.61,C50056581,229141.59,229097.98,C96838849,0.0,0.0,0,0
444,PAYMENT,185.4,C17507864,336351.22,336165.82,C95295586,0.0,0.0,0,0
444,PAYMENT,385.04,C18484847,161401.58,161016.54,C47621248,0.0,0.0,0,0
444,CASH_IN,1876.46,C55076693,3117.43,1240.97,M59093843,45414.15,47290.61,0,0
444,PAYMENT,1193.04,C29175900,321872.78,320679.74,C65350347,0.0,0.0,0,0
444,DEBIT,5716.96,C96547189,5743.25,26.29,C29109045,86372.48,92089.44,0,0
445,PAYMENT,1246.99,C48530827,328959.76,327712.77,C84076145,0.0,0.0,0,0
445,CASH_OUT,6561.69,C19391725,7507.91,946.22,C81630600,94206.57,100768.26,0,0
445,CASH_OUT,10282.37,C92097999,10534.03,251.66,C38644905,3324.04,13606.41,0,0
445,DEBIT,4374.86,C25492573,4849.36,474.5,M56815569,95893.76,100268.62,0,0
445,TRANSFER,12412.27,C30364454,36505.67,24093.4,C83835976,188533.8,200946.07,0,0
445,CASH_OUT,506500.37,C28468304,615636.61,0.0,C97241147,74090.04,0.0,1,0
445,PAYMENT,7251.91,C21828592,15599.63,8347.72,M92745294,0.0,0.0,0,0
445,PAYMENT,963.02,C34850391,20260.75,19297.73,C10697290,0.0,0.0,0,0
445,DEBIT,1324.72,C62343121,2003.23,678.51,M81602209,73853.53,75178.25,0,0
445,TRANSFER,1475078.3,C17532195,1476402.43,1324.13,M59070856,20580.67,1495658.97,1,1
445,PAYMENT,763.98,C45594951,69570.36,68806.38,M59093843,0.0,0.0,0,0
445,PAYMENT,687.96,C75181648,20604.41,19916.45,C85721444,0.0,0.0,0,0
445,TRANSFER,59938.55,C68496914,165509.43,105570.88,M86230551,37653.66,97592.21,0,0
445,CASH_IN,659.63,C42787299,1150.97,491.34,M76306502,13983.81,14643.44,0,0
446,CASH_OUT,315.66,C87490893,782.31,466.65,M31217198,75750.83,76066.49,0,0
446,PAYMENT,176.96,C54743095,58708.15,58531.19,M81602209,0.0,0.0,0,0
446,CASH_IN,14189.54,C58024342,29349.22,15159.68,C54241559,20907.59,35097.13,0,0
446,PAYMENT,274.52,C29208935,97836.66,97562.14,M56354851,0.0,0.0,0,0
446,PAYMENT,1097.1,C66254240,183081.36,181984.26,M69195194,0.0,0.0,0,0
446,CASH_OUT,1302.53,C78299645,1606.65,304.12,C58219001,21467.72,22770.25,0,0
446,CASH_OUT,1902.08,C58884978,3178.51,1276.43,C28767690,85991.84,87893.92,0,0
446,CASH_IN,5396.08,C58592048,8992.64,3596.56,C79839059,21657.83,27053.91,0,0
446,TRANSFER,18822.75,C84252420,62445.32,43622.57,C29587040,60291.86,79114.61,0,0
446,CASH_OUT,1765.84,C93352876,2377.75,611.91,C45879718,58364.98,60130.82,0,0
446,PAYMENT,4132.26,C19943140,98276.68,94144.42,C60070135,0.0,0.0,0,0
446,PAYMENT,74.6,C45594597,29145.37,29070.77,C61792685,0.0,0.0,0,0
446,TRANSFER,19486.07,C95268296,33955.48,14469.41,C35016429,150320.49,169806.56,0,0
447,CASH_OUT,12649.39,C76118957,35542.53,22893.14,C94263610,82094.48,94743.87,0,0
447,TRANSFER,1365.19,C87265240,3973.97,2608.78,C28198434,72744.12,74109.31,0,0
447,CASH_OUT,7584.31,C82017516,12987.55,5403.24,C61012496,83483.92,91068.23,0,0
447,PAYMENT,294.3,C73791320,344802.21,344507.91,C87507357,0.0,0.0,0,0
447,PAYMENT,1360.82,C53622663,203333.53,201972.71,C89047551,0.0,0.0,0,0
447,DEBIT,5603.37,C72937522,11909.63,6306.26,C77631755,6633.57,12236.94,0,0
447,CASH_IN,375.54,C24039158,1049.43,673.89,C82016510,96044.12,96419.66,0,0
447,CASH_IN,8461.88,C71705170,12630.0,4168.12,C46072958,63958.09,72419.97,0,0
447,PAYMENT,5457.42,C22201654,458228.95,452771.53,C35111946,0.0,0.0,0,0
447,PAYMENT,3311.46,C50569669,54402.74,51091.28,C73360324,0.0,0.0,0,0
447,DEBIT,7137.02,C67985905,21305.71,14168.69,C31989243,21917.55,29054.57,0,0
447,CASH_OUT,689.18,C46361787,1200.37,511.19,C41778964,28854.36,29543.54,0,0
447,TRANSFER,5395.52,C50987442,9778.76,4383.24,C92181084,153172.11,158567.63,0,0
447,CASH_OUT,7146.76,C43311626,10481.8,3335.04,C27870584,20837.83,27984.59,0,0
448,CASH_IN,124.71,C72445234,296.66,171.95,C43606680,92593.33,92718.04,0,0
448,CASH_OUT,13990.51,C70211891,35420.4,21429.89,C66851305,55144.43,69134.94,0,0
448,CASH_OUT,747.43,C16990811,1180.4,432.97,C89715904,87742.97,88490.4,0,0
448,PAYMENT,41.6,C22762205,494963.34,494921.74,C12240013,0.0,0.0,0,0
448,CASH_OUT,5016.84,C52213778,8004.97,2988.13,C42366980,33875.48,38892.32,0,0
448,CASH_IN,2587.85,C81182864,5905.23,3317.38,M81449442,86341.13,88928.98,0,0
448,PAYMENT,1478.95,C49580505,210337.17,208858.22,C35264294,0.0,0.0,0,0
448,CASH_OUT,13855.19,C95511909,39659.66,25804.47,C76422705,32398.16,46253.35,0,0
448,CASH_OUT,2831.5,C41774346,5158.0,2326.5,C80658723,32852.36,35683.86,0,0
448,CASH_OUT,9750.11,C53537934,21016.38,11266.27,C20605783,41295.88,51045.99,0,0
448,TRANSFER,3030.67,C40158366,4368.24,1337.57,C86475853,113535.85,116566.52,0,0
448,PAYMENT,10.24,C86762164,119709.38,119699.14,C45955440,0.0,0.0,0,0
448,CASH_OUT,638.84,C53851498,1336.94,698.1,C66487347,65727.3,66366.14,0,0
449,PAYMENT,540.47,C58436637,178533.35,177992.88,M69002851,0.0,0.0,0,0
449,CASH_OUT,2587.13,C98588154,3018.16,431.03,C64069715,39365.14,41952.27,0,0
449,CASH_OUT,336.23,C67617561,803.35,467.12,C97380687,8838.45,9174.68,0,0
449,PAYMENT,1047.36,C99152472,249557.19,248509.83,M28481124,0.0,0.0,0,0
449,PAYMENT,536.07,C38195995,67137.76,66601.69,C43077929,0.0,0.0,0,0
449,PAYMENT,3401.0,C39436733,346184.4,342783.4,C98673882,0.0,0.0,0,0
449,CASH_OUT,698.37,C77144075,2015.47,1317.1,C56496201,27386.97,28085.34,0,0
449,PAYMENT,5535.69,C32084778,407630.08,402094.39,C22927031,0.0,0.0,0,0
449,CASH_OUT,2751.75,C79173614,2856.86,105.11,C23234748,89623.74,92375.49,0,0
449,CASH_OUT,7109.74,C55679506,10067.48,2957.74,C57182314,13181.49,20291.23,0,0
449,CASH_OUT,3299.26,C96728778,4595.6,1296.34,C88268756,76821.37,80120.63,0,0
449,TRANSFER,233.07,C95918360,361.69,128.62,C51630244,128846.41,129079.48,0,0
449,CASH_IN,4672.97,C80339290,11669.95,6996.98,M63873262,99149.5,103822.47,0,0
450,PAYMENT,3791.18,C97139443,195523.01,191731.83,M45638891,0.0,0.0,0,0
450,CASH_IN,22683.72,C83998961,38311.56,15627.84,C16078694,40545.95,63229.67,0,0
450,DEBIT,30611.13,C91722503,42320.19,11709.06,C19251149,10888.48,41499.61,0,0
450,PAYMENT,2780.11,C32097220,465512.37,462732.26,C19531069,0.0,0.0,0,0
450,CASH_OUT,1362.93,C22543044,3814.24,2451.31,C84204255,1134.82,2497.75,0,0
450,PAYMENT,5835.19,C12314351,287183.4,281348.21,C59515518,0.0,0.0,0,0
450,PAYMENT,3080.66,C48658617,333142.0,330061.34,C86211608,0.0,0.0,0,0
450,PAYMENT,41.87,C27447248,92397.99,92356.12,M61559717,0.0,0.0,0,0
450,TRANSFER,3372.96,C36054020,10644.44,7271.48,C63196064,113864.23,117237.19,0,0
450,CASH_OUT,4218.54,C21496211,12567.66,8349.12,C70532325,2557.48,6776.02,0,0
450,PAYMENT,276.23,C77624084,276250.55,275974.32,C15730602,0.0,0.0,0,0
450,TRANSFER,2563.7,C24508349,3416.93,853.23,C63991141,21870.97,24434.67,0,0
450,CASH_OUT,2739.87,C79340535,7042.93,4303.06,M28908276,57121.92,59861.79,0,0
450,PAYMENT,1003.47,C27758595,388483.19,387479.72,C75540707,0.0,0.0,0,0
451,PAYMENT,217.06,C99038359,301612.71,301395.65,C71113711,0.0,0.0,0,0
451,PAYMENT,2954.12,C40354559,18875.9,15921.78,C63094168,0.0,0.0,0,0
451,CASH_IN,8800.91,C46521025,12227.76,3426.85,M55314533,23162.38,31963.29,0,0
451,PAYMENT,487.1,C21087928,109291.2,108804.1,C83717007,0.0,0.0,0,0
451,TRANSFER,15455.27,C80836292,37805.04,22349.77,C29628462,160221.42,175676.69,0,0
451,CASH_IN,755.35,C36772387,1168.73,413.38,C83458776,79456.59,80211.94,0,0
451,PAYMENT,1788.0,C67062156,413111.24,411323.24,M36975128,0.0,0.0,0,0
451,CASH_OUT,9415.35,C69096899,11083.96,1668.61,C59350218,6207.63,15622.98,0,0
451,CASH_OUT,15447.29,C55657579,33999.34,18552.05,C50831043,3769.72,19217.01,0,0
451,TRANSFER,29515.08,C49682169,38699.83,9184.75,C82968364,3073.96,32589.04,0,0
451,CASH_IN,9441.74,C79519112,21800.09,12358.35,C84076145,59031.49,68473.23,0,0
451,PAYMENT,337.64,C95831286,386286.21,385948.57,M20901547,0.0,0.0,0,0
451,TRANSFER,7340.0,C45935572,27135.07,19795.07,C27543369,33148.37,40488.37,0,0
452,DEBIT,576.98,C28628439,750.68,173.7,M99635939,56182.12,56759.1,0,0
452,PAYMENT,2100.27,C70254091,426901.47,424801.2,C84040345,0.0,0.0,0,0
452,PAYMENT,590.18,C81947921,203290.77,202700.59,M77839607,0.0,0.0,0,0
452,TRANSFER,11793.2,C89212676,14353.05,2559.85,M92124765,124548.04,136341.24,0,0
452,PAYMENT,2965.66,C32969840,147405.08,144439.42,C95728324,0.0,0.0,0,0
452,TRANSFER,29970.12,C97705310,48003.64,18033.52,C95800828,100886.88,130857.0,0,0
452,TRANSFER,3959.67,C29042093,10534.91,6575.24,C76065552,177742.88,181702.55,0,0
452,PAYMENT,15.63,C78387461,160987.24,160971.61,M42115895,0.0,0.0,0,0
452,TRANSFER,1460.13,C45351479,3554.2,2094.07,C35760684,196889.6,198349.73,0,0
452,TRANSFER,10777.88,C82383095,40788.11,30010.23,C84757265,20838.18,31616.06,0,0
452,PAYMENT,298.97,C26354208,192314.47,192015.5,C82062301,0.0,0.0,0,0
452,CASH_OUT,14717.65,C30513739,17628.27,2910.62,C37659807,70189.01,84906.66,0,0
452,PAYMENT,263.68,C42138745,248765.17,248501.49,C18572753,0.0,0.0,0,0
452,CASH_IN,242.58,C88183110,308.19,65.61,C28762704,70542.53,70785.11,0,0
453,CASH_IN,73.28,C69287967,118.63,45.35,C39236638,84759.59,84832.87,0,0
453,DEBIT,1885.97,C47295260,3030.58,1144.61,M77680031,46393.04,48279.01,0,0
453,CASH_IN,1955.9,C40406092,2587.94,632.04,M32366682,93285.24,95241.14,0,0
453,CASH_OUT,467.09,C52501540,737.37,270.28,C16171536,11923.11,12390.2,0,0
453,PAYMENT,2238.7,C60043345,230769.53,228530.83,C28680305,0.0,0.0,0,0
453,TRANSFER,31667.91,C72312933,117992.0,86324.09,C18087373,186843.44,218511.35,0,0
453,TRANSFER,24565.34,C77187530,40271.93,15706.59,C18873816,87791.82,112357.16,0,0
453,TRANSFER,46601.51,C90893133,99806.14,53204.63,C28185096,172177.07,218778.58,0,0
453,CASH_IN,2045.95,C91178885,2339.53,293.58,C21375216,55410.77,57456.72,0,0
453,DEBIT,9456.61,C98010774,10166.03,709.42,M98413629,63715.22,73171.83,0,0
453,PAYMENT,1478.41,C52910691,485371.65,483893.24,C75319770,0.0,0.0,0,0
453,PAYMENT,2728.35,C95831286,62812.89,60084.54,C51395738,0.0,0.0,0,0
453,PAYMENT,120.17,C95618110,86320.99,86200.82,C22205980,0.0,0.0,0,0
454,TRANSFER,10422.39,C82503409,19300.98,8878.59,M92284610,10529.14,20951.53,0,0
454,DEBIT,18345.15,C60237832,21368.47,3023.32,M77674279,33551.54,51896.69,0,0
454,TRANSFER,848.21,C16749089,2536.47,1688.26,M92134318,193196.54,194044.75,0,0
454,CASH_OUT,4214.04,C24366125,8831.51,4617.47,C84264220,81414.88,85628.92,0,0
454,TRANSFER,4540.06,C20993268,6930.41,2390.35,M88319168,131541.62,136081.68,0,0
454,TRANSFER,5062.2,C10819505,5092.83,30.63,C80980044,126966.32,132028.52,0,0
454,CASH_OUT,3975.15,C79519112,4491.96,516.81,C78778646,70758.67,74733.82,0,0
454,DEBIT,3971.31,C88862539,8714.73,4743.42,C14934536,61358.17,65329.48,0,0
454,PAYMENT,2866.64,C29413516,457620.92,454754.28,C58991556,0.0,0.0,0,0
454,CASH_OUT,1208.66,C23676961,1891.13,682.47,C93185576,57021.31,58229.97,0,0
454,CASH_OUT,2263.63,C83284724,2527.82,264.19,C52064387,36924.42,39188.05,0,0
454,CASH_OUT,3069.27,C87149951,5160.87,2091.6,C75592138,45141.77,48211.04,0,0
454,CASH_OUT,552.07,C12729224,781.96,229.89,C47221734,36406.17,36958.24,0,0
454,TRANSFER,49166.15,C83715012,174796.15,125630.0,C19801857,37662.05,86828.2,0,0
455,CASH_OUT,921.41,C41514326,1209.0,287.59,C69069144,40420.73,41342.14,0,0
455,PAYMENT,610.3,C67702031,182089.4,181479.1,C37732020,0.0,0.0,0,0
455,CASH_OUT,7123.36,C66379329,19574.49,12451.13,M47405107,47641.09,54764.45,0,0
455,CASH_OUT,3615.46,C88703005,9826.98,6211.52,M95590648,65390.95,69006.41,0,0
455,CASH_OUT,2923.07,C19774839,2952.85,29.78,M43322272,81841.18,84764.25,0,0
455,PAYMENT,1256.69,C42117961,477948.99,476692.3,C25755285,0.0,0.0,0,0
455,CASH_IN,7925.03,C95613415,10778.56,2853.53,C37868462,4052.53,11977.56,0,0
455,CASH_OUT,5253.68,C23311507,13743.91,8490.23,C54589439,87694.88,92948.56,0,0
455,CASH_IN,2846.08,C23756669,6478.65,3632.57,C85906869,81273.08,84119.16,0,0
455,PAYMENT,5684.23,C34850391,300553.52,294869.29,C77996397,0.0,0.0,0,0
455,DEBIT,2000.74,C58082464,5955.3,3954.56,C83717007,80420.7,82421.44,0,0
455,TRANSFER,6535.32,C26240908,9294.24,2758.92,C84455942,94870.76,101406.08,0,0
455,PAYMENT,4758.69,C52436584,251748.1,246989.41,M49945150,0.0,0.0,0,0
456,TRANSFER,25084.93,C47376585,84742.68,59657.75,M16530784,33106.22,58191.15,0,0
456,PAYMENT,1200.68,C63643924,277002.67,275801.99,M36717096,0.0,0.0,0,0
456,PAYMENT,2177.29,C11049999,278921.06,276743.77,M66207740,0.0,0.0,0,0
456,CASH_OUT,4962.01,C16740197,9636.64,4674.63,M29163535,86632.82,91594.83,0,0
456,PAYMENT,365.56,C45859307,180242.1,179876.54,M48789478,0.0,0.0,0,0
456,PAYMENT,521.44,C87789079,298556.75,298035.31,C18397164,0.0,0.0,0,0
456,CASH_OUT,4225.7,C23556182,4555.42,329.72,M98707076,75130.93,79356.63,0,0
456,CASH_OUT,4034.23,C94951883,4968.74,934.51,C29353063,37302.57,41336.8,0,0
456,PAYMENT,430.58,C86960402,352856.46,352425.88,M27551135,0.0,0.0,0,0
456,PAYMENT,2846.42,C58399417,174820.58,171974.16,C95728324,0.0,0.0,0,0
456,CASH_OUT,1082.11,C98753260,2757.87,1675.76,C36229153,19423.99,20506.1,0,0
456,PAYMENT,3105.77,C63690013,471952.18,468846.41,C99399687,0.0,0.0,0,0
456,CASH_OUT,5435.22,C79172559,12426.31,6991.09,M16080513,59204.87,64640.09,0,0
456,TRANSFER,1395984.36,C71352751,1318694.5,0.0,C76217748,93600.82,0.0,1,1
457,PAYMENT,5837.4,C65250068,490311.03,484473.63,C84892608,0.0,0.0,0,0
457,CASH_OUT,1846.1,C39394291,2733.2,887.1,C63415303,12762.58,14608.68,0,0
457,CASH_OUT,7163.38,C61818612,7503.35,339.97,M58607028,30010.19,37173.57,0,0
457,PAYMENT,844.13,C82017516,455196.69,454352.56,C17467311,0.0,0.0,0,0
457,PAYMENT,186.58,C22243983,166055.33,165868.75,C27514010,0.0,0.0,0,0
457,CASH_OUT,1606.54,C52910691,4407.02,2800.48,M32633927,12624.77,14231.31,0,0
457,CASH_OUT,27190.66,C89609131,32389.89,5199.23,C50890504,65578.65,92769.31,0,0
457,PAYMENT,970.93,C81287314,278723.75,277752.82,C60388958,0.0,0.0,0,0
457,CASH_OUT,7828.32,C96629889,21665.44,13837.12,C31803703,12889.28,20717.6,0,0
457,CASH_OUT,2196.19,C38119557,4436.04,2239.85,M66207740,55546.55,57742.74,0,0
457,TRANSFER,352469.21,C36950221,342662.26,0.0,M17940667,55924.54,408393.75,1,1
457,CASH_OUT,18286.88,C84093639,35281.21,16994.33,C64069715,58518.28,76805.16,0,0
457,PAYMENT,3858.73,C42614537,74662.67,70803.94,C75694038,0.0,0.0,0,0
458,PAYMENT,6784.98,C56930359,331005.35,324220.37,C72267186,0.0,0.0,0,0
458,CASH_OUT,3163.55,C38553319,4749.0,1585.45,C61407440,91771.23,94934.78,0,0
458,CASH_OUT,1640.92,C35511941,3597.75,1956.83,C85672859,1374.08,3015.0,0,0
458,PAYMENT,190.8,C72937522,277169.7,276978.9,C28808678,0.0,0.0,0,0
458,PAYMENT,650.81,C52358553,457653.35,457002.54,C16292676,0.0,0.0,0,0
458,CASH_OUT,4732.1,C25458308,7628.72,2896.62,C74279671,76815.58,81547.68,0,0
458,PAYMENT,2878.21,C54559574,140572.16,137693.95,C77996124,0.0,0.0,0,0
458,CASH_OUT,16252.49,C29208935,43365.4,27112.91,C57505459,60274.28,76526.77,0,0
458,CASH_OUT,1012.92,C19943140,2409.68,1396.76,C51861213,35928.61,36941.53,0,0
458,TRANSFER,12646.46,C20752378,33255.96,20609.5,C33842070,3939.76,16586.22,0,0
458,PAYMENT,32.53,C72820592,26138.53,26106.0,C69375757,0.0,0.0,0,0
458,PAYMENT,444.86,C44917589,230929.48,230484.62,C81905550,0.0,0.0,0,0
458,TRANSFER,8120.06,C15134794,17163.89,9043.83,C29353063,178842.3,186962.36,0,0
459,PAYMENT,1688.49,C90388981,160537.0,158848.51,C57268285,0.0,0.0,0,0
459,CASH_OUT,1793.99,C23318904,2592.93,798.94,C74854563,66388.21,68182.2,0,0
459,PAYMENT,131.24,C25374874,294697.45,294566.21,C18087373,0.0,0.0,0,0
459,TRANSFER,2106.47,C93652460,3496.44,1389.97,M19954260,5078.64,7185.11,0,0
459,TRANSFER,11972.23,C10744212,26283.89,14311.66,M74398125,123142.34,135114.57,0,0
459,TRANSFER,3254.72,C59796322,6142.58,2887.86,C61500679,60957.5,64212.22,0,0
459,PAYMENT,1438.0,C61030579,250450.78,249012.78,C18038980,0.0,0.0,0,0
459,DEBIT,7046.16,C29602406,11599.51,4553.35,M37828932,87643.94,94690.1,0,0
459,CASH_OUT,2299.38,C90801586,3146.41,847.03,C49101812,74394.66,76694.04,0,0
459,TRANSFER,25485.03,C56920514,48534.83,23049.8,C34800912,1948.72,27433.75,0,0
459,PAYMENT,6642.11,C23556182,41848.22,35206.11,C39314711,0.0,0.0,0,0
459,CASH_OUT,5764.98,C99269266,14068.24,8303.26,M11097552,34200.8,39965.78,0,0
459,PAYMENT,1405.32,C60103798,200363.5,198958.18,C70693413,0.0,0.0,0,0
459,TRANSFER,1441.63,C19046318,2805.38,1363.75,C16533225,57075.94,58517.57,0,0
460,PAYMENT,3325.21,C36772387,464226.94,460901.73,C68000104,0.0,0.0,0,0
460,TRANSFER,6501.28,C34406132,17483.88,10982.6,M69195194,76385.9,82887.18,0,0
460,PAYMENT,1888.28,C80166708,83942.03,82053.75,C20482769,0.0,0.0,0,0
460,CASH_OUT,4810.15,C73070585,12149.37,7339.22,M83994695,22162.32,26972.47,0,0
460,TRANSFER,6925.36,C30776478,20962.85,14037.49,C70532325,58932.21,65857.57,0,0
460,CASH_OUT,1378.92,C99639081,1606.63,227.71,C13785821,64003.59,65382.51,0,0
460,CASH_IN,4493.31,C42002808,5745.14,1251.83,C46407626,38687.49,43180.8,0,0
460,PAYMENT,905.88,C14308421,12087.39,11181.51,C83504237,0.0,0.0,0,0
460,CASH_OUT,931.4,C86726461,1662.2,730.8,M62868861,90482.1,91413.5,0,0
460,PAYMENT,1716.85,C19863756,300846.93,299130.08,C32396311,0.0,0.0,0,0
460,PAYMENT,2368.95,C93352876,51405.97,49037.02,M50237208,0.0,0.0,0,0
460,PAYMENT,2167.56,C47220099,80173.21,78005.65,C23560308,0.0,0.0,0,0
460,PAYMENT,29.01,C32097220,67248.94,67219.93,C41272427,0.0,0.0,0,0
461,DEBIT,4403.47,C82498004,7990.28,3586.81,M65913331,54157.41,58560.88,0,0
461,TRANSFER,3276.88,C44295247,6807.87,3530.99,M65079923,48906.85,52183.73,0,0
461,CASH_OUT,3606.58,C42787299,7964.22,4357.64,C92809273,47483.91,51090.49,0,0
461,CASH_IN,20486.64,C21318464,36720.87,16234.23,M57183837,98620.25,119106.89,0,0
461,CASH_OUT,2974.79,C71974027,8752.88,5778.09,C65388634,12111.0,15085.79,0,0
461,TRANSFER,13866.54,C13704481,15745.08,1878.54,C92424037,106796.13,120662.67,0,0
461,PAYMENT,607.03,C78092370,180429.32,179822.29,C49137230,0.0,0.0,0,0
461,PAYMENT,124.29,C25492573,24451.47,24327.18,M54018830,0.0,0.0,0,0
461,PAYMENT,1006.12,C38427073,293349.25,292343.13,C70665302,0.0,0.0,0,0
461,CASH_OUT,3372.76,C19528530,5015.42,1642.66,C32059232,37367.18,40739.94,0,0
461,PAYMENT,138.91,C54058573,302889.27,302750.36,C84386123,0.0,0.0,0,0
461,CASH_OUT,1632.25,C25014631,1822.03,189.78,C49922369,2167.89,3800.14,0,0
461,CASH_OUT,18952.29,C51946203,35262.13,16309.84,C64364546,37678.29,56630.58,0,0
461,PAYMENT,367.62,C45496015,171574.99,171207.37,C71533194,0.0,0.0,0,0
462,TRANSFER,41636.65,C84674816,129075.35,87438.7,C50165370,13734.08,55370.73,0,0
462,CASH_OUT,11475.16,C34347841,25238.52,13763.36,C74343201,245.74,11720.9,0,0
462,PAYMENT,7259.7,C20075036,498755.45,491495.75,C54424679,0.0,0.0,0,0
462,PAYMENT,91.64,C94183695,73028.0,72936.36,C92423989,0.0,0.0,0,0
462,DEBIT,13154.65,C95822412,34042.18,20887.53,C75609379,34412.87,47567.52,0,0
462,PAYMENT,190.59,C90852623,70084.78,69894.19,M10695441,0.0,0.0,0,0
462,PAYMENT,175.57,C24549543,481261.84,481086.27,M13808225,0.0,0.0,0,0
462,PAYMENT,5273.67,C83076970,235424.1,230150.43,C65784972,0.0,0.0,0,0
462,CASH_OUT,7587.86,C30068183,8733.15,1145.29,C28416255,33149.77,40737.63,0,0
462,CASH_OUT,3879.38,C69401199,10380.19,6500.81,C96557984,44393.79,48273.17,0,0
462,CASH_OUT,4579.32,C64280720,7287.61,2708.29,C37574457,75693.7,80273.02,0,0
462,PAYMENT,1245.26,C27558317,307910.84,306665.58,C10331931,0.0,0.0,0,0
462,TRANSFER,20910.02,C72962895,62944.18,42034.16,M52831009,194832.95,215742.97,0,0
463,CASH_IN,2697.01,C25312516,4966.38,2269.37,C23973438,42801.11,45498.12,0,0
463,CASH_OUT,575.49,C58586340,1117.52,542.03,C16292676,89633.08,90208.57,0,0
463,CASH_OUT,2371.44,C46817443,6088.69,3717.25,M32099899,16012.1,18383.54,0,0
463,PAYMENT,687.06,C17774584,350746.02,350058.96,C49137230,0.0,0.0,0,0
463,CASH_OUT,684.91,C62191530,1242.12,557.21,C95080736,7417.91,8102.82,0,0
463,CASH_IN,454.27,C16904975,508.67,54.4,C85374270,13204.54,13658.81,0,0
463,CASH_IN,6190.26,C25374874,7600.12,1409.86,C59535894,47846.04,54036.3,0,0
463,PAYMENT,753.29,C71327848,463825.73,463072.44,C58079840,0.0,0.0,0,0
463,CASH_OUT,4649.88,C60806024,9093.52,4443.64,C39698906,42757.8,47407.68,0,0
463,CASH_OUT,2514.64,C60885459,3512.56,997.92,C92000924,48629.44,51144.08,0,0
463,TRANSFER,55204.07,C73481797,67063.94,11859.87,C84797762,28473.84,83677.91,0,0
463,PAYMENT,821.56,C19957701,259374.73,258553.17,C76479831,0.0,0.0,0,0
463,PAYMENT,2182.97,C84813739,257289.12,255106.15,C21674661,0.0,0.0,0,0
463,CASH_OUT,1779.7,C49761527,2077.94,298.24,M97313825,28606.7,30386.4,0,0
464,PAYMENT,27.25,C17634247,157161.38,157134.13,C52035079,0.0,0.0,0,0
464,TRANSFER,1126025.04,C45503389,1156177.67,0.0,M83819367,90833.05,0.0,1,1
464,TRANSFER,53570.54,C65133300,77436.64,23866.1,C21523236,49414.65,102985.19,0,0
464,TRANSFER,3655.32,C81210133,6502.67,2847.35,M46836194,69571.34,73226.66,0,0
464,DEBIT,3427.2,C16788532,6869.51,3442.31,C76433728,38009.88,41437.08,0,0
464,CASH_OUT,552.8,C77349752,1082.1,529.3,M92634772,96444.18,96996.98,0,0
464,TRANSFER,34736.87,C67965485,103423.22,68686.35,C11534878,41139.38,75876.25,0,0
464,CASH_OUT,2161.8,C92558242,4626.79,2464.99,C32761034,88238.47,90400.27,0,0
464,CASH_OUT,12112.62,C19209801,24801.63,12689.01,C35118997,4124.41,16237.03,0,0
464,PAYMENT,1065.15,C60119651,138845.87,137780.72,C51512209,0.0,0.0,0,0
464,CASH_IN,996.1,C82446804,2618.8,1622.7,M25805613,80382.85,81378.95,0,0
464,CASH_OUT,4815.82,C37415205,7636.32,2820.5,C99188862,43108.26,47924.08,0,0
464,CASH_OUT,2213.31,C55866538,6071.13,3857.82,C76591799,36880.02,39093.33,0,0
465,PAYMENT,1739.02,C20113745,244950.17,243211.15,M63873262,0.0,0.0,0,0
465,PAYMENT,826.2,C29806690,471647.43,470821.23,C81394920,0.0,0.0,0,0
465,PAYMENT,22.51,C39854548,404283.66,404261.15,C27092408,0.0,0.0,0,0
465,CASH_IN,2875.56,C51511484,8340.17,5464.61,C57501571,36543.14,39418.7,0,0
465,CASH_IN,806.0,C84514489,2305.73,1499.73,C50045602,38590.29,39396.29,0,0
465,CASH_OUT,1171.81,C77172238,2206.02,1034.21,C71204580,29350.52,30522.33,0,0
465,CASH_OUT,7705.51,C34744872,20252.33,12546.82,M54458225,57775.63,65481.14,0,0
465,PAYMENT,3656.73,C67279295,415569.57,411912.84,C85007641,0.0,0.0,0,0
465,PAYMENT,1433.91,C45503389,204584.41,203150.5,C20770971,0.0,0.0,0,0
465,CASH_IN,10752.18,C63826716,10877.2,125.02,C72143331,41327.57,52079.75,0,0
465,CASH_IN,2147.3,C72092888,4584.41,2437.11,C54448673,32699.1,34846.4,0,0
465,PAYMENT,323.02,C60628276,168233.81,167910.79,C89526622,0.0,0.0,0,0
465,TRANSFER,19013.76,C19510312,22107.49,3093.73,M36717096,84918.58,103932.34,0,0
466,PAYMENT,1627.03,C35529407,224760.42,223133.39,C27714442,0.0,0.0,0,0
466,PAYMENT,636.01,C26989677,247110.63,246474.62,C11082139,0.0,0.0,0,0
466,CASH_OUT,3196.16,C40885967,5239.0,2042.84,C53431355,2178.49,5374.65,0,0
466,CASH_OUT,897.53,C88990506,1359.58,462.05,C98222374,87733.57,88631.1,0,0
466,CASH_OUT,381.96,C75266178,821.62,439.66,M25946545,30116.18,30498.14,0,0
466,PAYMENT,1611.32,C20356922,329058.1,327446.78,C11523452,0.0,0.0,0,0
466,DEBIT,1506.31,C56920514,2066.8,560.49,M32366682,78742.21,80248.52,0,0
466,PAYMENT,1165.43,C31361812,247726.99,246561.56,C13957046,0.0,0.0,0,0
466,PAYMENT,2510.25,C20043277,345407.53,342897.28,C32062036,0.0,0.0,0,0
466,CASH_OUT,834.98,C62607710,2002.33,1167.35,C21062296,28687.45,29522.43,0,0
466,TRANSFER,17990.68,C30452412,48605.66,30614.98,C52885071,171735.94,189726.62,0,0
466,PAYMENT,1514.03,C74606833,59876.26,58362.23,C37449289,0.0,0.0,0,0
466,PAYMENT,1417.38,C71308842,349661.02,348243.64,C17749299,0.0,0.0,0,0
466,PAYMENT,2673.09,C96282117,14065.22,11392.13,C20526386,0.0,0.0,0,0
467,TRANSFER,4067.97,C54446182,5702.74,1634.77,C88909809,59228.38,63296.35,0,0
467,CASH_OUT,307.22,C52501540,887.09,579.87,C18500100,94749.73,95056.95,0,0
467,TRANSFER,5644.49,C81481992,16568.4,10923.91,M11890348,176285.36,181929.85,0,0
467,PAYMENT,3651.45,C46912022,463379.48,459728.03,M87161840,0.0,0.0,0,0
467,CASH_OUT,380.29,C70896652,428.99,48.7,C51004756,92252.89,92633.18,0,0
467,CASH_OUT,3796.46,C24039158,7177.34,3380.88,C28784915,39542.42,43338.88,0,0
467,CASH_IN,1926.71,C35848226,2773.34,846.63,C85886408,14062.48,15989.19,0,0
467,CASH_OUT,3523.29,C58563745,7189.06,3665.77,C56533974,20046.12,23569.41,0,0
467,TRANSFER,7408.0,C82374753,27038.03,19630.03,M32099899,165262.82,172670.82,0,0
467,PAYMENT,2124.1,C58537831,474675.88,472551.78,C49137230,0.0,0.0,0,0
467,TRANSFER,38289.45,C86125617,115927.71,77638.26,C68137264,59143.41,97432.86,0,0
467,PAYMENT,1732.07,C66808292,64997.09,63265.02,C27927298,0.0,0.0,0,0
467,CASH_IN,5495.17,C17539294,13993.28,8498.11,C10916723,86967.79,92462.96,0,0
468,DEBIT,8836.24,C88183110,26382.38,17546.14,M38720823,21251.63,30087.87,0,0
468,TRANSFER,11099.21,C98122539,23786.46,12687.25,C37804291,189452.33,200551.54,0,0
468,PAYMENT,1160.27,C31257157,469375.38,468215.11,M40540334,0.0,0.0,0,0
468,PAYMENT,2052.33,C53233116,303415.51,301363.18,C63795149,0.0,0.0,0,0
468,TRANSFER,6456.58,C65465150,8118.39,1661.81,C32027350,42162.25,48618.83,0,0
468,PAYMENT,9976.34,C77827638,169112.95,159136.61,C52688984,0.0,0.0,0,0
468,PAYMENT,76.81,C80610004,304081.62,304004.81,C10916723,0.0,0.0,0,0
468,PAYMENT,5324.44,C71265269,218563.23,213238.79,C87025433,0.0,0.0,0,0
468,CASH_IN,5370.01,C38944689,6799.3,1429.29,C92048427,56229.13,61599.14,0,0
468,DEBIT,1253.75,C30534124,2305.16,1051.41,C39396392,56825.93,58079.68,0,0
468,CASH_IN,820.33,C56095437,1006.91,186.58,M21571646,18779.72,19600.05,0,0
468,PAYMENT,188.53,C53251559,186056.41,185867.88,C58189421,0.0,0.0,0,0
468,CASH_OUT,7642.83,C35770506,21866.57,14223.74,M49920898,37420.04,45062.87,0,0
468,TRANSFER,45843.95,C78057490,166132.02,120288.07,C28687800,16411.61,62255.56,0,0
469,TRANSFER,2056.56,C29776801,2733.52,676.96,C28808678,69651.14,71707.7,0,0
469,TRANSFER,13737.16,C22309586,50604.0,36866.84,C38138531,128814.08,142551.24,0,0
469,CASH_OUT,1428696.47,C99078806,1667109.04,0.0,C11604831,75733.21,1504429.68,1,0
469,TRANSFER,10905.21,C71265269,12909.08,2003.87,C69959826,13225.73,24130.94,0,0
469,PAYMENT,1567.33,C79782527,175588.33,174021.0,M68065043,0.0,0.0,0,0
469,CASH_IN,301.49,C38470244,608.39,306.9,C67265875,7584.78,7886.27,0,0
469,DEBIT,4180.91,C33763566,6941.75,2760.84,C51273379,52244.07,56424.98,0,0
469,PAYMENT,4657.97,C26395999,138671.35,134013.38,M85383550,0.0,0.0,0,0
469,TRANSFER,4936.04,C64776386,11719.37,6783.33,M10695441,71100.46,76036.5,0,0
469,PAYMENT,430.47,C38538251,22947.27,22516.8,M26357665,0.0,0.0,0,0
469,CASH_OUT,4814.9,C62163160,8698.75,3883.85,M31473054,93139.69,97954.59,0,0
469,CASH_IN,1369.62,C60867083,2595.1,1225.48,C30112846,48705.83,50075.45,0,0
469,PAYMENT,19.16,C50643870,275359.6,275340.44,C12101593,0.0,0.0,0,0
470,TRANSFER,76674.54,C57683626,216574.54,139900.0,M96155337,31798.78,108473.32,0,0
470,CASH_OUT,1893.7,C29090631,2282.69,388.99,C80310522,89745.77,91639.47,0,0
470,DEBIT,7659.94,C47962005,16219.99,8560.05,C67418250,70328.42,77988.36,0,0
470,PAYMENT,2556.26,C95199362,53209.69,50653.43,C16950770,0.0,0.0,0,0
470,PAYMENT,253.2,C45575298,184175.19,183921.99,M70343755,0.0,0.0,0,0
470,PAYMENT,958.3,C87181563,213298.04,212339.74,C87731247,0.0,0.0,0,0
470,TRANSFER,4191.09,C56892354,5609.64,1418.55,C53038948,114181.29,118372.38,0,0
470,PAYMENT,2164.68,C82475098,416139.04,413974.36,C83357939,0.0,0.0,0,0
470,CASH_IN,7570.7,C61053474,16339.73,8769.03,C81134297,71280.68,78851.38,0,0
470,PAYMENT,431.18,C83227889,101204.7,100773.52,C98032908,0.0,0.0,0,0
470,PAYMENT,230.48,C36054020,239292.22,239061.74,M79538491,0.0,0.0,0,0
470,CASH_OUT,4699.42,C72043515,4963.38,263.96,C27870584,96964.66,101664.08,0,0
470,CASH_OUT,5750.51,C86745380,8689.98,2939.47,M46456416,64362.38,70112.89,0,0
470,PAYMENT,611.41,C81016525,175193.2,174581.79,C67653606,0.0,0.0,0,0
471,CASH_OUT,2199.67,C98986321,4599.21,2399.54,C21097943,24691.37,26891.04,0,0
471,PAYMENT,713.41,C74227366,493719.67,493006.26,M25119192,0.0,0.0,0,0
471,PAYMENT,148.69,C71682508,297446.97,297298.28,C81441519,0.0,0.0,0,0
471,CASH_OUT,9640.4,C24883373,12710.33,3069.93,C71453148,40017.97,49658.37,0,0
471,PAYMENT,110.45,C48285503,235126.04,235015.59,M19794273,0.0,0.0,0,0
471,CASH_OUT,1238.3,C57535513,2624.1,1385.8,C99188862,6653.58,7891.88,0,0
471,TRANSFER,895.41,C71968116,3391.0,2495.59,C74321792,86123.64,87019.05,0,0
471,PAYMENT,2371.85,C73083727,434765.46,432393.61,C89211057,0.0,0.0,0,0
471,CASH_OUT,1210.2,C83197857,1700.07,489.87,C79226031,15162.49,16372.69,0,0
471,PAYMENT,226.22,C30665654,103845.26,103619.04,C84721440,0.0,0.0,0,0
471,PAYMENT,7285.02,C56920514,232088.9,224803.88,C36229153,0.0,0.0,0,0
471,CASH_OUT,3955.48,C15399803,8642.94,4687.46,C73218512,81111.9,85067.38,0,0
471,CASH_OUT,9215.32,C56930359,20973.54,11758.22,C69959826,81100.61,90315.93,0,0
472,CASH_OUT,133.39,C60237832,166.95,33.56,M83994695,51785.9,51919.29,0,0
472,PAYMENT,1605.9,C57928328,214381.61,212775.71,C73360324,0.0,0.0,0,0
472,TRANSFER,827943.54,C55504725,1001060.09,173116.55,M46619573,765.41,828708.95,1,1
472,CASH_IN,5524.17,C18429833,6905.89,1381.72,C61012496,72206.03,77730.2,0,0
472,CASH_IN,1174.77,C41227216,2247.76,1072.99,C45955440,82865.14,84039.91,0,0
472,DEBIT,1988.27,C52501540,4831.59,2843.32,C50831043,16691.72,18679.99,0,0
472,CASH_IN,908.03,C95199362,1770.87,862.84,C76591799,45588.05,46496.08,0,0
472,TRANSFER,18991.43,C70887307,25877.95,6886.52,C98870866,152231.13,171222.56,0,0
472,TRANSFER,7675.24,C31361812,23638.83,15963.59,M60089832,96665.56,104340.8,0,0
472,CASH_IN,2819.61,C45843681,5018.54,2198.93,C31424479,109.67,2929.28,0,0
472,CASH_OUT,1363415.03,C23041121,1190552.31,0.0,M83994695,14155.6,1377570.63,1,0
472,PAYMENT,2779.74,C45594951,149011.23,146231.49,M75632882,0.0,0.0,0,0
472,CASH_OUT,2637.74,C92228802,6213.52,3575.78,C57501571,5182.91,7820.65,0,0
472,PAYMENT,1353.52,C57113566,242747.38,241393.86,C53440052,0.0,0.0,0,0
473,PAYMENT,11.81,C59491122,331783.14,331771.33,C26674831,0.0,0.0,0,0
473,CASH_OUT,1097.54,C77172238,2928.72,1831.18,M70873663,78370.32,79467.86,0,0
473,PAYMENT,1598.82,C63211150,467468.44,465869.62,C43878996,0.0,0.0,0,0
473,PAYMENT,574.02,C18530615,292116.98,291542.96,C85141654,0.0,0.0,0,0
473,PAYMENT,1311.88,C13471527,189346.71,188034.83,M22993840,0.0,0.0,0,0
473,CASH_OUT,6435.15,C44210729,16369.49,9934.34,C78561753,40263.59,46698.74,0,0
473,PAYMENT,150.23,C70939053,149405.82,149255.59,C65350347,0.0,0.0,0,0
473,PAYMENT,843.08,C27637794,362267.85,361424.77,C28972822,0.0,0.0,0,0
473,CASH_IN,1277.77,C21631697,3461.98,2184.21,C60473288,19477.14,20754.91,0,0
473,PAYMENT,169.52,C12515446,10006.73,9837.21,C49599276,0.0,0.0,0,0
473,CASH_OUT,5745.19,C49613214,7600.62,1855.43,C74115841,82412.01,88157.2,0,0
473,CASH_OUT,9921.09,C67062156,23303.93,13382.84,C17993466,68215.08,78136.17,0,0
473,TRANSFER,1832.78,C19255216,5264.53,3431.75,M46702849,191480.41,193313.19,0,0
474,PAYMENT,1638.97,C50181935,419218.71,417579.74,M67838146,0.0,0.0,0,0
474,CASH_OUT,3835.8,C99501846,5706.73,1870.93,M22539748,62376.7,66212.5,0,0
474,CASH_OUT,1047587.18,C89089901,1088569.19,0.0,C20526386,5006.88,0.0,1,0
474,CASH_OUT,10706.83,C71045700,13154.18,2447.35,C54964418,90787.29,101494.12,0,0
474,CASH_OUT,7588.95,C96268397,9048.8,1459.85,M69741812,6924.28,14513.23,0,0
474,PAYMENT,1710.66,C51946203,454946.17,453235.51,C13209180,0.0,0.0,0,0
474,CASH_IN,2486.62,C17318358,2639.45,152.83,M17698469,3269.67,5756.29,0,0
474,CASH_OUT,6501.09,C81259135,15833.64,9332.55,C50250352,66942.46,73443.55,0,0
474,PAYMENT,1316.65,C96879854,455048.06,453731.41,C57756170,0.0,0.0,0,0
474,PAYMENT,5141.45,C91478884,432031.49,426890.04,C86060638,0.0,0.0,0,0
474,CASH_OUT,631.12,C24923247,1033.33,402.21,C20024377,50760.01,51391.13,0,0
474,PAYMENT,1363.85,C67965485,180362.0,178998.15,M85432781,0.0,0.0,0,0
474,PAYMENT,63.29,C23769360,300861.26,300797.97,M76845536,0.0,0.0,0,0
475,TRANSFER,5989.24,C40728046,14469.89,8480.65,C79839059,19166.65,25155.89,0,0
475,PAYMENT,2438.63,C27084279,122748.06,120309.43,C51999682,0.0,0.0,0,0
475,CASH_IN,7115.12,C21257528,14306.48,7191.36,C11246473,41316.76,48431.88,0,0
475,CASH_OUT,1269.86,C64800542,2993.77,1723.91,C12176998,24006.51,25276.37,0,0
475,PAYMENT,360.79,C64193837,438545.0,438184.21,M87030477,0.0,0.0,0,0
475,CASH_OUT,14824.59,C98550256,29496.64,14672.05,C37040091,13870.91,28695.5,0,0
475,CASH_OUT,10712.81,C95831286,13846.36,3133.55,C94651342,51844.77,62557.58,0,0
475,CASH_OUT,2502.34,C66390708,3822.92,1320.58,C60981231,88897.15,91399.49,0,0
475,TRANSFER,1039.71,C13579612,2593.22,1553.51,M40540334,26578.6,27618.31,0,0
475,PAYMENT,1793.51,C39958838,405800.31,404006.8,M56630633,0.0,0.0,0,0
475,TRANSFER,9741.31,C75802771,28965.66,19224.35,C59961172,5137.43,14878.74,0,0
475,CASH_OUT,473686.46,C64549859,555701.24,82014.78,C27030641,31962.95,0.0,1,0
475,PAYMENT,979.09,C94712997,170284.37,169305.28,C47241089,0.0,0.0,0,0
475,TRANSFER,6000.66,C38195995,21795.81,15795.15,C72267186,80728.23,86728.89,0,0
476,CASH_OUT,3049.78,C96547189,8411.95,5362.17,M69374716,69607.4,72657.18,0,0
476,CASH_OUT,11343.8,C69302158,20890.94,9547.14,M70981700,65545.47,76889.27,0,0
476,DEBIT,11105.6,C43308443,24393.95,13288.35,C72546007,76262.72,87368.32,0,0
476,PAYMENT,63.41,C31516757,406288.12,406224.71,M15646068,0.0,0.0,0,0
476,PAYMENT,500.07,C19289546,30989.78,30489.71,C96255361,0.0,0.0,0,0
476,CASH_IN,5288.3,C90585678,11521.44,6233.14,M21783073,52632.34,57920.64,0,0
476,PAYMENT,228.2,C85957706,118928.48,118700.28,C62188655,0.0,0.0,0,0
476,PAYMENT,1503.09,C97219599,261478.48,259975.39,C15711200,0.0,0.0,0,0
476,CASH_OUT,9867.86,C40097636,15980.46,6112.6,M67192331,82394.97,92262.83,0,0
476,CASH_IN,1176.38,C63690013,1584.56,408.18,M40097200,64369.72,65546.1,0,0
476,PAYMENT,422.29,C15950635,169289.31,168867.02,M15028625,0.0,0.0,0,0
476,TRANSFER,29634.06,C74227366,77975.08,48341.02,C25060409,188721.7,218355.76,0,0
476,CASH_OUT,6750.72,C75184410,7433.52,682.8,M79616482,73959.51,80710.23,0,0
477,TRANSFER,451.39,C52235350,750.15,298.76,C42366980,89252.82,89704.21,0,0
477,PAYMENT,1168.04,C74251933,122735.87,121567.83,M14064904,0.0,0.0,0,0
477,CASH_OUT,1262.46,C26989677,3575.77,2313.31,C42981324,2473.25,3735.71,0,0
477,CASH_OUT,8371.21,C68614462,24863.25,16492.04,C20453825,67437.91,75809.12,0,0
477,TRANSFER,16564.87,C63782042,58956.83,42391.96,C33842070,173178.19,189743.06,0,0
477,TRANSFER,13711.52,C33497411,50491.14,36779.62,C96104027,196297.15,210008.67,0,0
477,CASH_OUT,24145.91,C44295247,66247.44,42101.53,C61518966,91136.06,115281.97,0,0
477,PAYMENT,804.1,C39854548,496767.07,495962.97,M26800072,0.0,0.0,0,0
477,PAYMENT,352.37,C58563745,20095.26,19742.89,M95763946,0.0,0.0,0,0
477,CASH_OUT,12497.32,C72415804,17798.46,5301.14,C81729237,77975.49,90472.81,0,0
477,TRANSFER,2479.14,C19391725,5696.94,3217.8,M95828117,186043.85,188522.99,0,0
477,PAYMENT,920.6,C51464269,310129.47,309208.87,C82884346,0.0,0.0,0,0
477,PAYMENT,409.04,C92228802,49142.92,48733.88,M22976369,0.0,0.0,0,0
477,CASH_OUT,89.38,C95756900,114.39,25.01,M73161098,42219.07,42308.45,0,0
478,TRANSFER,19044.97,C87925434,60950.37,41905.4,C19865900,71839.67,90884.64,0,0
478,PAYMENT,1396.83,C19335534,364779.69,363382.86,C38956527,0.0,0.0,0,0
478,CASH_OUT,5371.41,C43742830,10516.54,5145.13,C26025721,86677.39,92048.8,0,0
478,TRANSFER,5206.39,C42117961,18790.9,13584.51,C42580349,25927.79,31134.18,0,0
478,CASH_OUT,7153.31,C82287061,10254.18,3100.87,C14934536,92683.69,99837.0,0,0
478,PAYMENT,173.08,C30024960,263930.38,263757.3,C95655118,0.0,0.0,0,0
478,PAYMENT,158.53,C54098516,180052.45,179893.92,C43226234,0.0,0.0,0,0
478,CASH_OUT,315.22,C86149359,869.44,554.22,C21635070,78231.68,78546.9,0,0
478,PAYMENT,2108.76,C88339168,462310.57,460201.81,C56420476,0.0,0.0,0,0
478,PAYMENT,2171.49,C19832887,81139.82,78968.33,C23656928,0.0,0.0,0,0
478,CASH_OUT,1460.67,C69118721,2964.35,1503.68,C50261914,69112.99,70573.66,0,0
478,CASH_OUT,6937.2,C97226012,9638.77,2701.57,C73909453,64358.14,71295.34,0,0
478,TRANSFER,2935.06,C51273847,10129.09,7194.03,C60142505,34632.61,37567.67,0,0
479,TRANSFER,30620.23,C73013961,92716.06,62095.83,C90143600,143111.01,173731.24,0,0
479,CASH_OUT,454865.04,C69020451,496651.68,41786.64,C60104292,56560.06,0.0,1,0
479,PAYMENT,1732.13,C72732043,311998.47,310266.34,C89412216,0.0,0.0,0,0
479,TRANSFER,10844.01,C79654147,21342.62,10498.61,C53805532,121049.06,131893.07,0,0
479,CASH_OUT,3667.49,C64247457,7694.72,4027.23,C58270683,18796.1,22463.59,0,0
479,CASH_OUT,6453.47,C82613940,13322.56,6869.09,C54689713,31708.78,38162.25,0,0
479,CASH_OUT,867.26,C18429833,2499.77,1632.51,M83932683,29090.88,29958.14,0,0
479,CASH_OUT,13786.99,C27339011,39905.74,26118.75,C68238367,38753.16,52540.15,0,0
479,PAYMENT,1014.85,C88561612,292190.74,291175.89,C63635785,0.0,0.0,0,0
479,PAYMENT,2116.83,C32814819,476791.9,474675.07,M48124318,0.0,0.0,0,0
479,CASH_OUT,809.26,C32097220,2206.0,1396.74,C37619925,86740.26,87549.52,0,0
479,DEBIT,1048.19,C91321540,1242.76,194.57,C15910667,53287.68,54335.87,0,0
479,CASH_OUT,3103.05,C60185867,9166.38,6063.33,C25755285,52558.21,55661.26,0,0
479,PAYMENT,268.39,C95225343,436772.66,436504.27,M87161840,0.0,0.0,0,0
480,PAYMENT,1636.58,C85958181,23706.27,22069.69,C68718382,0.0,0.0,0,0
480,CASH_OUT,701.03,C99927658,1079.26,378.23,C33156250,70400.6,71101.63,0,0
480,PAYMENT,122.59,C11049999,474051.29,473928.7,C87293208,0.0,0.0,0,0
480,CASH_OUT,6271.93,C68246664,10657.02,4385.09,C81110496,46305.55,52577.48,0,0
480,PAYMENT,1242.39,C52235350,117991.45,116749.06,C76433728,0.0,0.0,0,0
480,PAYMENT,3521.14,C30868105,72365.35,68844.21,C42029368,0.0,0.0,0,0
480,CASH_IN,6040.5,C27558317,7532.4,1491.9,M61385847,73108.64,79149.14,0,0
480,CASH_IN,8392.04,C73993471,19026.77,10634.73,C46930534,6380.79,14772.83,0,0
480,CASH_OUT,4266.45,C26297533,4574.73,308.28,C36332415,27523.7,31790.15,0,0
480,PAYMENT,378.47,C32814819,484581.51,484203.04,C73218512,0.0,0.0,0,0
480,PAYMENT,1495.29,C56138336,322277.73,320782.44,C22780905,0.0,0.0,0,0
480,PAYMENT,458.9,C93394260,497740.87,497281.97,M29990477,0.0,0.0,0,0
480,TRANSFER,3284.01,C85863473,7304.37,4020.36,M66087572,42953.3,46237.31,0,0
481,CASH_OUT,12881.19,C67854710,22785.33,9904.14,C48744673,88643.55,101524.74,0,0
481,CASH_OUT,5539.46,C89089901,12618.21,7078.75,C11523452,1981.3,7520.76,0,0
481,CASH_OUT,3396.64,C64547971,4570.25,1173.61,C26025721,38489.47,41886.11,0,0
481,PAYMENT,3386.56,C30486849,71168.63,67782.07,C22927031,0.0,0.0,0,0
481,PAYMENT,153.63,C97364555,287960.43,287806.8,C30144023,0.0,0.0,0,0
481,CASH_OUT,1015.59,C98787891,2625.51,1609.92,M35878707,63505.63,64521.22,0,0
481,TRANSFER,444.31,C20576383,1103.87,659.56,C22527880,156597.03,157041.34,0,0
481,PAYMENT,295.3,C73791320,321716.49,321421.19,C98007006,0.0,0.0,0,0
481,PAYMENT,1613.54,C36096655,196732.07,195118.53,C61335545,0.0,0.0,0,0
481,CASH_OUT,2386.56,C88703005,6688.53,4301.97,C51181116,67828.93,70215.49,0,0
481,DEBIT,1249.84,C97236246,1889.04,639.2,C86767229,72036.11,73285.95,0,0
481,PAYMENT,255.08,C14968688,247487.52,247232.44,C74294443,0.0,0.0,0,0
481,CASH_OUT,2772.51,C38195995,4176.24,1403.73,C81891784,37267.77,40040.28,0,0
481,CASH_OUT,7220.6,C60888017,11274.06,4053.46,C82445335,65531.64,72752.24,0,0
482,TRANSFER,11954.42,C21257528,35719.57,23765.15,C92232236,84347.78,96302.2,0,0
482,CASH_IN,1826.7,C79172559,3704.96,1878.26,C84618850,66625.71,68452.41,0,0
482,TRANSFER,15277.56,C55199748,51327.2,36049.64,C39410942,112751.3,128028.86,0,0
482,CASH_OUT,1033.32,C21370793,2948.74,1915.42,M63283709,65491.41,66524.73,0,0
482,TRANSFER,7669.69,C56278607,27334.99,19665.3,C20605783,166592.87,174262.56,0,0
482,TRANSFER,2456.19,C65259205,8571.15,6114.96,C14252622,103999.45,106455.64,0,0
482,CASH_IN,7234.12,C15957459,7658.02,423.9,M50162553,66299.54,73533.66,0,0
482,TRANSFER,13775.5,C40173413,33240.26,19464.76,C93029219,184938.02,198713.52,0,0
482,DEBIT,781.92,C56920514,1236.57,454.65,C60104292,15906.81,16688.73,0,0
482,PAYMENT,1183.63,C72950208,205439.57,204255.94,C91907952,0.0,0.0,0,0
482,CASH_OUT,234.64,C90852623,542.9,308.26,C78561753,64882.79,65117.43,0,0
482,CASH_IN,3083.99,C46468984,8457.95,5373.96,M49597485,72880.02,75964.01,0,0
482,TRANSFER,4256.02,C48412328,11094.23,6838.21,C71684020,71850.18,76106.2,0,0
483,PAYMENT,2362.26,C80723898,395641.89,393279.63,C32027350,0.0,0.0,0,0
483,CASH_IN,2719.15,C46632757,3043.13,323.98,C25479814,99452.61,102171.76,0,0
483,CASH_IN,8730.61,C23556182,11784.03,3053.42,C45212476,26913.99,35644.6,0,0
483,TRANSFER,13551.26,C18004482,13884.24,332.98,M87641510,92119.24,105670.5,0,0
483,TRANSFER,9917.0,C10744212,32472.97,22555.97,M86849080,151938.96,161855.96,0,0
483,PAYMENT,1797.39,C58112135,349077.6,347280.21,M36975128,0.0,0.0,0,0
483,PAYMENT,2558.1,C20896797,457509.81,454951.71,M66087572,0.0,0.0,0,0
483,CASH_OUT,1402.99,C76500726,4130.71,2727.72,C96255361,31473.23,32876.22,0,0
483,PAYMENT,994.67,C16086345,461198.77,460204.1,C13940129,0.0,0.0,0,0
483,CASH_OUT,1743.85,C47215199,1760.55,16.7,C75592138,56222.81,57966.66,0,0
483,CASH_OUT,1817.59,C19335534,3035.68,1218.09,M27318510,99280.68,101098.27,0,0
483,PAYMENT,13.8,C79008866,21148.87,21135.07,C85482164,0.0,0.0,0,0
483,PAYMENT,2367.13,C16789850,349206.56,346839.43,C16166355,0.0,0.0,0,0
484,CASH_IN,2834.05,C21668732,8459.4,5625.35,C73360324,2315.96,5150.01,0,0
484,TRANSFER,2005.81,C25492573,3881.15,1875.34,C99326148,69340.12,71345.93,0,0
484,CASH_OUT,831.25,C36040410,1602.64,771.39,M17437386,26482.33,27313.58,0,0
484,CASH_OUT,13584.65,C98436473,19902.61,6317.96,C27528063,22379.69,35964.34,0,0
484,PAYMENT,2179.47,C63747791,429519.3,427339.83,C70532325,0.0,0.0,0,0
484,PAYMENT,716.2,C38933176,95669.17,94952.97,C39161379,0.0,0.0,0,0
484,PAYMENT,661.9,C81216573,362991.95,362330.05,C81203615,0.0,0.0,0,0
484,PAYMENT,710.94,C26240908,72833.64,72122.7,M31434525,0.0,0.0,0,0
484,TRANSFER,4390.24,C96128115,8009.17,3618.93,C29374563,173918.52,178308.76,0,0
484,CASH_OUT,12607.41,C81259135,24224.36,11616.95,C44224936,26419.24,39026.65,0,0
484,TRANSFER,2663.42,C55440919,5702.15,3038.73,C14252622,37452.55,40115.97,0,0
484,PAYMENT,2896.23,C27447248,57282.73,54386.5,C76521096,0.0,0.0,0,0
484,CASH_OUT,3084.95,C77005685,4463.58,1378.63,C53739710,19243.89,22328.84,0,0
484,PAYMENT,906.01,C27463800,176348.47,175442.46,C88108751,0.0,0.0,0,0
485,PAYMENT,4311.36,C31361812,477370.85,473059.49,C33505978,0.0,0.0,0,0
485,DEBIT,488.16,C67698610,1226.84,738.68,C14388260,97679.91,98168.07,0,0
485,TRANSFER,3159.61,C78444607,9091.55,5931.94,C49922369,117335.46,120495.07,0,0
485,TRANSFER,25232.03,C27129912,75612.49,50380.46,M70873663,184708.75,209940.78,0,0
485,TRANSFER,4981.47,C12735359,16276.44,11294.97,C13209180,44763.99,49745.46,0,0
485,PAYMENT,2426.6,C41068214,17562.82,15136.22,C58376818,0.0,0.0,0,0
485,CASH_OUT,3206.17,C39597483,4401.92,1195.75,C65208920,84520.11,87726.28,0,0
485,PAYMENT,620.25,C34084236,101498.58,100878.33,C86060638,0.0,0.0,0,0
485,CASH_IN,3720.78,C86320155,6587.8,2867.02,C22802372,99768.75,103489.53,0,0
485,TRANSFER,8943.23,C62401521,17460.6,8517.37,C89442904,95649.91,104593.14,0,0
485,CASH_OUT,2128.4,C57912262,5374.2,3245.8,C24363501,74716.36,76844.76,0,0
485,PAYMENT,1328.98,C24883373,130149.4,128820.42,C35760684,0.0,0.0,0,0
485,CASH_OUT,6286.45,C40158366,6647.89,361.44,M12541730,25753.86,32040.31,0,0
486,DEBIT,2369.5,C98447167,6993.37,4623.87,C10908300,65500.27,67869.77,0,0
486,PAYMENT,4777.63,C84514489,9029.57,4251.94,M54458225,0.0,0.0,0,0
486,TRANSFER,11814.32,C45495029,32052.96,20238.64,C29072646,17683.42,29497.74,0,0
486,CASH_OUT,4003.95,C18304547,10330.99,6327.04,C42642810,23487.14,27491.09,0,0
486,PAYMENT,2120.62,C63339667,169341.51,167220.89,C52064387,0.0,0.0,0,0
486,CASH_OUT,4075.71,C10435578,11746.4,7670.69,C60903955,31076.47,35152.18,0,0
486,TRANSFER,1551.62,C61019678,4416.9,2865.28,C26185823,118444.43,119996.05,0,0
486,PAYMENT,632.28,C84593961,410802.72,410170.44,C13933043,0.0,0.0,0,0
486,PAYMENT,4617.51,C20633503,352541.61,347924.1,C88108751,0.0,0.0,0,0
486,CASH_OUT,5442.94,C16109013,14193.33,8750.39,C68238367,94764.28,100207.22,0,0
486,TRANSFER,2297.96,C94790150,7686.52,5388.56,C94365330,165729.15,168027.11,0,0
486,CASH_IN,2400.34,C82287061,5069.77,2669.43,C81059199,95726.97,98127.31,0,0
486,PAYMENT,1031.23,C72535301,173389.84,172358.61,C68341261,0.0,0.0,0,0
486,DEBIT,10964.73,C58399417,25384.9,14420.17,M48879071,65021.29,75986.02,0,0
487,PAYMENT,3271.23,C88320463,185910.07,182638.84,M15402922,0.0,0.0,0,0
487,PAYMENT,69.63,C50643870,201567.46,201497.83,M34991216,0.0,0.0,0,0
487,CASH_OUT,10020.61,C11698142,12921.63,2901.02,M28639738,17570.42,27591.03,0,0
487,CASH_OUT,4321.67,C90585678,6528.76,2207.09,M77674279,47138.07,51459.74,0,0
487,CASH_OUT,7766.13,C37437207,15012.83,7246.7,C38428357,60637.85,68403.98,0,0
487,DEBIT,4073.16,C66661351,9924.95,5851.79,M92594562,29280.46,33353.62,0,0
487,CASH_IN,27844.3,C60806024,43728.78,15884.48,C19531069,25876.08,53720.38,0,0
487,PAYMENT,2851.12,C26733967,261625.97,258774.85,M45521514,0.0,0.0,0,0
487,TRANSFER,5983.78,C22762205,10448.85,4465.07,M69374716,176703.55,182687.33,0,0
487,CASH_OUT,337.96,C97302916,395.11,57.15,M87058874,3813.48,4151.44,0,0
487,TRANSFER,24665.14,C63437398,97278.5,72613.36,C24626086,97277.99,121943.13,0,0
487,PAYMENT,843.71,C67854710,321973.38,321129.67,C22501261,0.0,0.0,0,0
487,CASH_IN,2848.01,C13895645,5171.99,2323.98,M41674763,68331.99,71180.0,0,0
488,TRANSFER,7069.33,C87337818,16988.3,9918.97,C58974686,26174.9,33244.23,0,0
488,TRANSFER,12095.79,C63211150,41448.57,29352.78,C11523452,182030.69,194126.48,0,0
488,CASH_OUT,3058.33,C33763566,3740.6,682.27,C32062036,42736.07,45794.4,0,0
488,CASH_OUT,3864.85,C71477426,4278.97,414.12,C75319770,50341.97,54206.82,0,0
488,PAYMENT,1619.2,C78371272,310039.45,308420.25,C11069604,0.0,0.0,0,0
488,CASH_OUT,4132.78,C26090908,6167.64,2034.86,M37383505,56720.01,60852.79,0,0
488,PAYMENT,289.28,C33978249,162486.98,162197.7,C27036337,0.0,0.0,0,0
488,PAYMENT,508.24,C31367172,231333.69,230825.45,C99139874,0.0,0.0,0,0
488,CASH_OUT,142.6,C15677713,150.27,7.67,C35151299,13690.9,13833.5,0,0
488,CASH_OUT,1591.75,C71934487,1594.87,3.12,C67665720,64346.93,65938.68,0,0
488,PAYMENT,1135.88,C73560289,298238.71,297102.83,C52279780,0.0,0.0,0,0
488,PAYMENT,3247.35,C84801233,365039.84,361792.49,C65439545,0.0,0.0,0,0
488,PAYMENT,891.51,C92666356,99855.38,98963.87,C26094525,0.0,0.0,0,0
488,CASH_OUT,4833.53,C60888017,4933.61,100.08,C43214247,98819.18,103652.71,0,0
489,PAYMENT,829.06,C14265799,388504.64,387675.58,M16866268,0.0,0.0,0,0
489,CASH_OUT,18158.11,C42949803,27020.57,8862.46,C62579931,49436.73,67594.84,0,0
489,DEBIT,2146.04,C46578001,5953.35,3807.31,M36867482,74477.61,76623.65,0,0
489,CASH_IN,67.55,C37760841,114.32,46.77,C86868379,5529.02,5596.57,0,0
489,PAYMENT,2614.55,C11086890,252493.46,249878.91,C81394920,0.0,0.0,0,0
489,PAYMENT,104.04,C73070585,199507.21,199403.17,C65758338,0.0,0.0,0,0
489,PAYMENT,842.95,C78642041,389997.48,389154.53,C41802361,0.0,0.0,0,0
489,CASH_OUT,4945.29,C13278320,12054.9,7109.61,M95828117,20571.54,25516.83,0,0
489,PAYMENT,1059.56,C26046365,345507.3,344447.74,C48063218,0.0,0.0,0,0
489,CASH_IN,8487.21,C58592048,13538.75,5051.54,C64795619,6880.74,15367.95,0,0
489,PAYMENT,6058.29,C73655158,74805.43,68747.14,C97244236,0.0,0.0,0,0
489,CASH_OUT,372.42,C68614462,444.12,71.7,C80381817,7551.7,7924.12,0,0
489,PAYMENT,286.62,C58884978,275631.35,275344.73,C56496201,0.0,0.0,0,0
490,CASH_OUT,1065.11,C23141087,1168.36,103.25,C16249441,75034.26,76099.37,0,0
490,TRANSFER,1274.8,C26240908,2710.09,1435.29,M49597485,21009.46,22284.26,0,0
490,CASH_IN,2157.67,C66390708,2800.21,642.54,M54458225,9854.01,12011.68,0,0
490,CASH_IN,14540.82,C35320492,30445.71,15904.89,C82312290,36166.21,50707.03,0,0
490,PAYMENT,945.81,C52101056,17700.09,16754.28,M12541730,0.0,0.0,0,0
490,PAYMENT,3600.29,C20043277,100099.46,96499.17,C37574457,0.0,0.0,0,0
490,TRANSFER,1034.81,C40354559,3121.35,2086.54,M96031876,105071.4,106106.21,0,0
490,PAYMENT,735.57,C23905032,319313.1,318577.53,C99399687,0.0,0.0,0,0
490,CASH_IN,5953.06,C50962024,15967.25,10014.19,C75478707,23755.9,29708.96,0,0
490,DEBIT,2332.13,C16172803,5445.82,3113.69,C53928023,8595.37,10927.5,0,0
490,PAYMENT,5502.93,C78131950,240484.29,234981.36,C32216400,0.0,0.0,0,0
490,PAYMENT,4434.75,C54318698,191427.06,186992.31,C48241423,0.0,0.0,0,0
490,TRANSFER,221.7,C39587039,615.78,394.08,C95110541,61945.05,62166.75,0,0
490,CASH_OUT,19747.05,C64807553,21570.61,1823.56,C63270536,2313.48,22060.53,0,0
491,CASH_IN,927.35,C72092888,1403.97,476.62,M91220369,71727.14,72654.49,0,0
491,PAYMENT,1260.47,C52018286,483328.75,482068.28,M84040798,0.0,0.0,0,0
491,CASH_OUT,6774.19,C92590645,12650.14,5875.95,M17698469,26899.43,33673.62,0,0
491,PAYMENT,4801.53,C77908907,397549.97,392748.44,C44918995,0.0,0.0,0,0
491,CASH_OUT,9438.12,C54703713,25255.46,15817.34,C37775381,32064.1,41502.22,0,0
491,TRANSFER,6518.9,C80993218,16866.08,10347.18,M28450513,17104.47,23623.37,0,0
491,CASH_IN,4412.82,C79008866,11306.36,6893.54,C21279580,75347.49,79760.31,0,0
491,DEBIT,15369.24,C26587799,39915.38,24546.14,C25759274,30393.22,45762.46,0,0
491,CASH_OUT,4030.76,C67698610,8912.07,4881.31,C82762732,14176.81,18207.57,0,0
491,PAYMENT,71.26,C12314351,170538.9,170467.64,C76521096,0.0,0.0,0,0
491,PAYMENT,318.71,C20298660,300819.83,300501.12,M79085198,0.0,0.0,0,0
491,PAYMENT,555.62,C14380847,250261.12,249705.5,C45879718,0.0,0.0,0,0
491,TRANSFER,6647.86,C52101056,20296.36,13648.5,C33002714,24149.47,30797.33,0,0
492,PAYMENT,74.93,C98843907,251510.86,251435.93,C71028216,0.0,0.0,0,0
492,CASH_OUT,3903.76,C58436637,7227.09,3323.33,C52476240,58465.43,62369.19,0,0
492,TRANSFER,12175.9,C84285882,26849.99,14674.09,M70343755,166007.05,178182.95,0,0
492,CASH_OUT,2840.4,C71352751,4083.12,1242.72,C68315400,2525.94,5366.34,0,0
492,CASH_OUT,15399.29,C98787891,18431.27,3031.98,C21368176,54447.06,69846.35,0,0
492,CASH_OUT,2825.64,C28982195,4444.71,1619.07,C47621248,99275.3,102100.94,0,0
492,CASH_OUT,1024.43,C45650176,2432.8,1408.37,C23484199,92762.93,93787.36,0,0
492,CASH_OUT,19953.73,C48016697,35149.72,15195.99,C75390879,6884.75,26838.48,0,0
492,TRANSFER,31612.94,C94120751,67771.5,36158.56,C46072958,99353.58,130966.52,0,0
492,TRANSFER,81262.06,C67684996,153631.66,72369.6,C92688322,136315.37,217577.43,0,0
492,CASH_OUT,265.94,C24972279,680.35,414.41,C34019729,68419.78,68685.72,0,0
492,CASH_OUT,1654.97,C45594597,2894.85,1239.88,C76433728,29552.16,31207.13,0,0
492,PAYMENT,2589.33,C19317495,301280.81,298691.48,M87535841,0.0,0.0,0,0
493,PAYMENT,2398.49,C56321751,211906.11,209507.62,C90531692,0.0,0.0,0,0
493,PAYMENT,334.11,C47818761,208997.78,208663.67,C98162850,0.0,0.0,0,0
493,CASH_IN,2294.31,C33513701,6156.64,3862.33,M25226815,38829.81,41124.12,0,0
493,CASH_OUT,4757.81,C42949803,8445.1,3687.29,C90253323,51051.38,55809.19,0,0
493,CASH_OUT,581671.57,C68503492,627836.71,46165.14,C57621071,298.99,0.0,1,0
493,CASH_IN,5661.06,C73174945,13393.06,7732.0,C78778646,92053.41,97714.47,0,0
493,TRANSFER,23899.14,C57130035,73377.19,49478.05,C34702473,16672.83,40571.97,0,0
493,PAYMENT,1188.67,C93394260,487813.73,486625.06,C32059232,0.0,0.0,0,0
493,CASH_IN,4959.45,C70887307,6397.36,1437.91,C55172462,95494.68,100454.13,0,0
493,CASH_OUT,5350.24,C27905932,12239.73,6889.49,C53752954,48255.43,53605.67,0,0
493,CASH_OUT,14505.77,C63606628,20976.92,6471.15,C37263310,6441.39,20947.16,0,0
493,PAYMENT,288.88,C23298711,26840.03,26551.15,C51738753,0.0,0.0,0,0
493,TRANSFER,14622.4,C29042093,40021.92,25399.52,C15095407,17309.25,31931.65,0,0
493,PAYMENT,16.16,C89699989,65884.67,65868.51,M61028283,0.0,0.0,0,0
494,PAYMENT,5213.86,C86460539,240947.49,235733.63,C86866717,0.0,0.0,0,0
494,CASH_OUT,816298.5,C73380266,835216.23,0.0,M48789478,98890.14,0.0,1,0
494,TRANSFER,2666.88,C45551614,5344.42,2677.54,C98911718,90191.72,92858.6,0,0
494,TRANSFER,2333.63,C46578001,7424.53,5090.9,C23484199,131577.61,133911.24,0,0
494,PAYMENT,3568.58,C70468188,239578.03,236009.45,C32059232,0.0,0.0,0,0
494,CASH_IN,946.32,C43446826,2108.97,1162.65,C64364546,62428.21,63374.53,0,0
494,PAYMENT,610.11,C67503414,82292.5,81682.39,C66925500,0.0,0.0,0,0
494,TRANSFER,2850.26,C30796389,3912.6,1062.34,M61854861,56552.71,59402.97,0,0
494,PAYMENT,346.35,C98054173,395682.66,395336.31,C11226946,0.0,0.0,0,0
494,CASH_OUT,6284.02,C26989677,7476.99,1192.97,C84797762,61981.11,68265.13,0,0
494,CASH_OUT,2498.73,C37804191,6953.4,4454.67,M27551135,941.32,3440.05,0,0
494,CASH_IN,17505.48,C93926371,24901.87,7396.39,C11656329,80078.87,97584.35,0,0
494,PAYMENT,388.5,C98870276,432898.17,432509.67,C92370625,0.0,0.0,0,0
495,TRANSFER,1248.23,C74019136,1602.9,354.67,C65350347,82178.99,83427.22,0,0
495,TRANSFER,10561.3,C97488142,25167.53,14606.23,M70873663,191061.73,201623.03,0,0
495,TRANSFER,4922.01,C70468188,7550.49,2628.48,C50364158,173480.07,178402.08,0,0
495,TRANSFER,38372.08,C49761527,73492.7,35120.62,M85383550,82693.62,121065.7,0,0
495,PAYMENT,1605.58,C24039158,281155.75,279550.17,C53165014,0.0,0.0,0,0
495,PAYMENT,113.09,C55657579,287831.45,287718.36,M14064904,0.0,0.0,0,0
495,CASH_OUT,604.32,C17003454,1437.97,833.65,M99903592,58997.74,59602.06,0,0
495,PAYMENT,292.23,C48605268,293453.22,293160.99,C27286109,0.0,0.0,0,0
495,CASH_OUT,6125.86,C75575808,8168.1,2042.24,C38138531,4736.11,10861.97,0,0
495,PAYMENT,1665.1,C99541016,322214.97,320549.87,M46456416,0.0,0.0,0,0
495,PAYMENT,1435.77,C70291817,40276.15,38840.38,C46024950,0.0,0.0,0,0
495,TRANSFER,12828.85,C52213778,39125.47,26296.62,C64795619,35176.37,48005.22,0,0
495,CASH_IN,13938.37,C11362459,36308.78,22370.41,M53106399,69105.31,83043.68,0,0
495,PAYMENT,3259.97,C75884623,62026.1,58766.13,C41240803,0.0,0.0,0,0
496,PAYMENT,4597.9,C68978194,40287.11,35689.21,M44529507,0.0,0.0,0,0
496,PAYMENT,731.98,C44489940,264387.93,263655.95,C37868462,0.0,0.0,0,0
496,PAYMENT,188.64,C94951883,20242.22,20053.58,C84076145,0.0,0.0,0,0
496,CASH_OUT,14491.77,C48137561,31941.35,17449.58,M26288992,5628.23,20120.0,0,0
496,CASH_OUT,6341.27,C87201917,10872.2,4530.93,C95044078,29585.35,35926.62,0,0
496,CASH_OUT,1574.58,C76890827,2282.85,708.27,C25567455,69484.46,71059.04,0,0
496,PAYMENT,12.81,C77378254,410523.79,410510.98,C39648058,0.0,0.0,0,0
496,TRANSFER,3416.38,C90070438,9422.34,6005.96,C58079840,151942.38,155358.76,0,0
496,PAYMENT,306.81,C64038913,241950.89,241644.08,M62741471,0.0,0.0,0,0
496,PAYMENT,3705.51,C63640499,110477.97,106772.46,C52211967,0.0,0.0,0,0
496,PAYMENT,1167.14,C72312933,74458.96,73291.82,M50162553,0.0,0.0,0,0
496,CASH_OUT,3970.72,C99774697,6686.9,2716.18,C70850538,43794.54,47765.26,0,0
496,PAYMENT,585.85,C13278320,417146.17,416560.32,M79645282,0.0,0.0,0,0
497,PAYMENT,765.45,C23311507,93759.55,92994.1,C37574457,0.0,0.0,0,0
497,PAYMENT,1247.05,C92874006,439327.4,438080.35,C59961172,0.0,0.0,0,0
497,CASH_OUT,3847.72,C54024257,10798.46,6950.74,C98369672,83147.25,86994.97,0,0
497,TRANSFER,5979.21,C18304547,22087.75,16108.54,C65540647,181016.13,186995.34,0,0
497,CASH_OUT,1288.26,C19528530,1757.69,469.43,C84234670,18786.96,20075.22,0,0
497,CASH_OUT,7133.4,C53380275,14866.01,7732.61,M69741812,23327.1,30460.5,0,0
497,TRANSFER,4333.91,C57287718,5603.76,1269.85,C99628735,42373.93,46707.84,0,0
497,TRANSFER,1274.18,C33581357,2167.71,893.53,C39796480,63476.3,64750.48,0,0
497,PAYMENT,187.51,C45810056,28255.19,28067.68,C68315400,0.0,0.0,0,0
497,PAYMENT,1062.3,C82269803,447588.64,446526.34,M95828117,0.0,0.0,0,0
497,CASH_OUT,1393.6,C41711468,2846.61,1453.01,C34929311,73687.84,75081.44,0,0
497,CASH_IN,15545.24,C77144075,34876.13,19330.89,C92370625,65061.22,80606.46,0,0
497,CASH_IN,9137.32,C18770247,21227.86,12090.54,C97241147,36236.25,45373.57,0,0
497,TRANSFER,1005.53,C21828592,1414.61,409.08,C54424679,56235.46,57240.99,0,0
498,CASH_OUT,4139.94,C59333209,10343.71,6203.77,M69897763,60535.17,64675.11,0,0
498,CASH_OUT,27646.13,C42787299,54377.46,26731.33,C63196064,77639.98,105286.11,0,0
498,TRANSFER,5181.18,C38270233,17001.03,11819.85,C63991141,19496.58,24677.76,0,0
498,PAYMENT,17.22,C84285882,34057.21,34039.99,C92767884,0.0,0.0,0,0
498,TRANSFER,9830.17,C32218290,28164.42,18334.25,M46390817,39229.79,49059.96,0,0
498,CASH_OUT,1046305.61,C63782042,900358.47,0.0,C63458386,70661.24,1116966.85,1,0
498,TRANSFER,29890.36,C63516659,41781.11,11890.75,C81059199,35158.52,65048.88,0,0
498,CASH_OUT,9223.43,C93370583,14210.96,4987.53,C21307671,68834.54,78057.97,0,0
498,PAYMENT,2910.01,C55617282,396372.5,393462.49,C36592965,0.0,0.0,0,0
498,CASH_OUT,983.05,C48604965,1103.63,120.58,M35006323,67370.94,68353.99,0,0
498,PAYMENT,3925.72,C93638503,367292.78,363367.06,M71694994,0.0,0.0,0,0
498,PAYMENT,941.34,C21432787,155653.49,154712.15,C39888974,0.0,0.0,0,0
498,PAYMENT,1650.78,C10872248,445996.92,444346.14,M70873663,0.0,0.0,0,0
499,CASH_OUT,2284.39,C70597444,3610.2,1325.81,C41802361,16819.59,19103.98,0,0
499,TRANSFER,48253.92,C24883373,171736.66,123482.74,C56548066,31904.97,80158.89,0,0
499,CASH_OUT,11425.05,C82506491,17811.89,6386.84,M45135070,80850.98,92276.03,0,0
499,TRANSFER,911361.39,C46521025,929232.39,0.0,C39127464,89444.56,0.0,1,1
499,PAYMENT,806.19,C82506491,258347.41,257541.22,C43308414,0.0,0.0,0,0
499,CASH_OUT,629.47,C95831286,1153.85,524.38,M26664623,27396.44,28025.91,0,0
499,PAYMENT,81.64,C77349752,288827.15,288745.51,C42823140,0.0,0.0,0,0
499,TRANSFER,21184.52,C88961459,33412.58,12228.06,C97715861,108291.19,129475.71,0,0
499,PAYMENT,1697.39,C65833185,448832.93,447135.54,M26664623,0.0,0.0,0,0
499,CASH_IN,1402.01,C72907576,2299.07,897.06,M99635939,83081.8,84483.81,0,0
499,CASH_OUT,18514.82,C11980765,55178.54,36663.72,C73360324,68437.72,86952.54,0,0
499,CASH_IN,1388.93,C45186708,2801.67,1412.74,M87161840,82465.19,83854.12,0,0
499,PAYMENT,250.75,C57623800,39894.46,39643.71,C81930575,0.0,0.0,0,0
500,CASH_OUT,6518.74,C13579612,6872.86,354.12,C85672859,19963.4,26482.14,0,0
500,CASH_OUT,2097.96,C53622663,2858.42,760.46,C46997080,57790.72,59888.68,0,0
500,PAYMENT,1313.97,C19233013,317818.31,316504.34,M28217159,0.0,0.0,0,0
500,TRANSFER,15760.3,C27778019,49382.93,33622.63,M44529507,87123.66,102883.96,0,0
500,TRANSFER,5061.48,C38984499,14171.36,9109.88,C15095407,155298.18,160359.66,0,0
500,PAYMENT,366.38,C65304649,118396.37,118029.99,C52779814,0.0,0.0,0,0
500,PAYMENT,159.45,C41348220,48448.72,48289.27,C37263310,0.0,0.0,0,0
500,PAYMENT,65.88,C53779528,417712.64,417646.76,M64504816,0.0,0.0,0,0
500,PAYMENT,2070.19,C95704631,271799.45,269729.26,C50790016,0.0,0.0,0,0
500,PAYMENT,1665.0,C69473616,305197.24,303532.24,M40181142,0.0,0.0,0,0
500,CASH_OUT,4401.63,C47295260,6430.74,2029.11,C41966313,79399.14,83800.77,0,0
500,CASH_IN,158.37,C81979055,365.42,207.05,C37133023,85866.17,86024.54,0,0
500,CASH_OUT,15994.96,C44788100,37535.29,21540.33,M51137177,51238.73,67233.69,0,0
500,DEBIT,968.97,C91178885,1763.74,794.77,C91300905,20157.18,21126.15,0,0
501,PAYMENT,293.93,C41473195,259661.38,259367.45,C47342819,0.0,0.0,0,0
501,CASH_OUT,6277.24,C51464269,9508.19,3230.95,M48851599,47263.98,53541.22,0,0
501,PAYMENT,1173.19,C55377076,478618.98,477445.79,C39368039,0.0,0.0,0,0
501,CASH_OUT,2785.2,C10344303,6195.92,3410.72,C76743428,73165.47,75950.67,0,0
501,DEBIT,7432.19,C13874790,18967.63,11535.44,C22549425,36197.13,43629.32,0,0
501,PAYMENT,1465.82,C81287314,143570.84,142105.02,M30324759,0.0,0.0,0,0
501,PAYMENT,1233.03,C40097636,89944.33,88711.3,C13296743,0.0,0.0,0,0
501,CASH_IN,10612.39,C57928328,30663.75,20051.36,C70532325,55448.51,66060.9,0,0
501,TRANSFER,4235.5,C36757737,6830.2,2594.7,M59790013,164417.31,168652.81,0,0
501,PAYMENT,1150.58,C45503389,431260.48,430109.9,C79255529,0.0,0.0,0,0
501,PAYMENT,1205.35,C44999379,380040.9,378835.55,C21908603,0.0,0.0,0,0
501,PAYMENT,597.01,C94712997,451903.22,451306.21,C82156607,0.0,0.0,0,0
501,PAYMENT,5332.05,C28321839,311488.59,306156.54,C98007006,0.0,0.0,0,0
502,CASH_OUT,2201.25,C92666356,6539.93,4338.68,C34567819,47960.42,50161.67,0,0
502,PAYMENT,1100.99,C95282470,6111.85,5010.86,C90973889,0.0,0.0,0,0
502,PAYMENT,1163.2,C42775624,403720.96,402557.76,C43878996,0.0,0.0,0,0
502,CASH_OUT,4832.86,C69166287,7571.92,2739.06,C84618850,20952.93,25785.79,0,0
502,CASH_OUT,3943.86,C43638559,7653.64,3709.78,M69002851,32813.73,36757.59,0,0
502,CASH_IN,13484.09,C48508907,16844.35,3360.26,C61518966,54944.79,68428.88,0,0
502,TRANSFER,898078.86,C30005727,982813.92,0.0,M69580374,55047.88,953126.74,1,1
502,PAYMENT,933.13,C30743797,138836.3,137903.17,C76065552,0.0,0.0,0,0
502,PAYMENT,1527.32,C43446826,365403.47,363876.15,C50486688,0.0,0.0,0,0
502,TRANSFER,1408.41,C92631441,3590.09,2181.68,C82764376,87294.02,88702.43,0,0
502,PAYMENT,989.83,C31009452,270369.16,269379.33,C10597274,0.0,0.0,0,0
502,DEBIT,4228.06,C99501846,8092.38,3864.32,C11534878,40858.3,45086.36,0,0
502,CASH_OUT,2120.22,C94705205,5746.38,3626.16,C61518966,2224.9,4345.12,0,0
502,CASH_OUT,3015.42,C12446861,6538.89,3523.47,C38859601,8500.35,11515.77,0,0
503,CASH_OUT,309.5,C97873101,360.28,50.78,C17195581,2631.69,2941.19,0,0
503,TRANSFER,4311.6,C38933176,7683.83,3372.23,M54331259,190328.16,194639.76,0,0
503,PAYMENT,4873.12,C18050510,472774.09,467900.97,C85645982,0.0,0.0,0,0
503,PAYMENT,569.31,C12823170,197310.12,196740.81,C50502136,0.0,0.0,0,0
503,TRANSFER,23955.65,C35265073,76267.29,52311.64,C37291394,1010.25,24965.9,0,0
503,TRANSFER,16444.62,C82399599,41367.26,24922.64,M77454225,188792.88,205237.5,0,0
503,DEBIT,1905.44,C14180968,3370.19,1464.75,M69002851,66218.64,68124.08,0,0
503,TRANSFER,5391.05,C97873101,16438.78,11047.73,C74796438,41677.63,47068.68,0,0
503,CASH_OUT,276.8,C93794475,480.49,203.69,M46456416,88759.19,89035.99,0,0
503,PAYMENT,1716.38,C25898299,259527.21,257810.83,C96969050,0.0,0.0,0,0
503,CASH_OUT,2916.07,C22448136,8318.68,5402.61,C88667527,32420.51,35336.58,0,0
503,TRANSFER,2741.55,C29602406,9169.44,6427.89,M59167775,82297.17,85038.72,0,0
503,TRANSFER,8458.71,C22762205,14278.12,5819.41,C32059232,69287.98,77746.69,0,0
504,CASH_IN,1561.17,C40742311,4136.55,2575.38,M77680031,74939.0,76500.17,0,0
504,DEBIT,5217.51,C73509974,7074.4,1856.89,C49608344,56099.01,61316.52,0,0
504,PAYMENT,1944.47,C49392920,416056.51,414112.04,C98673882,0.0,0.0,0,0
504,PAYMENT,8927.52,C61401477,85573.68,76646.16,C89484162,0.0,0.0,0,0
504,DEBIT,1814.44,C16749089,3431.84,1617.4,C15910667,30066.27,31880.71,0,0
504,PAYMENT,730.54,C70855700,66766.43,66035.89,C95525640,0.0,0.0,0,0
504,TRANSFER,5689.04,C45264581,9797.39,4108.35,C51380361,65421.5,71110.54,0,0
504,PAYMENT,1465.86,C70867592,215060.62,213594.76,C90117857,0.0,0.0,0,0
504,PAYMENT,2816.02,C82160068,189443.25,186627.23,C88834594,0.0,0.0,0,0
504,CASH_OUT,3285.93,C73837847,8474.98,5189.05,C48532662,62918.5,66204.43,0,0
504,DEBIT,1469.41,C67702031,2202.26,732.85,C19064068,64682.5,66151.91,0,0
504,PAYMENT,1458.25,C91804602,379852.98,378394.73,C86206305,0.0,0.0,0,0
504,TRANSFER,10148.77,C35848226,11725.0,1576.23,C26205010,77687.16,87835.93,0,0
504,DEBIT,17570.4,C32151928,29897.58,12327.18,C54589439,1894.53,19464.93,0,0
505,CASH_OUT,142212.91,C58841557,168104.7,0.0,M87412924,57810.56,200023.47,1,0
505,CASH_OUT,487.65,C12614124,1120.15,632.5,C92058189,153.38,641.03,0,0
505,PAYMENT,1991.91,C44788100,460489.02,458497.11,C67063296,0.0,0.0,0,0
505,TRANSFER,7186.33,C99941500,25904.42,18718.09,C38036618,141914.5,149100.83,0,0
505,PAYMENT,1412.28,C25405014,263042.07,261629.79,C82199509,0.0,0.0,0,0
505,PAYMENT,1488.93,C78765957,26288.78,24799.85,C21010955,0.0,0.0,0,0
505,PAYMENT,108.93,C65259205,165118.86,165009.93,C12176998,0.0,0.0,0,0
505,PAYMENT,404.27,C87736262,472786.53,472382.26,M92134318,0.0,0.0,0,0
505,DEBIT,332.61,C55754284,476.05,143.44,C34060788,30404.46,30737.07,0,0
505,PAYMENT,1203.5,C67062156,315176.28,313972.78,M99903592,0.0,0.0,0,0
505,TRANSFER,663.24,C50785405,1852.59,1189.35,C17882882,149694.48,150357.72,0,0
505,PAYMENT,6652.79,C99927658,117849.32,111196.53,C86206305,0.0,0.0,0,0
505,CASH_OUT,2323.85,C41348220,3023.51,699.66,M95235919,22235.03,24558.88,0,0
506,TRANSFER,3819.95,C69421007,9283.75,5463.8,C99139874,168600.22,172420.17,0,0
506,PAYMENT,1580.64,C65686520,225349.62,223768.98,M13527782,0.0,0.0,0,0
506,DEBIT,1067.5,C73174945,1332.31,264.81,C47557512,44650.06,45717.56,0,0
506,CASH_OUT,698.02,C98054615,1342.36,644.34,C38859601,42800.76,43498.78,0,0
506,PAYMENT,66.83,C45617024,445315.71,445248.88,C99490304,0.0,0.0,0,0
506,PAYMENT,3748.86,C47080140,471714.08,467965.22,C35925669,0.0,0.0,0,0
506,TRANSFER,1070.17,C37888820,1202.25,132.08,C70272714,123236.39,124306.56,0,0
506,CASH_IN,10609.51,C29602406,30021.31,19411.8,C44727276,60545.35,71154.86,0,0
506,CASH_OUT,13600.72,C19165226,27087.07,13486.35,C86767229,77338.33,90939.05,0,0
506,PAYMENT,2725.21,C74893936,137762.27,135037.06,C61500679,0.0,0.0,0,0
506,CASH_OUT,10241.85,C72363359,16085.02,5843.17,C57060874,50243.54,60485.39,0,0
506,CASH_OUT,2177.03,C53868501,5871.2,3694.17,M25946545,44612.51,46789.54,0,0
506,CASH_OUT,1572.15,C25405014,4168.8,2596.65,C46072958,2749.64,4321.79,0,0
506,PAYMENT,181.28,C16679008,121533.02,121351.74,C56533974,0.0,0.0,0,0
507,CASH_IN,1769.52,C79340535,3255.53,1486.01,C13976288,47531.98,49301.5,0,0
507,TRANSFER,6057.8,C84093639,6467.2,409.4,C95726382,173448.7,179506.5,0,0
507,CASH_IN,2090.21,C95613415,3572.97,1482.76,C70471823,30812.54,32902.75,0,0
507,CASH_OUT,9719.48,C93955206,11435.3,1715.82,C73554620,31709.01,41428.49,0,0
507,TRANSFER,5801.1,C68755000,19322.69,13521.59,C21220209,12819.6,18620.7,0,0
507,CASH_OUT,12253.26,C74855088,28019.52,15766.26,M19954260,4651.13,16904.39,0,0
507,CASH_OUT,1338.2,C88213973,3469.44,2131.24,C20482769,37260.07,38598.27,0,0
507,DEBIT,2501.7,C20200074,5034.62,2532.92,C94299475,24216.82,26718.52,0,0
507,CASH_OUT,8952.19,C92228802,13323.83,4371.64,C11137460,98319.1,107271.29,0,0
507,PAYMENT,2312.26,C29822594,328037.68,325725.42,C87324220,0.0,0.0,0,0
507,CASH_OUT,11240.62,C11646234,32683.93,21443.31,C15307982,91378.81,102619.43,0,0
507,PAYMENT,828.86,C34194479,66806.57,65977.71,C88108751,0.0,0.0,0,0
507,CASH_OUT,147.1,C89133014,332.83,185.73,C64496076,91542.16,91689.26,0,0
508,PAYMENT,7005.03,C27690330,8712.42,1707.39,C63992760,0.0,0.0,0,0
508,PAYMENT,5576.27,C52358553,131593.74,126017.47,M33173544,0.0,0.0,0,0
508,PAYMENT,682.0,C16150444,499770.8,499088.8,C88478184,0.0,0.0,0,0
508,CASH_OUT,5411.48,C34215035,13372.98,7961.5,M30695604,81493.28,86904.76,0,0
508,CASH_OUT,3824.04,C95756900,10129.67,6305.63,C33188838,7779.66,11603.7,0,0
508,CASH_OUT,1389.06,C35519083,2783.3,1394.24,C16166355,59156.94,60546.0,0,0
508,TRANSFER,2127.45,C88055069,2640.27,512.82,C51273379,109976.1,112103.55,0,0
508,CASH_OUT,1492.04,C92558242,2133.73,641.69,C27286109,96166.16,97658.2,0,0
508,PAYMENT,965.86,C71753160,139787.55,138821.69,C89526622,0.0,0.0,0,0
508,PAYMENT,154.66,C16895666,157355.56,157200.9,M77454225,0.0,0.0,0,0
508,CASH_OUT,2851.57,C65682626,8117.38,5265.81,C34929311,51072.67,53924.24,0,0
508,DEBIT,5981.84,C51395350,10867.36,4885.52,C68930964,48686.08,54667.92,0,0
508,PAYMENT,1448.45,C95822412,360832.51,359384.06,C37133023,0.0,0.0,0,0
509,PAYMENT,2287.57,C92352411,206981.15,204693.58,C95963619,0.0,0.0,0,0
509,CASH_IN,3837.88,C27690330,10427.52,6589.64,C94929036,83389.38,87227.26,0,0
509,CASH_OUT,1404.55,C12059919,3129.65,1725.1,C36541600,74037.41,75441.96,0,0
509,TRANSFER,23363.25,C22243983,47410.58,24047.33,M58657117,120479.38,143842.63,0,0
509,PAYMENT,472.92,C72394301,264323.52,263850.6,M59167775,0.0,0.0,0,0
509,TRANSFER,15047.91,C84801233,22454.7,7406.79,M31738837,47301.42,62349.33,0,0
509,TRANSFER,31628.53,C45059710,86116.73,54488.2,M67192331,38001.23,69629.76,0,0
509,PAYMENT,704.97,C11646234,144314.78,143609.81,C94658420,0.0,0.0,0,0
509,CASH_OUT,1330.83,C38898923,2611.56,1280.73,C66925500,24196.91,25527.74,0,0
509,CASH_OUT,946.93,C53188224,1241.55,294.62,C67790557,25337.68,26284.61,0,0
509,PAYMENT,203.48,C51870192,109708.17,109504.69,M32099899,0.0,0.0,0,0
509,CASH_IN,4062.03,C20570592,7218.63,3156.6,C19282319,3223.15,7285.18,0,0
509,CASH_OUT,2072.24,C22246348,3081.98,1009.74,C98824290,55176.33,57248.57,0,0
509,CASH_OUT,3465.51,C80339290,8547.56,5082.05,M83226170,50034.27,53499.78,0,0
510,CASH_IN,6933.2,C50264926,13245.28,6312.08,C99628735,86474.4,93407.6,0,0
510,CASH_OUT,507788.69,C15505975,472866.95,0.0,M45496951,93002.3,600790.99,1,0
510,PAYMENT,1206.66,C58082464,458329.31,457122.65,M40540334,0.0,0.0,0,0
510,TRANSFER,31646.81,C54058573,92896.65,61249.84,C31989243,167822.24,199469.05,0,0
510,PAYMENT,481.72,C10076758,458056.79,457575.07,C60598851,0.0,0.0,0,0
510,TRANSFER,3446.57,C77624084,7647.46,4200.89,C21062296,62708.67,66155.24,0,0
510,PAYMENT,2931.72,C35770506,249456.49,246524.77,C31154777,0.0,0.0,0,0
510,CASH_OUT,9929.47,C20814950,29180.22,19250.75,M31217198,91867.32,101796.79,0,0
510,CASH_OUT,1706.72,C24282218,1736.29,29.57,C43782566,35534.15,37240.87,0,0
510,TRANSFER,1142.62,C82232344,4380.84,3238.22,M85227370,84263.21,85405.83,0,0
510,CASH_IN,2639.78,C75529051,6941.12,4301.34,C50645509,34926.18,37565.96,0,0
510,TRANSFER,4427.43,C33500064,14732.1,10304.67,C58189421,73571.3,77998.73,0,0
510,TRANSFER,3580.37,C50264926,9492.03,5911.66,C10090721,66245.8,69826.17,0,0
511,TRANSFER,19410.08,C93851247,22780.79,3370.71,C75043108,115889.93,135300.01,0,0
511,CASH_OUT,1863.34,C30244148,4821.03,2957.69,C22775337,7597.62,9460.96,0,0
511,TRANSFER,24940.53,C93370583,98206.29,73265.76,C20443030,66728.12,91668.65,0,0
511,PAYMENT,3309.3,C85663295,420072.6,416763.3,C74291599,0.0,0.0,0,0
511,PAYMENT,1712.32,C20593403,57079.84,55367.52,C90973889,0.0,0.0,0,0
511,CASH_OUT,4075.32,C40173413,5524.62,1449.3,C56226575,53803.69,57879.01,0,0
511,DEBIT,585.54,C44044361,699.25,113.71,C20024377,22033.92,22619.46,0,0
511,PAYMENT,1169.11,C54619335,477387.77,476218.66,C66851305,0.0,0.0,0,0
511,CASH_OUT,1269.56,C98550256,3213.08,1943.52,C57648477,73233.96,74503.52,0,0
511,CASH_OUT,2601.12,C27558317,6862.4,4261.28,C60785855,86614.86,89215.98,0,0
511,PAYMENT,2144.35,C37326368,65313.37,63169.02,C97735896,0.0,0.0,0,0
511,PAYMENT,1094.69,C58970845,88178.6,87083.91,C72423883,0.0,0.0,0,0
511,PAYMENT,671.06,C12550658,53192.58,52521.52,M75746104,0.0,0.0,0,0
511,CASH_OUT,4110.95,C49609054,7920.24,3809.29,C23677772,84118.41,88229.36,0,0
512,TRANSFER,6825.4,C80723898,18857.81,12032.41,C18359464,184824.45,191649.85,0,0
512,PAYMENT,922.89,C77898694,258475.19,257552.3,M27318510,0.0,0.0,0,0
512,CASH_IN,9550.72,C89864260,26829.93,17279.21,C21501669,29519.2,39069.92,0,0
512,PAYMENT,55.35,C42329237,362417.08,362361.73,C87619624,0.0,0.0,0,0
512,CASH_IN,3790.65,C20570592,5681.87,1891.22,M48626436,33234.02,37024.67,0,0
512,TRANSFER,18308.76,C82503409,64939.79,46631.03,C81134297,190501.71,208810.47,0,0
512,PAYMENT,996.4,C13895645,21417.74,20421.34,M17940667,0.0,0.0,0,0
512,CASH_IN,5625.98,C39436733,9083.84,3457.86,C53191535,1026.27,6652.25,0,0
512,PAYMENT,224.47,C67556566,45799.55,45575.08,C77015343,0.0,0.0,0,0
512,PAYMENT,2193.22,C22243983,447064.26,444871.04,M51954112,0.0,0.0,0,0
512,PAYMENT,42.43,C72858374,370720.22,370677.79,C54499873,0.0,0.0,0,0
512,CASH_IN,979.92,C26247735,2055.93,1076.01,C34931439,66364.38,67344.3,0,0
512,PAYMENT,416.0,C61053877,229396.02,228980.02,C46997080,0.0,0.0,0,0
513,PAYMENT,832.29,C98227303,354544.37,353712.08,C41067722,0.0,0.0,0,0
513,CASH_IN,10617.47,C78642041,27610.1,16992.63,C11619606,32553.63,43171.1,0,0
513,TRANSFER,6449.91,C71965637,17254.06,10804.15,C96688655,194776.94,201226.85,0,0
513,CASH_OUT,1444.96,C40885967,2620.03,1175.07,C18397164,61387.46,62832.42,0,0
513,PAYMENT,4210.84,C61830338,134916.54,130705.7,C52064387,0.0,0.0,0,0
513,PAYMENT,341.72,C78159587,209654.07,209312.35,M65135987,0.0,0.0,0,0
513,TRANSFER,8218.16,C79987997,30835.22,22617.06,M15529005,160934.59,169152.75,0,0
513,PAYMENT,250.17,C71662963,485906.08,485655.91,C81057233,0.0,0.0,0,0
513,TRANSFER,13913.93,C80836292,54912.81,40998.88,C37154689,76726.54,90640.47,0,0
513,PAYMENT,834.91,C25457816,10600.14,9765.23,M49920898,0.0,0.0,0,0
513,CASH_OUT,11022.8,C26733967,29757.65,18734.85,C33188838,72671.02,83693.82,0,0
513,PAYMENT,225.04,C76118957,81698.57,81473.53,M36126192,0.0,0.0,0,0
513,TRANSFER,16579.19,C53779528,22721.68,6142.49,M48735464,107573.9,124153.09,0,0
513,PAYMENT,839.25,C81690398,252721.99,251882.74,C59428849,0.0,0.0,0,0
514,PAYMENT,61.2,C35714784,344133.01,344071.81,M52752377,0.0,0.0,0,0
514,TRANSFER,4349.24,C97139443,16455.84,12106.6,C20453825,81019.58,85368.82,0,0
514,CASH_OUT,4658.46,C23335151,10418.96,5760.5,C28416255,77909.68,82568.14,0,0
514,TRANSFER,310490.3,C14963880,290462.13,0.0,M15222944,93239.87,0.0,1,1
514,TRANSFER,8351.84,C23756669,14124.5,5772.66,M58762794,132747.69,141099.53,0,0
514,PAYMENT,3359.5,C25659979,461396.91,458037.41,C82156607,0.0,0.0,0,0
514,CASH_IN,1051.33,C88101741,1790.83,739.5,C82156607,12950.63,14001.96,0,0
514,PAYMENT,242.49,C16789850,314394.04,314151.55,C96804457,0.0,0.0,0,0
514,CASH_OUT,5465.28,C86125617,7058.6,1593.32,C51004756,4662.65,10127.93,0,0
514,CASH_OUT,7018.13,C92631441,18882.77,11864.64,C79043610,55885.68,62903.81,0,0
514,TRANSFER,11487.48,C55461591,20243.99,8756.51,C65540647,39083.54,50571.02,0,0
514,CASH_OUT,3644.75,C19584466,8091.78,4447.03,C39368039,8837.23,12481.98,0,0
514,TRANSFER,12530.94,C55298556,43033.83,30502.89,M83319550,66905.35,79436.29,0,0
515,CASH_OUT,5213.31,C64759583,11912.62,6699.31,C12925970,70649.7,75863.01,0,0
515,CASH_OUT,6400.5,C82772208,13005.92,6605.42,C77430081,1593.56,7994.06,0,0
515,CASH_OUT,3717.16,C86483924,3930.38,213.22,M58518659,79129.49,82846.65,0,0
515,CASH_OUT,3034.48,C30248230,5574.39,2539.91,M98882576,35861.22,38895.7,0,0
515,PAYMENT,12.13,C46468984,239598.83,239586.7,C69516344,0.0,0.0,0,0
515,CASH_OUT,4515.99,C64830300,10771.45,6255.46,C95800828,60698.72,65214.71,0,0
515,CASH_IN,2293.0,C19209801,5585.83,3292.83,M50259503,2329.38,4622.38,0,0
515,TRANSFER,2804.75,C82446804,10983.84,8179.09,M20901547,117300.31,120105.06,0,0
515,PAYMENT,2232.92,C71968116,197287.0,195054.08,C60903955,0.0,0.0,0,0
515,PAYMENT,1418.21,C63904155,103710.38,102292.17,C58258264,0.0,0.0,0,0
515,CASH_OUT,3236.07,C80823176,7294.13,4058.06,C96876236,35441.91,38677.98,0,0
515,DEBIT,2983.09,C20113745,4298.98,1315.89,M19869264,55886.4,58869.49,0,0
515,PAYMENT,3405.27,C82287061,463519.54,460114.27,C36246038,0.0,0.0,0,0
515,DEBIT,945.87,C93352876,2610.74,1664.87,C69375757,34759.47,35705.34,0,0
516,PAYMENT,151.44,C90180577,488369.72,488218.28,C83083942,0.0,0.0,0,0
516,PAYMENT,5387.31,C59470729,120352.19,114964.88,C41272427,0.0,0.0,0,0
516,CASH_OUT,2386.13,C15614174,2636.52,250.39,C87731247,64715.43,67101.56,0,0
516,DEBIT,3067.78,C59370777,3914.81,847.03,C33315234,59157.82,62225.6,0,0
516,PAYMENT,4260.92,C36040410,496160.5,491899.58,M95763946,0.0,0.0,0,0
516,CASH_OUT,9328.88,C57123808,19702.83,10373.95,C65258766,912.15,10241.03,0,0
516,TRANSFER,18795.72,C29806690,34420.28,15624.56,C46207439,150894.01,169689.73,0,0
516,PAYMENT,1287.24,C17148018,41661.47,40374.23,C21279580,0.0,0.0,0,0
516,CASH_IN,1769.21,C95618110,1823.79,54.58,C82125824,50893.97,52663.18,0,0
516,CASH_OUT,3421.42,C15354599,8355.32,4933.9,C68916591,25635.09,29056.51,0,0
516,PAYMENT,2169.67,C61484043,399224.18,397054.51,C36484437,0.0,0.0,0,0
516,PAYMENT,1507.36,C63051354,365466.62,363959.26,C92533595,0.0,0.0,0,0
516,PAYMENT,4412.45,C40532691,475467.73,471055.28,M80361272,0.0,0.0,0,0
517,PAYMENT,395.18,C81291936,155403.78,155008.6,C65757342,0.0,0.0,0,0
517,PAYMENT,4388.22,C41837210,377235.83,372847.61,C11082139,0.0,0.0,0,0
517,CASH_OUT,6817.41,C67698610,16785.51,9968.1,C56420476,95703.32,102520.73,0,0
517,TRANSFER,7826.06,C45630292,20992.49,13166.43,C82383656,118116.27,125942.33,0,0
517,PAYMENT,1240.93,C81673763,478741.76,477500.83,M64504816,0.0,0.0,0,0
517,PAYMENT,5677.9,C34850391,109096.33,103418.43,C19865900,0.0,0.0,0,0
517,CASH_OUT,2713.58,C88461803,6668.42,3954.84,C11069604,12609.46,15323.04,0,0
517,PAYMENT,2317.99,C47388792,247725.35,245407.36,C42981324,0.0,0.0,0,0
517,PAYMENT,324.85,C85663295,129412.06,129087.21,C84892608,0.0,0.0,0,0
517,PAYMENT,1230.91,C83932360,259499.8,258268.89,C63415303,0.0,0.0,0,0
517,CASH_OUT,1936.68,C69352161,4920.03,2983.35,C64913082,83471.32,85408.0,0,0
517,PAYMENT,946.94,C44917589,345005.75,344058.81,C58270683,0.0,0.0,0,0
517,CASH_OUT,1302.98,C16729990,2260.83,957.85,C35093324,66353.28,67656.26,0,0
518,PAYMENT,4422.63,C84384510,332447.75,328025.12,C42483531,0.0,0.0,0,0
518,CASH_IN,23314.31,C55199748,30721.28,7406.97,C96702893,90623.32,113937.63,0,0
518,CASH_OUT,1092.41,C85374852,2753.17,1660.76,C30688754,11078.31,12170.72,0,0
518,PAYMENT,633.79,C24508349,124243.73,123609.94,M50162553,0.0,0.0,0,0
518,PAYMENT,4713.45,C23796726,219521.22,214807.77,M50259503,0.0,0.0,0,0
518,CASH_OUT,6486.93,C51708177,13430.25,6943.32,C54927535,29802.61,36289.54,0,0
518,PAYMENT,3614.03,C60103798,212357.84,208743.81,C54965270,0.0,0.0,0,0
518,CASH_OUT,943.49,C40137082,1891.47,947.98,C11226946,61081.18,62024.67,0,0
518,DEBIT,1638.97,C88055069,2700.85,1061.88,C25060409,55166.41,56805.38,0,0
518,PAYMENT,1614.26,C73149551,135862.81,134248.55,C95387542,0.0,0.0,0,0
518,CASH_OUT,548.73,C10744212,1179.6,630.87,C13031322,33472.3,34021.03,0,0
518,PAYMENT,7413.53,C36697396,179992.28,172578.75,M11243818,0.0,0.0,0,0
518,CASH_OUT,6598.06,C25015458,10852.19,4254.13,M55314533,34461.29,41059.35,0,0
518,PAYMENT,133.09,C71753160,166217.01,166083.92,C40358823,0.0,0.0,0,0
519,PAYMENT,439.32,C85350823,462035.36,461596.04,M73739005,0.0,0.0,0,0
519,PAYMENT,331.19,C67740376,245295.27,244964.08,C75043108,0.0,0.0,0,0
519,CASH_OUT,2038.25,C41348220,3165.13,1126.88,C89682313,96696.8,98735.05,0,0
519,CASH_OUT,1066.38,C90048665,3136.72,2070.34,C22775337,38577.17,39643.55,0,0
519,TRANSFER,265.02,C61254050,617.84,352.82,C41749355,152361.98,152627.0,0,0
519,TRANSFER,789.49,C91846696,2660.37,1870.88,C19531069,124144.91,124934.4,0,0
519,CASH_IN,7867.36,C74251933,13132.91,5265.55,C88176558,26822.08,34689.44,0,0
519,TRANSFER,1186.81,C26194158,1442.95,256.14,C84797762,72279.9,73466.71,0,0
519,CASH_OUT,7159.89,C82503409,8757.87,1597.98,C60903955,40330.26,47490.15,0,0
519,PAYMENT,1269.72,C75718414,214530.43,213260.71,C62162278,0.0,0.0,0,0
519,CASH_OUT,1218192.33,C80260907,1319134.51,0.0,C11137460,73639.8,1291832.13,1,0
519,CASH_OUT,8172.56,C22201654,20991.77,12819.21,C81110496,83712.36,91884.92,0,0
519,DEBIT,13927.53,C51273847,34440.22,20512.69,C18115992,57560.72,71488.25,0,0
520,TRANSFER,10193.34,C58140388,38387.04,28193.7,C82894477,29772.12,39965.46,0,0
520,CASH_OUT,6022.42,C47077298,15560.49,9538.07,C86866717,21496.65,27519.07,0,0
520,CASH_IN,118.86,C67801537,261.54,142.68,C17957216,47959.74,48078.6,0,0
520,TRANSFER,951933.54,C74988034,1126276.47,0.0,C11415698,69415.78,1021349.32,1,1
520,PAYMENT,466.36,C30517835,437373.86,436907.5,C82156607,0.0,0.0,0,0
520,PAYMENT,1862.29,C79696025,138747.96,136885.67,M48329479,0.0,0.0,0,0
520,PAYMENT,2039.92,C55568701,99874.47,97834.55,M44419327,0.0,0.0,0,0
520,CASH_OUT,1261795.39,C41473195,1219931.47,0.0,C11415698,74775.1,0.0,1,0
520,PAYMENT,447.2,C48242379,200767.7,200320.5,C36816708,0.0,0.0,0,0
520,CASH_OUT,7231.02,C70887307,12233.74,5002.72,C84455942,26121.47,33352.49,0,0
520,DEBIT,9607.43,C11898961,9910.5,303.07,C59961172,24504.84,34112.27,0,0
520,CASH_IN,4404.02,C19196777,7865.15,3461.13,C76588957,61505.43,65909.45,0,0
520,CASH_IN,8314.68,C93002706,22545.95,14231.27,C67845091,93139.5,101454.18,0,0
520,DEBIT,108.47,C89736043,245.79,137.32,C17882882,13778.61,13887.08,0,0
521,CASH_IN,3257.81,C64547971,7356.96,4099.15,M58438711,74938.68,78196.49,0,0
521,CASH_OUT,730.27,C12314351,1888.93,1158.66,C17503932,62405.09,63135.36,0,0
521,TRANSFER,3900.56,C94214382,5692.75,1792.19,M43275109,106612.41,110512.97,0,0
521,PAYMENT,207.31,C72415804,223334.85,223127.54,C30270856,0.0,0.0,0,0
521,CASH_OUT,96.43,C41383044,251.3,154.87,C39448924,36443.08,36539.51,0,0
521,PAYMENT,297.49,C46231783,490595.36,490297.87,M29834119,0.0,0.0,0,0
521,CASH_OUT,1516.84,C41880763,4459.05,2942.21,C94597104,72265.49,73782.33,0,0
521,PAYMENT,1015.14,C30182766,325205.97,324190.83,C80196591,0.0,0.0,0,0
521,CASH_OUT,696.59,C38468360,1895.97,1199.38,M83867070,67357.76,68054.35,0,0
521,PAYMENT,435.88,C41068214,437626.43,437190.55,C46930534,0.0,0.0,0,0
521,CASH_IN,2580.46,C97883261,3041.54,461.08,M27268907,15871.49,18451.95,0,0
521,CASH_OUT,1432.34,C50181935,4131.99,2699.65,C81432350,37078.05,38510.39,0,0
521,TRANSFER,1024.12,C46173157,1910.72,886.6,C69239219,79689.38,80713.5,0,0
522,PAYMENT,958.74,C45520201,305536.13,304577.39,C30232642,0.0,0.0,0,0
522,TRANSFER,1866.42,C18304547,6514.57,4648.15,M20319387,17355.03,19221.45,0,0
522,CASH_OUT,24790.76,C67617561,53028.33,28237.57,C67265875,10005.49,34796.25,0,0
522,TRANSFER,11855.84,C83715012,25181.01,13325.17,M17437386,14635.81,26491.65,0,0
522,CASH_IN,8955.14,C20598952,21277.28,12322.14,C10331931,29893.53,38848.67,0,0
522,TRANSFER,16149.57,C55568701,24153.85,8004.28,C20770971,41995.72,58145.29,0,0
522,PAYMENT,1086.48,C26240908,458991.13,457904.65,C60070135,0.0,0.0,0,0
522,PAYMENT,273.61,C22120246,90565.82,90292.21,C77996397,0.0,0.0,0,0
522,TRANSFER,1785.15,C25276327,4555.79,2770.64,C22494970,129174.46,130959.61,0,0
522,CASH_OUT,3096.24,C37804191,5820.78,2724.54,C23102741,43437.31,46533.55,0,0
522,TRANSFER,1999.17,C42730796,7384.28,5385.11,C98322292,96800.35,98799.52,0,0
522,PAYMENT,1323.5,C15512205,152890.2,151566.7,C14506531,0.0,0.0,0,0
522,CASH_IN,556.02,C77349752,1277.34,721.32,C64414096,70836.32,71392.34,0,0
522,PAYMENT,3064.1,C82148284,154346.97,151282.87,C81110496,0.0,0.0,0,0
523,PAYMENT,3139.83,C90440034,269447.64,266307.81,C40314047,0.0,0.0,0,0
523,TRANSFER,6396.39,C95831286,22895.69,16499.3,C11656329,160339.91,166736.3,0,0
523,PAYMENT,538.85,C27778019,72150.29,71611.44,C88653825,0.0,0.0,0,0
523,PAYMENT,3251.67,C39958838,291966.77,288715.1,C82684966,0.0,0.0,0,0
523,CASH_OUT,5589.12,C50455821,6190.15,601.03,C87149161,40491.53,46080.65,0,0
523,CASH_OUT,1536.07,C83284724,4193.87,2657.8,C67418250,34577.42,36113.49,0,0
523,CASH_OUT,3131.54,C90585882,3914.36,782.82,C59095909,5095.32,8226.86,0,0
523,CASH_OUT,1899.93,C45935572,3165.38,1265.45,M61559717,25226.11,27126.04,0,0
523,CASH_OUT,10744.36,C47945817,16927.45,6183.09,C52148834,96094.13,106838.49,0,0
523,TRANSFER,927.34,C15957459,3415.67,2488.33,C47221734,53220.57,54147.91,0,0
523,TRANSFER,5195.27,C86745380,10687.67,5492.4,C21716836,73691.2,78886.47,0,0
523,CASH_OUT,15133.04,C35649468,22837.65,7704.61,C76185975,22325.08,37458.12,0,0
523,TRANSFER,7632.59,C51663795,22147.03,14514.44,C25755285,62495.1,70127.69,0,0
524,CASH_OUT,596.27,C73900135,1369.87,773.6,C95004924,46759.3,47355.57,0,0
524,PAYMENT,3779.58,C59093496,158408.76,154629.18,C43511112,0.0,0.0,0,0
524,CASH_OUT,117.68,C78642041,203.99,86.31,C58088526,37287.93,37405.61,0,0
524,PAYMENT,1732.51,C63349308,417326.95,415594.44,M61385847,0.0,0.0,0,0
524,CASH_OUT,9208.52,C12118101,27035.62,17827.1,C58465780,34401.04,43609.56,0,0
524,PAYMENT,4021.09,C70887307,152103.11,148082.02,C52064387,0.0,0.0,0,0
524,CASH_OUT,6012.51,C24039158,7187.61,1175.1,C81891784,40878.42,46890.93,0,0
524,CASH_OUT,704.76,C39476249,1987.35,1282.59,M78090664,77341.24,78046.0,0,0
524,CASH_IN,705.53,C69295515,1609.0,903.47,C69572772,77669.46,78374.99,0,0
524,PAYMENT,2530.01,C74988034,120691.41,118161.4,M74484744,0.0,0.0,0,0
524,CASH_OUT,9155.4,C98227303,26776.43,17621.03,C84275638,30195.17,39350.57,0,0
524,TRANSFER,175098.94,C46913810,175138.09,0.0,C14259382,97580.34,272679.28,1,0
524,TRANSFER,30688.81,C82383095,76049.94,45361.13,C41611127,118383.58,149072.39,0,0
524,PAYMENT,2918.27,C99300492,403705.22,400786.95,C65869014,0.0,0.0,0,0
525,PAYMENT,2843.1,C46912022,487148.33,484305.23,C33554528,0.0,0.0,0,0
525,PAYMENT,1312.03,C55540424,175951.14,174639.11,C79631857,0.0,0.0,0,0
525,DEBIT,3257.9,C68496914,5473.57,2215.67,C52803305,4174.01,7431.91,0,0
525,CASH_OUT,8215.37,C21457410,12871.86,4656.49,M28450513,71388.47,79603.84,0,0
525,CASH_OUT,13023.37,C83871890,13684.91,661.54,M33173544,60848.31,73871.68,0,0
525,TRANSFER,703673.07,C84597009,779590.49,0.0,M56354851,84638.38,788311.45,1,1
525,PAYMENT,83.49,C80138498,19562.41,19478.92,C58465780,0.0,0.0,0,0
525,PAYMENT,241.82,C76344695,287243.74,287001.92,C17207013,0.0,0.0,0,0
525,CASH_OUT,1072.5,C47546086,2121.15,1048.65,C71066203,43247.62,44320.12,0,0
525,PAYMENT,64.98,C40885967,472191.3,472126.32,M92071195,0.0,0.0,0,0
525,CASH_OUT,4525.7,C61053877,8126.97,3601.27,C13051483,70363.56,74889.26,0,0
525,TRANSFER,27057.64,C19510312,74000.01,46942.37,C11619606,156338.11,183395.75,0,0
525,PAYMENT,5902.39,C54098516,385783.92,379881.53,C15945401,0.0,0.0,0,0
526,CASH_OUT,1063.42,C71352751,1917.99,854.57,C63094168,24998.67,26062.09,0,0
526,CASH_OUT,7256.53,C69302158,21767.52,14510.99,C18572753,36801.44,44057.97,0,0
526,TRANSFER,23834.11,C53455870,61529.29,37695.18,C77056519,82096.33,105930.44,0,0
526,PAYMENT,500.34,C54265498,228318.38,227818.04,M96213226,0.0,0.0,0,0
526,PAYMENT,365.25,C97529405,270088.78,269723.53,C95004924,0.0,0.0,0,0
526,PAYMENT,3754.86,C51663795,44516.63,40761.77,C51512209,0.0,0.0,0,0
526,PAYMENT,846.39,C33763566,400821.04,399974.65,M15028625,0.0,0.0,0,0
526,TRANSFER,27575.2,C70654852,78210.86,50635.66,M70343755,15807.72,43382.92,0,0
526,CASH_IN,7049.7,C95125977,15560.11,8510.41,M76306502,91077.56,98127.26,0,0
526,CASH_IN,7784.69,C37760841,15452.59,7667.9,M97991930,30975.6,38760.29,0,0
526,CASH_IN,6192.54,C74672520,11545.54,5353.0,M33496796,85106.58,91299.12,0,0
526,PAYMENT,781.05,C93592219,158196.82,157415.77,M87058874,0.0,0.0,0,0
526,CASH_OUT,2209.44,C22243983,4039.06,1829.62,C97219985,76862.55,79071.99,0,0
527,PAYMENT,1301.99,C36040410,475445.64,474143.65,M34422678,0.0,0.0,0,0
527,CASH_IN,228.04,C94951883,667.37,439.33,C63450811,19601.72,19829.76,0,0
527,CASH_OUT,6463.77,C50455821,15093.69,8629.92,C37207628,66419.31,72883.08,0,0
527,CASH_IN,13397.36,C20633503,31444.79,18047.43,C62231715,22832.73,36230.09,0,0
527,CASH_OUT,3724.11,C59737181,10006.54,6282.43,C42029368,56071.98,59796.09,0,0
527,PAYMENT,1191.96,C34941004,412532.31,411340.35,C66046380,0.0,0.0,0,0
527,CASH_OUT,11350.94,C25228493,19130.99,7780.05,M69195194,94858.35,106209.29,0,0
527,CASH_OUT,1136.22,C33420607,2793.87,1657.65,C75478707,80977.81,82114.03,0,0
527,CASH_OUT,2068.63,C94323222,5378.1,3309.47,C51738753,14149.05,16217.68,0,0
527,PAYMENT,345.13,C75056916,382266.49,381921.36,C22136086,0.0,0.0,0,0
527,PAYMENT,2784.58,C21490777,469609.22,466824.64,C20605783,0.0,0.0,0,0
527,PAYMENT,512.58,C84346088,405503.44,404990.86,M14064904,0.0,0.0,0,0
527,CASH_IN,2432.82,C58082464,7088.82,4656.0,M59093843,79676.39,82109.21,0,0
527,PAYMENT,510.79,C63121477,133399.34,132888.55,M81602209,0.0,0.0,0,0
528,PAYMENT,172.73,C95831286,162491.12,162318.39,M40540334,0.0,0.0,0,0
528,PAYMENT,1359.37,C15334035,190050.17,188690.8,C30144023,0.0,0.0,0,0
528,PAYMENT,682.35,C93592219,293619.27,292936.92,M22993840,0.0,0.0,0,0
528,DEBIT,2811.17,C42657384,5884.08,3072.91,C83330295,80602.88,83414.05,0,0
528,CASH_IN,3495.16,C87736262,5823.96,2328.8,C22828128,61869.63,65364.79,0,0
528,TRANSFER,16754.22,C18620650,54892.48,38138.26,C77015110,90849.48,107603.7,0,0
528,PAYMENT,150.61,C78608612,315299.52,315148.91,C32448383,0.0,0.0,0,0
528,CASH_OUT,3386.82,C21631697,4841.6,1454.78,C46297263,37478.47,40865.29,0,0
528,CASH_OUT,12450.84,C51662236,35473.3,23022.46,C40824989,10937.54,23388.38,0,0
528,TRANSFER,10988.27,C63551839,28536.21,17547.94,C59350218,170150.34,181138.61,0,0
528,TRANSFER,48051.81,C61830338,78876.45,30824.64,C50515702,184351.91,232403.72,0,0
528,CASH_OUT,12187.21,C91178885,28936.08,16748.87,C10908300,14438.45,26625.66,0,0
528,PAYMENT,2231.08,C51373735,413113.68,410882.6,C67774765,0.0,0.0,0,0
529,PAYMENT,361.2,C65684858,51933.11,51571.91,C88147469,0.0,0.0,0,0
529,CASH_IN,147.47,C98346110,278.59,131.12,M28450513,95121.97,95269.44,0,0
529,CASH_IN,858.25,C63782042,1374.76,516.51,C60987966,9971.7,10829.95,0,0
529,CASH_OUT,1664.28,C68548403,3317.43,1653.15,C29948970,8027.12,9691.4,0,0
529,TRANSFER,3031.76,C55150390,3285.53,253.77,C65596350,15825.66,18857.42,0,0
529,CASH_OUT,2189.29,C19208698,3253.0,1063.71,C75901885,26696.3,28885.59,0,0
529,CASH_OUT,128.86,C78387461,176.43,47.57,C93104469,16898.4,17027.26,0,0
529,PAYMENT,167.48,C15354599,195805.35,195637.87,C83083942,0.0,0.0,0,0
529,TRANSFER,20335.58,C54769200,73926.93,53591.35,M49680122,79583.64,99919.22,0,0
529,DEBIT,1453.93,C67276174,4094.09,2640.16,C57756170,4620.99,6074.92,0,0
529,CASH_OUT,7362.96,C91804602,17102.69,9739.73,M64520614,48316.85,55679.81,0,0
529,PAYMENT,798.93,C14216175,272644.62,271845.69,C41943272,0.0,0.0,0,0
529,TRANSFER,1838.57,C84990607,5922.75,4084.18,C53805532,75262.13,77100.7,0,0
529,PAYMENT,258.74,C68503492,327794.43,327535.69,C12300840,0.0,0.0,0,0
530,CASH_OUT,432.34,C75802771,792.08,359.74,C47557512,95846.11,96278.45,0,0
530,PAYMENT,628.4,C65465150,22814.73,22186.33,M54699966,0.0,0.0,0,0
530,PAYMENT,329.23,C69096899,423086.62,422757.39,C53739710,0.0,0.0,0,0
530,CASH_IN,147.44,C70152969,161.99,14.55,C77171380,29980.44,30127.88,0,0
530,CASH_OUT,2475.86,C93568503,3576.98,1101.12,C66046380,22618.82,25094.68,0,0
530,CASH_OUT,4492.06,C84399083,12083.2,7591.14,C60354777,65434.13,69926.19,0,0
530,PAYMENT,2828.03,C20251466,129837.9,127009.87,C83356206,0.0,0.0,0,0
530,TRANSFER,20847.85,C76001106,57674.89,36827.04,C70471823,17579.6,38427.45,0,0
530,TRANSFER,50247.5,C99949389,153458.83,103211.33,C12099943,46907.51,97155.01,0,0
530,CASH_OUT,16949.66,C77624084,47856.44,30906.78,M70387584,79608.47,96558.13,0,0
530,TRANSFER,7802.4,C42775624,24639.62,16837.22,M92124765,150387.08,158189.48,0,0
530,CASH_OUT,10663.47,C92631441,13450.65,2787.18,M19023909,81435.07,92098.54,0,0
530,CASH_IN,2011.89,C87337818,5880.06,3868.17,C22240547,45062.86,47074.75,0,0
531,CASH_OUT,1232.7,C29175900,3050.67,1817.97,M76423575,37376.37,38609.07,0,0
531,TRANSFER,2479.19,C93176117,9868.19,7389.0,M51954112,29298.1,31777.29,0,0
531,PAYMENT,4028.28,C64549859,477333.37,473305.09,C63244581,0.0,0.0,0,0
531,PAYMENT,1511.14,C45652586,89225.46,87714.32,C58557943,0.0,0.0,0,0
531,CASH_OUT,693.36,C43999198,786.25,92.89,C77631755,24896.82,25590.18,0,0
531,PAYMENT,1251.67,C56920514,364855.49,363603.82,C71851421,0.0,0.0,0,0
531,PAYMENT,2428.84,C87277086,171782.2,169353.36,C43534652,0.0,0.0,0,0
531,CASH_IN,1258.83,C23419256,3262.61,2003.78,C34702473,14059.57,15318.4,0,0
531,PAYMENT,920.28,C82374753,286550.61,285630.33,C22927031,0.0,0.0,0,0
531,CASH_OUT,1069062.53,C49093864,1098726.66,29664.13,C11851322,51439.91,0.0,1,0
531,PAYMENT,40.12,C90246882,302535.11,302494.99,C33635791,0.0,0.0,0,0
531,TRANSFER,37747.71,C67403166,99491.98,61744.27,C18873816,151445.06,189192.77,0,0
531,TRANSFER,6639.51,C15505975,23355.06,16715.55,C18557710,128116.89,134756.4,0,0
531,CASH_IN,5980.79,C83197857,10311.93,4331.14,C19122502,23931.31,29912.1,0,0
532,CASH_OUT,4185.7,C33286644,8204.12,4018.42,C69920305,33807.19,37992.89,0,0
532,CASH_IN,5887.67,C99245317,12645.66,6757.99,C72579077,77148.83,83036.5,0,0
532,DEBIT,6059.52,C70867592,7539.47,1479.95,C56226575,87608.18,93667.7,0,0
532,CASH_OUT,1765.35,C13523729,4968.92,3203.57,M55314533,76515.73,78281.08,0,0
532,PAYMENT,2301.68,C77491435,272453.75,270152.07,C74382155,0.0,0.0,0,0
532,PAYMENT,1250.94,C37326368,286535.68,285284.74,M86790955,0.0,0.0,0,0
532,PAYMENT,2557.27,C75793759,475853.21,473295.94,C54230340,0.0,0.0,0,0
532,PAYMENT,2663.06,C69287967,242131.13,239468.07,C10145801,0.0,0.0,0,0
532,CASH_OUT,1084.56,C71682508,1819.62,735.06,M31473054,75836.69,76921.25,0,0
532,TRANSFER,4083.77,C23041121,15464.59,11380.82,C50168264,17207.74,21291.51,0,0
532,PAYMENT,659.7,C64807553,15359.2,14699.5,C21062296,0.0,0.0,0,0
532,PAYMENT,6408.95,C61019678,206581.15,200172.2,C96344420,0.0,0.0,0,0
532,PAYMENT,1639.27,C89699989,30378.0,28738.73,C80573568,0.0,0.0,0,0
533,TRANSFER,12561.85,C91804602,22120.76,9558.91,C96688655,186638.99,199200.84,0,0
533,TRANSFER,13541.12,C55150390,52668.58,39127.46,M69580374,51420.64,64961.76,0,0
533,CASH_OUT,5914.84,C85764804,13381.7,7466.86,M50049524,59059.66,64974.5,0,0
533,PAYMENT,1614.57,C43491314,225212.58,223598.01,M35878707,0.0,0.0,0,0
533,PAYMENT,53.84,C41510328,59421.05,59367.21,C97735896,0.0,0.0,0,0
533,TRANSFER,6920.25,C14818295,15301.61,8381.36,C20326375,93492.86,100413.11,0,0
533,TRANSFER,14742.21,C29419691,15157.5,415.29,C60903955,56683.25,71425.46,0,0
533,PAYMENT,578.12,C66390708,470987.68,470409.56,C19031632,0.0,0.0,0,0
533,PAYMENT,1751.47,C98955314,357774.32,356022.85,C22828128,0.0,0.0,0,0
533,CASH_OUT,2199.49,C36738452,5174.62,2975.13,C87029205,66829.64,69029.13,0,0
533,CASH_OUT,3904.01,C45630292,9858.08,5954.07,C87949714,76030.42,79934.43,0,0
533,TRANSFER,8692.68,C53524491,15582.41,6889.73,M33593960,158457.78,167150.46,0,0
533,CASH_OUT,5444.09,C59667685,10356.71,4912.62,C13209180,91240.89,96684.98,0,0
534,PAYMENT,237.53,C35176902,490052.03,489814.5,C46907428,0.0,0.0,0,0
534,PAYMENT,1539.94,C30796389,59922.58,58382.64,C46930534,0.0,0.0,0,0
534,DEBIT,2683.9,C95822412,5597.78,2913.88,C34156684,89690.5,92374.4,0,0
534,PAYMENT,2129.59,C54087376,294151.04,292021.45,M33366099,0.0,0.0,0,0
534,CASH_OUT,10675.65,C25356396,26163.07,15487.42,C70693413,21721.66,32397.31,0,0
534,CASH_OUT,9906.65,C35556386,16731.11,6824.46,C77996397,1953.37,11860.02,0,0
534,PAYMENT,180.15,C19209801,146176.02,145995.87,C62928934,0.0,0.0,0,0
534,PAYMENT,1880.34,C95199362,228597.05,226716.71,M92134318,0.0,0.0,0,0
534,PAYMENT,1038.85,C71707170,292670.72,291631.87,C41778964,0.0,0.0,0,0
534,TRANSFER,4565.01,C12729224,14399.67,9834.66,C20612653,60480.29,65045.3,0,0
534,DEBIT,984.26,C12784407,2621.98,1637.72,C99490304,10518.62,11502.88,0,0
534,TRANSFER,17955.75,C77005685,48990.31,31034.56,C35151299,79048.74,97004.49,0,0
534,PAYMENT,1686.47,C48242379,182304.55,180618.08,C14416002,0.0,0.0,0,0
534,CASH_OUT,13510.97,C53455870,22736.81,9225.84,C96727439,14985.81,28496.78,0,0
535,DEBIT,1973.79,C16172803,3773.56,1799.77,C80310522,16641.94,18615.73,0,0
535,CASH_OUT,452.22,C15820356,910.69,458.47,C32059232,26836.31,27288.53,0,0
535,PAYMENT,158.44,C89680504,379589.46,379431.02,M63423225,0.0,0.0,0,0
535,PAYMENT,3131.41,C11261301,305209.83,302078.42,M64520614,0.0,0.0,0,0
535,PAYMENT,1247.96,C50785405,343270.01,342022.05,C33381086,0.0,0.0,0,0
535,TRANSFER,7470.18,C87835998,16812.29,9342.11,C72552858,168727.34,176197.52,0,0
535,CASH_IN,1805.98,C42730796,3937.52,2131.54,C97244236,59745.91,61551.89,0,0
535,CASH_OUT,2774.18,C66348030,6756.95,3982.77,C90973889,40772.36,43546.54,0,0
535,PAYMENT,1018.05,C24508349,67843.96,66825.91,C52168966,0.0,0.0,0,0
535,CASH_OUT,569.88,C39042654,608.37,38.49,C28416255,76752.97,77322.85,0,0
535,PAYMENT,260.2,C93352876,221472.22,221212.02,C88667527,0.0,0.0,0,0
535,CASH_OUT,6486.69,C41329612,12563.26,6076.57,C33002714,75686.88,82173.57,0,0
535,CASH_OUT,3207.69,C27105448,8503.04,5295.35,C56748074,14431.51,17639.2,0,0
536,DEBIT,7327.1,C40547349,14191.65,6864.55,C32761034,18373.76,25700.86,0,0
536,CASH_OUT,8440.25,C38874646,15935.85,7495.6,C40133935,67008.0,75448.25,0,0
536,CASH_OUT,3112.58,C58718453,7839.28,4726.7,M65135987,98835.6,101948.18,0,0
536,DEBIT,13068.95,C18135295,27546.7,14477.75,M16072331,41944.3,55013.25,0,0
536,PAYMENT,89.4,C47816686,396900.94,396811.54,C79043610,0.0,0.0,0,0
536,CASH_IN,1672.84,C35848226,4907.56,3234.72,C88147469,65315.81,66988.65,0,0
536,DEBIT,2511.62,C50264926,3524.89,1013.27,C69791674,23182.83,25694.45,0,0
536,PAYMENT,135.8,C79987997,388605.27,388469.47,C54524582,0.0,0.0,0,0
536,PAYMENT,441.31,C96282117,73262.57,72821.26,C25845304,0.0,0.0,0,0
536,TRANSFER,14607.74,C20106509,25661.32,11053.58,C38829445,76437.96,91045.7,0,0
536,CASH_IN,2962.56,C71753160,7787.95,4825.39,C75540707,88959.7,91922.26,0,0
536,TRANSFER,8953.11,C77719420,19101.8,10148.69,C27543369,196997.22,205950.33,0,0
536,TRANSFER,8851.28,C48508907,33204.61,24353.33,C20460758,80366.5,89217.78,0,0
536,PAYMENT,12.59,C12735359,66996.34,66983.75,C17966873,0.0,0.0,0,0
537,PAYMENT,170.64,C19209801,269767.5,269596.86,C17531619,0.0,0.0,0,0
537,CASH_OUT,1196.54,C75575808,2629.48,1432.94,C12099943,9034.4,10230.94,0,0
537,DEBIT,13247.73,C48658617,19671.29,6423.56,C84605013,71540.25,84787.98,0,0
537,CASH_IN,14041.08,C38317637,36098.77,22057.69,M92124765,86148.59,100189.67,0,0
537,PAYMENT,1079.34,C32775593,266469.13,265389.79,C45002007,0.0,0.0,0,0
537,PAYMENT,2471.47,C70362235,169493.21,167021.74,C79631857,0.0,0.0,0,0
537,DEBIT,9578.75,C75007200,24519.16,14940.41,C58412365,34064.27,43643.02,0,0
537,TRANSFER,17159.27,C94705205,49680.44,32521.17,M51411602,153169.07,170328.34,0,0
537,PAYMENT,71.62,C83989546,6883.25,6811.63,C76627415,0.0,0.0,0,0
537,CASH_OUT,2820.02,C27566185,4574.18,1754.16,C81891784,14317.26,17137.28,0,0
537,CASH_IN,561.57,C29655410,925.45,363.88,M57319709,97442.65,98004.22,0,0
537,DEBIT,3319.47,C74988034,9914.31,6594.84,C48451741,97062.3,100381.77,0,0
537,CASH_OUT,8544.82,C77908907,16742.23,8197.41,C41428626,85963.98,94508.8,0,0
538,CASH_IN,1818.04,C72360629,3820.24,2002.2,C80381817,63754.16,65572.2,0,0
538,CASH_IN,872.41,C98641164,1564.91,692.5,C89701163,67873.56,68745.97,0,0
538,PAYMENT,857.44,C60929647,361609.14,360751.7,M63283709,0.0,0.0,0,0
538,CASH_OUT,3256.77,C33500064,4879.33,1622.56,M16072331,7516.07,10772.84,0,0
538,CASH_OUT,6590.87,C97444123,7817.17,1226.3,M36867482,96883.88,103474.75,0,0
538,PAYMENT,4470.42,C77378254,280970.96,276500.54,C14506531,0.0,0.0,0,0
538,PAYMENT,3438.29,C54550177,461406.81,457968.52,C98487646,0.0,0.0,0,0
538,PAYMENT,1050.17,C72360629,388291.55,387241.38,C23656928,0.0,0.0,0,0
538,TRANSFER,2362.51,C19208698,5707.65,3345.14,M86541906,105372.21,107734.72,0,0
538,TRANSFER,2672.2,C75998319,6835.98,4163.78,M59440148,41393.56,44065.76,0,0
538,PAYMENT,320.64,C81216573,39991.76,39671.12,C21062296,0.0,0.0,0,0
538,TRANSFER,19289.77,C23798190,52123.89,32834.12,M85554415,159643.51,178933.28,0,0
538,CASH_OUT,11234.3,C77898694,21881.93,10647.63,C32059232,66653.3,77887.6,0,0
538,CASH_OUT,5895.28,C84514489,10931.15,5035.87,C25922674,23445.48,29340.76,0,0
539,CASH_OUT,3034.27,C56328316,6108.34,3074.07,M80528349,47100.74,50135.01,0,0
539,CASH_OUT,411.28,C60992979,445.27,33.99,C37659807,52707.1,53118.38,0,0
539,DEBIT,7571.16,C87267850,17940.24,10369.08,C39667854,15006.3,22577.46,0,0
539,PAYMENT,2201.74,C91030736,341190.6,338988.86,M54699966,0.0,0.0,0,0
539,PAYMENT,377.41,C87054398,328729.62,328352.21,C51004756,0.0,0.0,0,0
539,PAYMENT,2282.74,C23756669,362132.93,359850.19,M15529005,0.0,0.0,0,0
539,CASH_OUT,8450.27,C54265498,24457.03,16006.76,C59805178,6682.32,15132.59,0,0
539,PAYMENT,1053.42,C65625330,250148.03,249094.61,C71957885,0.0,0.0,0,0
539,CASH_OUT,894.47,C38688676,1016.39,121.92,C53440052,86844.37,87738.84,0,0
539,CASH_OUT,489.3,C22534217,1345.03,855.73,C10856822,31953.8,32443.1,0,0
539,PAYMENT,978.81,C10819505,390399.63,389420.82,M61385847,0.0,0.0,0,0
539,CASH_OUT,838.35,C60372847,1979.42,1141.07,M42507072,44731.65,45570.0,0,0
539,PAYMENT,353.08,C65625330,412967.85,412614.77,M29834119,0.0,0.0,0,0
540,PAYMENT,395.35,C81969657,361212.67,360817.32,C22242388,0.0,0.0,0,0
540,TRANSFER,12828.5,C82340307,42346.96,29518.46,C69691437,59178.58,72007.08,0,0
540,TRANSFER,18051.91,C14968688,28267.81,10215.9,C86188876,3665.97,21717.88,0,0
540,CASH_OUT,726.39,C69020451,1443.21,716.82,C74279671,90208.69,90935.08,0,0
540,PAYMENT,3164.88,C24490391,109651.36,106486.48,C78541804,0.0,0.0,0,0
540,PAYMENT,250.85,C53188224,322843.54,322592.69,C73995913,0.0,0.0,0,0
540,PAYMENT,1494.65,C34744872,398219.24,396724.59,M86809773,0.0,0.0,0,0
540,CASH_OUT,21727.11,C51455302,64217.66,42490.55,C58258264,15352.92,37080.03,0,0
540,DEBIT,2695.31,C22517517,5312.06,2616.75,C75540707,26789.11,29484.42,0,0
540,TRANSFER,4326.26,C38984499,13459.36,9133.1,C49101812,124571.2,128897.46,0,0
540,PAYMENT,232.9,C83089925,49635.58,49402.68,M92523968,0.0,0.0,0,0
540,PAYMENT,191.75,C39476249,55215.01,55023.26,C11137460,0.0,0.0,0,0
540,PAYMENT,559.37,C30024960,305433.59,304874.22,C79941466,0.0,0.0,0,0
540,CASH_IN,4369.36,C84888554,8593.55,4224.19,C55063530,13223.45,17592.81,0,0
541,CASH_IN,2379.79,C28892086,4047.54,1667.75,M64123845,57145.73,59525.52,0,0
541,TRANSFER,4809.02,C14308421,7041.43,2232.41,M71368457,145040.69,149849.71,0,0
541,PAYMENT,241.76,C51746937,120660.92,120419.16,M11097552,0.0,0.0,0,0
541,CASH_IN,21691.74,C65541117,63753.39,42061.65,M29990477,44996.33,66688.07,0,0
541,PAYMENT,254.39,C23756669,135788.95,135534.56,C11287794,0.0,0.0,0,0
541,TRANSFER,2574.46,C59731689,6255.56,3681.1,C62741214,68752.7,71327.16,0,0
541,TRANSFER,1758.69,C88339168,3571.92,1813.23,C59095909,192968.64,194727.33,0,0
541,TRANSFER,3904.42,C95282470,7684.45,3780.03,C94658420,25853.7,29758.12,0,0
541,TRANSFER,1288.73,C76001106,3625.29,2336.56,C87949714,89282.72,90571.45,0,0
541,TRANSFER,49177.74,C33607110,52039.48,2861.74,C56697654,157724.06,206901.8,0,0
541,PAYMENT,3146.41,C53868501,468287.44,465141.03,C56496201,0.0,0.0,0,0
541,CASH_OUT,15238.86,C20814950,45561.72,30322.86,C50515702,96317.22,111556.08,0,0
541,CASH_OUT,5438.12,C12550658,14255.52,8817.4,M60576565,82672.58,88110.7,0,0
542,DEBIT,443.29,C69287967,583.77,140.48,C18113477,13028.6,13471.89,0,0
542,TRANSFER,54501.16,C98473848,143678.18,89177.02,M98413629,138927.02,193428.18,0,0
542,CASH_OUT,16410.77,C68812137,47672.29,31261.52,C14259382,96784.63,113195.4,0,0
542,CASH_OUT,10442.49,C12550658,15363.71,4921.22,C67961650,92400.43,102842.92,0,0
542,CASH_OUT,7196.05,C43311626,14104.49,6908.44,C27810664,88186.85,95382.9,0,0
542,TRANSFER,31061.85,C50785405,59550.22,28488.37,C66867700,126303.25,157365.1,0,0
542,CASH_OUT,9335.81,C14164775,26079.32,16743.51,C81930575,51889.2,61225.01,0,0
542,CASH_OUT,1866.2,C52169044,3271.04,1404.84,C49922369,47655.29,49521.49,0,0
542,PAYMENT,4125.25,C73123515,204238.1,200112.85,C21773787,0.0,0.0,0,0
542,CASH_OUT,1820.13,C73655158,5075.71,3255.58,C53788744,86654.9,88475.03,0,0
542,PAYMENT,2663.73,C39161443,417789.08,415125.35,M33366099,0.0,0.0,0,0
542,CASH_OUT,8473.72,C32084778,21402.91,12929.19,C13498112,22639.44,31113.16,0,0
542,CASH_OUT,2328.65,C87181563,5312.62,2983.97,C95004924,12536.11,14864.76,0,0
543,PAYMENT,22.89,C68755000,432343.71,432320.82,C41119124,0.0,0.0,0,0
543,CASH_OUT,507.47,C14915156,1239.24,731.77,M84040798,56762.42,57269.89,0,0
543,CASH_OUT,3556.65,C13561597,8528.86,4972.21,C56697654,48292.92,51849.57,0,0
543,TRANSFER,31460.44,C46173157,114419.84,82959.4,C75478707,81697.99,113158.43,0,0
543,PAYMENT,2236.8,C94970119,484564.74,482327.94,C51512209,0.0,0.0,0,0
543,PAYMENT,68.35,C23891786,64693.59,64625.24,M25946545,0.0,0.0,0,0
543,TRANSFER,881.83,C53251559,969.27,87.44,C53752954,83105.69,83987.52,0,0
543,CASH_OUT,3820.47,C95445405,9631.21,5810.74,M15028625,71783.24,75603.71,0,0
543,PAYMENT,72.02,C93115778,415431.73,415359.71,C98162850,0.0,0.0,0,0
543,CASH_OUT,8252.37,C34220459,19455.29,11202.92,M70394554,14830.85,23083.22,0,0
543,TRANSFER,9804.87,C79782527,13147.81,3342.94,M16792127,92562.85,102367.72,0,0
543,CASH_OUT,4764.54,C71974027,13449.75,8685.21,M74205866,25862.47,30627.01,0,0
543,PAYMENT,1434.2,C73538641,165472.89,164038.69,C38859601,0.0,0.0,0,0
543,CASH_OUT,6673.31,C32814819,18402.35,11729.04,C76596831,63413.44,70086.75,0,0
544,CASH_OUT,17458.05,C35583290,38770.01,21311.96,C49599276,22277.42,39735.47,0,0
544,PAYMENT,4536.68,C28213276,264689.11,260152.43,C62138657,0.0,0.0,0,0
544,TRANSFER,13475.3,C34215035,25852.69,12377.39,C82144402,32425.01,45900.31,0,0
544,PAYMENT,728.45,C52704903,122693.84,121965.39,C25194922,0.0,0.0,0,0
544,CASH_OUT,6186.4,C55568701,15614.15,9427.75,C33851602,61645.68,67832.08,0,0
544,PAYMENT,1196.45,C79987997,455973.71,454777.26,C75478707,0.0,0.0,0,0
544,PAYMENT,8239.3,C69355025,239379.82,231140.52,C46072958,0.0,0.0,0,0
544,DEBIT,156.53,C99686286,464.25,307.72,M15529005,24919.63,25076.16,0,0
544,DEBIT,12643.12,C85957706,32610.25,19967.13,M30594121,16616.41,29259.53,0,0
544,TRANSFER,15354.25,C44295247,29228.11,13873.86,C85920407,145990.22,161344.47,0,0
544,TRANSFER,12878.62,C52101056,14528.61,1649.99,C96142207,41355.68,54234.3,0,0
544,PAYMENT,594.15,C69166287,9917.82,9323.67,C74796438,0.0,0.0,0,0
544,TRANSFER,1987.82,C96977837,2319.4,331.58,C51004756,60822.19,62810.01,0,0
545,CASH_OUT,2193.91,C14380847,5882.8,3688.89,C65350347,31176.41,33370.32,0,0
545,TRANSFER,27037.98,C39219319,47269.38,20231.4,C37804291,147771.59,174809.57,0,0
545,TRANSFER,9529.83,C81688860,36356.5,26826.67,C71824078,143165.32,152695.15,0,0
545,CASH_IN,10939.74,C16740197,24971.0,14031.26,M65426567,12494.09,23433.83,0,0
545,PAYMENT,971.44,C59093496,300148.12,299176.68,C49171088,0.0,0.0,0,0
545,CASH_IN,2378.99,C23905032,5947.12,3568.13,C22240547,73470.74,75849.73,0,0
545,TRANSFER,2703.41,C18083974,9703.19,6999.78,C63095937,189271.77,191975.18,0,0
545,PAYMENT,2032.37,C35921441,99833.55,97801.18,C58189421,0.0,0.0,0,0
545,CASH_OUT,17420.93,C37057085,31366.23,13945.3,M11243818,1922.47,19343.4,0,0
545,CASH_OUT,1444.29,C68496914,3691.24,2246.95,C20024377,58996.4,60440.69,0,0
545,PAYMENT,6353.95,C23903144,495688.43,489334.48,C45292504,0.0,0.0,0,0
545,PAYMENT,570.89,C99853245,257665.31,257094.42,M52103092,0.0,0.0,0,0
545,CASH_IN,4448.59,C92874006,6427.61,1979.02,C67418250,45667.36,50115.95,0,0
545,PAYMENT,3308.64,C78064830,399475.5,396166.86,C30208677,0.0,0.0,0,0
546,CASH_IN,503.34,C11835355,1401.23,897.89,M55659873,24627.33,25130.67,0,0
546,DEBIT,2525.71,C99686286,3699.88,1174.17,C69691437,34038.69,36564.4,0,0
546,TRANSFER,29655.3,C54024257,48177.24,18521.94,C14650569,36976.91,66632.21,0,0
546,CASH_IN,1570.17,C54446182,2544.39,974.22,C24363501,84513.38,86083.55,0,0
546,PAYMENT,135.91,C78159587,379560.18,379424.27,C12921981,0.0,0.0,0,0
546,CASH_OUT,865833.92,C35140847,854711.5,0.0,C45002007,45863.63,0.0,1,0
546,PAYMENT,806.28,C54446182,24321.55,23515.27,C52779814,0.0,0.0,0,0
546,PAYMENT,789.36,C38944689,201081.04,200291.68,M83932683,0.0,0.0,0,0
546,PAYMENT,2714.69,C35714784,411106.69,408392.0,C21641746,0.0,0.0,0,0
546,PAYMENT,606.93,C89442503,409789.08,409182.15,M69002851,0.0,0.0,0,0
546,DEBIT,6907.35,C99943797,8147.56,1240.21,C89682313,94720.99,101628.34,0,0
546,PAYMENT,121.92,C93517915,429881.33,429759.41,C50645509,0.0,0.0,0,0
546,CASH_OUT,2527.24,C28740864,7411.68,4884.44,C58852098,63404.99,65932.23,0,0
547,CASH_OUT,2996.59,C70896652,3909.43,912.84,M18824561,64763.03,67759.62,0,0
547,PAYMENT,910.05,C74287863,150978.58,150068.53,C59535894,0.0,0.0,0,0
547,CASH_OUT,11675.19,C19209801,13512.78,1837.59,C86475853,62064.98,73740.17,0,0
547,PAYMENT,1123.86,C33640702,187386.25,186262.39,C17069536,0.0,0.0,0,0
547,PAYMENT,957.82,C86149359,161729.47,160771.65,M86541906,0.0,0.0,0,0
547,DEBIT,2293.87,C83932360,6022.15,3728.28,C10344739,94138.03,96431.9,0,0
547,CASH_IN,5029.49,C26104026,5787.61,758.12,C50323741,9113.31,14142.8,0,0
547,CASH_IN,7126.9,C99508850,21056.48,13929.58,C50790016,97371.75,104498.65,0,0
547,PAYMENT,404.29,C42016960,12618.12,12213.83,C18184472,0.0,0.0,0,0
547,TRANSFER,2337.5,C84674816,7166.19,4828.69,C49666982,122636.83,124974.33,0,0
547,TRANSFER,7749.56,C60888017,9339.34,1589.78,C57201978,142877.17,150626.73,0,0
547,CASH_IN,2893.4,C76276072,4821.46,1928.06,M92594562,49721.24,52614.64,0,0
547,CASH_OUT,14278.86,C91480362,41391.38,27112.52,C50045602,89413.65,103692.51,0,0
547,DEBIT,1220.19,C84514489,3166.5,1946.31,C50261914,17367.76,18587.95,0,0
548,TRANSFER,5227.74,C96934122,20607.67,15379.93,C49203644,82506.34,87734.08,0,0
548,TRANSFER,5470.58,C38898923,7445.32,1974.74,C79760901,82692.95,88163.53,0,0
548,CASH_OUT,3058.67,C18846539,7154.93,4096.26,C70768130,53644.67,56703.34,0,0
548,TRANSFER,48610.61,C19255216,111693.85,63083.24,C63015826,63872.6,112483.21,0,0
548,PAYMENT,1014.02,C90801586,389993.69,388979.67,C84618850,0.0,0.0,0,0
548,CASH_OUT,869.43,C98742485,1413.1,543.67,C60903955,28916.18,29785.61,0,0
548,CASH_OUT,1418.66,C85345555,3289.96,1871.3,C50045602,50097.48,51516.14,0,0
548,DEBIT,2030.79,C42594692,4679.47,2648.68,C75694038,59564.64,61595.43,0,0
548,PAYMENT,1377.68,C40173413,40518.54,39140.86,C26301180,0.0,0.0,0,0
548,PAYMENT,512.98,C95125977,109454.4,108941.42,C83458776,0.0,0.0,0,0
548,TRANSFER,1401575.55,C98010774,1150716.55,0.0,C34060788,3794.2,0.0,1,1
548,TRANSFER,9030.18,C30068183,20343.13,11312.95,C25601471,20113.35,29143.53,0,0
548,CASH_OUT,4231.25,C38538251,5490.47,1259.22,C52211967,83105.8,87337.05,0,0
549,CASH_OUT,1889.04,C65692629,3921.45,2032.41,C29587040,20712.4,22601.44,0,0
549,PAYMENT,2155.73,C24305904,486958.0,484802.27,C87029205,0.0,0.0,0,0
549,DEBIT,1535.34,C42394260,1887.18,351.84,C47726592,93827.07,95362.41,0,0
549,TRANSFER,8383.48,C61003997,32701.07,24317.59,C42537638,95153.3,103536.78,0,0
549,TRANSFER,13027.74,C42051937,33641.88,20614.14,C43257324,137325.25,150352.99,0,0
549,PAYMENT,1927.38,C86593187,465619.92,463692.54,C48478684,0.0,0.0,0,0
549,PAYMENT,957.48,C40742311,314599.83,313642.35,C82199509,0.0,0.0,0,0
549,CASH_OUT,3050.25,C85776373,9109.64,6059.39,C18397164,75874.54,78924.79,0,0
549,PAYMENT,6312.95,C86745380,81835.45,75522.5,C18115992,0.0,0.0,0,0
549,DEBIT,7427.02,C15399803,15210.62,7783.6,M65426567,1203.15,8630.17,0,0
549,TRANSFER,2537.82,C83284724,3730.03,1192.21,M78412668,1353.74,3891.56,0,0
549,CASH_IN,3850.19,C82148284,4714.63,864.44,C23234748,66876.45,70726.64,0,0
549,DEBIT,2143.47,C34194479,4061.57,1918.1,C71310453,63227.36,65370.83,0,0
549,PAYMENT,6364.6,C98742485,177149.04,170784.44,M16813620,0.0,0.0,0,0
550,TRANSFER,1919.58,C79519112,3205.37,1285.79,M61385847,145161.58,147081.16,0,0
550,PAYMENT,996.51,C87277086,479794.81,478798.3,M76980546,0.0,0.0,0,0
550,PAYMENT,941.33,C56930359,384785.97,383844.64,M59514418,0.0,0.0,0,0
550,TRANSFER,18233.38,C96750368,46700.91,28467.53,C15711200,120084.59,138317.97,0,0
550,TRANSFER,48680.14,C85350823,142371.38,93691.24,C56748074,69989.21,118669.35,0,0
550,PAYMENT,1351.01,C16740197,275215.11,273864.1,C50987410,0.0,0.0,0,0
550,PAYMENT,1995.62,C80415568,446065.98,444070.36,C41157840,0.0,0.0,0,0
550,CASH_IN,8600.12,C87844239,16870.1,8269.98,C12176998,56429.87,65029.99,0,0
550,CASH_OUT,3365.43,C57928328,6832.51,3467.08,C22549425,41785.63,45151.06,0,0
550,CASH_OUT,13792.34,C46249845,23105.65,9313.31,M40262109,49142.35,62934.69,0,0
550,CASH_IN,2575.37,C43273328,4764.37,2189.0,M96094462,35432.34,38007.71,0,0
550,CASH_IN,897.58,C40742311,2098.25,1200.67,C42342202,79560.52,80458.1,0,0
550,PAYMENT,149.85,C17635653,105199.65,105049.8,C82764376,0.0,0.0,0,0
551,PAYMENT,2201.12,C30244148,463211.91,461010.79,C21641746,0.0,0.0,0,0
551,DEBIT,7595.53,C19289546,8337.07,741.54,C50232066,62581.68,70177.21,0,0
551,CASH_OUT,3657.39,C61053474,4729.37,1071.98,M42115895,71975.92,75633.31,0,0
551,CASH_OUT,2528.32,C22517517,7389.39,4861.07,C60527631,42852.22,45380.54,0,0
551,CASH_OUT,5703.46,C38933176,14492.84,8789.38,C18572753,70350.59,76054.05,0,0
551,CASH_OUT,3888.66,C34359060,9153.96,5265.3,C58335011,9942.17,13830.83,0,0
551,DEBIT,1501.86,C25558733,3175.56,1673.7,C75140950,10826.54,12328.4,0,0
551,TRANSFER,18141.63,C95918360,24004.89,5863.26,M65907088,57351.09,75492.72,0,0
551,TRANSFER,26501.86,C97444123,94249.67,67747.81,C22494970,29571.89,56073.75,0,0
551,PAYMENT,701.46,C54098516,70970.87,70269.41,M52550733,0.0,0.0,0,0
551,DEBIT,3171.56,C72394301,8360.64,5189.08,C75390879,33701.53,36873.09,0,0
551,TRANSFER,4955.33,C26753883,10041.01,5085.68,C32599227,118380.94,123336.27,0,0
551,PAYMENT,1610.45,C41244663,496776.88,495166.43,C76545476,0.0,0.0,0,0
552,PAYMENT,3181.33,C57459130,333572.37,330391.04,M70672142,0.0,0.0,0,0
552,CASH_OUT,1108.23,C71315464,1570.98,462.75,C47706144,84663.59,85771.82,0,0
552,CASH_OUT,4664.47,C56138336,9519.52,4855.05,C39598969,47831.04,52495.51,0,0
552,PAYMENT,488.66,C37760841,50503.57,50014.91,C81625307,0.0,0.0,0,0
552,TRANSFER,14517.42,C13326769,49078.51,34561.09,M91547054,57137.59,71655.01,0,0
552,CASH_OUT,3848.94,C45859307,4306.49,457.55,M74082055,2990.87,6839.81,0,0
552,CASH_OUT,7142.8,C36697396,9391.19,2248.39,C17749299,30721.34,37864.14,0,0
552,CASH_OUT,7782.08,C80606503,15435.27,7653.19,M81826922,97365.82,105147.9,0,0
552,PAYMENT,3206.1,C76354180,219966.09,216759.99,M45899440,0.0,0.0,0,0
552,CASH_OUT,8690.08,C67805802,15864.2,7174.12,C56751880,99036.96,107727.04,0,0
552,TRANSFER,3057.53,C23492385,7753.76,4696.23,C19796799,99809.62,102867.15,0,0
552,TRANSFER,5665.62,C15917225,15959.52,10293.9,C54327148,76140.83,81806.45,0,0
552,CASH_OUT,3279.35,C49823450,8381.95,5102.6,C50502136,63183.64,66462.99,0,0
552,CASH_OUT,5717.14,C45264581,8573.56,2856.42,M32366682,12963.93,18681.07,0,0
553,CASH_OUT,1274.1,C31516757,2222.74,948.64,C31139813,74355.81,75629.91,0,0
553,CASH_IN,9265.53,C70465583,24980.0,15714.47,C41354768,95345.39,104610.92,0,0
553,CASH_OUT,2053.99,C45496015,3569.68,1515.69,C96799390,56386.2,58440.19,0,0
553,TRANSFER,1869.52,C84752529,7046.38,5176.86,C36229153,170317.28,172186.8,0,0
553,TRANSFER,1992.33,C45650176,7267.39,5275.06,C96322745,3382.5,5374.83,0,0
553,CASH_OUT,5280.89,C82070937,5739.74,458.85,C95594482,54226.5,59507.39,0,0
553,TRANSFER,8382.89,C73440831,22946.86,14563.97,C45029610,98071.53,106454.42,0,0
553,DEBIT,624.6,C20779739,1588.14,963.54,C63143336,48591.42,49216.02,0,0
553,CASH_OUT,986.2,C44489940,1738.9,752.7,M48329479,19370.09,20356.29,0,0
553,PAYMENT,317.91,C90388981,71986.46,71668.55,C69920305,0.0,0.0,0,0
553,CASH_OUT,2647.03,C42394260,5567.53,2920.5,C90050918,81201.81,83848.84,0,0
553,DEBIT,3769.12,C60557040,6051.29,2282.17,C30112846,15529.28,19298.4,0,0
553,PAYMENT,1901.95,C35487660,400023.88,398121.93,M54458225,0.0,0.0,0,0
554,PAYMENT,2346.55,C67698610,278550.06,276203.51,C67418250,0.0,0.0,0,0
554,PAYMENT,645.7,C49682169,273021.48,272375.78,C66791272,0.0,0.0,0,0
554,CASH_OUT,15470.78,C42255732,23030.31,7559.53,M50063879,46148.95,61619.73,0,0
554,TRANSFER,21321.22,C45652586,23979.06,2657.84,M96031876,188661.37,209982.59,0,0
554,PAYMENT,2479.0,C68978194,436000.8,433521.8,C41966313,0.0,0.0,0,0
554,CASH_OUT,249936.88,C92590645,284808.07,0.0,C77015343,81217.33,331154.21,1,0
554,PAYMENT,550.39,C58567046,302932.82,302382.43,M57364777,0.0,0.0,0,0
554,PAYMENT,734.25,C51511484,287729.08,286994.83,C46066605,0.0,0.0,0,0
554,PAYMENT,1559.23,C13999315,44464.35,42905.12,C52980983,0.0,0.0,0,0
554,CASH_IN,110.41,C78608612,315.92,205.51,C31803703,78795.61,78906.02,0,0
554,TRANSFER,10330.4,C92950779,33398.92,23068.52,C18491573,166333.04,176663.44,0,0
554,CASH_IN,3576.15,C69352161,9328.3,5752.15,C67226329,61563.86,65140.01,0,0
554,TRANSFER,7756.02,C96261621,16559.84,8803.82,C83074216,131897.73,139653.75,0,0
554,PAYMENT,96.49,C95445405,444418.65,444322.16,M36717096,0.0,0.0,0,0
555,TRANSFER,748.3,C98145654,1987.96,1239.66,C84455942,155635.47,156383.77,0,0
555,CASH_OUT,1885.75,C52587010,2717.16,831.41,M27318510,7849.2,9734.95,0,0
555,TRANSFER,1830.56,C32162965,4662.45,2831.89,M82905845,23062.0,24892.56,0,0
555,CASH_IN,11296.23,C60557040,24001.39,12705.16,C28268622,10356.87,21653.1,0,0
555,PAYMENT,641.12,C13561597,491670.16,491029.04,C19735027,0.0,0.0,0,0
555,CASH_OUT,552.89,C42002808,808.83,255.94,M97393186,31486.29,32039.18,0,0
555,TRANSFER,3569.99,C73481353,10729.78,7159.79,C86072480,62633.83,66203.82,0,0
555,CASH_IN,9620.0,C10359129,19284.79,9664.79,M52894344,41407.05,51027.05,0,0
555,CASH_OUT,3723.45,C20598952,4079.16,355.71,C76422705,99932.39,103655.84,0,0
555,CASH_IN,13522.79,C55679506,16229.71,2706.92,C20326375,66058.21,79581.0,0,0
555,CASH_IN,719.82,C16927215,1477.89,758.07,C20526386,6920.9,7640.72,0,0
555,PAYMENT,1703.93,C69302158,132812.71,131108.78,M42445506,0.0,0.0,0,0
555,TRANSFER,323.66,C72270726,702.08,378.42,C17734153,63625.79,63949.45,0,0
556,PAYMENT,3294.96,C43374088,382756.11,379461.15,C88733350,0.0,0.0,0,0
556,DEBIT,2260.16,C89160218,5249.87,2989.71,C42847661,47239.65,49499.81,0,0
556,DEBIT,4553.01,C54988206,5050.68,497.67,C18572753,72564.39,77117.4,0,0
556,CASH_OUT,2838.11,C58537831,8475.32,5637.21,M48307798,44973.36,47811.47,0,0
556,PAYMENT,863.02,C50785405,314439.03,313576.01,C48766747,0.0,0.0,0,0
556,TRANSFER,9707.3,C32084778,22805.68,13098.38,C41240803,121249.45,130956.75,0,0
556,PAYMENT,7144.31,C81969657,305012.38,297868.07,C64423996,0.0,0.0,0,0
556,PAYMENT,342.0,C67279295,197805.84,197463.84,M63283709,0.0,0.0,0,0
556,TRANSFER,9345.74,C76599269,14555.68,5209.94,C95295586,126384.64,135730.38,0,0
556,TRANSFER,17835.24,C16416148,62429.89,44594.65,C14259382,4367.35,22202.59,0,0
556,TRANSFER,11389.94,C50264926,26797.8,15407.86,C80659726,47514.82,58904.76,0,0
556,CASH_OUT,176.72,C61642594,192.79,16.07,C93967184,48891.04,49067.76,0,0
556,CASH_OUT,10829.21,C27905932,25674.87,14845.66,C75581613,3620.57,14449.78,0,0
556,PAYMENT,789.25,C93016315,302075.23,301285.98,C95004924,0.0,0.0,0,0
557,CASH_IN,2228.24,C97902129,3544.34,1316.1,C77631755,78680.54,80908.78,0,0
557,TRANSFER,48006.69,C45650176,53400.51,5393.82,C66269520,186273.17,234279.86,0,0
557,PAYMENT,111.22,C91030736,141887.61,141776.39,M83994695,0.0,0.0,0,0
557,DEBIT,10192.42,C77750178,20814.02,10621.6,C63095937,46387.91,56580.33,0,0
557,TRANSFER,8763.68,C46468984,29136.54,20372.86,C28762704,127593.79,136357.47,0,0
557,CASH_OUT,6757.74,C46866075,13633.95,6876.21,C74291599,51676.45,58434.19,0,0
557,PAYMENT,35.56,C72907576,449295.18,449259.62,M31473054,0.0,0.0,0,0
557,TRANSFER,23600.49,C52133044,25395.53,1795.04,C16511491,11657.89,35258.38,0,0
557,DEBIT,15693.6,C17003454,40738.46,25044.86,C86060638,392.87,16086.47,0,0
557,DEBIT,4388.02,C49392920,8655.69,4267.67,C38375916,95575.53,99963.55,0,0
557,TRANSFER,17991.85,C99987086,34896.92,16905.07,M53106399,181583.17,199575.02,0,0
557,CASH_OUT,3912.5,C16582607,10296.71,6384.21,M86970753,93423.2,97335.7,0,0
557,PAYMENT,3917.19,C23318904,53425.18,49507.99,C89487366,0.0,0.0,0,0
558,TRANSFER,5518.12,C57354167,7283.1,1764.98,C18653290,140993.37,146511.49,0,0
558,CASH_OUT,5651.8,C87049595,6064.54,412.74,C10196231,61608.74,67260.54,0,0
558,PAYMENT,2730.44,C71510041,48227.13,45496.69,C23439803,0.0,0.0,0,0
558,PAYMENT,319.95,C27896471,44893.24,44573.29,C63143336,0.0,0.0,0,0
558,TRANSFER,15836.92,C21087928,56183.45,40346.53,C46407626,85151.94,100988.86,0,0
558,CASH_IN,8334.78,C29806690,12208.15,3873.37,M66087572,66558.33,74893.11,0,0
558,CASH_IN,807.64,C73380266,1879.53,1071.89,C96104027,73041.12,73848.76,0,0
558,PAYMENT,1233.67,C97874085,172536.7,171303.03,C39448924,0.0,0.0,0,0
558,PAYMENT,2650.87,C73100462,115948.27,113297.4,M51295819,0.0,0.0,0,0
558,CASH_OUT,17705.65,C54349361,18644.53,938.88,C10697290,21111.59,38817.24,0,0
558,PAYMENT,1007.67,C24549543,123413.94,122406.27,C20612653,0.0,0.0,0,0
558,TRANSFER,3380.25,C13356886,3942.06,561.81,C23677772,123820.57,127200.82,0,0
558,CASH_OUT,2978.52,C25304396,5270.35,2291.83,C13918120,40421.85,43400.37,0,0
559,TRANSFER,5506.87,C85694715,17362.61,11855.74,M65472370,191491.73,196998.6,0,0
559,PAYMENT,1117.52,C32084778,324502.05,323384.53,C62294176,0.0,0.0,0,0
559,PAYMENT,11.98,C41329612,53675.3,53663.32,M82920556,0.0,0.0,0,0
559,PAYMENT,499.9,C48668783,480841.46,480341.56,M28450513,0.0,0.0,0,0
559,TRANSFER,1796.72,C20356922,5540.03,3743.31,C96688655,31799.3,33596.02,0,0
559,TRANSFER,14249.03,C75056916,20756.7,6507.67,C42580349,183731.47,197980.5,0,0
559,CASH_OUT,8191.96,C63118906,21670.74,13478.78,C42357445,84579.75,92771.71,0,0
559,TRANSFER,8884.94,C46023439,26510.55,17625.61,C70339827,167283.12,176168.06,0,0
559,CASH_OUT,2840.47,C34941004,7453.79,4613.32,C15412975,55340.81,58181.28,0,0
559,CASH_OUT,2901.13,C38984499,3355.1,453.97,M42866956,92538.85,95439.98,0,0
559,TRANSFER,17235.68,C10226999,58137.55,40901.87,C39314711,179014.7,196250.38,0,0
559,PAYMENT,630.06,C47333543,305261.11,304631.05,C39396392,0.0,0.0,0,0
559,PAYMENT,677.35,C49910061,18622.32,17944.97,C22114140,0.0,0.0,0,0
559,PAYMENT,1309.13,C14265799,183191.09,181881.96,C15307982,0.0,0.0,0,0
560,CASH_OUT,7773.24,C99991136,11333.31,3560.07,M63514837,31943.0,39716.24,0,0
560,TRANSFER,53959.75,C22097496,170043.14,116083.39,M48352498,78327.65,132287.4,0,0
560,CASH_OUT,2599.13,C16990811,6817.35,4218.22,M63423225,55729.22,58328.35,0,0
560,CASH_OUT,6594.33,C91178885,16487.35,9893.02,C76065552,39314.49,45908.82,0,0
560,CASH_OUT,1141.65,C84285882,2363.48,1221.83,M92634772,59597.01,60738.66,0,0
560,TRANSFER,23851.08,C66722344,71263.81,47412.73,M27551135,126050.03,149901.11,0,0
560,TRANSFER,13903.39,C13637575,49230.03,35326.64,C70369365,46924.52,60827.91,0,0
560,CASH_OUT,9287.1,C85387867,11744.84,2457.74,M77674279,69561.02,78848.12,0,0
560,PAYMENT,1295.18,C68800797,271421.2,270126.02,C69069144,0.0,0.0,0,0
560,PAYMENT,1767.79,C12314351,476974.78,475206.99,C75846624,0.0,0.0,0,0
560,CASH_OUT,268.91,C56381032,442.17,173.26,C14346338,60433.67,60702.58,0,0
560,CASH_OUT,2728.07,C28982195,2858.22,130.15,C41802361,92391.65,95119.72,0,0
560,PAYMENT,826.85,C79340535,5529.82,4702.97,M63440127,0.0,0.0,0,0
561,PAYMENT,815.65,C47215199,392318.27,391502.62,M93816177,0.0,0.0,0,0
561,TRANSFER,16190.88,C78515906,53626.69,37435.81,C84234670,12021.17,28212.05,0,0
561,CASH_OUT,4720.09,C78093604,8640.39,3920.3,C90233330,84608.8,89328.89,0,0
561,PAYMENT,4020.96,C25405014,281800.36,277779.4,M48789478,0.0,0.0,0,0
561,CASH_OUT,223.97,C58567046,558.57,334.6,C53433080,62679.94,62903.91,0,0
561,CASH_OUT,1167.38,C81182864,3164.57,1997.19,M22976369,120.73,1288.11,0,0
561,CASH_OUT,3192.74,C41934639,4086.27,893.53,C37574457,76378.15,79570.89,0,0
561,TRANSFER,26556.11,C82287061,103954.97,77398.86,C20024377,166609.41,193165.52,0,0
561,TRANSFER,1040.0,C88458327,3182.19,2142.19,M27417599,178041.74,179081.74,0,0
561,CASH_IN,12712.21,C51946203,26967.23,14255.02,C11069604,40487.9,53200.11,0,0
561,CASH_OUT,3204.55,C28814949,4602.06,1397.51,M48626436,6136.13,9340.68,0,0
561,PAYMENT,2356.32,C29804386,265554.2,263197.88,C51178850,0.0,0.0,0,0
561,PAYMENT,116.6,C52213778,444706.06,444589.46,C75504221,0.0,0.0,0,0
561,TRANSFER,2194.07,C48736657,6328.55,4134.48,C58974686,83125.7,85319.77,0,0
562,PAYMENT,835.16,C56920514,182674.71,181839.55,C90753812,0.0,0.0,0,0
562,PAYMENT,272.45,C90967191,210657.48,210385.03,C57135617,0.0,0.0,0,0
562,PAYMENT,354.3,C14478111,64969.71,64615.41,M25946545,0.0,0.0,0,0
562,CASH_OUT,8325.51,C49392920,17432.79,9107.28,C96322745,87878.65,96204.16,0,0
562,TRANSFER,8576.1,C56164955,10675.82,2099.72,C71204580,145719.77,154295.87,0,0
562,PAYMENT,117.75,C42655866,145138.64,145020.89,C85672859,0.0,0.0,0,0
562,PAYMENT,1187.56,C97444123,33438.99,32251.43,C51999682,0.0,0.0,0,0
562,CASH_OUT,4694.39,C91883846,6791.32,2096.93,C75998330,2905.58,7599.97,0,0
562,TRANSFER,1611.17,C95125977,2173.64,562.47,C99490304,125930.48,127541.65,0,0
562,CASH_OUT,2311.1,C22097496,3185.96,874.86,M46619573,91306.09,93617.19,0,0
562,CASH_OUT,3647.24,C33574011,9830.16,6182.92,C18397164,43454.54,47101.78,0,0
562,CASH_OUT,11941.37,C31429110,17322.82,5381.45,C76038997,57740.52,69681.89,0,0
562,CASH_IN,3879.74,C43744231,8314.79,4435.05,C27740248,22811.6,26691.34,0,0
563,TRANSFER,3805.7,C92097999,14077.66,10271.96,C84605013,30687.81,34493.51,0,0
563,CASH_IN,3111.7,C47818761,8121.79,5010.09,C71380637,80504.33,83616.03,0,0
563,PAYMENT,860.31,C73411827,89052.83,88192.52,M27551135,0.0,0.0,0,0
563,PAYMENT,1057.34,C77498993,121719.07,120661.73,C71453007,0.0,0.0,0,0
563,CASH_OUT,2110.6,C56381032,4747.24,2636.64,C41715995,32087.82,34198.42,0,0
563,PAYMENT,4320.37,C80651318,468268.64,463948.27,M87641510,0.0,0.0,0,0
563,CASH_OUT,9178.06,C74019136,16786.2,7608.14,M71694994,25726.3,34904.36,0,0
563,TRANSFER,17267.02,C52910691,56642.07,39375.05,C46042404,50414.2,67681.22,0,0
563,TRANSFER,2793.99,C42002808,9220.81,6426.82,C77052833,146199.56,148993.55,0,0
563,PAYMENT,644.8,C25898299,58256.88,57612.08,C76545476,0.0,0.0,0,0
563,PAYMENT,9548.56,C21087928,59841.1,50292.54,C20064609,0.0,0.0,0,0
563,PAYMENT,882.79,C18357162,485604.45,484721.66,C31989243,0.0,0.0,0,0
563,TRANSFER,4390.94,C36786211,4711.15,320.21,M28639738,141798.95,146189.89,0,0
563,CASH_OUT,862.46,C20576383,1688.53,826.07,C25145751,84091.11,84953.57,0,0
564,CASH_OUT,2070.69,C90967191,4865.35,2794.66,C63196064,78173.52,80244.21,0,0
564,CASH_OUT,6337.56,C45264581,11263.83,4926.27,C88710263,88877.79,95215.35,0,0
564,DEBIT,9082.97,C20450542,18722.67,9639.7,C58307308,92907.13,101990.1,0,0
564,CASH_OUT,2508.33,C96282117,5403.58,2895.25,M14237322,68809.54,71317.87,0,0
564,TRANSFER,17670.28,C55667651,68270.7,50600.42,C27740248,190789.5,208459.78,0,0
564,DEBIT,597.86,C50814428,736.84,138.98,M32885741,17857.76,18455.62,0,0
564,TRANSFER,18059.56,C87566910,57330.75,39271.19,C52710350,44056.46,62116.02,0,0
564,TRANSFER,4945.7,C45431319,6020.8,1075.1,C37659807,159464.5,164410.2,0,0
564,TRANSFER,11181.14,C56843172,33249.15,22068.01,C11286267,118298.01,129479.15,0,0
564,CASH_IN,3446.15,C72360629,6674.55,3228.4,C84386123,22737.85,26184.0,0,0
564,PAYMENT,276.62,C70939053,458641.4,458364.78,C28876833,0.0,0.0,0,0
564,PAYMENT,1237.44,C34166826,301618.87,300381.43,M85227370,0.0,0.0,0,0
564,TRANSFER,2856.49,C23676961,5563.13,2706.64,C57501571,69905.09,72761.58,0,0
565,CASH_OUT,6806.7,C50193656,8794.92,1988.22,C49529438,71981.17,78787.87,0,0
565,PAYMENT,642.62,C22534217,44498.53,43855.91,C67665720,0.0,0.0,0,0
565,CASH_IN,2394.14,C90048665,5628.2,3234.06,C24301022,98763.9,101158.04,0,0
565,CASH_OUT,3064.02,C57912262,4402.49,1338.47,C43266810,52770.61,55834.63,0,0
565,CASH_OUT,7377.19,C52091325,21509.55,14132.36,C51181116,46301.64,53678.83,0,0
565,CASH_OUT,9697.47,C94482772,16772.12,7074.65,M52831009,55561.1,65258.57,0,0
565,CASH_IN,4387.3,C47388792,5794.46,1407.16,C52279780,20799.43,25186.73,0,0
565,PAYMENT,772.81,C94989976,272434.15,271661.34,M14670638,0.0,0.0,0,0
565,CASH_OUT,5311.75,C15512205,5652.48,340.73,C75846624,94773.3,100085.05,0,0
565,PAYMENT,88.9,C91259008,289862.18,289773.28,M15222944,0.0,0.0,0,0
565,CASH_OUT,1495.61,C63121477,3402.49,1906.88,C69572772,13931.54,15427.15,0,0
565,TRANSFER,16580.38,C68942178,58291.33,41710.95,M17940667,35085.43,51665.81,0,0
565,CASH_OUT,484.89,C41944441,1147.2,662.31,M56630633,52170.24,52655.13,0,0
565,PAYMENT,381.4,C59555330,87538.89,87157.49,M20901547,0.0,0.0,0,0
566,PAYMENT,1260.01,C67556566,358702.01,357442.0,M35006323,0.0,0.0,0,0
566,TRANSFER,2825.22,C24508768,7442.49,4617.27,C63992760,30719.83,33545.05,0,0
566,PAYMENT,292.08,C39958838,68599.69,68307.61,C61012496,0.0,0.0,0,0
566,CASH_IN,3210.7,C90048665,6095.12,2884.42,C84479105,2250.58,5461.28,0,0
566,DEBIT,9494.19,C95585469,19838.49,10344.3,M92012822,25338.43,34832.62,0,0
566,TRANSFER,14818.21,C53455870,46668.62,31850.41,M79645282,98521.29,113339.5,0,0
566,PAYMENT,1759.04,C49580505,381492.16,379733.12,C64496076,0.0,0.0,0,0
566,PAYMENT,2686.24,C99514287,198988.85,196302.61,C32448383,0.0,0.0,0,0
566,PAYMENT,2235.12,C89978790,313103.4,310868.28,M75746104,0.0,0.0,0,0
566,PAYMENT,3205.33,C87054398,178034.26,174828.93,C16533225,0.0,0.0,0,0
566,PAYMENT,1603.68,C98550256,355268.52,353664.84,C53334226,0.0,0.0,0,0
566,TRANSFER,5574.22,C23718431,6924.81,1350.59,C33381086,103140.25,108714.47,0,0
566,CASH_OUT,14786.9,C63339667,37516.83,22729.93,C96688655,71000.53,85787.43,0,0
567,PAYMENT,3777.24,C34627347,438802.5,435025.26,C60070135,0.0,0.0,0,0
567,CASH_OUT,334460.84,C58024342,269363.95,0.0,C94044392,12900.19,0.0,1,0
567,CASH_OUT,2471.53,C34941004,3612.95,1141.42,C25132198,70538.94,73010.47,0,0
567,TRANSFER,24477.03,C45431319,34929.61,10452.58,C46066605,164035.7,188512.73,0,0
567,TRANSFER,9279.83,C19774839,18491.75,9211.92,M86970753,41737.56,51017.39,0,0
567,PAYMENT,269.03,C87337818,384224.99,383955.96,C22549425,0.0,0.0,0,0
567,CASH_OUT,6361.13,C71070189,6744.53,383.4,C49148093,60614.47,66975.6,0,0
567,CASH_OUT,823.4,C80669879,1187.53,364.13,C12111482,42202.69,43026.09,0,0
567,TRANSFER,5363.82,C22309586,11567.19,6203.37,C80196591,112072.21,117436.03,0,0
567,TRANSFER,24613.06,C74718365,42979.02,18365.96,C75504221,171767.48,196380.54,0,0
567,CASH_OUT,488.64,C60888017,735.62,246.98,C37449289,94286.74,94775.38,0,0
567,DEBIT,3241.09,C79340535,6066.63,2825.54,M29282885,26390.32,29631.41,0,0
567,CASH_OUT,831228.39,C32269779,785573.11,0.0,M32366682,55231.9,0.0,1,0
568,PAYMENT,1676.27,C84660688,49301.88,47625.61,C81441519,0.0,0.0,0,0
568,PAYMENT,875.4,C35848226,73065.24,72189.84,C19263592,0.0,0.0,0,0
568,PAYMENT,256.62,C98195059,415407.5,415150.88,C95594482,0.0,0.0,0,0
568,PAYMENT,421.15,C71510041,3789.28,3368.13,C89778067,0.0,0.0,0,0
568,PAYMENT,1776.05,C72092888,49754.53,47978.48,C87619624,0.0,0.0,0,0
568,PAYMENT,1452.48,C42594692,160289.86,158837.38,M15684813,0.0,0.0,0,0
568,PAYMENT,4365.04,C23718431,305700.07,301335.03,C37775381,0.0,0.0,0,0
568,CASH_IN,1327.71,C33776150,2961.52,1633.81,C41062464,97822.49,99150.2,0,0
568,CASH_OUT,192.02,C34084236,488.82,296.8,M91424562,12216.9,12408.92,0,0
568,CASH_IN,3751.06,C43251599,9065.17,5314.11,M94457912,37247.79,40998.85,0,0
568,PAYMENT,638.97,C49580505,348764.44,348125.47,C86206305,0.0,0.0,0,0
568,PAYMENT,758.7,C97529405,397005.3,396246.6,C79043610,0.0,0.0,0,0
568,CASH_OUT,767241.15,C63349308,824112.18,56871.03,C51480401,64792.16,832033.31,1,0
568,TRANSFER,5908.69,C68326160,19029.0,13120.31,C34679818,190974.75,196883.44,0,0
569,PAYMENT,431.44,C20939011,154419.13,153987.69,C27740248,0.0,0.0,0,0
569,PAYMENT,2481.48,C46361787,469332.92,466851.44,M52103092,0.0,0.0,0,0
569,PAYMENT,1367.19,C66348963,338828.37,337461.18,C16570040,0.0,0.0,0,0
569,PAYMENT,394.23,C91390501,25267.98,24873.75,C60622628,0.0,0.0,0,0
569,CASH_OUT,3103.25,C94705205,5148.99,2045.74,M65913331,15915.74,19018.99,0,0
569,TRANSFER,10882.94,C93517915,25098.3,14215.36,C46997080,37133.82,48016.76,0,0
569,TRANSFER,4439.98,C38323322,11610.14,7170.16,C67610401,80971.32,85411.3,0,0
569,CASH_OUT,5585.72,C36786211,8673.06,3087.34,M15529005,58756.11,64341.83,0,0
569,PAYMENT,950.68,C76599269,11896.28,10945.6,M72816684,0.0,0.0,0,0
569,PAYMENT,319.44,C97236246,180654.71,180335.27,C86884584,0.0,0.0,0,0
569,CASH_OUT,10106.63,C17148018,20364.84,10258.21,C28680305,70669.87,80776.5,0,0
569,DEBIT,412.55,C98346110,509.69,97.14,C88634827,54356.86,54769.41,0,0
569,TRANSFER,10596.22,C43744231,37406.61,26810.39,C87029205,165536.64,176132.86,0,0
570,PAYMENT,2185.02,C69476001,305357.8,303172.78,M92071195,0.0,0.0,0,0
570,CASH_OUT,11732.83,C74503785,28217.88,16485.05,M74082055,95962.43,107695.26,0,0
570,PAYMENT,376.33,C38351344,331053.94,330677.61,C39246218,0.0,0.0,0,0
570,CASH_OUT,5602.11,C19255216,6108.49,506.38,C75697427,73645.22,79247.33,0,0
570,DEBIT,344.4,C51746937,624.58,280.18,C49652241,32117.52,32461.92,0,0
570,CASH_OUT,4258.78,C64247457,11520.76,7261.98,C92048427,10697.48,14956.26,0,0
570,PAYMENT,1090.85,C38270233,225708.05,224617.2,C44795538,0.0,0.0,0,0
570,CASH_OUT,1111.59,C12944682,1152.32,40.73,C31113788,30545.02,31656.61,0,0
570,PAYMENT,1543.92,C16749089,207015.23,205471.31,C75847681,0.0,0.0,0,0
570,TRANSFER,23524.29,C84593961,46470.25,22945.96,C85947990,173728.43,197252.72,0,0
570,PAYMENT,475.22,C40885476,498665.53,498190.31,M92961108,0.0,0.0,0,0
570,CASH_IN,12153.23,C24942603,26007.6,13854.37,C15945401,89220.22,101373.45,0,0
570,PAYMENT,2219.27,C36619372,266242.24,264022.97,C95851936,0.0,0.0,0,0
570,PAYMENT,51.8,C51286958,474399.42,474347.62,C83083942,0.0,0.0,0,0
571,PAYMENT,480.72,C78444607,56296.81,55816.09,C11851322,0.0,0.0,0,0
571,CASH_OUT,6250.89,C39254705,8349.77,2098.88,C48833650,11628.57,17879.46,0,0
571,CASH_IN,6265.52,C27105448,11013.73,4748.21,M48605090,52168.79,58434.31,0,0
571,TRANSFER,14504.86,C57535513,54338.68,39833.82,C53166435,39955.75,54460.61,0,0
571,CASH_IN,6241.82,C36550845,14740.17,8498.35,C20820219,7034.8,13276.62,0,0
571,CASH_OUT,13982.63,C11994519,38819.2,24836.57,C89699345,58671.16,72653.79,0,0
571,PAYMENT,1840.07,C16904975,5502.17,3662.1,M66087572,0.0,0.0,0,0
571,DEBIT,15486.89,C26354208,24183.19,8696.3,C86767229,90250.39,105737.28,0,0
571,PAYMENT,1061.55,C29226889,374355.14,373293.59,M76755908,0.0,0.0,0,0
571,CASH_OUT,1471.56,C87054398,3693.91,2222.35,C18038980,47916.44,49388.0,0,0
571,CASH_OUT,1539.19,C72950208,1929.05,389.86,C81930575,10513.25,12052.44,0,0
571,PAYMENT,883.8,C40137082,165523.18,164639.38,C89526622,0.0,0.0,0,0
571,TRANSFER,1180140.0,C96691619,1445061.6,0.0,C82762732,67675.9,1247815.9,1,1
572,TRANSFER,8255.56,C41407343,30112.52,21856.96,C52168966,29961.23,38216.79,0,0
572,PAYMENT,269.68,C96911784,322068.8,321799.12,C43257324,0.0,0.0,0,0
572,PAYMENT,337.19,C57928328,430668.58,430331.39,C77171380,0.0,0.0,0,0
572,CASH_OUT,7761.59,C64759583,9390.18,1628.59,C75581613,77296.81,85058.4,0,0
572,PAYMENT,182.37,C50785405,118956.33,118773.96,C68315400,0.0,0.0,0,0
572,CASH_OUT,1870.36,C88270025,2778.28,907.92,C75847681,71176.43,73046.79,0,0
572,CASH_IN,6314.38,C31516757,6422.39,108.01,C79942848,407.28,6721.66,0,0
572,PAYMENT,522.77,C91363974,294517.99,293995.22,C79941466,0.0,0.0,0,0
572,TRANSFER,1089.43,C55461591,3866.34,2776.91,C94524999,188585.21,189674.64,0,0
572,PAYMENT,300.12,C47028180,150000.08,149699.96,C72267186,0.0,0.0,0,0
572,CASH_OUT,3656.27,C87265240,10242.35,6586.08,C39888974,65944.76,69601.03,0,0
572,PAYMENT,1689.06,C49700543,156234.02,154544.96,C40655922,0.0,0.0,0,0
572,TRANSFER,8681.09,C79008866,20450.03,11768.94,C45029610,116724.55,125405.64,0,0
572,PAYMENT,1213.71,C86726461,372421.04,371207.33,M61028283,0.0,0.0,0,0
573,CASH_IN,431.41,C32321899,983.83,552.42,C16135823,92625.19,93056.6,0,0
573,PAYMENT,427.58,C43446826,117665.27,117237.69,C37775381,0.0,0.0,0,0
573,PAYMENT,723.93,C28419343,415511.61,414787.68,C88790652,0.0,0.0,0,0
573,CASH_OUT,12251.12,C67805802,13010.51,759.39,M48951595,80033.22,92284.34,0,0
573,PAYMENT,1184.44,C38210242,171759.51,170575.07,C63798927,0.0,0.0,0,0
573,CASH_OUT,3738.92,C58140388,10625.27,6886.35,C81059199,51572.47,55311.39,0,0
573,TRANSFER,2657.95,C14963880,9533.15,6875.2,C64913082,148413.65,151071.6,0,0
573,TRANSFER,6254.23,C45652586,20941.96,14687.73,C26025721,193259.16,199513.39,0,0
573,CASH_OUT,7261.24,C59737181,13802.74,6541.5,C43096758,75632.79,82894.03,0,0
573,PAYMENT,149.03,C66348030,249445.87,249296.84,C20135622,0.0,0.0,0,0
573,CASH_IN,3884.06,C11898961,11545.15,7661.09,C29628462,55216.4,59100.46,0,0
573,DEBIT,349.55,C47437115,717.45,367.9,C95080736,99599.75,99949.3,0,0
573,TRANSFER,9403.39,C31367172,23192.68,13789.29,C60418290,191093.78,200497.17,0,0
574,DEBIT,563.54,C85146293,1686.2,1122.66,M26821075,65215.47,65779.01,0,0
574,PAYMENT,792.67,C97225156,343980.73,343188.06,C84204255,0.0,0.0,0,0
574,DEBIT,14024.85,C48736657,40876.87,26852.02,C13976288,9391.94,23416.79,0,0
574,CASH_IN,16044.57,C16408822,36479.61,20435.04,C87568940,19330.52,35375.09,0,0
574,PAYMENT,83.33,C95831286,321675.48,321592.15,M97182566,0.0,0.0,0,0
574,PAYMENT,653.55,C39958838,254914.81,254261.26,C61705758,0.0,0.0,0,0
574,CASH_OUT,11208.59,C31367172,14540.06,3331.47,C45000508,19737.13,30945.72,0,0
574,PAYMENT,1460.05,C19010480,162130.33,160670.28,C18491573,0.0,0.0,0,0
574,CASH_IN,3165.6,C89089901,8890.21,5724.61,M80372842,40880.02,44045.62,0,0
574,PAYMENT,928.22,C61632653,171353.64,170425.42,C92474715,0.0,0.0,0,0
574,TRANSFER,10443.28,C18469210,34436.53,23993.25,C44727276,145881.04,156324.32,0,0
574,TRANSFER,309.98,C98588154,1204.59,894.61,M65913331,186009.63,186319.61,0,0
574,CASH_IN,3971.27,C15820356,7089.42,3118.15,C10344739,19556.74,23528.01,0,0
574,TRANSFER,37211.51,C36550845,112115.13,74903.62,M72816684,66871.9,104083.41,0,0
575,PAYMENT,324.67,C67854710,312288.33,311963.66,C37568520,0.0,0.0,0,0
575,CASH_OUT,1561.14,C64193837,1728.59,167.45,C51178850,13965.41,15526.55,0,0
575,CASH_OUT,1634.07,C66623995,3226.63,1592.56,C92000924,29201.92,30835.99,0,0
575,PAYMENT,1101.65,C20555833,166210.14,165108.49,C87149161,0.0,0.0,0,0
575,PAYMENT,2137.27,C70855700,123026.77,120889.5,C63094168,0.0,0.0,0,0
575,CASH_OUT,12909.04,C20200074,30849.01,17939.97,C13051483,98669.45,111578.49,0,0
575,CASH_OUT,1046.99,C72043515,1123.94,76.95,C77430081,41107.33,42154.32,0,0
575,CASH_OUT,5182.44,C76276072,9515.96,4333.52,C74082804,30916.81,36099.25,0,0
575,CASH_OUT,8976.79,C83025444,19095.44,10118.65,C85579195,79932.07,88908.86,0,0
575,CASH_OUT,3186.83,C56892354,4207.36,1020.53,C54273769,55101.23,58288.06,0,0
575,CASH_OUT,1818.81,C99508850,2158.0,339.19,C57621071,63486.76,65305.57,0,0
575,PAYMENT,1447.97,C46173157,366744.69,365296.72,C88108751,0.0,0.0,0,0
575,PAYMENT,134.93,C53589647,421683.96,421549.03,M14670638,0.0,0.0,0,0
576,PAYMENT,1415.96,C81688860,219924.53,218508.57,M61940566,0.0,0.0,0,0
576,TRANSFER,16846.97,C51154241,25381.31,8534.34,M85383550,30736.0,47582.97,0,0
576,TRANSFER,8086.46,C97512508,25312.67,17226.21,C38169370,6256.53,14342.99,0,0
576,TRANSFER,12717.59,C44675473,33986.13,21268.54,C19801857,71187.53,83905.12,0,0
576,TRANSFER,39913.63,C27690330,84334.91,44421.28,M32366682,65444.56,105358.19,0,0
576,CASH_IN,9470.29,C62405812,20467.8,10997.51,C46930534,5105.51,14575.8,0,0
576,CASH_IN,3031.37,C76599269,4318.16,1286.79,C41062464,33283.03,36314.4,0,0
576,TRANSFER,16361.86,C13999315,54067.46,37705.6,C46024950,121537.31,137899.17,0,0
576,CASH_OUT,11117.32,C58082464,15928.62,4811.3,C80980044,64616.6,75733.92,0,0
576,CASH_OUT,30842.81,C24039158,42667.09,11824.28,C39356057,72317.48,103160.29,0,0
576,PAYMENT,2694.62,C24716857,339830.35,337135.73,C31436829,0.0,0.0,0,0
576,CASH_OUT,287466.25,C47111151,336598.58,0.0,M28217159,56556.51,344022.76,1,0
576,CASH_OUT,2021.41,C71974027,5902.08,3880.67,C81110496,88979.2,91000.61,0,0
577,CASH_OUT,11581.76,C23489853,27463.87,15882.11,M58607028,14966.67,26548.43,0,0
577,PAYMENT,1483.23,C50193656,188513.32,187030.09,C40838737,0.0,0.0,0,0
577,TRANSFER,178670.56,C20993268,212015.75,0.0,C53928023,64331.5,243002.06,1,0
577,CASH_IN,3308.42,C26753883,8081.16,4772.74,C13933043,95618.57,98926.99,0,0
577,PAYMENT,731.55,C18530615,87976.44,87244.89,M28908276,0.0,0.0,0,0
577,CASH_OUT,445.7,C45264581,631.81,186.11,M46456416,30933.87,31379.57,0,0
577,CASH_OUT,13434.56,C47308985,26214.14,12779.58,C54524025,16358.98,29793.54,0,0
577,DEBIT,400.36,C87337818,546.35,145.99,C73013937,7388.57,7788.93,0,0
577,CASH_IN,6048.69,C41690501,14345.88,8297.19,M75632882,75490.92,81539.61,0,0
577,PAYMENT,28.74,C78093604,294906.77,294878.03,M11243818,0.0,0.0,0,0
577,PAYMENT,2741.87,C16086345,419861.62,417119.75,C88478184,0.0,0.0,0,0
577,PAYMENT,408.19,C29226889,80460.55,80052.36,C75697427,0.0,0.0,0,0
577,CASH_OUT,4460.78,C41895531,9897.58,5436.8,C81625307,11247.49,15708.27,0,0
577,CASH_OUT,6905.07,C54743095,13539.24,6634.17,C29228089,15961.54,22866.61,0,0
578,PAYMENT,3355.56,C41895531,22977.62,19622.06,C65208920,0.0,0.0,0,0
578,PAYMENT,1219.11,C82340307,280494.35,279275.24,C29948970,0.0,0.0,0,0
578,CASH_OUT,973.39,C36040410,2243.41,1270.02,M15402922,44447.14,45420.53,0,0
578,CASH_IN,3398.68,C29806690,6484.89,3086.21,M98882576,5414.11,8812.79,0,0
578,PAYMENT,4163.18,C71265269,280710.58,276547.4,C70532325,0.0,0.0,0,0
578,CASH_OUT,6056.44,C98930456,16826.47,10770.03,C21307671,78928.6,84985.04,0,0
578,TRANSFER,21702.67,C28575536,25748.45,4045.78,C57648477,39509.62,61212.29,0,0
578,PAYMENT,478.74,C15334035,330796.43,330317.69,C71272827,0.0,0.0,0,0
578,TRANSFER,1056.36,C73837847,1138.1,81.74,C10090721,16750.91,17807.27,0,0
578,CASH_OUT,2551.6,C96637649,5375.74,2824.14,C77406294,90153.68,92705.28,0,0
578,PAYMENT,15.08,C48508907,352436.84,352421.76,C12111482,0.0,0.0,0,0
578,CASH_OUT,9023.1,C96911784,11501.82,2478.72,C66519399,88103.92,97127.02,0,0
578,TRANSFER,862605.58,C98930456,1043094.4,180488.82,C19122502,64673.24,927278.82,1,1
579,CASH_OUT,1341.82,C33500064,3206.34,1864.52,C95726382,25706.96,27048.78,0,0
579,CASH_OUT,111.06,C89379016,213.46,102.4,C94019376,45304.86,45415.92,0,0
579,TRANSFER,12500.82,C86397676,31057.71,18556.89,C27705074,181321.9,193822.72,0,0
579,CASH_IN,2450.96,C97873101,4615.25,2164.29,M68810561,81046.35,83497.31,0,0
579,CASH_OUT,4602.62,C77853916,7530.63,2928.01,C52035079,46810.27,51412.89,0,0
579,CASH_IN,2590.63,C84990607,2864.5,273.87,C29907683,43397.63,45988.26,0,0
579,PAYMENT,3282.44,C66775103,308181.2,304898.76,C61407440,0.0,0.0,0,0
579,PAYMENT,229.94,C79583757,227972.62,227742.68,C25819123,0.0,0.0,0,0
579,PAYMENT,2788.32,C16408822,273786.43,270998.11,M62741471,0.0,0.0,0,0
579,PAYMENT,2977.03,C19121552,262181.43,259204.4,C32579937,0.0,0.0,0,0
579,TRANSFER,148.4,C20251466,503.07,354.67,C62162278,30178.9,30327.3,0,0
579,TRANSFER,2581.35,C81259135,8059.83,5478.48,C85986307,151422.0,154003.35,0,0
579,CASH_OUT,5737.16,C83542887,5752.19,15.03,M71368457,19587.51,25324.67,0,0
579,TRANSFER,596.36,C71045700,2280.79,1684.43,M50644430,7621.8,8218.16,0,0
580,CASH_OUT,9277.03,C47535126,19347.22,10070.19,C21635070,1057.45,10334.48,0,0
580,CASH_OUT,8908.55,C30005727,26078.8,17170.25,M50644430,40141.93,49050.48,0,0
580,PAYMENT,3305.82,C38716269,484768.23,481462.41,C61012496,0.0,0.0,0,0
580,PAYMENT,30.24,C95618110,185105.74,185075.5,C47557512,0.0,0.0,0,0
580,CASH_OUT,14271.18,C90048665,29218.72,14947.54,M63873262,89756.7,104027.88,0,0
580,CASH_OUT,1366.16,C69619341,4089.49,2723.33,M69195194,13353.62,14719.78,0,0
580,PAYMENT,952.71,C50484137,120634.75,119682.04,C59805178,0.0,0.0,0,0
580,DEBIT,860.23,C92666356,2039.9,1179.67,C20135622,8320.58,9180.81,0,0
580,CASH_OUT,875781.31,C99115205,738108.45,0.0,C87396877,68091.35,0.0,1,0
580,PAYMENT,2489.98,C90447099,3376.01,886.03,C77089857,0.0,0.0,0,0
580,CASH_IN,2838.66,C83998961,5514.27,2675.61,M62780072,69213.92,72052.58,0,0
580,TRANSFER,19547.28,C71707170,48041.28,28494.0,C32027350,179784.0,199331.28,0,0
580,TRANSFER,714325.44,C66379329,608412.61,0.0,M29834119,47129.56,0.0,1,1
581,CASH_OUT,4925.29,C43446826,14530.02,9604.73,M15006085,57898.12,62823.41,0,0
581,PAYMENT,2804.47,C85291541,299357.09,296552.62,C22799248,0.0,0.0,0,0
581,PAYMENT,4048.61,C49092160,77529.79,73481.18,C21062296,0.0,0.0,0,0
581,PAYMENT,1995.72,C28628439,207317.37,205321.65,C63143336,0.0,0.0,0,0
581,PAYMENT,583.62,C24754064,165106.49,164522.87,M63440127,0.0,0.0,0,0
581,PAYMENT,2076.85,C81016525,19423.9,17347.05,M50546385,0.0,0.0,0,0
581,CASH_OUT,10775.88,C97488142,11880.23,1104.35,C23102741,46898.18,57674.06,0,0
581,PAYMENT,1776.45,C94743076,249188.36,247411.91,M45899440,0.0,0.0,0,0
581,CASH_OUT,285500.52,C34215035,281535.49,0.0,C81891784,66512.38,0.0,1,0
581,PAYMENT,777.71,C44999379,381775.4,380997.69,C87568940,0.0,0.0,0,0
581,TRANSFER,5374.86,C41383044,15336.2,9961.34,M35006323,7521.65,12896.51,0,0
581,PAYMENT,1749.55,C66306997,87730.01,85980.46,C47342819,0.0,0.0,0,0
581,PAYMENT,1863.66,C56920514,236392.64,234528.98,C36541600,0.0,0.0,0,0
581,CASH_IN,4214.32,C41645597,10877.63,6663.31,C61532114,47337.1,51551.42,0,0
582,CASH_OUT,407.12,C69509870,939.59,532.47,C23111164,86009.56,86416.68,0,0
582,DEBIT,1730.5,C71028710,2526.77,796.27,C59239353,59914.61,61645.11,0,0
582,CASH_OUT,19392.94,C55114543,57704.24,38311.3,C71411378,74816.61,94209.55,0,0
582,CASH_OUT,6499.64,C33357554,11004.52,4504.88,C11287794,38357.79,44857.43,0,0
582,TRANSFER,847.18,C18530615,2732.99,1885.81,C18500100,134120.86,134968.04,0,0
582,CASH_OUT,228.13,C45650176,412.67,184.54,M19898653,11300.58,11528.71,0,0
582,CASH_OUT,165.94,C68548403,262.76,96.82,C61367949,94115.78,94281.72,0,0
582,DEBIT,907.72,C92963368,2452.27,1544.55,C58079840,9291.57,10199.29,0,0
582,TRANSFER,11010.31,C78901038,41974.56,30964.25,M45482091,196676.51,207686.82,0,0
582,TRANSFER,5100.07,C37437207,17178.28,12078.21,M35006323,159448.05,164548.12,0,0
582,TRANSFER,4577.41,C12314351,15334.8,10757.39,C78386961,121977.04,126554.45,0,0
582,TRANSFER,5435.08,C42730796,16458.39,11023.31,C28680305,75968.09,81403.17,0,0
582,CASH_OUT,1408.55,C91722503,2310.67,902.12,M69580374,49640.45,51049.0,0,0
583,CASH_IN,3524.44,C21496211,9133.34,5608.9,C53191535,30117.86,33642.3,0,0
583,PAYMENT,982.45,C95831286,400369.4,399386.95,M41774192,0.0,0.0,0,0
583,DEBIT,160.24,C29413516,357.46,197.22,C18557710,39098.55,39258.79,0,0
583,CASH_OUT,4020.01,C42117961,8749.4,4729.39,M30695604,3486.01,7506.02,0,0
583,PAYMENT,2561.31,C58586340,478089.29,475527.98,M81275182,0.0,0.0,0,0
583,TRANSFER,4274.32,C25304396,6465.96,2191.64,C98612211,147159.81,151434.13,0,0
583,CASH_OUT,5137.81,C12118101,7866.33,2728.52,C84797762,2680.92,7818.73,0,0
583,DEBIT,5019.69,C28892086,10620.07,5600.38,C79255529,20909.97,25929.66,0,0
583,CASH_OUT,9103.06,C48508907,14880.55,5777.49,C37449289,97401.43,106504.49,0,0
583,PAYMENT,2254.49,C13886030,56421.6,54167.11,C18397164,0.0,0.0,0,0
583,CASH_OUT,410.21,C56920514,1200.11,789.9,M51411602,91104.41,91514.62,0,0
583,TRANSFER,1132.68,C74759996,4060.44,2927.76,C25745913,192469.81,193602.49,0,0
583,CASH_OUT,4003.82,C53779528,11187.21,7183.39,C77878323,60968.81,64972.63,0,0
583,CASH_IN,1061.41,C82506491,1743.91,682.5,C65258766,22237.25,23298.66,0,0
584,CASH_OUT,1238.64,C45650176,3286.74,2048.1,M77454225,41204.99,42443.63,0,0
584,CASH_OUT,6462.37,C79583757,17044.3,10581.93,C29628462,45395.98,51858.35,0,0
584,CASH_OUT,8489.0,C94970119,20257.81,11768.81,M60961690,85142.14,93631.14,0,0
584,DEBIT,452.1,C77827638,1138.71,686.61,C11604831,88474.97,88927.07,0,0
584,PAYMENT,1752.92,C18181586,429496.18,427743.26,C47726592,0.0,0.0,0,0
584,TRANSFER,2638.67,C32775593,10299.83,7661.16,M55147280,99572.68,102211.35,0,0
584,CASH_OUT,1281054.24,C86593187,1214763.98,0.0,M48735464,82263.6,0.0,1,0
584,TRANSFER,6032.31,C36040410,20359.38,14327.07,C57621071,173028.16,179060.47,0,0
584,CASH_OUT,2667.85,C54244334,3010.6,342.75,C28972822,75869.62,78537.47,0,0
584,PAYMENT,99.73,C39372360,485927.92,485828.19,C34929311,0.0,0.0,0,0
584,DEBIT,16220.05,C86384014,39863.82,23643.77,C34567819,28004.09,44224.14,0,0
584,CASH_OUT,282394.76,C30509175,260919.57,0.0,C39698906,10369.37,292764.13,1,0
584,TRANSFER,33584.21,C24923247,132993.47,99409.26,C53433080,176036.22,209620.43,0,0
585,CASH_OUT,9350.2,C31682744,17915.19,8564.99,C51178850,49903.65,59253.85,0,0
585,CASH_OUT,2433.24,C35320492,4107.98,1674.74,M13527782,14405.68,16838.92,0,0
585,TRANSFER,2571.49,C18304547,6012.25,3440.76,C69862640,188605.17,191176.66,0,0
585,PAYMENT,2268.47,C25312516,459902.48,457634.01,C52222214,0.0,0.0,0,0
585,DEBIT,6495.12,C74759996,14531.65,8036.53,C38169370,58968.03,65463.15,0,0
585,TRANSFER,1185.78,C30415230,2860.0,1674.22,C47621248,59345.62,60531.4,0,0
585,PAYMENT,713.39,C67527432,130475.25,129761.86,C60987966,0.0,0.0,0,0
585,TRANSFER,11372.28,C89699989,13735.59,2363.31,C18115992,56249.35,67621.63,0,0
585,PAYMENT,6876.75,C42614537,305967.58,299090.83,C47706144,0.0,0.0,0,0
585,TRANSFER,22713.97,C64547971,90251.09,67537.12,C85603667,196760.5,219474.47,0,0
585,TRANSFER,1777.21,C34084236,5462.73,3685.52,C32547129,192549.64,194326.85,0,0
585,CASH_OUT,6236.39,C25898299,10388.22,4151.83,M98882576,99104.63,105341.02,0,0
585,TRANSFER,8772.22,C70896652,18690.36,9918.14,C41119124,50589.95,59362.17,0,0
586,PAYMENT,1610.01,C23041121,57218.2,55608.19,M25226815,0.0,0.0,0,0
586,CASH_IN,539.41,C58841557,1447.23,907.82,C25060409,52798.59,53338.0,0,0
586,PAYMENT,3498.9,C58567046,240301.47,236802.57,C10404729,0.0,0.0,0,0
586,PAYMENT,1601.73,C82269803,359945.94,358344.21,C67790557,0.0,0.0,0,0
586,TRANSFER,10985.82,C33420607,41343.66,30357.84,C60527631,14911.19,25897.01,0,0
586,TRANSFER,4379.95,C90585882,9663.0,5283.05,C11226946,141344.95,145724.9,0,0
586,PAYMENT,2055.51,C97874085,121516.21,119460.7,C31424479,0.0,0.0,0,0
586,CASH_OUT,5604.32,C21257528,14698.9,9094.58,M88891300,2822.29,8426.61,0,0
586,CASH_OUT,1446.7,C16109013,2946.81,1500.11,C90251151,86638.9,88085.6,0,0
586,PAYMENT,2490.99,C61894582,52864.78,50373.79,M86230551,0.0,0.0,0,0
586,TRANSFER,4497.9,C31831063,10563.46,6065.56,M16866268,184836.83,189334.73,0,0
586,PAYMENT,107.16,C10226999,28323.05,28215.89,C54013571,0.0,0.0,0,0
586,PAYMENT,2460.11,C68754920,480190.53,477730.42,C77089857,0.0,0.0,0,0
586,CASH_IN,11403.08,C42787299,31585.44,20182.36,C53191535,65056.79,76459.87,0,0
587,CASH_IN,11964.93,C90023800,23739.81,11774.88,C94658420,53689.57,65654.5,0,0
587,TRANSFER,3072.55,C14994527,5821.73,2749.18,C41802361,174568.77,177641.32,0,0
587,CASH_OUT,1252.17,C31980274,1409.01,156.84,C11590610,80648.4,81900.57,0,0
587,PAYMENT,408.4,C43528453,40095.97,39687.57,C97653539,0.0,0.0,0,0
587,TRANSFER,828182.91,C77416376,739570.67,0.0,C58376818,53958.63,882141.54,1,1
587,PAYMENT,261.13,C60319927,209265.82,209004.69,C97859993,0.0,0.0,0,0
587,TRANSFER,24948.85,C46632757,50899.41,25950.56,C46778269,172491.45,197440.3,0,0
587,CASH_OUT,10582.44,C16749089,15485.22,4902.78,C54230340,43300.84,53883.28,0,0
587,PAYMENT,284.04,C51946203,149632.99,149348.95,C60502752,0.0,0.0,0,0
587,CASH_OUT,952006.18,C78214937,1023870.9,0.0,C58155056,33858.85,0.0,1,0
587,TRANSFER,13051.81,C85563727,40652.2,27600.39,C46297263,76863.92,89915.73,0,0
587,CASH_OUT,7007.69,C50151803,11437.94,4430.25,M48971765,95228.57,102236.26,0,0
587,CASH_IN,2589.62,C16202700,5641.91,3052.29,C66046380,71475.13,74064.75,0,0
588,PAYMENT,1210.81,C45859307,156460.8,155249.99,C77249653,0.0,0.0,0,0
588,PAYMENT,521.31,C61401477,445499.53,444978.22,C32442197,0.0,0.0,0,0
588,PAYMENT,767.67,C18815720,267242.6,266474.93,C65439545,0.0,0.0,0,0
588,PAYMENT,58.54,C27896471,441947.31,441888.77,C98329927,0.0,0.0,0,0
588,CASH_OUT,141882.64,C21267237,129128.76,0.0,M50162553,81449.13,0.0,1,0
588,CASH_OUT,6211.16,C35770506,16057.95,9846.79,C47550897,75463.56,81674.72,0,0
588,CASH_OUT,656.85,C50264926,1862.78,1205.93,M42115895,20798.52,21455.37,0,0
588,PAYMENT,218.08,C30024960,192054.37,191836.29,C53431355,0.0,0.0,0,0
588,CASH_OUT,6919.93,C91378577,13044.26,6124.33,C12921981,87269.91,94189.84,0,0
588,PAYMENT,636.25,C97444123,195821.08,195184.83,C21406082,0.0,0.0,0,0
588,CASH_IN,4558.97,C74119726,9497.05,4938.08,C53431355,66340.23,70899.2,0,0
588,CASH_OUT,1586.64,C12601580,3265.89,1679.25,M83319550,73878.1,75464.74,0,0
588,PAYMENT,2308.14,C16150444,123114.06,120805.92,C11137460,0.0,0.0,0,0
588,CASH_OUT,5762.47,C14265799,11330.37,5567.9,C43782566,56103.81,61866.28,0,0
589,CASH_OUT,4195.73,C77292380,4866.99,671.26,C74180488,74337.96,78533.69,0,0
589,CASH_OUT,1623.57,C26194158,2362.48,738.91,M98882576,22186.42,23809.99,0,0
589,TRANSFER,24734.7,C41514326,89298.65,64563.95,C40177972,151592.4,176327.1,0,0
589,PAYMENT,1195.51,C37057085,352707.98,351512.47,C83782999,0.0,0.0,0,0
589,CASH_OUT,47528.58,C79654147,87954.76,40426.18,M11890348,19287.78,66816.36,0,0
589,TRANSFER,6805.34,C23335151,24186.92,17381.58,M64123845,91130.31,97935.65,0,0
589,CASH_OUT,8236.7,C23290458,9158.13,921.43,C74115841,33059.17,41295.87,0,0
589,CASH_OUT,3160.92,C56970882,6852.95,3692.03,C38138531,21832.4,24993.32,0,0
589,PAYMENT,1417.54,C61926331,388422.67,387005.13,M82033413,0.0,0.0,0,0
589,DEBIT,10811.24,C39854548,24563.75,13752.51,C61792685,82491.42,93302.66,0,0
589,PAYMENT,848.84,C71510041,173506.68,172657.84,C96574622,0.0,0.0,0,0
589,TRANSFER,45692.57,C24879094,170652.58,124960.01,C46407626,63122.32,108814.89,0,0
589,CASH_OUT,2664.88,C44999379,6733.1,4068.22,C54964418,97095.86,99760.74,0,0
590,PAYMENT,1259.94,C16749089,170200.07,168940.13,C33505978,0.0,0.0,0,0
590,PAYMENT,2707.72,C97236246,261561.37,258853.65,C77878323,0.0,0.0,0,0
590,CASH_OUT,3135.65,C98145654,4533.72,1398.07,C46504617,57884.73,61020.38,0,0
590,TRANSFER,27415.87,C31009452,65097.89,37682.02,C76588957,8696.83,36112.7,0,0
590,PAYMENT,439.56,C40885476,208953.38,208513.82,M24251766,0.0,0.0,0,0
590,CASH_IN,8333.85,C79696025,17291.69,8957.84,C39666377,95434.03,103767.88,0,0
590,CASH_OUT,1135.77,C50477742,2584.18,1448.41,C54964418,86422.69,87558.46,0,0
590,PAYMENT,49.56,C59529086,323171.89,323122.33,C63183031,0.0,0.0,0,0
590,PAYMENT,2242.1,C87925434,196705.14,194463.04,C89487366,0.0,0.0,0,0
590,PAYMENT,1969.03,C92963368,172948.31,170979.28,C84618850,0.0,0.0,0,0
590,PAYMENT,764.52,C53851498,149915.95,149151.43,M95565484,0.0,0.0,0,0
590,CASH_IN,1453.94,C26706752,2951.21,1497.27,C25060409,92743.21,94197.15,0,0
590,TRANSFER,4398.75,C73509974,10989.76,6591.01,C42357445,46424.55,50823.3,0,0
590,PAYMENT,1019.71,C47816686,90801.27,89781.56,C56113741,0.0,0.0,0,0
591,TRANSFER,14344.88,C48137561,21361.02,7016.14,M20584397,109328.24,123673.12,0,0
591,CASH_OUT,3979.05,C71968116,11284.74,7305.69,C50364158,43770.33,47749.38,0,0
591,PAYMENT,1457.13,C36687537,424809.46,423352.33,C48833650,0.0,0.0,0,0
591,PAYMENT,1447.06,C43554863,121097.66,119650.6,M51295819,0.0,0.0,0,0
591,CASH_OUT,1151.78,C49613214,2494.03,1342.25,C72464258,59282.46,60434.24,0,0
591,CASH_OUT,12150.38,C64864099,22399.12,10248.74,C18289024,3177.37,15327.75,0,0
591,CASH_OUT,1870.0,C90099897,4093.95,2223.95,M59251188,20632.9,22502.9,0,0
591,CASH_OUT,12364.66,C58718453,13531.85,1167.19,M59093843,85945.46,98310.12,0,0
591,PAYMENT,2582.43,C99152472,256802.8,254220.37,C24678410,0.0,0.0,0,0
591,PAYMENT,15.48,C46912022,122179.29,122163.81,M13110670,0.0,0.0,0,0
591,CASH_OUT,7215.83,C98195059,19730.17,12514.34,C20324210,37592.12,44807.95,0,0
591,CASH_OUT,13348.22,C89212676,24675.48,11327.26,M22007214,62455.43,75803.65,0,0
591,PAYMENT,405.92,C13895645,444032.46,443626.54,C87025433,0.0,0.0,0,0
592,CASH_IN,1025.43,C77144075,1103.75,78.32,M22539748,67365.85,68391.28,0,0
592,CASH_OUT,3830.04,C23913528,5503.46,1673.42,M76755908,45703.43,49533.47,0,0
592,PAYMENT,513.76,C68978194,100468.13,99954.37,C53191535,0.0,0.0,0,0
592,TRANSFER,962934.72,C57219209,986936.73,0.0,C28783850,76694.66,0.0,1,1
592,DEBIT,6197.11,C39450273,10918.96,4721.85,C87268086,60815.29,67012.4,0,0
592,CASH_OUT,3476.22,C42691263,8320.94,4844.72,C93135800,58136.6,61612.82,0,0
592,PAYMENT,200.46,C78901038,178019.71,177819.25,C87619624,0.0,0.0,0,0
592,TRANSFER,447.2,C53389073,1267.73,820.53,C18181595,74799.86,75247.06,0,0
592,PAYMENT,859.73,C24165187,445734.09,444874.36,M97182566,0.0,0.0,0,0
592,TRANSFER,643.68,C27129912,1972.87,1329.19,C47561442,77957.82,78601.5,0,0
592,CASH_OUT,4039.03,C69549527,7618.5,3579.47,C69735865,30036.25,34075.28,0,0
592,PAYMENT,4311.35,C19255216,445265.62,440954.27,C22713811,0.0,0.0,0,0
592,PAYMENT,2904.82,C31306555,448990.16,446085.34,C22205980,0.0,0.0,0,0
593,PAYMENT,3219.18,C94712997,312884.28,309665.1,M97550053,0.0,0.0,0,0
593,PAYMENT,2137.06,C60103798,345460.05,343322.99,M24710878,0.0,0.0,0,0
593,TRANSFER,16182.86,C69476001,59725.33,43542.47,C98369672,29539.02,45721.88,0,0
593,TRANSFER,982.57,C65910756,3618.47,2635.9,M95871687,154954.38,155936.95,0,0
593,CASH_OUT,419.59,C92631441,1069.82,650.23,C11529494,7430.59,7850.18,0,0
593,CASH_IN,311.6,C23335151,371.6,60.0,C10466177,6710.11,7021.71,0,0
593,TRANSFER,15506.34,C54024257,29432.71,13926.37,C79718627,181627.84,197134.18,0,0
593,TRANSFER,3039.05,C63747791,5953.52,2914.47,C39246218,12948.41,15987.46,0,0
593,CASH_OUT,7719.21,C29876811,17982.84,10263.63,M83819367,47358.43,55077.64,0,0
593,CASH_IN,2409.35,C57623800,5411.21,3001.86,C92684436,26207.71,28617.06,0,0
593,TRANSFER,5514.25,C14835614,18328.43,12814.18,M97182566,29157.81,34672.06,0,0
593,PAYMENT,2095.65,C33500064,95899.32,93803.67,M26821075,0.0,0.0,0,0
593,PAYMENT,848.32,C84660688,342234.59,341386.27,C35566010,0.0,0.0,0,0
593,TRANSFER,15065.12,C79782527,19203.29,4138.17,M86849080,34537.74,49602.86,0,0
594,CASH_IN,5544.4,C84813739,16536.62,10992.22,C18277097,960.69,6505.09,0,0
594,TRANSFER,18226.25,C83998961,72832.19,54605.94,M35606639,87865.09,106091.34,0,0
594,CASH_OUT,362.62,C69401199,932.65,570.03,C97734330,57587.45,57950.07,0,0
594,PAYMENT,67.98,C81498611,399014.03,398946.05,M65426567,0.0,0.0,0,0
594,TRANSFER,21074.3,C21496211,23526.41,2452.11,C50790016,143967.59,165041.89,0,0
594,PAYMENT,737.15,C42691263,178083.79,177346.64,M97991930,0.0,0.0,0,0
594,CASH_IN,9117.06,C32814819,19747.45,10630.39,C40824989,6113.06,15230.12,0,0
594,CASH_OUT,1601.71,C58537831,3134.4,1532.69,C32083803,91309.82,92911.53,0,0
594,PAYMENT,34.28,C21496211,400637.67,400603.39,M83800569,0.0,0.0,0,0
594,PAYMENT,529.23,C22304198,452310.31,451781.08,M76291802,0.0,0.0,0,0
594,CASH_OUT,380.7,C81688860,446.44,65.74,C28176954,90004.44,90385.14,0,0
594,PAYMENT,309.65,C42329237,483334.86,483025.21,C95800828,0.0,0.0,0,0
594,CASH_OUT,4832.83,C86644106,11995.22,7162.39,M44419327,72986.09,77818.92,0,0
595,CASH_OUT,1491.75,C45630292,3610.19,2118.44,C72464258,47299.15,48790.9,0,0
595,TRANSFER,1320.27,C83227889,4035.87,2715.6,M23448342,87048.66,88368.93,0,0
595,PAYMENT,3429.85,C42787299,231917.0,228487.15,C76588957,0.0,0.0,0,0
595,CASH_IN,5265.79,C80591959,6183.98,918.19,C12111482,49356.88,54622.67,0,0
595,CASH_IN,5196.48,C92228802,6531.17,1334.69,C71303434,76800.33,81996.81,0,0
595,PAYMENT,8609.47,C77491435,387089.5,378480.03,M47405107,0.0,0.0,0,0
595,PAYMENT,1731.59,C59093496,441659.87,439928.28,M38294221,0.0,0.0,0,0
595,PAYMENT,756.32,C51949529,252245.4,251489.08,M44419327,0.0,0.0,0,0
595,CASH_OUT,2917.83,C13176186,6372.91,3455.08,M56630633,30531.54,33449.37,0,0
595,PAYMENT,620.7,C58966946,309798.39,309177.69,M13576520,0.0,0.0,0,0
595,PAYMENT,4813.17,C33500064,27268.17,22455.0,C71453007,0.0,0.0,0,0
595,CASH_OUT,3117.51,C23470708,3555.43,437.92,C49957816,37984.61,41102.12,0,0
595,PAYMENT,2509.14,C90099897,405165.61,402656.47,C34156684,0.0,0.0,0,0
595,PAYMENT,364.46,C87701200,60274.57,59910.11,M91883092,0.0,0.0,0,0
596,TRANSFER,25578.03,C20598952,92249.18,66671.15,M28908276,8183.97,33762.0,0,0
596,PAYMENT,205.56,C19196777,336009.17,335803.61,M48124318,0.0,0.0,0,0
596,TRANSFER,3982.37,C16818112,10691.72,6709.35,C14324134,163511.5,167493.87,0,0
596,CASH_OUT,3054.09,C58942697,3980.12,926.03,M70873663,76037.53,79091.62,0,0
596,TRANSFER,1525.04,C48242379,3762.53,2237.49,C72189327,198348.54,199873.58,0,0
596,PAYMENT,2591.21,C90859912,356339.36,353748.15,C39448924,0.0,0.0,0,0
596,DEBIT,1387.33,C83599154,3915.83,2528.5,M56442431,8507.61,9894.94,0,0
596,PAYMENT,92.34,C96368203,110392.21,110299.87,C86514083,0.0,0.0,0,0
596,CASH_OUT,6332.53,C29348212,14164.36,7831.83,C65296657,88785.65,95118.18,0,0
596,TRANSFER,13761.06,C51644346,15237.54,1476.48,C21063273,162814.95,176576.01,0,0
596,CASH_OUT,13743.24,C40587988,19403.92,5660.68,M53947691,15888.82,29632.06,0,0
596,PAYMENT,330.33,C99541016,493079.18,492748.85,C22345163,0.0,0.0,0,0
596,PAYMENT,3047.36,C13278320,399908.47,396861.11,C53299069,0.0,0.0,0,0
597,CASH_OUT,4324.12,C12944682,12610.43,8286.31,C39127464,7661.32,11985.44,0,0
597,PAYMENT,488.89,C23769360,238425.13,237936.24,C52168966,0.0,0.0,0,0
597,PAYMENT,1244.01,C42394260,30899.63,29655.62,C56226575,0.0,0.0,0,0
597,PAYMENT,123.64,C84674816,227983.41,227859.77,C86767229,0.0,0.0,0,0
597,CASH_OUT,1826.81,C17061037,4411.7,2584.89,C51004756,65301.88,67128.69,0,0
597,TRANSFER,1739.0,C17634247,3707.5,1968.5,M15006085,149530.84,151269.84,0,0
597,CASH_OUT,313873.21,C22660194,329168.74,0.0,C77015110,72808.93,0.0,1,0
597,CASH_OUT,11642.84,C66975380,34383.71,22740.87,C46501299,5487.03,17129.87,0,0
597,TRANSFER,34149.51,C26104026,79174.86,45025.35,C15730602,169530.17,203679.68,0,0
597,DEBIT,4345.53,C20709497,5979.13,1633.6,C68635481,85689.96,90035.49,0,0
597,CASH_IN,2001.08,C81249799,5441.79,3440.71,C51395738,20577.43,22578.51,0,0
597,TRANSFER,658.53,C74251933,703.4,44.87,C57268285,69728.63,70387.16,0,0
597,CASH_OUT,6449.3,C22097496,14152.29,7702.99,C86866717,83729.76,90179.06,0,0
597,CASH_OUT,861.51,C39742165,1284.62,423.11,C96126771,71571.34,72432.85,0,0
598,TRANSFER,2435.59,C90440034,5805.56,3369.97,C79159799,6826.36,9261.95,0,0
598,CASH_OUT,909.56,C19046318,1860.81,951.25,C62579931,890.25,1799.81,0,0
598,CASH_IN,1360.95,C93016315,2709.59,1348.64,C85141654,91307.15,92668.1,0,0
598,PAYMENT,2864.77,C92043803,26180.97,23316.2,C81441519,0.0,0.0,0,0
598,TRANSFER,391.46,C26948946,645.36,253.9,M82905845,43883.02,44274.48,0,0
598,TRANSFER,1159.99,C48840994,2334.99,1175.0,C87029205,107368.83,108528.82,0,0
598,CASH_IN,4485.01,C98930456,7044.28,2559.27,C12921981,69584.47,74069.48,0,0
598,PAYMENT,1254.2,C46912022,276925.59,275671.39,C25285764,0.0,0.0,0,0
598,PAYMENT,2423.34,C59470729,326243.13,323819.79,C22713811,0.0,0.0,0,0
598,CASH_IN,10425.03,C58884978,17410.92,6985.89,C40620216,73220.84,83645.87,0,0
598,PAYMENT,601.27,C60043345,247457.98,246856.71,C33414716,0.0,0.0,0,0
598,PAYMENT,1590.75,C66775103,425757.17,424166.42,C47621248,0.0,0.0,0,0
598,TRANSFER,7479.72,C81688860,23017.77,15538.05,C77430081,137493.45,144973.17,0,0
599,CASH_IN,968.89,C73013961,1623.21,654.32,C12941099,27434.77,28403.66,0,0
599,PAYMENT,124.21,C82238741,58059.71,57935.5,C16570040,0.0,0.0,0,0
599,PAYMENT,60.78,C62958901,58935.35,58874.57,C81993070,0.0,0.0,0,0
599,TRANSFER,4624.11,C29208935,4956.02,331.91,C95800828,43739.48,48363.59,0,0
599,PAYMENT,2089.95,C62274692,431241.81,429151.86,C52168966,0.0,0.0,0,0
599,PAYMENT,1755.23,C15677713,119133.47,117378.24,C61920550,0.0,0.0,0,0
599,PAYMENT,1085.63,C64247457,281275.27,280189.64,C14934536,0.0,0.0,0,0
599,CASH_IN,240.34,C51373735,581.83,341.49,C57648477,19545.21,19785.55,0,0
599,TRANSFER,23224.6,C15864298,36637.4,13412.8,C74796438,190616.65,213841.25,0,0
599,CASH_OUT,1049914.02,C56321751,1055790.67,0.0,M59167775,51888.18,0.0,1,0
599,PAYMENT,770.45,C29776801,138188.07,137417.62,C25479814,0.0,0.0,0,0
599,CASH_OUT,11123.42,C94482772,26956.75,15833.33,C48241423,9826.49,20949.91,0,0
599,PAYMENT,121.34,C13704481,383828.52,383707.18,C90268079,0.0,0.0,0,0
599,PAYMENT,407.47,C43528453,201361.72,200954.25,M99635939,0.0,0.0,0,0
600,PAYMENT,385.14,C10965138,167792.34,167407.2,C54524025,0.0,0.0,0,0
600,PAYMENT,219.97,C91156554,288393.53,288173.56,M80361272,0.0,0.0,0,0
600,CASH_IN,828.53,C97444123,890.37,61.84,C32718459,26014.81,26843.34,0,0
600,PAYMENT,434.07,C25228493,4425.7,3991.63,C34156684,0.0,0.0,0,0
600,CASH_IN,7097.08,C88961459,17732.72,10635.64,M43322272,26935.48,34032.56,0,0
600,CASH_OUT,603.31,C56892354,818.41,215.1,M32978158,11273.98,11877.29,0,0
600,CASH_OUT,2672.87,C12621534,4700.21,2027.34,C11082139,6844.2,9517.07,0,0
600,PAYMENT,1296.15,C49761527,191842.16,190546.01,C90253323,0.0,0.0,0,0
600,CASH_OUT,7590.1,C18593410,8061.41,471.31,C20770971,19824.33,27414.43,0,0
600,DEBIT,13214.63,C68461818,15575.45,2360.82,M22539748,60757.18,73971.81,0,0
600,PAYMENT,837.1,C59529086,374674.49,373837.39,C19531069,0.0,0.0,0,0
600,PAYMENT,3181.94,C64280720,172164.17,168982.23,C48824283,0.0,0.0,0,0
600,PAYMENT,2975.05,C99269266,136267.46,133292.41,C14142053,0.0,0.0,0,0
601,PAYMENT,698.62,C45798645,455063.92,454365.3,C73554620,0.0,0.0,0,0
601,PAYMENT,603.74,C19233013,200321.8,199718.06,C78386961,0.0,0.0,0,0
601,DEBIT,179.4,C76776459,315.66,136.26,C64423996,75305.96,75485.36,0,0
601,TRANSFER,482.84,C77085942,1889.29,1406.45,C49148093,198341.86,198824.7,0,0
601,TRANSFER,2374.19,C35176902,4275.33,1901.14,C88790652,6433.21,8807.4,0,0
601,PAYMENT,3160.67,C92228802,400049.33,396888.66,C26301180,0.0,0.0,0,0
601,TRANSFER,3939.12,C16202700,7257.55,3318.43,C14388260,68254.54,72193.66,0,0
601,CASH_OUT,816.38,C49375156,2102.88,1286.5,C85482164,2866.22,3682.6,0,0
601,PAYMENT,1195.31,C13704481,425910.96,424715.65,M92523968,0.0,0.0,0,0
601,PAYMENT,1715.07,C83793389,477729.96,476014.89,C25331969,0.0,0.0,0,0
601,TRANSFER,17840.34,C65684858,59342.48,41502.14,M93650068,191335.78,209176.12,0,0
601,CASH_IN,665.39,C55504725,1166.31,500.92,C87293208,58704.5,59369.89,0,0
601,PAYMENT,587.5,C13783268,344120.53,343533.03,C92493631,0.0,0.0,0,0
602,PAYMENT,2503.49,C20843514,326513.26,324009.77,M91424562,0.0,0.0,0,0
602,CASH_OUT,3362.37,C74718365,8363.86,5001.49,C90851238,80292.15,83654.52,0,0
602,TRANSFER,836.69,C21490777,2179.78,1343.09,C31113788,131965.92,132802.61,0,0
602,CASH_OUT,7885.28,C60562485,13008.25,5122.97,M64953237,67918.02,75803.3,0,0
602,CASH_OUT,1591.51,C64830300,3455.09,1863.58,M59930790,25863.78,27455.29,0,0
602,CASH_OUT,2293.08,C87277086,2683.06,389.98,C23747542,68296.82,70589.9,0,0
602,TRANSFER,192415.4,C13783268,172113.26,0.0,C70369365,79072.07,271487.47,1,0
602,TRANSFER,5859.19,C20949687,10087.44,4228.25,C68718382,163433.05,169292.24,0,0
602,CASH_OUT,10815.49,C93154172,14899.84,4084.35,C74082804,74550.51,85366.0,0,0
602,PAYMENT,4078.46,C91029073,232772.25,228693.79,C77382794,0.0,0.0,0,0
602,TRANSFER,14576.98,C66722344,50019.64,35442.66,C12185246,185662.56,200239.54,0,0
602,DEBIT,3197.14,C34391257,7422.27,4225.13,C66682016,33538.4,36735.54,0,0
602,CASH_OUT,1027.76,C44210729,1400.31,372.55,M97813295,95465.54,96493.3,0,0
602,PAYMENT,1617.1,C92613013,307302.24,305685.14,C37568520,0.0,0.0,0,0
603,DEBIT,11197.89,C47535126,24099.6,12901.71,C45879718,29368.37,40566.26,0,0
603,CASH_OUT,3777.35,C96721710,9455.26,5677.91,M87412924,47597.91,51375.26,0,0
603,PAYMENT,5878.07,C83599154,484654.86,478776.79,C97857309,0.0,0.0,0,0
603,PAYMENT,2054.96,C54915875,66954.45,64899.49,C64395532,0.0,0.0,0,0
603,TRANSFER,11353.62,C43189803,44298.27,32944.65,M80361272,23336.95,34690.57,0,0
603,TRANSFER,40268.4,C63690013,160596.28,120327.88,C89398174,186237.43,226505.83,0,0
603,CASH_OUT,13936.01,C51455302,26390.04,12454.03,M50818905,27090.21,41026.22,0,0
603,PAYMENT,1285.3,C96924061,331807.47,330522.17,C85141654,0.0,0.0,0,0
603,CASH_OUT,6884.03,C84813739,14939.39,8055.36,C46778269,23423.49,30307.52,0,0
603,CASH_IN,72.06,C12118101,189.68,117.62,M13110670,71159.88,71231.94,0,0
603,PAYMENT,968.74,C45570755,412009.42,411040.68,M33593960,0.0,0.0,0,0
603,PAYMENT,5515.53,C11646234,454904.52,449388.99,C25060409,0.0,0.0,0,0
603,PAYMENT,969.88,C25766039,244233.85,243263.97,C52035079,0.0,0.0,0,0
604,PAYMENT,1117.37,C27232410,477863.77,476746.4,C27528063,0.0,0.0,0,0
604,TRANSFER,648.26,C28982195,1513.6,865.34,M28639738,93559.54,94207.8,0,0
604,PAYMENT,754.98,C59394697,53513.04,52758.06,C29825571,0.0,0.0,0,0
604,CASH_IN,1215.25,C92558242,2729.36,1514.11,C26185823,63625.8,64841.05,0,0
604,TRANSFER,52508.54,C73123515,64305.98,11797.44,C85633013,147948.76,200457.3,0,0
604,CASH_OUT,25128.87,C42857966,75340.05,50211.18,C30858851,94648.63,119777.5,0,0
604,CASH_IN,3412.21,C17532195,7230.04,3817.83,C64877191,8986.22,12398.43,0,0
604,CASH_OUT,635.16,C16408822,1429.76,794.6,C41354768,89102.69,89737.85,0,0
604,TRANSFER,19966.95,C48137561,38738.63,18771.68,C71873691,70770.32,90737.27,0,0
604,TRANSFER,14656.12,C88406989,50427.59,35771.47,C46072958,108822.54,123478.66,0,0
604,CASH_OUT,1511.59,C70887034,3550.73,2039.14,M41250794,80967.79,82479.38,0,0
604,DEBIT,3129.29,C22513132,8508.2,5378.91,C54327148,65843.49,68972.78,0,0
604,PAYMENT,3018.35,C93176117,64097.79,61079.44,C39796480,0.0,0.0,0,0
604,TRANSFER,16750.54,C38195995,37582.65,20832.11,M58438711,65816.58,82567.12,0,0
605,TRANSFER,5872.71,C73771720,18398.77,12526.06,C25194922,20075.41,25948.12,0,0
605,CASH_OUT,4441.0,C90388981,5594.72,1153.72,C89412216,72875.99,77316.99,0,0
605,TRANSFER,1492.99,C18526544,5917.79,4424.8,C41966313,94280.02,95773.01,0,0
605,DEBIT,230.57,C45833156,641.03,410.46,C59535894,79039.61,79270.18,0,0
605,DEBIT,2281.13,C61536717,6534.8,4253.67,M46836194,93600.87,95882.0,0,0
605,CASH_OUT,12818.05,C99943797,15791.67,2973.62,C69375757,41652.19,54470.24,0,0
605,PAYMENT,1265.35,C78139880,466646.3,465380.95,C14259382,0.0,0.0,0,0
605,CASH_OUT,7135.5,C10054484,16406.45,9270.95,C41611127,96783.67,103919.17,0,0
605,TRANSFER,11861.62,C69287967,14009.19,2147.57,C30858851,115735.91,127597.53,0,0
605,CASH_OUT,9245.12,C67495923,22769.89,13524.77,C40655922,30197.37,39442.49,0,0
605,CASH_OUT,2234.82,C66808292,5505.12,3270.3,C84386123,76961.78,79196.6,0,0
605,CASH_IN,2900.25,C49172995,6070.92,3170.67,C39396392,65153.48,68053.73,0,0
605,PAYMENT,685.58,C43859311,355803.25,355117.67,C28876833,0.0,0.0,0,0
606,PAYMENT,204.21,C68526649,499994.45,499790.24,C32761034,0.0,0.0,0,0
606,PAYMENT,92.28,C33420607,485303.18,485210.9,C23721268,0.0,0.0,0,0
606,CASH_OUT,434.35,C94712997,1066.77,632.42,C47342819,45849.12,46283.47,0,0
606,PAYMENT,156.25,C88461803,281038.11,280881.86,C84227466,0.0,0.0,0,0
606,PAYMENT,477.45,C61254050,316996.46,316519.01,M88295121,0.0,0.0,0,0
606,CASH_OUT,16767.32,C97260863,48002.2,31234.88,M34991216,15682.41,32449.73,0,0
606,DEBIT,10484.7,C21402740,25731.0,15246.3,C88909809,55492.72,65977.42,0,0
606,PAYMENT,471.64,C20709497,484518.28,484046.64,C96574622,0.0,0.0,0,0
606,PAYMENT,2270.78,C98843907,204277.11,202006.33,M87528776,0.0,0.0,0,0
606,PAYMENT,1230.25,C32814819,293606.86,292376.61,C41943272,0.0,0.0,0,0
606,PAYMENT,428.47,C74672520,333590.42,333161.95,C30270856,0.0,0.0,0,0
606,CASH_IN,7118.94,C80415568,7396.99,278.05,C69375757,54114.26,61233.2,0,0
606,CASH_OUT,4292.96,C26247735,6038.21,1745.25,C58199211,99275.08,103568.04,0,0
606,DEBIT,5235.1,C97488142,12005.0,6769.9,C68809636,36100.71,41335.81,0,0
607,CASH_IN,1701.82,C31472420,2748.23,1046.41,C39356057,75798.06,77499.88,0,0
607,CASH_OUT,5908.03,C43642236,7189.1,1281.07,C13612618,71727.92,77635.95,0,0
607,TRANSFER,25514.0,C35265073,101522.06,76008.06,M68810561,95004.92,120518.92,0,0
607,CASH_IN,3453.82,C30248230,8629.46,5175.64,C45189912,84278.08,87731.9,0,0
607,TRANSFER,387801.83,C91030736,411106.22,0.0,C19978827,63151.37,450953.2,1,1
607,TRANSFER,23086.4,C11898961,75980.59,52894.19,C73308406,150540.57,173626.97,0,0
607,CASH_OUT,279.03,C12729224,299.45,20.42,C85141654,80054.85,80333.88,0,0
607,TRANSFER,309.42,C54703713,839.12,529.7,C59044830,177971.09,178280.51,0,0
607,CASH_OUT,2039.81,C96934122,3146.69,1106.88,M70981700,15455.06,17494.87,0,0
607,TRANSFER,19334.2,C88566318,61243.19,41908.99,C26674831,108624.16,127958.36,0,0
607,PAYMENT,268.93,C34194479,467067.11,466798.18,C11226946,0.0,0.0,0,0
607,TRANSFER,3235.21,C42787299,3810.42,575.21,C82125824,95479.62,98714.83,0,0
607,PAYMENT,9469.05,C27896471,432014.03,422544.98,C22494970,0.0,0.0,0,0
608,CASH_OUT,10816.6,C52431444,20370.72,9554.12,C46930534,42707.05,53523.65,0,0
608,CASH_IN,2134.67,C12314351,5024.94,2890.27,C70369365,8981.23,11115.9,0,0
608,PAYMENT,409.98,C91478884,81759.52,81349.54,C28185096,0.0,0.0,0,0
608,CASH_OUT,5740.17,C12823170,8856.47,3116.3,C16249441,47662.9,53403.07,0,0
608,PAYMENT,719.8,C59512272,429834.06,429114.26,M67192331,0.0,0.0,0,0
608,TRANSFER,9112.88,C94281857,18239.73,9126.85,M83819367,27343.0,36455.88,0,0
608,DEBIT,2444.75,C16729990,3353.72,908.97,M27224779,97496.86,99941.61,0,0
608,CASH_IN,2961.32,C64277800,8834.77,5873.45,C90050918,22576.81,25538.13,0,0
608,CASH_OUT,13364.5,C99913412,23760.48,10395.98,M48352498,95203.53,108568.03,0,0
608,CASH_IN,343.2,C86384014,461.14,117.94,C96344420,92640.51,92983.71,0,0
608,PAYMENT,981.99,C94790150,112894.92,111912.93,C80888325,0.0,0.0,0,0
608,TRANSFER,12389.57,C85329037,40598.26,28208.69,C90050918,199819.85,212209.42,0,0
608,CASH_IN,646.2,C29997018,1648.17,1001.97,C33188838,25791.04,26437.24,0,0
608,TRANSFER,2664.42,C67702031,4479.69,1815.27,M56630633,18221.73,20886.15,0,0
609,DEBIT,16752.42,C96934122,21665.5,4913.08,C67337891,14848.55,31600.97,0,0
609,TRANSFER,1417.92,C89865458,2983.71,1565.79,C32718459,25903.73,27321.65,0,0
609,CASH_OUT,6022.45,C67279295,15177.25,9154.8,C39666377,57475.59,63498.04,0,0
609,TRANSFER,26307.76,C20576383,54574.99,28267.23,M95871687,167818.37,194126.13,0,0
609,CASH_IN,4130.57,C23796726,10106.1,5975.53,C32718459,76706.92,80837.49,0,0
609,CASH_OUT,1815.65,C93334601,2309.52,493.87,C13785821,43447.55,45263.2,0,0
609,CASH_OUT,2945.9,C43308443,6084.99,3139.09,C11534878,35495.24,38441.14,0,0
609,PAYMENT,114.32,C73519947,387118.62,387004.3,M59440148,0.0,0.0,0,0
609,PAYMENT,340.7,C26104026,116977.16,116636.46,C33842070,0.0,0.0,0,0
609,TRANSFER,11145.69,C10289289,39729.75,28584.06,C38818707,44604.11,55749.8,0,0
609,CASH_OUT,2506.59,C12118101,6271.06,3764.47,M37365878,20789.76,23296.35,0,0
609,TRANSFER,21666.46,C59684848,68300.96,46634.5,M24401654,165085.87,186752.33,0,0
609,TRANSFER,52949.63,C92352411,61401.45,8451.82,C43606680,109100.44,162050.07,0,0
610,TRANSFER,12683.51,C50151803,20583.42,7899.91,C27092236,187185.52,199869.03,0,0
610,PAYMENT,1599.12,C95320121,372045.67,370446.55,M74300930,0.0,0.0,0,0
610,DEBIT,14326.19,C97226012,19985.43,5659.24,C39641883,23322.16,37648.35,0,0
610,CASH_IN,1707.67,C48016697,4039.66,2331.99,M48626436,63225.57,64933.24,0,0
610,CASH_OUT,3045.72,C41348220,4328.22,1282.5,C22345163,28093.08,31138.8,0,0
610,CASH_OUT,906.63,C99115205,1056.2,149.57,C32576626,36004.74,36911.37,0,0
610,DEBIT,12065.84,C53091709,25276.13,13210.29,C87025433,92192.05,104257.89,0,0
610,TRANSFER,4049.22,C22534217,5276.47,1227.25,C63244581,105229.19,109278.41,0,0
610,PAYMENT,1736.9,C30486849,313897.14,312160.24,C83330295,0.0,0.0,0,0
610,PAYMENT,3614.25,C92924837,344167.47,340553.22,C51480401,0.0,0.0,0,0
610,CASH_OUT,5237.85,C27758595,11223.32,5985.47,C30706693,38564.24,43802.09,0,0
610,CASH_OUT,284.29,C47295260,641.26,356.97,C67265875,29579.24,29863.53,0,0
610,CASH_IN,4993.47,C94676162,8554.24,3560.77,C22775337,30245.17,35238.64,0,0
611,CASH_IN,3903.99,C30248230,5028.96,1124.97,C12185246,36764.91,40668.9,0,0
611,CASH_OUT,339.26,C89991301,490.2,150.94,C31337593,62072.41,62411.67,0,0
611,CASH_OUT,7283.4,C43046464,11991.52,4708.12,C64395532,71328.85,78612.25,0,0
611,CASH_OUT,7400.81,C54024257,16987.72,9586.91,C72267186,99081.11,106481.92,0,0
611,PAYMENT,5567.42,C94322033,262152.58,256585.16,C63270536,0.0,0.0,0,0
611,CASH_IN,443.03,C81503856,623.94,180.91,C84479105,72582.77,73025.8,0,0
611,CASH_IN,1758.57,C16789850,5247.73,3489.16,C25285764,21338.47,23097.04,0,0
611,CASH_OUT,914764.63,C36477373,1012465.67,0.0,C52803305,91370.53,1006135.16,1,0
611,PAYMENT,5161.56,C65766169,110411.04,105249.48,C72189327,0.0,0.0,0,0
611,PAYMENT,1042.98,C64543049,347306.1,346263.12,M93816177,0.0,0.0,0,0
611,TRANSFER,4834.72,C71662963,13448.2,8613.48,M72816684,75452.05,80286.77,0,0
611,CASH_OUT,752.38,C31203129,2202.9,1450.52,C59428849,79786.78,80539.16,0,0
611,CASH_OUT,19760.38,C71707170,48511.11,28750.73,M91220369,12776.68,32537.06,0,0
611,CASH_OUT,9881.16,C83140807,27211.75,17330.59,C44537812,73644.11,83525.27,0,0
612,TRANSFER,4814.5,C47077298,15898.63,11084.13,C99686372,81251.21,86065.71,0,0
612,TRANSFER,661.66,C89160218,1642.66,981.0,M17940667,94735.22,95396.88,0,0
612,CASH_IN,826.17,C82446804,2195.69,1369.52,C56241881,57700.61,58526.78,0,0
612,CASH_IN,486.41,C56321751,726.32,239.91,C63270536,55951.39,56437.8,0,0
612,CASH_OUT,874.15,C94187049,2431.15,1557.0,C69069144,96.97,971.12,0,0
612,PAYMENT,1916.72,C50071487,94228.85,92312.13,C87507357,0.0,0.0,0,0
612,PAYMENT,1890.25,C87736262,235911.97,234021.72,C24181143,0.0,0.0,0,0
612,CASH_OUT,625.97,C52436584,1067.24,441.27,M31810655,75937.25,76563.22,0,0
612,CASH_IN,3060.27,C79782527,7203.9,4143.63,C80573568,29495.64,32555.91,0,0
612,CASH_OUT,3525.95,C91804602,5132.74,1606.79,C53928023,60371.74,63897.69,0,0
612,CASH_OUT,1853.23,C49613214,2924.51,1071.28,C50502136,20106.26,21959.49,0,0
612,PAYMENT,1183.2,C23489853,161551.77,160368.57,C64795619,0.0,0.0,0,0
612,TRANSFER,6033.78,C14114726,13916.55,7882.77,C75609379,132841.98,138875.76,0,0
613,CASH_OUT,5914.09,C24165187,6602.58,688.49,M60961690,49060.03,54974.12,0,0
613,PAYMENT,630.42,C41244663,76509.28,75878.86,M63440127,0.0,0.0,0,0
613,TRANSFER,241045.25,C28982195,290057.6,0.0,M96155337,20402.39,261447.64,1,1
613,PAYMENT,413.59,C71780854,371966.71,371553.12,C38434222,0.0,0.0,0,0
613,PAYMENT,8385.84,C50264926,368443.53,360057.69,C73554620,0.0,0.0,0,0
613,CASH_OUT,507.56,C96128115,1238.26,730.7,C58335011,82682.97,83190.53,0,0
613,PAYMENT,1915.64,C71510041,365397.5,363481.86,C29012298,0.0,0.0,0,0
613,TRANSFER,18646.11,C43446826,33632.08,14985.97,C47706144,43551.59,62197.7,0,0
613,CASH_IN,4622.72,C61642594,10794.34,6171.62,C93185576,508.84,5131.56,0,0
613,PAYMENT,2296.23,C82383095,63673.5,61377.27,C67226329,0.0,0.0,0,0
613,CASH_IN,4390.26,C94216001,7045.17,2654.91,M64520614,51939.73,56329.99,0,0
613,CASH_OUT,2108.48,C49491631,2205.07,96.59,C96110892,44236.51,46344.99,0,0
613,TRANSFER,16020.67,C23770458,35887.12,19866.45,C52148834,61537.15,77557.82,0,0
613,CASH_IN,5007.61,C66910299,12754.88,7747.27,C47631028,55762.05,60769.66,0,0
614,CASH_OUT,991.51,C34166826,2309.17,1317.66,C69572772,51409.8,52401.31,0,0
614,PAYMENT,1149.04,C44489940,315790.26,314641.22,C16917129,0.0,0.0,0,0
614,PAYMENT,1521.77,C29806690,243203.24,241681.47,M50546385,0.0,0.0,0,0
614,PAYMENT,2361.96,C94482772,31023.25,28661.29,C17440911,0.0,0.0,0,0
614,CASH_OUT,3166.12,C46866075,6962.11,3795.99,C33251181,49564.88,52731.0,0,0
614,PAYMENT,1570.97,C24923247,147732.59,146161.62,C98487646,0.0,0.0,0,0
614,CASH_IN,4922.13,C78092370,11884.56,6962.43,C95133532,66185.58,71107.71,0,0
614,PAYMENT,36.17,C82148284,280495.12,280458.95,C60142505,0.0,0.0,0,0
614,PAYMENT,336.83,C10872248,176334.61,175997.78,C88268756,0.0,0.0,0,0
614,CASH_OUT,9365.39,C98930456,14458.29,5092.9,C79226031,43532.91,52898.3,0,0
614,PAYMENT,601.0,C42323627,151473.24,150872.24,C81110496,0.0,0.0,0,0
614,PAYMENT,3595.2,C20633503,396801.99,393206.79,C62049575,0.0,0.0,0,0
614,TRANSFER,12910.15,C24490391,33807.62,20897.47,C33535297,153854.59,166764.74,0,0
615,TRANSFER,12063.97,C41407343,40524.53,28460.56,M26821075,189007.13,201071.1,0,0
615,TRANSFER,5080.34,C13619375,13807.35,8727.01,M63765155,132177.0,137257.34,0,0
615,CASH_OUT,4520.96,C11362459,13448.65,8927.69,C84182331,55312.58,59833.54,0,0
615,PAYMENT,252.63,C93352876,399826.1,399573.47,C82966824,0.0,0.0,0,0
615,TRANSFER,6537.78,C28572252,8314.18,1776.4,C37574457,106204.37,112742.15,0,0
615,CASH_OUT,12347.88,C20949687,36467.35,24119.47,C88147469,27343.89,39691.77,0,0
615,PAYMENT,428.9,C94743076,178670.57,178241.67,C77447155,0.0,0.0,0,0
615,PAYMENT,1056.62,C87789079,202831.79,201775.17,C71303434,0.0,0.0,0,0
615,TRANSFER,15769.3,C46632757,17688.9,1919.6,C28830282,32390.79,48160.09,0,0
615,PAYMENT,1363.95,C72732043,76598.9,75234.95,M96213226,0.0,0.0,0,0
615,DEBIT,12127.52,C17507864,33000.77,20873.25,C63108878,64492.44,76619.96,0,0
615,CASH_IN,7469.78,C97488142,13295.23,5825.45,C22494970,39328.13,46797.91,0,0
615,CASH_IN,1386.33,C49609054,3160.22,1773.89,C50502233,26521.77,27908.1,0,0
615,PAYMENT,19.76,C50962024,387715.18,387695.42,C18557710,0.0,0.0,0,0
616,CASH_OUT,13910.32,C33966966,25197.16,11286.84,C44224936,32997.66,46907.98,0,0
616,PAYMENT,1529.8,C75151231,410483.37,408953.57,M57551594,0.0,0.0,0,0
616,CASH_OUT,13178.73,C96347724,34858.91,21680.18,C84797762,50440.39,63619.12,0,0
616,CASH_OUT,17631.99,C66661351,19219.11,1587.12,M57183837,33011.75,50643.74,0,0
616,PAYMENT,656.01,C66390708,311705.09,311049.08,C46875077,0.0,0.0,0,0
616,TRANSFER,466991.04,C60867083,560945.19,0.0,C43878996,40236.12,0.0,1,1
616,TRANSFER,117.12,C25405014,321.91,204.79,C71605634,131757.61,131874.73,0,0
616,CASH_OUT,7015.93,C48242379,9629.54,2613.61,M85647532,11579.24,18595.17,0,0
616,CASH_OUT,2165.76,C12601580,3195.53,1029.77,M78284040,57455.29,59621.05,0,0
616,TRANSFER,5454.95,C89680504,21476.7,16021.75,C99686372,110698.58,116153.53,0,0
616,PAYMENT,1249.84,C34850391,252348.81,251098.97,C69735865,0.0,0.0,0,0
616,PAYMENT,135.14,C81947921,36924.68,36789.54,C16950770,0.0,0.0,0,0
616,CASH_OUT,97.76,C69549527,106.05,8.29,C74294443,82854.78,82952.54,0,0
617,CASH_IN,3670.67,C23209423,7496.49,3825.82,C13051483,22161.09,25831.76,0,0
617,CASH_IN,348.74,C99913412,440.13,91.39,C42560305,54380.8,54729.54,0,0
617,CASH_OUT,2198.74,C60015814,2204.32,5.58,C61414775,81492.25,83690.99,0,0
617,CASH_OUT,2291.0,C30665654,2292.48,1.48,C13051483,86260.69,88551.69,0,0
617,PAYMENT,2933.18,C96637649,170690.52,167757.34,C92424037,0.0,0.0,0,0
617,TRANSFER,303.72,C62607710,776.3,472.58,C58307308,22079.68,22383.4,0,0
617,TRANSFER,296930.19,C31776452,281237.92,0.0,C12925970,46569.77,343499.96,1,1
617,CASH_OUT,1517.56,C83793389,1683.88,166.32,C83083942,74767.36,76284.92,0,0
617,TRANSFER,800.64,C35475673,1509.7,709.06,C53191535,114072.67,114873.31,0,0
617,CASH_OUT,7108.98,C71682508,12812.83,5703.85,M76942394,78441.03,85550.01,0,0
617,TRANSFER,6641.54,C82232344,13337.07,6695.53,M70672142,115541.77,122183.31,0,0
617,PAYMENT,348.36,C11994519,370368.12,370019.76,C77382794,0.0,0.0,0,0
617,PAYMENT,995.77,C98346110,416990.47,415994.7,M48307798,0.0,0.0,0,0
617,TRANSFER,35797.08,C41163805,44547.74,8750.66,C18113477,87186.8,122983.88,0,0
618,PAYMENT,1383.94,C26901217,40247.85,38863.91,C11656329,0.0,0.0,0,0
618,TRANSFER,484003.58,C39345092,616601.34,0.0,C30688754,20400.75,0.0,1,1
618,TRANSFER,24877.88,C33160465,66560.74,41682.86,C24887509,143362.3,168240.18,0,0
618,PAYMENT,72.44,C67617561,468009.71,467937.27,C68382413,0.0,0.0,0,0
618,CASH_OUT,2166.8,C96911784,6118.08,3951.28,M58607028,10141.32,12308.12,0,0
618,PAYMENT,444.27,C11646234,78541.72,78097.45,M16101779,0.0,0.0,0,0
618,PAYMENT,1448.95,C87149951,105352.78,103903.83,M74082055,0.0,0.0,0,0
618,PAYMENT,809.23,C62401521,381678.27,380869.04,M50644430,0.0,0.0,0,0
618,TRANSFER,7477.3,C29806690,29050.52,21573.22,C32059232,9376.16,16853.46,0,0
618,CASH_IN,282.86,C80669879,769.16,486.3,C92427773,80836.86,81119.72,0,0
618,CASH_IN,4410.62,C31931511,4870.75,460.13,C29628462,99202.62,103613.24,0,0
618,CASH_OUT,2864.04,C31810617,3282.43,418.39,C62294176,92891.62,95755.66,0,0
618,TRANSFER,25476.0,C64247457,52130.77,26654.77,C16917129,31745.4,57221.4,0,0
619,DEBIT,1413.57,C84087145,2942.77,1529.2,C69959826,38865.99,40279.56,0,0
619,PAYMENT,1038.47,C19528530,345871.96,344833.49,M53306792,0.0,0.0,0,0
619,CASH_IN,1995.66,C21257528,5913.71,3918.05,C29012298,90511.54,92507.2,0,0
619,CASH_OUT,6207.61,C68614462,15156.68,8949.07,C11529494,64966.65,71174.26,0,0
619,CASH_OUT,4199.7,C83659258,9171.38,4971.68,M72523073,83016.71,87216.41,0,0
619,TRANSFER,41040.79,C12179995,101418.35,60377.56,M26800072,19567.18,60607.97,0,0
619,CASH_OUT,6570.17,C79008866,7201.78,631.61,M22086184,64322.01,70892.18,0,0
619,PAYMENT,1672.76,C76481885,449810.26,448137.5,M85647532,0.0,0.0,0,0
619,PAYMENT,431.75,C29419691,67616.32,67184.57,C28792245,0.0,0.0,0,0
619,CASH_OUT,3734.4,C82506491,5452.39,1717.99,C11246473,67954.72,71689.12,0,0
619,CASH_OUT,1619.71,C94676162,2253.56,633.85,C34567819,18210.96,19830.67,0,0
619,CASH_OUT,2984.34,C20200074,6016.24,3031.9,C95963619,49532.14,52516.48,0,0
619,CASH_OUT,1768.65,C99300492,3286.83,1518.18,C34134478,15064.34,16832.99,0,0
620,CASH_OUT,8247.67,C73440831,19179.96,10932.29,C18572753,60003.29,68250.96,0,0
620,PAYMENT,546.34,C61003997,344386.94,343840.6,C32599227,0.0,0.0,0,0
620,CASH_OUT,5996.82,C25356396,15777.13,9780.31,C21375216,84581.85,90578.67,0,0
620,CASH_OUT,5789.51,C70254091,13122.11,7332.6,C34756698,57072.05,62861.56,0,0
620,TRANSFER,6127.42,C46361787,23900.98,17773.56,C81930575,72502.73,78630.15,0,0
620,PAYMENT,265.89,C12735359,46348.76,46082.87,M90115852,0.0,0.0,0,0
620,CASH_OUT,345299.72,C45594951,349131.26,0.0,C19796799,40494.82,0.0,1,0
620,PAYMENT,4175.91,C88961459,345140.24,340964.33,C54524582,0.0,0.0,0,0
620,CASH_OUT,401285.45,C82613940,480789.42,0.0,C30854365,4250.11,0.0,1,0
620,DEBIT,11908.0,C33978249,26463.98,14555.98,C26674831,90703.67,102611.67,0,0
620,TRANSFER,22604.36,C64502486,60024.35,37419.99,M52894344,47981.07,70585.43,0,0
620,PAYMENT,42.82,C69118721,164190.27,164147.45,C49652241,0.0,0.0,0,0
620,CASH_OUT,438.71,C10744212,464.89,26.18,C56751880,40394.01,40832.72,0,0
620,CASH_IN,5666.52,C58178682,14863.91,9197.39,C58079840,74020.24,79686.76,0,0
621,CASH_OUT,1460.51,C97488142,1561.96,101.45,C94658420,82769.58,84230.09,0,0
621,CASH_OUT,270.91,C29909029,455.39,184.48,C53431355,43219.84,43490.75,0,0
621,CASH_OUT,979.38,C14818295,2228.44,1249.06,M97313825,91455.26,92434.64,0,0
621,CASH_OUT,1321.11,C39254705,2608.17,1287.06,C70726434,14165.96,15487.07,0,0
621,PAYMENT,995.2,C92043803,153914.45,152919.25,M87933054,0.0,0.0,0,0
621,PAYMENT,1970.91,C29804386,329646.77,327675.86,C28830282,0.0,0.0,0,0
621,PAYMENT,638.9,C92228802,180825.18,180186.28,C70532325,0.0,0.0,0,0
621,CASH_OUT,1727.14,C67611469,3257.6,1530.46,C26205010,43107.85,44834.99,0,0
621,TRANSFER,20389.19,C82238741,66943.57,46554.38,C98911718,107197.15,127586.34,0,0
621,PAYMENT,138.67,C48668783,376869.15,376730.48,C10856822,0.0,0.0,0,0
621,PAYMENT,838.45,C51464269,439312.34,438473.89,M97393186,0.0,0.0,0,0
621,TRANSFER,5690.68,C94281857,7324.92,1634.24,C96344420,187692.82,193383.5,0,0
621,CASH_OUT,250.57,C63690013,513.39,262.82,C75609379,63001.48,63252.05,0,0
622,TRANSFER,5880.17,C18135295,17739.82,11859.65,C60388958,75689.65,81569.82,0,0
622,CASH_OUT,16997.76,C73380266,17484.72,486.96,C35297417,96608.7,113606.46,0,0
622,TRANSFER,52100.53,C35649468,147249.17,95148.64,C87568940,89752.09,141852.62,0,0
622,PAYMENT,57.03,C47080140,62237.93,62180.9,M87412924,0.0,0.0,0,0
622,PAYMENT,764.1,C21490777,70278.56,69514.46,C29585415,0.0,0.0,0,0
622,PAYMENT,163.14,C26405605,200710.71,200547.57,C63795149,0.0,0.0,0,0
622,TRANSFER,5051.98,C41227216,14096.5,9044.52,C78626154,26367.47,31419.45,0,0
622,PAYMENT,536.71,C85663295,201210.27,200673.56,C10091737,0.0,0.0,0,0
622,DEBIT,1848.03,C65026398,5239.13,3391.1,C36450861,99792.19,101640.22,0,0
622,CASH_OUT,4784.36,C45617024,5224.26,439.9,C95594482,39583.4,44367.76,0,0
622,TRANSFER,3377.87,C70505620,10937.66,7559.79,M85554415,164482.49,167860.36,0,0
622,TRANSFER,10861.01,C95585469,40082.97,29221.96,M40097200,164550.11,175411.12,0,0
622,TRANSFER,3003.28,C98269682,3784.77,781.49,C55172462,187624.5,190627.78,0,0
622,PAYMENT,3187.48,C64266464,138211.17,135023.69,M79703656,0.0,0.0,0,0
623,TRANSFER,11876.62,C14915156,24046.75,12170.13,M69374716,148811.54,160688.16,0,0
623,TRANSFER,498517.9,C77292380,607423.47,108905.57,M75927774,30889.98,0.0,1,1
623,DEBIT,4008.6,C94214382,5449.71,1441.11,C29353063,36196.55,40205.15,0,0
623,TRANSFER,31119.53,C90893133,45141.87,14022.34,M19898653,125561.55,156681.08,0,0
623,CASH_OUT,641.38,C23298711,1065.28,423.9,C67631581,76754.21,77395.59,0,0
623,PAYMENT,2330.56,C38270233,61275.46,58944.9,C61367949,0.0,0.0,0,0
623,CASH_OUT,3989.39,C13278320,4122.3,132.91,C35504548,61261.96,65251.35,0,0
623,CASH_OUT,5047.45,C35265073,11749.27,6701.82,C36189702,24220.04,29267.49,0,0
623,TRANSFER,13780.68,C81979055,18889.71,5109.03,C94299475,121301.78,135082.46,0,0
623,PAYMENT,4887.07,C42100652,460835.69,455948.62,M28392710,0.0,0.0,0,0
623,CASH_OUT,5037.15,C44269370,13994.27,8957.12,C60147077,22622.08,27659.23,0,0
623,PAYMENT,273.24,C54349361,407563.98,407290.74,C20344164,0.0,0.0,0,0
623,TRANSFER,13101.5,C55001909,16053.46,2951.96,C58376818,172561.8,185663.3,0,0
624,CASH_OUT,2461.52,C72270726,6350.81,3889.29,C18184472,51199.37,53660.89,0,0
624,CASH_OUT,8453.28,C98429450,22961.12,14507.84,C37154689,68091.39,76544.67,0,0
624,PAYMENT,908.45,C16086345,438223.53,437315.08,C13976288,0.0,0.0,0,0
624,CASH_OUT,3999.88,C47333543,5208.89,1209.01,C87490324,87387.08,91386.96,0,0
624,CASH_OUT,3685.34,C17507864,10525.11,6839.77,C19064068,42708.41,46393.75,0,0
624,CASH_IN,330.85,C82287061,481.77,150.92,M54699966,21701.08,22031.93,0,0
624,TRANSFER,1250.42,C71040347,3806.74,2556.32,C80658723,149422.32,150672.74,0,0
624,PAYMENT,734.42,C31682744,56306.54,55572.12,C68341261,0.0,0.0,0,0
624,PAYMENT,4983.38,C66722344,23232.06,18248.68,C33535297,0.0,0.0,0,0
624,CASH_IN,2098.19,C24636981,3704.84,1606.65,C51861213,86151.54,88249.73,0,0
624,CASH_OUT,3865.2,C52462441,11544.42,7679.22,C95387542,51931.83,55797.03,0,0
624,CASH_OUT,4986.86,C72858374,13073.24,8086.38,C19796799,67928.27,72915.13,0,0
624,PAYMENT,2170.65,C15512205,237788.75,235618.1,C74992426,0.0,0.0,0,0
624,CASH_OUT,3613.92,C66975380,9908.96,6295.04,C32083803,86684.18,90298.1,0,0
625,CASH_IN,12004.14,C81690398,30424.36,18420.22,M41250794,30050.77,42054.91,0,0
625,TRANSFER,11337.56,C78214937,17984.38,6646.82,C63095937,151681.89,163019.45,0,0
625,CASH_IN,1824.95,C52213778,4111.49,2286.54,C72267186,31456.72,33281.67,0,0
625,PAYMENT,312.76,C47220099,94468.35,94155.59,C89715904,0.0,0.0,0,0
625,DEBIT,6872.44,C62163160,9657.14,2784.7,C66269520,11675.51,18547.95,0,0
625,PAYMENT,6016.81,C68716573,485058.63,479041.82,C95110541,0.0,0.0,0,0
625,CASH_OUT,9553.03,C58592048,20128.97,10575.94,C87915846,33111.87,42664.9,0,0
625,PAYMENT,1064.68,C64813568,169531.9,168467.22,C74082804,0.0,0.0,0,0
625,CASH_OUT,3964.78,C54446182,5445.13,1480.35,C23234748,96218.34,100183.12,0,0
625,CASH_OUT,8565.28,C15334035,16126.38,7561.1,M92523968,47281.51,55846.79,0,0
625,TRANSFER,22759.4,C72372114,25781.45,3022.05,C34134478,26572.31,49331.71,0,0
625,PAYMENT,483.89,C23383077,248581.67,248097.78,C28876833,0.0,0.0,0,0
625,PAYMENT,689.84,C62191530,348755.76,348065.92,C38644905,0.0,0.0,0,0
626,TRANSFER,19733.73,C58557203,59110.01,39376.28,C16249441,12067.5,31801.23,0,0
626,CASH_OUT,2919.91,C15350023,6914.43,3994.52,C10466177,82155.09,85075.0,0,0
626,CASH_OUT,321.14,C88714010,552.3,231.16,C83083942,18958.22,19279.36,0,0
626,PAYMENT,1489.06,C33640702,375532.58,374043.52,C70850538,0.0,0.0,0,0
626,CASH_OUT,7489.08,C75181648,17324.74,9835.66,C44537812,3446.66,10935.74,0,0
626,TRANSFER,15485.55,C61998170,59181.18,43695.63,C87619624,52127.99,67613.54,0,0
626,CASH_OUT,16587.63,C14963880,37672.84,21085.21,C64414096,12178.12,28765.75,0,0
626,PAYMENT,1213.37,C20113745,42646.53,41433.16,C12176998,0.0,0.0,0,0
626,CASH_OUT,33080.43,C66348030,72173.63,39093.2,C22205980,86726.49,119806.92,0,0
626,PAYMENT,1121.04,C55150390,154333.77,153212.73,C57201978,0.0,0.0,0,0
626,PAYMENT,1129.48,C51949529,157320.47,156190.99,C68664992,0.0,0.0,0,0
626,PAYMENT,83.17,C57354167,108339.7,108256.53,M38720823,0.0,0.0,0,0
626,CASH_OUT,2096.27,C85957706,4103.76,2007.49,C77056519,81077.41,83173.68,0,0
627,PAYMENT,597.2,C15820356,182487.45,181890.25,C53788744,0.0,0.0,0,0
627,PAYMENT,4516.92,C47463522,123033.39,118516.47,C21594468,0.0,0.0,0,0
627,CASH_OUT,8480.75,C87265240,16129.09,7648.34,C44795538,62222.12,70702.87,0,0
627,TRANSFER,28135.52,C64864099,35920.75,7785.23,C82125824,150251.05,178386.57,0,0
627,TRANSFER,10338.25,C66348963,19721.59,9383.34,M82286705,59604.07,69942.32,0,0
627,TRANSFER,15958.59,C35519083,51333.66,35375.07,C62686364,109004.83,124963.42,0,0
627,CASH_OUT,1634.52,C60372847,2985.8,1351.28,C34071191,6881.93,8516.45,0,0
627,PAYMENT,1407.58,C69934576,254280.99,252873.41,C53739710,0.0,0.0,0,0
627,TRANSFER,1310.79,C68978194,2897.39,1586.6,C85645982,189657.99,190968.78,0,0
627,TRANSFER,8777.75,C10209961,11821.97,3044.22,C43321320,114964.83,123742.58,0,0
627,CASH_OUT,445.76,C34941004,639.53,193.77,C50417154,43710.49,44156.25,0,0
627,PAYMENT,2604.5,C66808292,258454.6,255850.1,M73847325,0.0,0.0,0,0
627,CASH_OUT,1762.16,C98930456,4819.46,3057.3,C74294443,95257.81,97019.97,0,0
627,CASH_OUT,3449.12,C85146293,4603.74,1154.62,M65472370,22911.18,26360.3,0,0
628,TRANSFER,45153.74,C94322033,50701.86,5548.12,C98610233,176086.09,221239.83,0,0
628,CASH_IN,2269.99,C47338124,4315.11,2045.12,C65757342,68576.23,70846.22,0,0
628,PAYMENT,601.05,C87267850,471016.84,470415.79,C57182314,0.0,0.0,0,0
628,PAYMENT,41.48,C51471222,451757.59,451716.11,C11604831,0.0,0.0,0,0
628,TRANSFER,34066.65,C24508349,81418.31,47351.66,C31113788,92506.51,126573.16,0,0
628,DEBIT,3631.49,C51936181,7236.61,3605.12,C52148834,637.77,4269.26,0,0
628,CASH_OUT,79.76,C55176955,145.34,65.58,M36770527,99801.71,99881.47,0,0
628,PAYMENT,47.63,C75314742,202303.92,202256.29,C72146184,0.0,0.0,0,0
628,CASH_OUT,837.05,C23756669,1469.23,632.18,C20135622,71704.86,72541.91,0,0
628,DEBIT,5204.64,C85863473,15535.54,10330.9,C28268622,85249.99,90454.63,0,0
628,PAYMENT,267.46,C65177213,483592.77,483325.31,C90973889,0.0,0.0,0,0
628,CASH_OUT,11604.95,C71753160,14553.98,2949.03,C85986307,58102.85,69707.8,0,0
628,CASH_OUT,2192.75,C87181563,4400.61,2207.86,M95623471,86521.17,88713.92,0,0
629,CASH_OUT,1910.84,C41348220,4930.49,3019.65,M97991930,76255.76,78166.6,0,0
629,CASH_IN,6958.31,C82556484,10596.5,3638.19,C80659726,79044.41,86002.72,0,0
629,CASH_OUT,2801.81,C39394291,2863.97,62.16,M82286705,29936.43,32738.24,0,0
629,CASH_OUT,2139.84,C12515446,6412.24,4272.4,C20612653,43088.87,45228.71,0,0
629,PAYMENT,764.01,C63121477,380724.1,379960.09,C65243509,0.0,0.0,0,0
629,CASH_IN,4971.52,C39801436,8957.55,3986.03,C82764376,96662.23,101633.75,0,0
629,PAYMENT,3254.15,C61019678,138035.74,134781.59,C22345163,0.0,0.0,0,0
629,PAYMENT,429.11,C31980274,49061.36,48632.25,M50049524,0.0,0.0,0,0
629,PAYMENT,1301.29,C14835614,327409.05,326107.76,C53433080,0.0,0.0,0,0
629,TRANSFER,8213.45,C73509974,21052.33,12838.88,M82286705,145673.84,153887.29,0,0
629,CASH_OUT,1952.92,C71682508,2310.59,357.67,C18277097,96658.67,98611.59,0,0
629,CASH_OUT,1013.81,C90147573,2632.54,1618.73,C56676884,35148.42,36162.23,0,0
629,CASH_OUT,5500.4,C19196777,6802.36,1301.96,C92058189,87291.82,92792.22,0,0
629,CASH_OUT,3334.59,C53537934,7884.37,4549.78,M96075494,47383.97,50718.56,0,0
630,CASH_OUT,465.81,C51949529,1127.56,661.75,M14346684,93796.71,94262.52,0,0
630,DEBIT,335.75,C24208709,505.25,169.5,C47991562,94969.05,95304.8,0,0
630,PAYMENT,1299.83,C66792612,345270.12,343970.29,M20901547,0.0,0.0,0,0
630,CASH_OUT,446.58,C74718365,1273.39,826.81,C79961132,73811.31,74257.89,0,0
630,CASH_IN,18223.41,C70654852,47617.42,29394.01,C67774765,70975.01,89198.42,0,0
630,CASH_OUT,3331.6,C20598952,3819.69,488.09,C86188876,24674.39,28005.99,0,0
630,CASH_OUT,2040.14,C93176117,2466.13,425.99,C19796799,76306.24,78346.38,0,0
630,TRANSFER,29844.86,C39042654,65110.48,35265.62,M75632882,115663.91,145508.77,0,0
630,CASH_IN,13141.22,C31172421,23647.6,10506.38,C57501571,42766.97,55908.19,0,0
630,PAYMENT,406.86,C14925405,245081.77,244674.91,C61002735,0.0,0.0,0,0
630,PAYMENT,883.24,C67805802,181718.26,180835.02,M42115895,0.0,0.0,0,0
630,PAYMENT,713.12,C41510328,37807.5,37094.38,C42342289,0.0,0.0,0,0
630,CASH_OUT,7238.48,C23891786,14267.42,7028.94,C21571285,99841.98,107080.46,0,0
631,CASH_OUT,8471.44,C31227574,21592.51,13121.07,C68000104,99587.64,108059.08,0,0
631,PAYMENT,83.37,C26753883,274767.45,274684.08,C89047551,0.0,0.0,0,0
631,CASH_OUT,3857.97,C89212676,7193.98,3336.01,C25479814,49138.89,52996.86,0,0
631,CASH_OUT,320.1,C43528453,708.66,388.56,M49945150,67957.69,68277.79,0,0
631,PAYMENT,1535.64,C76500726,204209.07,202673.43,C49148093,0.0,0.0,0,0
631,DEBIT,12493.57,C98787891,13182.43,688.86,C15412975,9397.69,21891.26,0,0
631,TRANSFER,9562.01,C81182864,19152.1,9590.09,M22007214,105612.27,115174.28,0,0
631,CASH_OUT,3906.89,C95822412,9762.41,5855.52,C82383656,41269.81,45176.7,0,0
631,TRANSFER,28357.16,C49682169,92853.31,64496.15,C50417154,53048.15,81405.31,0,0
631,CASH_OUT,28740.29,C66949781,33426.71,4686.42,C49922369,9724.88,38465.17,1,0
631,CASH_IN,1281.08,C19673809,3606.06,2324.98,C84234670,25008.93,26290.01,0,0
631,TRANSFER,22277.83,C83089925,43120.93,20843.1,C41426254,126139.27,148417.1,0,0
631,PAYMENT,2384.65,C29822594,302187.8,299803.15,C53440052,0.0,0.0,0,0
631,PAYMENT,2486.32,C37057085,172628.27,170141.95,M94176528,0.0,0.0,0,0
632,CASH_OUT,1123.62,C20952896,2610.13,1486.51,C69691437,2676.12,3799.74,0,0
632,TRANSFER,13844.87,C48668783,29664.99,15820.12,C61500679,133595.04,147439.91,0,0
632,CASH_OUT,2836.51,C47535126,3043.97,207.46,C88790652,67558.45,70394.96,0,0
632,DEBIT,3712.18,C98447167,9658.82,5946.64,M26288992,76167.54,79879.72,0,0
632,TRANSFER,871.27,C98742485,1456.03,584.76,M53627409,35516.75,36388.02,0,0
632,CASH_IN,1024.7,C59737181,2661.02,1636.32,C71453148,56761.38,57786.08,0,0
632,TRANSFER,19629.24,C61053474,73286.05,53656.81,M73739005,124469.53,144098.77,0,0
632,PAYMENT,1134.17,C46540265,332957.38,331823.21,M24251766,0.0,0.0,0,0
632,PAYMENT,2148.77,C92924837,183289.96,181141.19,C70362053,0.0,0.0,0,0
632,CASH_OUT,9738.87,C12550658,13546.17,3807.3,C39236638,76822.08,86560.95,0,0
632,DEBIT,5281.05,C54265498,5356.18,75.13,C70471823,11563.15,16844.2,0,0
632,CASH_OUT,4033.88,C47346970,4807.38,773.5,C27849589,96506.32,100540.2,0,0
632,TRANSFER,12633.51,C27013243,43271.33,30637.82,C50417154,146301.33,158934.84,0,0
633,CASH_IN,2745.1,C30182766,2770.37,25.27,C92747827,96641.18,99386.28,0,0
633,PAYMENT,747.61,C73001391,171485.19,170737.58,C92767884,0.0,0.0,0,0
633,TRANSFER,1016.89,C91721371,3663.3,2646.41,C54506155,137646.76,138663.65,0,0
633,TRANSFER,8282.08,C49209916,31336.84,23054.76,C73218512,105225.35,113507.43,0,0
633,CASH_OUT,2303.52,C53455870,6642.26,4338.74,C89211057,50095.45,52398.97,0,0
633,CASH_OUT,10577.54,C61894582,27879.4,17301.86,C58412365,83059.23,93636.77,0,0
633,CASH_IN,4430.69,C73709724,6314.07,1883.38,C41272427,69686.11,74116.8,0,0
633,PAYMENT,5232.12,C15917225,206539.57,201307.45,C88478184,0.0,0.0,0,0
633,CASH_OUT,2097.09,C29777514,2802.62,705.53,C44738319,20076.46,22173.55,0,0
633,PAYMENT,242.21,C76500726,420149.24,419907.03,C55307111,0.0,0.0,0,0
633,PAYMENT,79.97,C90147573,442740.37,442660.4,C80381817,0.0,0.0,0,0
633,CASH_IN,3941.0,C63051354,6704.82,2763.82,C83835976,39370.81,43311.81,0,0
633,CASH_OUT,8854.46,C15066382,14783.03,5928.57,C23811663,44444.98,53299.44,0,0
633,CASH_OUT,10761.08,C98227303,16341.41,5580.33,C12176998,58336.75,69097.83,0,0
634,CASH_IN,2940.8,C32775593,5544.11,2603.31,C52885071,7830.68,10771.48,0,0
634,CASH_IN,6473.93,C87669750,14609.81,8135.88,C21395409,73827.67,80301.6,0,0
634,PAYMENT,1727.53,C71124923,222789.51,221061.98,C20024377,0.0,0.0,0,0
634,CASH_OUT,11864.89,C35748341,12721.03,856.14,C26094525,63852.61,75717.5,0,0
634,TRANSFER,10651.16,C66431351,18362.73,7711.57,M81062902,99535.84,110187.0,0,0
634,PAYMENT,615.37,C93334601,4768.95,4153.58,C21674661,0.0,0.0,0,0
634,PAYMENT,1116.82,C78103759,340254.58,339137.76,C82144402,0.0,0.0,0,0
634,CASH_OUT,1206.15,C31127115,1965.59,759.44,C60473288,22699.07,23905.22,0,0
634,TRANSFER,2838.0,C45186708,3067.76,229.76,C45105069,88744.33,91582.33,0,0
634,PAYMENT,1083.08,C69352161,141269.54,140186.46,C60527631,0.0,0.0,0,0
634,PAYMENT,1337.75,C35770506,18203.99,16866.24,C54524582,0.0,0.0,0,0
634,PAYMENT,179.27,C61894582,263438.58,263259.31,C46207439,0.0,0.0,0,0
634,TRANSFER,10840.44,C72394301,17303.13,6462.69,M35006323,107201.91,118042.35,0,0
635,PAYMENT,1287.78,C77085942,291012.25,289724.47,C17882882,0.0,0.0,0,0
635,CASH_OUT,6456.36,C46553958,9654.51,3198.15,C81203615,60083.56,66539.92,0,0
635,PAYMENT,1356.48,C28572252,370685.79,369329.31,C69945655,0.0,0.0,0,0
635,CASH_OUT,239.71,C46231783,628.72,389.01,C31337593,2917.56,3157.27,0,0
635,DEBIT,11886.55,C71780854,16855.89,4969.34,C20526386,96759.03,108645.58,0,0
635,DEBIT,8754.33,C30703455,10283.91,1529.58,C89968863,130.8,8885.13,0,0
635,CASH_OUT,5067.86,C69619341,13285.88,8218.02,C39698906,70652.39,75720.25,0,0
635,CASH_OUT,8259.68,C80162053,9017.75,758.07,M61940566,73809.45,82069.13,0,0
635,CASH_OUT,2035.45,C71070189,2973.63,938.18,C94651342,53296.3,55331.75,0,0
635,TRANSFER,27383.01,C95282470,43984.59,16601.58,C41119124,58978.92,86361.93,0,0
635,PAYMENT,1810.07,C70152969,142004.06,140193.99,C70471823,0.0,0.0,0,0
635,CASH_IN,6174.76,C43887075,14716.39,8541.63,C59330907,99780.44,105955.2,0,0
635,CASH_IN,5866.47,C18469210,10490.37,4623.9,C96876236,43188.36,49054.83,0,0
636,PAYMENT,2641.78,C45833156,110768.44,108126.66,C79159799,0.0,0.0,0,0
636,PAYMENT,896.04,C85017250,69972.31,69076.27,C23560308,0.0,0.0,0,0
636,PAYMENT,479.1,C56702542,411473.57,410994.47,M48626436,0.0,0.0,0,0
636,TRANSFER,5812.29,C85957578,7755.79,1943.5,C35111946,119332.42,125144.71,0,0
636,CASH_OUT,8437.28,C64280720,21226.61,12789.33,M63440127,28367.72,36805.0,0,0
636,PAYMENT,370.67,C50643870,28579.41,28208.74,M79645282,0.0,0.0,0,0
636,CASH_OUT,5598.16,C21496211,11075.77,5477.61,M59930790,4492.06,10090.22,0,0
636,CASH_IN,130.37,C90852623,159.1,28.73,C28680305,87385.24,87515.61,0,0
636,DEBIT,3730.3,C13637575,6652.92,2922.62,M79085198,97675.32,101405.62,0,0
636,CASH_OUT,529.09,C69295515,1032.55,503.46,C23656928,63384.76,63913.85,0,0
636,TRANSFER,3194.41,C14835614,5456.62,2262.21,C36957830,167070.83,170265.24,0,0
636,PAYMENT,1062.06,C43887075,133265.7,132203.64,M65913331,0.0,0.0,0,0
636,CASH_OUT,6858.61,C34073380,18685.75,11827.14,C71873691,37120.48,43979.09,0,0
636,CASH_OUT,3926.32,C70867592,8559.71,4633.39,C88733350,85501.3,89427.62,0,0
637,TRANSFER,43314.81,C71662963,88007.68,44692.87,C29825571,151722.84,195037.65,0,0
637,CASH_OUT,1514.92,C82503409,1610.98,96.06,C87568940,76052.63,77567.55,0,0
637,PAYMENT,1427.63,C16150444,202936.87,201509.24,C30317091,0.0,0.0,0,0
637,TRANSFER,192.73,C88777447,629.97,437.24,C34929311,13032.05,13224.78,0,0
637,CASH_OUT,6139.05,C58718453,14728.79,8589.74,C83782999,68020.01,74159.06,0,0
637,CASH_OUT,406.3,C66851760,554.46,148.16,C54524582,88304.62,88710.92,0,0
637,TRANSFER,32971.2,C88055069,54576.05,21604.85,C43266810,22847.69,55818.89,0,0
637,DEBIT,1731.16,C91178885,3329.78,1598.62,C61705758,36391.55,38122.71,0,0
637,PAYMENT,904.27,C75679047,261416.81,260512.54,C67653606,0.0,0.0,0,0
637,TRANSFER,13856.99,C42111036,42951.79,29094.8,C89047551,193240.35,207097.34,0,0
637,CASH_IN,2304.94,C29602406,3450.31,1145.37,C77430081,41122.59,43427.53,0,0
637,PAYMENT,3428.51,C58557203,6472.82,3044.31,C46385762,0.0,0.0,0,0
637,PAYMENT,4588.96,C83659258,253502.1,248913.14,C10090721,0.0,0.0,0,0
638,CASH_OUT,14259.84,C83140807,35891.86,21632.02,C84386123,62796.85,77056.69,0,0
638,PAYMENT,72.33,C20949687,422821.08,422748.75,C19976458,0.0,0.0,0,0
638,TRANSFER,7287.65,C98787891,25186.19,17898.54,M77839607,54198.3,61485.95,0,0
638,PAYMENT,4752.91,C64247457,482877.73,478124.82,M19939096,0.0,0.0,0,0
638,CASH_OUT,5467.37,C50071487,12910.98,7443.61,M38720823,30139.07,35606.44,0,0
638,PAYMENT,1998.21,C82287061,135914.5,133916.29,C89131271,0.0,0.0,0,0
638,CASH_OUT,2817.52,C35074182,4102.3,1284.78,M46702849,51754.46,54571.98,0,0
638,CASH_IN,963.48,C28419343,1854.58,891.1,C42342202,43285.95,44249.43,0,0
638,PAYMENT,107.97,C55866538,330647.21,330539.24,C15937353,0.0,0.0,0,0
638,CASH_OUT,454304.65,C19863756,423030.35,0.0,C71532017,18470.28,0.0,1,0
638,CASH_OUT,1941.25,C85329037,3694.92,1753.67,M35805259,86913.5,88854.75,0,0
638,PAYMENT,71.46,C68802946,396346.62,396275.16,C35925669,0.0,0.0,0,0
638,PAYMENT,915.74,C53589647,402187.14,401271.4,C66046380,0.0,0.0,0,0
638,PAYMENT,459.6,C50392808,370199.85,369740.25,C92000924,0.0,0.0,0,0
639,DEBIT,3669.45,C90388981,7283.48,3614.03,C45879718,51925.74,55595.19,0,0
639,CASH_OUT,231.82,C66348963,355.6,123.78,C61532114,26109.24,26341.06,0,0
639,TRANSFER,853903.15,C99100953,927567.65,0.0,C15730602,74243.43,0.0,1,1
639,TRANSFER,2575.69,C11297845,2835.89,260.2,M83319550,125640.33,128216.02,0,0
639,PAYMENT,3073.84,C80027662,4529.28,1455.44,C60903955,0.0,0.0,0,0
639,CASH_IN,460.43,C22513132,775.62,315.19,C89415412,42332.55,42792.98,0,0
639,PAYMENT,4775.36,C61140376,28934.36,24159.0,C26031369,0.0,0.0,0,0
639,PAYMENT,1557.73,C94982908,81158.92,79601.19,C22410307,0.0,0.0,0,0
639,CASH_IN,19184.66,C23891786,44085.34,24900.68,C75052579,89893.29,109077.95,0,0
639,TRANSFER,2231.58,C27637794,6398.73,4167.15,C24887509,76838.38,79069.96,0,0
639,PAYMENT,3315.49,C61343880,479778.58,476463.09,M59930790,0.0,0.0,0,0
639,CASH_IN,4730.93,C20298660,6293.39,1562.46,C68137264,24588.77,29319.7,0,0
639,CASH_OUT,6784.05,C30182766,10376.03,3591.98,C62559853,321.7,7105.75,0,0
640,CASH_OUT,8830.33,C99152472,20180.25,11349.92,M61940566,11733.94,20564.27,0,0
640,CASH_OUT,3867.87,C24508768,10378.17,6510.3,C20988446,80431.06,84298.93,0,0
640,PAYMENT,2053.21,C92558242,105823.23,103770.02,C91224373,0.0,0.0,0,0
640,TRANSFER,4291.14,C44999379,15444.44,11153.3,M97182566,125963.14,130254.28,0,0
640,CASH_OUT,6015.39,C20200074,17762.15,11746.76,M54331259,32635.79,38651.18,0,0
640,CASH_IN,954.26,C15831819,1198.59,244.33,C72059365,7838.61,8792.87,0,0
640,CASH_OUT,1450.15,C54629892,1563.21,113.06,C49101812,99671.04,101121.19,0,0
640,CASH_IN,574.02,C98870276,1645.46,1071.44,C51999682,12631.52,13205.54,0,0
640,CASH_OUT,7879.16,C97236246,21659.59,13780.43,M64953237,78176.22,86055.38,0,0
640,TRANSFER,37085.44,C61019678,144748.58,107663.14,C51861213,181999.14,219084.58,0,0
640,DEBIT,1795.08,C73560289,3700.33,1905.25,C66867700,70881.66,72676.74,0,0
640,PAYMENT,537.87,C45810056,259070.24,258532.37,C34134478,0.0,0.0,0,0
640,PAYMENT,3320.43,C91823275,412628.19,409307.76,C11851322,0.0,0.0,0,0
640,CASH_IN,415.22,C35519083,1150.14,734.92,C19978827,58691.28,59106.5,0,0
641,TRANSFER,9637.69,C78147397,17470.1,7832.41,C10091737,143621.33,153259.02,0,0
641,PAYMENT,721.01,C41514326,165053.84,164332.83,C58079840,0.0,0.0,0,0
641,PAYMENT,1161.99,C45859307,54279.03,53117.04,C82684966,0.0,0.0,0,0
641,CASH_OUT,6128.29,C96368203,12085.23,5956.94,M87412924,85956.29,92084.58,0,0
641,PAYMENT,2524.55,C91178885,258579.49,256054.94,C92684436,0.0,0.0,0,0
641,CASH_OUT,11044.5,C63826716,29863.26,18818.76,C84182331,58688.15,69732.65,0,0
641,TRANSFER,27019.32,C28463709,54846.13,27826.81,C33381086,174293.72,201313.04,0,0
641,DEBIT,2934.91,C77908907,5676.34,2741.43,C56785209,41880.27,44815.18,0,0
641,TRANSFER,32503.13,C88777447,103082.13,70579.0,C76627415,67972.15,100475.28,0,0
641,CASH_OUT,104115.47,C82399599,110013.72,0.0,C87490324,72793.08,176908.55,1,0
641,CASH_IN,8022.13,C62958901,21578.98,13556.85,C15937353,26180.18,34202.31,0,0
641,CASH_OUT,665.66,C76906611,1564.58,898.92,C20326375,33858.42,34524.08,0,0
641,PAYMENT,5213.05,C89736043,381579.1,376366.05,C89682313,0.0,0.0,0,0
642,PAYMENT,156.84,C22510327,142299.01,142142.17,C44727276,0.0,0.0,0,0
642,CASH_OUT,6671.37,C10819505,17950.08,11278.71,M79085198,73709.42,80380.79,0,0
642,PAYMENT,540.03,C83932360,69842.69,69302.66,C52803305,0.0,0.0,0,0
642,TRANSFER,364.36,C92613013,681.88,317.52,C70858653,48228.09,48592.45,0,0
642,CASH_OUT,1956.95,C60882459,5286.4,3329.45,M43502308,59565.97,61522.92,0,0
642,DEBIT,8163.39,C85958181,20961.21,12797.82,C80392240,60133.44,68296.83,0,0
642,CASH_OUT,2014.29,C96629889,3497.88,1483.59,C68718382,33264.13,35278.42,0,0
642,TRANSFER,7161.75,C11835355,18071.74,10909.99,M89431184,142649.31,149811.06,0,0
642,PAYMENT,2837.16,C38984499,224425.08,221587.92,M31810655,0.0,0.0,0,0
642,TRANSFER,21557.26,C99663907,71201.85,49644.59,C41452485,90953.17,112510.43,0,0
642,PAYMENT,238.02,C10154493,247593.8,247355.78,C35264294,0.0,0.0,0,0
642,CASH_IN,4480.85,C97302916,12312.3,7831.45,C13031322,36993.73,41474.58,0,0
642,TRANSFER,8986.79,C58895439,14832.48,5845.69,C27810664,90028.1,99014.89,0,0
642,PAYMENT,1912.52,C88213973,368857.08,366944.56,C70858653,0.0,0.0,0,0
643,PAYMENT,1287.59,C52431444,125663.08,124375.49,C86710258,0.0,0.0,0,0
643,CASH_OUT,12328.01,C91390501,12747.82,419.81,C67961650,6212.42,18540.43,0,0
643,TRANSFER,1868.96,C43446826,3910.92,2041.96,C83835976,196671.28,198540.24,0,0
643,CASH_OUT,528.85,C12059919,1256.54,727.69,C10196231,41605.47,42134.32,0,0
643,PAYMENT,57.4,C21257528,461167.45,461110.05,C95726382,0.0,0.0,0,0
643,TRANSFER,1159.85,C18846539,2643.43,1483.58,C13957046,40298.12,41457.97,0,0
643,TRANSFER,32526.91,C32329103,96831.74,64304.83,C84721440,98227.21,130754.12,0,0
643,CASH_OUT,452.86,C19196777,653.02,200.16,C41452485,90163.79,90616.65,0,0
643,PAYMENT,1689.73,C67611469,388708.57,387018.84,M80361272,0.0,0.0,0,0
643,DEBIT,217.36,C94482772,331.91,114.55,C16249441,73423.76,73641.12,0,0
643,CASH_OUT,4175.56,C56164955,10708.13,6532.57,C53166435,91126.66,95302.22,0,0
643,TRANSFER,38087.77,C20752378,93239.87,55152.1,C90268079,72728.93,110816.7,0,0
643,CASH_OUT,9539.56,C20113745,25127.89,15588.33,M34422678,94843.56,104383.12,0,0
644,TRANSFER,9799.03,C46912022,12833.37,3034.34,C65784972,181374.01,191173.04,0,0
644,CASH_OUT,525002.62,C25585427,672103.7,0.0,C84234670,24065.96,0.0,1,0
644,PAYMENT,1276.82,C60372847,481786.11,480509.29,C11286267,0.0,0.0,0,0
644,PAYMENT,242.13,C77498993,183038.2,182796.07,C95354668,0.0,0.0,0,0
644,TRANSFER,16232.14,C84903294,22223.07,5990.93,C15910667,198428.44,214660.58,0,0
644,CASH_IN,3109.81,C15879578,7236.91,4127.1,C28876833,20353.73,23463.54,0,0
644,CASH_OUT,593.7,C39738898,1167.99,574.29,C28876833,97053.98,97647.68,0,0
644,CASH_IN,4253.65,C16095815,7782.15,3528.5,C98487646,5396.85,9650.5,0,0
644,CASH_OUT,7960.12,C15047559,20037.65,12077.53,C11523452,30152.22,38112.34,0,0
644,PAYMENT,1139.9,C33286644,291103.53,289963.63,C17324144,0.0,0.0,0,0
644,CASH_IN,519.55,C40587988,953.24,433.69,C47038975,71753.94,72273.49,0,0
644,CASH_OUT,16435.71,C70407340,19354.51,2918.8,M15646068,91071.77,107507.48,0,0
644,PAYMENT,2974.76,C89680504,280459.4,277484.64,C98673882,0.0,0.0,0,0
645,CASH_IN,6923.53,C90440034,8218.09,1294.56,M73739005,71819.73,78743.26,0,0
645,PAYMENT,619.7,C45507920,117293.77,116674.07,C35016429,0.0,0.0,0,0
645,PAYMENT,2680.81,C42394260,193090.34,190409.53,C79631857,0.0,0.0,0,0
645,CASH_OUT,5058.02,C14308421,11953.61,6895.59,C17385816,24256.98,29315.0,0,0
645,TRANSFER,1059.06,C11540956,1173.59,114.53,C29081953,115574.99,116634.05,0,0
645,CASH_OUT,6532.75,C16416148,13146.26,6613.51,C44738319,35026.06,41558.81,0,0
645,CASH_IN,6606.53,C58592048,19548.97,12942.44,M63423225,3341.19,9947.72,0,0
645,CASH_OUT,6901.21,C80027662,9618.96,2717.75,C80310522,7827.89,14729.1,0,0
645,CASH_OUT,2834.05,C19046318,3815.83,981.78,C54689713,16176.34,19010.39,0,0
645,CASH_IN,5312.97,C43446826,5663.4,350.43,M84359498,70816.25,76129.22,0,0
645,TRANSFER,1145.92,C96347724,3578.53,2432.61,C22501261,188145.77,189291.69,0,0
645,PAYMENT,1187.0,C50780112,250887.57,249700.57,M11890348,0.0,0.0,0,0
645,PAYMENT,385.07,C46231783,455004.23,454619.16,M71694994,0.0,0.0,0,0
645,TRANSFER,2333.36,C89991301,6136.81,3803.45,C94879557,127620.02,129953.38,0,0
646,CASH_OUT,3361.81,C73380266,10046.99,6685.18,M93179531,6278.39,9640.2,0,0
646,CASH_OUT,847.23,C54619335,1350.75,503.52,C95295586,95259.16,96106.39,0,0
646,PAYMENT,801.68,C31009452,51471.16,50669.48,C33842070,0.0,0.0,0,0
646,CASH_OUT,7401.85,C75184410,13801.15,6399.3,C92924441,24846.59,32248.44,0,0
646,PAYMENT,1446.37,C41407343,440577.68,439131.31,C99133246,0.0,0.0,0,0
646,PAYMENT,6675.49,C30517835,370095.82,363420.33,M61854861,0.0,0.0,0,0
646,CASH_IN,4192.14,C77416376,6698.85,2506.71,M90904160,69935.95,74128.09,0,0
646,CASH_OUT,8133.08,C84252420,20591.74,12458.66,C44152669,43496.48,51629.56,0,0
646,CASH_OUT,6067.01,C97444123,15970.46,9903.45,C85721444,30695.41,36762.42,0,0
646,CASH_IN,4587.35,C43822301,6951.28,2363.93,M85386435,64824.41,69411.76,0,0
646,CASH_OUT,9511.28,C47135391,12677.66,3166.38,C21220209,49490.47,59001.75,0,0
646,CASH_OUT,6651.27,C15047559,12535.56,5884.29,C14252622,78489.56,85140.83,0,0
646,PAYMENT,706.07,C98986321,48276.34,47570.27,C36957830,0.0,0.0,0,0
647,PAYMENT,1067.12,C26937148,238237.01,237169.89,C15945401,0.0,0.0,0,0
647,TRANSFER,70479.31,C78057490,199326.19,128846.88,C28268622,34584.18,105063.49,0,0
647,CASH_OUT,7769.3,C47080140,9141.55,1372.25,C85678734,93226.4,100995.7,0,0
647,PAYMENT,2681.63,C83542887,408092.84,405411.21,C59755172,0.0,0.0,0,0
647,CASH_OUT,6019.99,C43308443,14485.76,8465.77,C76591799,24932.14,30952.13,0,0
647,PAYMENT,1203.23,C95268296,166480.04,165276.81,C90233330,0.0,0.0,0,0
647,CASH_OUT,4496.96,C93002706,5793.64,1296.68,C80322629,61505.0,66001.96,0,0
647,CASH_IN,11477.3,C85329037,14980.09,3502.79,C54524582,37885.47,49362.77,0,0
647,CASH_IN,5554.49,C55568701,13986.25,8431.76,C35016429,84689.06,90243.55,0,0
647,CASH_IN,8983.2,C84377016,23449.81,14466.61,C25578562,26826.9,35810.1,0,0
647,PAYMENT,846.45,C49385195,195523.28,194676.83,C10597274,0.0,0.0,0,0
647,PAYMENT,16.31,C46817443,498007.84,497991.53,C75694038,0.0,0.0,0,0
647,PAYMENT,16.1,C42713008,479450.93,479434.83,M68065043,0.0,0.0,0,0
647,CASH_OUT,2821.57,C97705310,3848.97,1027.4,C22780905,13910.52,16732.09,0,0
648,PAYMENT,2161.47,C67617561,74655.25,72493.78,C18572753,0.0,0.0,0,0
648,CASH_OUT,18554.67,C54098516,54727.87,36173.2,C96322745,64560.21,83114.88,0,0
648,CASH_OUT,3145.11,C48089166,4009.2,864.09,C37263310,90331.59,93476.7,0,0
648,PAYMENT,387.16,C47393469,105478.79,105091.63,C75847681,0.0,0.0,0,0
648,PAYMENT,799.39,C64807553,279882.58,279083.19,C38644905,0.0,0.0,0,0
648,CASH_IN,54.27,C41523529,160.77,106.5,M63440127,67548.99,67603.26,0,0
648,PAYMENT,323.11,C90048665,258311.21,257988.1,M44419327,0.0,0.0,0,0
648,CASH_OUT,2223.06,C83832717,6150.1,3927.04,C81059199,52082.66,54305.72,0,0
648,TRANSFER,2030.82,C85751409,2344.32,313.5,C86767229,53833.57,55864.39,0,0
648,TRANSFER,1407.07,C28213276,4304.87,2897.8,C42847661,182759.34,184166.41,0,0
648,TRANSFER,1336.87,C13619375,3994.27,2657.4,C71028216,130693.5,132030.37,0,0
648,CASH_OUT,4230.49,C10380581,7376.62,3146.13,C52799022,80114.19,84344.68,0,0
648,CASH_OUT,2760.86,C93940940,2772.62,11.76,C16135823,88669.24,91430.1,0,0
649,TRANSFER,1340.47,C20993268,1870.35,529.88,M32099899,79724.21,81064.68,0,0
649,TRANSFER,8770.97,C51827259,15642.28,6871.31,C58412365,51834.2,60605.17,0,0
649,TRANSFER,16288.83,C28358198,36530.85,20242.02,C77447155,45614.08,61902.91,0,0
649,CASH_OUT,6997.29,C26690465,8499.9,1502.61,M70672142,96212.88,103210.17,0,0
649,PAYMENT,1469.53,C87282128,441639.55,440170.02,M37820354,0.0,0.0,0,0
649,PAYMENT,1789.31,C57123808,90430.65,88641.34,C10916723,0.0,0.0,0,0
649,TRANSFER,1805.66,C16323852,7118.01,5312.35,C85000490,102510.21,104315.87,0,0
649,DEBIT,4809.7,C18083974,9195.31,4385.61,C22802372,9975.2,14784.9,0,0
649,TRANSFER,474.51,C58612055,938.29,463.78,M93650068,126682.86,127157.37,0,0
649,TRANSFER,30902.65,C83793389,63128.07,32225.42,C70726434,188867.24,219769.89,0,0
649,CASH_OUT,17865.75,C45503389,31231.7,13365.95,C61402634,10128.17,27993.92,0,0
649,PAYMENT,1270.05,C13176186,439803.79,438533.74,C60905625,0.0,0.0,0,0
649,CASH_OUT,154196.25,C71327848,143642.39,0.0,C46997080,18562.97,0.0,1,0
649,TRANSFER,1245.8,C23489853,3024.03,1778.23,C29587040,85239.53,86485.33,0,0
650,CASH_OUT,4780.37,C60237832,9464.83,4684.46,M38720823,59104.39,63884.76,0,0
650,CASH_OUT,7210.89,C88714010,9069.23,1858.34,M13527782,20445.52,27656.41,0,0
650,CASH_OUT,5494.96,C82383095,15606.71,10111.75,M49680122,74398.49,79893.45,0,0
650,PAYMENT,786.87,C48658617,485330.3,484543.43,C82125824,0.0,0.0,0,0
650,CASH_OUT,15383.67,C13886030,16557.76,1174.09,C42559072,15110.13,30493.8,0,0
650,PAYMENT,1160.31,C94216001,265314.93,264154.62,M55314533,0.0,0.0,0,0
650,PAYMENT,393.1,C44392446,450289.88,449896.78,C77215278,0.0,0.0,0,0
650,TRANSFER,11279.57,C26395999,21277.96,9998.39,C17385816,166544.8,177824.37,0,0
650,PAYMENT,2282.6,C26194158,309831.02,307548.42,C81891784,0.0,0.0,0,0
650,CASH_OUT,16885.55,C56164955,32862.03,15976.48,C87324220,70329.05,87214.6,0,0
650,PAYMENT,1364.15,C91503378,310977.44,309613.29,C33251181,0.0,0.0,0,0
650,TRANSFER,4992.51,C38427073,9334.97,4342.46,C85427317,63989.47,68981.98,0,0
650,CASH_OUT,7675.1,C37321124,12466.07,4790.97,C49137230,86734.67,94409.77,0,0
651,PAYMENT,5240.14,C13358751,240609.16,235369.02,C35151299,0.0,0.0,0,0
651,CASH_OUT,7004.6,C31516757,8734.77,1730.17,C35319707,4014.85,11019.45,0,0
651,CASH_OUT,2513.79,C93926371,3283.73,769.94,M58762794,88944.48,91458.27,0,0
651,CASH_OUT,2495.08,C10289289,5427.67,2932.59,M16792127,28750.07,31245.15,0,0
651,DEBIT,1025.35,C33286644,1437.88,412.53,C33562830,45990.15,47015.5,0,0
651,PAYMENT,1212.23,C33607110,121124.97,119912.74,C19978827,0.0,0.0,0,0
651,PAYMENT,838.09,C21318464,23776.12,22938.03,M55147280,0.0,0.0,0,0
651,TRANSFER,23384.79,C93638503,54496.13,31111.34,M13808225,50533.24,73918.03,0,0
651,TRANSFER,5501.66,C42329237,12289.06,6787.4,M28533117,80230.55,85732.21,0,0
651,PAYMENT,798.09,C95899313,112388.55,111590.46,M30324759,0.0,0.0,0,0
651,TRANSFER,16550.48,C56138336,64614.16,48063.68,M86790955,68610.76,85161.24,0,0
651,PAYMENT,385.79,C15831819,381891.79,381506.0,C12244945,0.0,0.0,0,0
651,TRANSFER,5462.92,C64009265,11008.42,5545.5,C50168264,84776.29,90239.21,0,0
652,TRANSFER,19030.69,C73100462,57536.56,38505.87,M27268907,81631.32,100662.01,0,0
652,PAYMENT,1055.43,C17003454,374200.09,373144.66,C93029219,0.0,0.0,0,0
652,CASH_OUT,1370.99,C75319931,1680.11,309.12,C85693188,770.36,2141.35,0,0
652,CASH_OUT,4010.54,C73538641,10792.03,6781.49,C81134297,91750.5,95761.04,0,0
652,TRANSFER,20015.14,C93592219,22517.19,2502.05,C84182331,116230.41,136245.55,0,0
652,PAYMENT,3230.63,C46632757,478552.39,475321.76,C20202996,0.0,0.0,0,0
652,CASH_OUT,4747.48,C33581357,5537.74,790.26,M43635675,52255.0,57002.48,0,0
652,DEBIT,8557.29,C90893133,16321.15,7763.86,C52980983,68815.61,77372.9,0,0
652,CASH_OUT,7045.64,C14835614,10440.62,3394.98,C46407626,79943.81,86989.45,0,0
652,TRANSFER,9612.37,C91178885,31535.51,21923.14,C13031322,183889.63,193502.0,0,0
652,PAYMENT,151.23,C30868105,432789.41,432638.18,C21095863,0.0,0.0,0,0
652,CASH_OUT,357.63,C16202700,774.46,416.83,C13612618,31967.18,32324.81,0,0
652,PAYMENT,2393.22,C81182864,435573.15,433179.93,C50109721,0.0,0.0,0,0
652,PAYMENT,507.77,C34391257,409214.34,408706.57,C93029219,0.0,0.0,0,0
653,CASH_OUT,4574.9,C21257528,6298.22,1723.32,C85947990,86068.62,90643.52,0,0
653,CASH_OUT,3575.35,C63516659,4632.98,1057.63,C83233096,17663.76,21239.11,0,0
653,TRANSFER,15605.37,C15820356,40339.29,24733.92,C25759274,67531.28,83136.65,0,0
653,TRANSFER,11352.96,C29270557,15112.0,3759.04,C53334226,5885.42,17238.38,0,0
653,DEBIT,2616.23,C66765623,4209.97,1593.74,M36867482,85619.4,88235.63,0,0
653,TRANSFER,142.66,C18126895,446.57,303.91,C66268745,109330.24,109472.9,0,0
653,CASH_OUT,201.12,C47308985,221.19,20.07,C51512209,22135.76,22336.88,0,0
653,TRANSFER,19670.01,C84813739,62358.16,42688.15,C36332415,45629.82,65299.83,0,0
653,TRANSFER,3870.55,C11898961,3946.18,75.63,M69374716,96916.79,100787.34,0,0
653,CASH_OUT,1621.62,C67801537,2249.21,627.59,C74343201,70055.72,71677.34,0,0
653,CASH_OUT,4761.36,C29175900,9906.1,5144.74,M69849800,28180.84,32942.2,0,0
653,PAYMENT,3542.93,C43742830,495445.22,491902.29,C95133532,0.0,0.0,0,0
653,PAYMENT,6857.06,C45630292,464679.92,457822.86,C12101593,0.0,0.0,0,0
654,PAYMENT,468.74,C47308985,324086.33,323617.59,C59239353,0.0,0.0,0,0
654,PAYMENT,31.14,C82383095,232286.21,232255.07,C59911470,0.0,0.0,0,0
654,CASH_OUT,5961.48,C86726461,11217.55,5256.07,C52710350,11131.91,17093.39,0,0
654,CASH_OUT,1533.27,C28024248,4212.89,2679.62,C84721440,16961.7,18494.97,0,0
654,TRANSFER,13014.47,C29776801,21759.21,8744.74,C58079840,43221.73,56236.2,0,0
654,TRANSFER,14441.18,C73411827,46710.72,32269.54,C65784972,19414.38,33855.56,0,0
654,CASH_OUT,658.85,C66254240,1151.82,492.97,C65439545,52918.61,53577.46,0,0
654,CASH_OUT,6426.92,C41068214,11246.8,4819.88,C58219001,35460.6,41887.52,0,0
654,CASH_OUT,892.65,C91415657,1315.33,422.68,C65540647,68942.22,69834.87,0,0
654,PAYMENT,759.28,C23489853,17202.25,16442.97,M35878707,0.0,0.0,0,0
654,PAYMENT,397.79,C97874085,490553.8,490156.01,M56442431,0.0,0.0,0,0
654,CASH_OUT,5133.76,C96347724,14297.32,9163.56,C52779814,58966.19,64099.95,0,0
654,CASH_OUT,1330.61,C40884937,2789.48,1458.87,C58219001,24734.87,26065.48,0,0
654,CASH_IN,1110.91,C59302863,2195.44,1084.53,M26800072,21188.24,22299.15,0,0
655,CASH_OUT,17056.89,C31751079,34099.03,17042.14,C53166435,51913.22,68970.11,0,0
655,CASH_OUT,24759.35,C67965485,39613.85,14854.5,C72423883,38570.71,63330.06,0,0
655,CASH_OUT,1276.05,C40667888,2031.51,755.46,C59333294,99276.62,100552.67,0,0
655,PAYMENT,598.6,C51870192,76322.55,75723.95,C10856024,0.0,0.0,0,0
655,PAYMENT,1727.13,C34347841,286325.07,284597.94,C52802529,0.0,0.0,0,0
655,PAYMENT,2542.59,C57354167,185566.95,183024.36,C59995026,0.0,0.0,0,0
655,TRANSFER,7946.11,C91030736,30365.99,22419.88,C98032908,77057.31,85003.42,0,0
655,CASH_IN,1436.49,C58612055,3092.9,1656.41,M57319709,39195.76,40632.25,0,0
655,CASH_OUT,7084.89,C49700543,19564.73,12479.84,M14179623,32033.79,39118.68,0,0
655,PAYMENT,1052.71,C82772208,471012.42,469959.71,C92698414,0.0,0.0,0,0
655,TRANSFER,17835.98,C50181935,53238.87,35402.89,C34072553,32862.92,50698.9,0,0
655,CASH_OUT,3281.16,C94374605,9399.36,6118.2,C48451741,63158.0,66439.16,0,0
655,CASH_OUT,1390.41,C76344695,4058.49,2668.08,C25845304,12128.11,13518.52,0,0
656,CASH_OUT,10076.29,C91378577,10478.68,402.39,C93240786,11754.01,21830.3,0,0
656,DEBIT,7704.83,C87789079,22178.98,14474.15,C96702893,22027.99,29732.82,0,0
656,TRANSFER,48181.3,C80162053,58010.75,9829.45,M90882505,56389.29,104570.59,0,0
656,TRANSFER,12314.08,C32814819,14798.19,2484.11,M67192331,94003.32,106317.4,0,0
656,PAYMENT,5912.09,C86125617,99759.73,93847.64,C14171767,0.0,0.0,0,0
656,CASH_OUT,7049.48,C64547971,16450.27,9400.79,C46024950,52738.17,59787.65,0,0
656,PAYMENT,2172.19,C93394260,422316.38,420144.19,C89526622,0.0,0.0,0,0
656,CASH_OUT,5620.25,C82506491,10811.48,5191.23,C43226234,82328.06,87948.31,0,0
656,PAYMENT,1019.11,C88213973,392877.6,391858.49,C86767229,0.0,0.0,0,0
656,PAYMENT,966.82,C25014631,336170.24,335203.42,C20482769,0.0,0.0,0,0
656,PAYMENT,654.09,C32269779,349435.0,348780.91,M48735464,0.0,0.0,0,0
656,PAYMENT,402.15,C75056916,440708.76,440306.61,M59115280,0.0,0.0,0,0
656,PAYMENT,3796.74,C26240908,282457.74,278661.0,M72608888,0.0,0.0,0,0
656,TRANSFER,6164.92,C43887075,19763.18,13598.26,C68930964,181843.33,188008.25,0,0
657,TRANSFER,749014.22,C18620650,674966.8,0.0,C97227356,59462.61,0.0,1,1
657,CASH_OUT,12797.47,C78444607,38148.98,25351.51,C74796438,81743.55,94541.02,0,0
657,PAYMENT,535.51,C16729990,178342.38,177806.87,M33173544,0.0,0.0,0,0
657,CASH_IN,2369.65,C46866075,6371.05,4001.4,C76960098,97093.44,99463.09,0,0
657,PAYMENT,249.63,C68186525,121598.75,121349.12,C75540707,0.0,0.0,0,0
657,PAYMENT,6906.27,C79172559,417286.46,410380.19,C23484199,0.0,0.0,0,0
657,PAYMENT,3866.54,C99170406,332122.02,328255.48,C13600310,0.0,0.0,0,0
657,CASH_IN,4629.47,C25304396,11394.12,6764.65,C32083803,78243.57,82873.04,0,0
657,PAYMENT,137.67,C33574011,177149.5,177011.83,M52103092,0.0,0.0,0,0
657,TRANSFER,6353.99,C38317637,14444.19,8090.2,C86767229,149654.5,156008.49,0,0
657,CASH_OUT,2938.82,C58895439,5384.3,2445.48,C46407626,47288.37,50227.19,0,0
657,CASH_IN,3875.79,C67495923,4811.0,935.21,C77996397,13071.77,16947.56,0,0
657,CASH_OUT,11390.21,C82374753,17361.87,5971.66,C22490873,44927.46,56317.67,0,0
658,PAYMENT,401.53,C39372360,226661.16,226259.63,C50417154,0.0,0.0,0,0
658,PAYMENT,235.6,C61700055,431931.57,431695.97,C37449289,0.0,0.0,0,0
658,TRANSFER,4748.78,C44489940,14409.14,9660.36,C41749355,67285.38,72034.16,0,0
658,TRANSFER,48639.68,C20043277,82959.34,34319.66,C20770971,77939.09,126578.77,0,0
658,PAYMENT,1177.44,C44269370,235898.54,234721.1,C37619925,0.0,0.0,0,0
658,PAYMENT,585.18,C55540424,176632.63,176047.45,M77353073,0.0,0.0,0,0
658,TRANSFER,35266.47,C27339011,99976.99,64710.52,M19939096,13254.82,48521.29,0,0
658,TRANSFER,905.31,C86483924,2644.62,1739.31,C63015826,25494.65,26399.96,0,0
658,TRANSFER,1990.25,C60867083,5437.35,3447.1,C52940967,114150.86,116141.11,0,0
658,PAYMENT,1453.86,C35649468,288447.62,286993.76,C63094168,0.0,0.0,0,0
658,PAYMENT,947.46,C85146293,121009.8,120062.34,C54689713,0.0,0.0,0,0
658,CASH_OUT,2789.68,C45833156,4158.38,1368.7,M95623471,55511.31,58300.99,0,0
658,PAYMENT,6362.41,C82613940,21723.57,15361.16,M28450513,0.0,0.0,0,0
658,TRANSFER,18192.17,C82503409,46331.8,28139.63,C86475853,147870.7,166062.87,0,0
659,PAYMENT,976.58,C95918360,188207.7,187231.12,C30706693,0.0,0.0,0,0
659,TRANSFER,5132.44,C56397338,7872.18,2739.74,C68916591,138219.64,143352.08,0,0
659,PAYMENT,679.48,C45551614,299915.01,299235.53,M70445541,0.0,0.0,0,0
659,DEBIT,5912.26,C87265240,12402.27,6490.01,C21571285,49095.97,55008.23,0,0
659,PAYMENT,1351.63,C79654147,63697.26,62345.63,C74992426,0.0,0.0,0,0
659,DEBIT,6070.43,C30863865,7984.36,1913.93,C69831384,59089.03,65159.46,0,0
659,PAYMENT,3045.53,C41272553,100090.0,97044.47,C10597274,0.0,0.0,0,0
659,PAYMENT,917.91,C60491958,62865.81,61947.9,C74343201,0.0,0.0,0,0
659,TRANSFER,22906.04,C13704481,77924.76,55018.72,C23102741,28351.53,51257.57,0,0
659,CASH_IN,13321.57,C36786211,25057.77,11736.2,M13808225,46009.0,59330.57,0,0
659,PAYMENT,3834.43,C17195288,453021.39,449186.96,C53038943,0.0,0.0,0,0
659,PAYMENT,473.41,C41227216,123658.95,123185.54,C76591799,0.0,0.0,0,0
659,TRANSFER,7945.4,C83076970,27279.33,19333.93,C58557943,88436.04,96381.44,0,0
660,CASH_OUT,3314.31,C43251599,3682.07,367.76,C15345470,32565.68,35879.99,0,0
660,CASH_IN,1425.8,C34359060,3308.33,1882.53,C69228397,72477.05,73902.85,0,0
660,PAYMENT,3812.49,C87277086,282146.87,278334.38,C62928934,0.0,0.0,0,0
660,PAYMENT,1420.72,C36550845,103512.32,102091.6,C14259382,0.0,0.0,0,0
660,CASH_OUT,3571.46,C12550658,5083.49,1512.03,M82033413,64073.9,67645.36,0,0
660,CASH_OUT,998.27,C51373735,2845.05,1846.78,C34679818,7649.14,8647.41,0,0
660,DEBIT,804.26,C69533928,1600.4,796.14,C82445335,3165.76,3970.02,0,0
660,TRANSFER,1038.88,C61632653,2470.75,1431.87,M55511258,10982.6,12021.48,0,0
660,TRANSFER,1186146.06,C29777514,1174601.95,0.0,C97380687,37315.99,1223462.05,1,1
660,CASH_OUT,14219.91,C26989677,21517.06,7297.15,M83319550,19946.73,34166.64,0,0
660,CASH_OUT,3944.65,C26240908,10965.43,7020.78,C28453800,79099.15,83043.8,0,0
660,CASH_IN,3304.62,C23770458,8635.54,5330.92,M69580374,53710.71,57015.33,0,0
660,CASH_OUT,4582.92,C93517915,11539.95,6957.03,M96592295,22782.92,27365.84,0,0
661,TRANSFER,21977.72,C95758649,39950.18,17972.46,C54424679,160571.23,182548.95,0,0
661,PAYMENT,1223.99,C76238574,358993.25,357769.26,C32409388,0.0,0.0,0,0
661,CASH_OUT,11765.79,C55667651,23220.6,11454.81,C73360324,74867.33,86633.12,0,0
661,DEBIT,3603.91,C91029073,8088.86,4484.95,C18338186,34880.77,38484.68,0,0
661,CASH_OUT,2556.34,C61998170,7264.21,4707.87,C68000104,139.69,2696.03,0,0
661,TRANSFER,28507.5,C20939011,71690.37,43182.87,C47621248,175580.98,204088.48,0,0
661,CASH_IN,11338.73,C49613214,25201.36,13862.63,C12111482,93806.52,105145.25,0,0
661,PAYMENT,2856.52,C82503409,108635.69,105779.17,M35479101,0.0,0.0,0,0
661,CASH_IN,2291.21,C41568532,6174.91,3883.7,C63992760,62765.61,65056.82,0,0
661,TRANSFER,18220.28,C54318698,70325.37,52105.09,C50693207,42817.3,61037.58,0,0
661,CASH_OUT,25217.11,C64707061,57200.52,31983.41,C32398441,10074.55,35291.66,0,0
661,TRANSFER,15118.76,C81688860,53902.51,38783.75,C23851475,60614.06,75732.82,0,0
661,CASH_OUT,3457.09,C95306788,4096.71,639.62,C55307111,97767.99,101225.08,0,0
661,DEBIT,3999.99,C80415568,10732.47,6732.48,C22205980,87878.95,91878.94,0,0
662,TRANSFER,1469.1,C88339168,5136.72,3667.62,C51999682,67530.29,68999.39,0,0
662,TRANSFER,15988.24,C72732043,23790.49,7802.25,C69302835,182494.49,198482.73,0,0
662,CASH_IN,1499.62,C96825515,3990.58,2490.96,M76423575,34168.26,35667.88,0,0
662,TRANSFER,2106.28,C64009265,6587.57,4481.29,C76591799,34753.82,36860.1,0,0
662,CASH_OUT,16167.99,C38984499,16296.24,128.25,C99826000,83653.35,99821.34,0,0
662,CASH_OUT,4849.6,C53507489,11313.22,6463.62,C27714442,22907.39,27756.99,0,0
662,CASH_OUT,513.08,C38470244,1455.43,942.35,C52980983,80143.82,80656.9,0,0
662,CASH_OUT,4657.14,C81947921,7071.29,2414.15,C18181595,68518.04,73175.18,0,0
662,CASH_OUT,11503.83,C66765623,12670.87,1167.04,C28198434,79140.97,90644.8,0,0
662,CASH_OUT,7641.48,C12205915,22699.51,15058.03,C23102741,5147.13,12788.61,0,0
662,CASH_IN,23043.43,C44088261,39518.12,16474.69,C68718382,39118.29,62161.72,0,0
662,CASH_OUT,626.39,C20993268,1418.66,792.27,M84252324,73813.93,74440.32,0,0
662,TRANSFER,276424.05,C34347841,261367.95,0.0,M77353073,33795.39,0.0,1,1
663,CASH_OUT,190.58,C25766039,319.2,128.62,M50259503,25309.28,25499.86,0,0
663,PAYMENT,114.28,C53154591,265333.23,265218.95,M97393186,0.0,0.0,0,0
663,CASH_OUT,3527.42,C71428713,4387.03,859.61,C80573568,21833.19,25360.61,0,0
663,TRANSFER,1439.45,C45159040,4595.38,3155.93,C22549425,3454.27,4893.72,0,0
663,CASH_OUT,1985.82,C65766169,4358.01,2372.19,C18181595,92102.33,94088.15,0,0
663,PAYMENT,1594.71,C96268397,216685.05,215090.34,C61407440,0.0,0.0,0,0
663,CASH_OUT,2300.3,C78765957,2836.6,536.3,C27544302,64679.7,66980.0,0,0
663,CASH_OUT,1631.93,C68800797,3177.18,1545.25,C43226234,17043.54,18675.47,0,0
663,CASH_OUT,1352.4,C28566572,3347.8,1995.4,C41426254,30401.77,31754.17,0,0
663,PAYMENT,2297.92,C82909480,44650.89,42352.97,M61028283,0.0,0.0,0,0
663,CASH_OUT,1058.37,C95756900,2509.55,1451.18,C72189327,65040.99,66099.36,0,0
663,PAYMENT,2743.94,C21003626,292282.62,289538.68,C23102741,0.0,0.0,0,0
663,CASH_OUT,2031.96,C22097496,3211.28,1179.32,C91300905,28424.37,30456.33,0,0
663,CASH_OUT,712.86,C17061037,1444.58,731.72,M96094462,36181.7,36894.56,0,0
664,TRANSFER,326.9,C67723010,896.77,569.87,C75581613,116517.06,116843.96,0,0
664,TRANSFER,1033.5,C84813739,2030.15,996.65,C28268622,2138.59,3172.09,0,0
664,TRANSFER,6671.57,C72682989,20894.07,14222.5,C13209180,22506.45,29178.02,0,0
664,TRANSFER,101170.66,C82498004,126573.16,0.0,C16796477,70184.09,0.0,1,0
664,PAYMENT,683.22,C16927215,480257.44,479574.22,C54230340,0.0,0.0,0,0
664,CASH_OUT,2351.57,C42394260,3749.79,1398.22,C17882882,7410.29,9761.86,0,0
664,CASH_OUT,2356.04,C76481885,6783.02,4426.98,M28392710,59985.79,62341.83,0,0
664,TRANSFER,10058.39,C26726926,36821.21,26762.82,C28198434,66062.8,76121.19,0,0
664,CASH_IN,626.27,C58970845,753.76,127.49,C23560308,41634.23,42260.5,0,0
664,PAYMENT,1414.58,C36772387,347536.65,346122.07,C99133246,0.0,0.0,0,0
664,CASH_IN,22939.3,C71894493,68640.99,45701.69,M90197611,96666.35,119605.65,0,0
664,TRANSFER,7675.18,C75569635,10292.7,2617.52,C77056519,131271.66,138946.84,0,0
664,CASH_OUT,4105.54,C96057593,4611.64,506.1,M18041391,31464.54,35570.08,0,0
665,CASH_OUT,10407.34,C38688676,18788.21,8380.87,M83867070,87782.23,98189.57,0,0
665,CASH_OUT,3484.61,C37437207,5128.11,1643.5,M29834119,18303.08,21787.69,0,0
665,TRANSFER,12346.55,C64009265,12804.73,458.18,C76065552,25951.47,38298.02,0,0
665,TRANSFER,7444.99,C70254091,28018.53,20573.54,C30317091,79512.67,86957.66,0,0
665,PAYMENT,296.86,C44044361,239353.57,239056.71,C60981231,0.0,0.0,0,0
665,TRANSFER,20855.8,C81182864,69680.8,48825.0,C21095863,2995.5,23851.3,0,0
665,PAYMENT,1119.24,C60864911,124954.72,123835.48,C10466177,0.0,0.0,0,0
665,PAYMENT,176.07,C96721710,379271.37,379095.3,C39648058,0.0,0.0,0,0
665,CASH_IN,9693.87,C66431351,14380.69,4686.82,M12232974,42391.19,52085.06,0,0
665,PAYMENT,1918.31,C96629889,407144.2,405225.89,M56630633,0.0,0.0,0,0
665,PAYMENT,7913.08,C91029073,16759.64,8846.56,C65556767,0.0,0.0,0,0
665,PAYMENT,419.17,C33581357,310301.59,309882.42,M19869264,0.0,0.0,0,0
665,CASH_OUT,9062.87,C67594492,20563.3,11500.43,M82905845,66111.49,75174.36,0,0
665,PAYMENT,1863.73,C86762164,268560.97,266697.24,C61920550,0.0,0.0,0,0
666,PAYMENT,3778.75,C70887034,455144.5,451365.75,C10145801,0.0,0.0,0,0
666,PAYMENT,3694.15,C16895666,198779.24,195085.09,C27810664,0.0,0.0,0,0
666,TRANSFER,7232.47,C82475098,18929.12,11696.65,C28176954,175426.05,182658.52,0,0
666,CASH_IN,23271.73,C34194479,45928.85,22657.12,C50417154,13409.35,36681.08,0,0
666,CASH_OUT,729.78,C32969840,990.28,260.5,C98329927,29211.25,29941.03,0,0
666,TRANSFER,1253026.07,C67213476,1440327.15,187301.08,M21571646,37037.09,0.0,1,1
666,TRANSFER,8769.59,C63904155,28615.02,19845.43,C22494970,143222.26,151991.85,0,0
666,CASH_OUT,144.51,C71045700,226.49,81.98,C52710350,46195.2,46339.71,0,0
666,CASH_OUT,6280.82,C83212334,8577.68,2296.86,M93650068,34635.52,40916.34,0,0
666,PAYMENT,1276.79,C86560394,219560.27,218283.48,M17437386,0.0,0.0,0,0
666,CASH_OUT,5785.61,C93821894,12642.84,6857.23,C53231088,20736.77,26522.38,0,0
666,PAYMENT,1487.27,C68812137,499048.4,497561.13,C84757265,0.0,0.0,0,0
666,PAYMENT,1070.88,C43311626,362511.2,361440.32,C59044830,0.0,0.0,0,0
667,CASH_OUT,6164.86,C20949687,13327.57,7162.71,C79718627,31906.26,38071.12,0,0
667,PAYMENT,1351.74,C24366125,278664.44,277312.7,M73847325,0.0,0.0,0,0
667,CASH_IN,902.57,C88961459,1897.8,995.23,C30144023,79503.56,80406.13,0,0
667,DEBIT,6112.51,C84121929,8444.12,2331.61,C32059232,38132.68,44245.19,0,0
667,CASH_OUT,1706.14,C43704923,2273.98,567.84,C54448673,83419.93,85126.07,0,0
667,PAYMENT,3557.0,C97883261,214386.71,210829.71,C94929036,0.0,0.0,0,0
667,TRANSFER,881.06,C91030736,2830.65,1949.59,C52503832,8906.59,9787.65,0,0
667,CASH_OUT,716.62,C80993218,1221.52,504.9,C91907952,91408.59,92125.21,0,0
667,CASH_OUT,5182.57,C27339011,10583.48,5400.91,C91907952,60208.51,65391.08,0,0
667,DEBIT,7731.8,C44269370,8826.26,1094.46,M96075494,8064.36,15796.16,0,0
667,PAYMENT,729.65,C16895666,290141.64,289411.99,C39236638,0.0,0.0,0,0
667,CASH_OUT,2750.77,C47816686,3802.49,1051.72,C47342819,24944.64,27695.41,0,0
667,CASH_IN,6704.12,C22762205,16356.91,9652.79,C75847681,34618.09,41322.21,0,0
667,PAYMENT,3190.22,C94743076,491735.98,488545.76,C60388958,0.0,0.0,0,0
668,PAYMENT,237.15,C22304198,248817.88,248580.73,M90882505,0.0,0.0,0,0
668,CASH_OUT,10061.24,C72394301,21160.37,11099.13,M15684813,77432.66,87493.9,0,0
668,TRANSFER,4193.83,C42111036,11464.28,7270.45,C56751880,122779.24,126973.07,0,0
668,TRANSFER,5138.83,C70210270,10480.69,5341.86,C32718459,76199.07,81337.9,0,0
668,PAYMENT,427.41,C50569669,479179.49,478752.08,C67610401,0.0,0.0,0,0
668,CASH_OUT,11583.23,C43374088,24251.44,12668.21,C30854365,1148.47,12731.7,0,0
668,PAYMENT,319.97,C13619375,290242.89,289922.92,C75052579,0.0,0.0,0,0
668,CASH_OUT,6819.78,C31227574,10327.94,3508.16,C66135102,27947.36,34767.14,0,0
668,CASH_IN,954.73,C23676961,2383.49,1428.76,C85721444,16288.33,17243.06,0,0
668,PAYMENT,1179.46,C68450095,167739.83,166560.37,C34756698,0.0,0.0,0,0
668,CASH_OUT,3321.3,C43273328,8797.91,5476.61,M46702849,70798.2,74119.5,0,0
668,CASH_OUT,1044.57,C19339597,1777.9,733.33,C16533225,9626.74,10671.31,0,0
668,TRANSFER,12978.58,C23492385,26776.91,13798.33,M24660143,184223.08,197201.66,0,0
669,TRANSFER,13752.5,C70606674,14821.47,1068.97,C45772648,82733.48,96485.98,0,0
669,TRANSFER,4970.37,C65804273,8405.78,3435.41,C94019376,172251.9,177222.27,0,0
669,PAYMENT,803.74,C42287985,116230.45,115426.71,C20605783,0.0,0.0,0,0
669,PAYMENT,1666.3,C75184410,367599.04,365932.74,C84797762,0.0,0.0,0,0
669,CASH_OUT,2239.63,C85329037,5527.29,3287.66,C37040091,25180.88,27420.51,0,0
669,PAYMENT,6498.54,C63747791,249320.52,242821.98,M77674279,0.0,0.0,0,0
669,PAYMENT,213.08,C42002808,72896.54,72683.46,C28419506,0.0,0.0,0,0
669,TRANSFER,16198.47,C91363974,58290.48,42092.01,C99628735,97886.02,114084.49,0,0
669,PAYMENT,1292.45,C93940940,405300.74,404008.29,C27036337,0.0,0.0,0,0
669,TRANSFER,1603.55,C30796389,6380.75,4777.2,C60785855,40545.68,42149.23,0,0
669,PAYMENT,1945.77,C37057085,339858.0,337912.23,C36229153,0.0,0.0,0,0
669,CASH_OUT,687.91,C99913412,842.05,154.14,C82156607,51595.45,52283.36,0,0
669,PAYMENT,1545.54,C67556566,443647.81,442102.27,M27318510,0.0,0.0,0,0
670,CASH_OUT,2199.87,C92950779,5076.6,2876.73,C25285764,57020.27,59220.14,0,0
670,CASH_OUT,985.53,C54446182,1591.05,605.52,C72146184,44312.03,45297.56,0,0
670,PAYMENT,40.72,C77624084,375065.41,375024.69,C52688984,0.0,0.0,0,0
670,CASH_OUT,2612.55,C32218290,3239.59,627.04,M27268907,90315.79,92928.34,0,0
670,CASH_OUT,6211.4,C67556566,13433.32,7221.92,C11619606,24416.83,30628.23,0,0
670,CASH_OUT,1731.97,C51551377,2485.23,753.26,C32750139,8767.95,10499.92,0,0
670,PAYMENT,5368.28,C87789079,477077.75,471709.47,C59995026,0.0,0.0,0,0
670,CASH_OUT,9030.11,C61700055,27023.72,17993.61,M72608888,50386.86,59416.97,0,0
670,PAYMENT,666.51,C85863473,121887.43,121220.92,C21908603,0.0,0.0,0,0
670,CASH_OUT,455.96,C89379016,760.84,304.88,C40314047,97108.21,97564.17,0,0
670,CASH_OUT,2852.47,C80794454,3002.78,150.31,C58258264,23487.64,26340.11,0,0
670,PAYMENT,413.73,C87181563,49571.34,49157.61,C64914054,0.0,0.0,0,0
670,PAYMENT,187.94,C41711468,123240.21,123052.27,M14346684,0.0,0.0,0,0
670,CASH_OUT,1437.98,C26989677,2508.48,1070.5,C56241881,9267.95,10705.93,0,0
671,PAYMENT,3437.69,C45833156,24177.13,20739.44,C13933043,0.0,0.0,0,0
671,TRANSFER,6073.49,C43744231,7454.65,1381.16,C29587040,51312.59,57386.08,0,0
671,CASH_OUT,12068.32,C89212676,15319.91,3251.59,M65913331,26179.06,38247.38,0,0
671,PAYMENT,901.96,C11646234,213456.71,212554.75,M34422678,0.0,0.0,0,0
671,CASH_OUT,1967.76,C20043277,4492.51,2524.75,C34929311,63233.59,65201.35,0,0
671,CASH_OUT,17835.23,C28024248,38091.49,20256.26,C77996124,57394.23,75229.46,0,0
671,CASH_IN,1596.11,C66828640,4322.38,2726.27,C46297263,20962.45,22558.56,0,0
671,PAYMENT,4747.04,C66623995,12258.73,7511.69,C33851602,0.0,0.0,0,0
671,TRANSFER,2902.84,C91178885,7218.57,4315.73,C43223132,43395.99,46298.83,0,0
671,CASH_OUT,1723.31,C67684996,2083.39,360.08,C20770971,41135.85,42859.16,0,0
671,PAYMENT,3181.04,C89978790,24402.27,21221.23,C50109721,0.0,0.0,0,0
671,PAYMENT,109.84,C56164955,422040.83,421930.99,C44152669,0.0,0.0,0,0
671,PAYMENT,1410.71,C46913810,7969.49,6558.78,M79538491,0.0,0.0,0,0
672,PAYMENT,966.84,C69849511,101240.29,100273.45,M66121095,0.0,0.0,0,0
672,CASH_OUT,9493.68,C90070438,27722.36,18228.68,C41796721,45521.5,55015.18,0,0
672,PAYMENT,2560.25,C30244148,25567.91,23007.66,M58657117,0.0,0.0,0,0
672,PAYMENT,1704.07,C15350023,487934.2,486230.13,C48451741,0.0,0.0,0,0
672,TRANSFER,1561.69,C87736262,4742.92,3181.23,C48063218,119762.41,121324.1,0,0
672,CASH_OUT,1277.99,C20200074,3822.54,2544.55,C24363501,46425.29,47703.28,0,0
672,PAYMENT,675.51,C96128115,245582.42,244906.91,M45521514,0.0,0.0,0,0
672,CASH_OUT,1382.84,C54703713,2828.56,1445.72,C26031369,76427.27,77810.11,0,0
672,PAYMENT,25.01,C43554863,280532.53,280507.52,C18115992,0.0,0.0,0,0
672,TRANSFER,6816.95,C19913576,18141.11,11324.16,C44727276,169949.49,176766.44,0,0
672,PAYMENT,92.72,C41068214,212912.62,212819.9,C90268079,0.0,0.0,0,0
672,TRANSFER,18725.64,C98292612,67305.65,48580.01,C17531619,44329.78,63055.42,0,0
672,CASH_OUT,9909.03,C79654147,12461.45,2552.42,C63244581,21308.31,31217.34,0,0
672,PAYMENT,5100.71,C61401477,267449.48,262348.77,M96094462,0.0,0.0,0,0
673,PAYMENT,6978.64,C93176117,308132.61,301153.97,M17940667,0.0,0.0,0,0
673,PAYMENT,966.67,C65684858,400340.91,399374.24,C76479831,0.0,0.0,0,0
673,TRANSFER,5376.22,C72043515,9002.34,3626.12,C20482769,55707.24,61083.46,0,0
673,CASH_OUT,6910.36,C35556386,11631.28,4720.92,C70340936,50129.14,57039.5,0,0
673,CASH_IN,4803.31,C49093864,12570.15,7766.84,C28185096,8449.43,13252.74,0,0
673,TRANSFER,1232.7,C13886030,3910.83,2678.13,C80310522,56829.32,58062.02,0,0
673,CASH_IN,4059.57,C15858241,11357.28,7297.71,C78541804,3062.11,7121.68,0,0
673,CASH_OUT,2660.63,C96825515,4803.71,2143.08,C99929175,31169.84,33830.47,0,0
673,TRANSFER,34387.88,C25253751,99760.78,65372.9,M83819367,22281.73,56669.61,0,0
673,PAYMENT,528.76,C34272734,402819.2,402290.44,C67845091,0.0,0.0,0,0
673,PAYMENT,2366.88,C51708177,310668.58,308301.7,C17575790,0.0,0.0,0,0
673,PAYMENT,137.74,C13783268,54809.45,54671.71,C79942848,0.0,0.0,0,0
673,PAYMENT,1092.9,C73481797,163994.1,162901.2,C25194922,0.0,0.0,0,0
674,TRANSFER,650.22,C19208698,714.53,64.31,C36332415,180204.98,180855.2,0,0
674,CASH_IN,15324.18,C15505975,33742.33,18418.15,C60666702,76720.74,92044.92,0,0
674,PAYMENT,1982.5,C88862539,225133.03,223150.53,M80528349,0.0,0.0,0,0
674,CASH_OUT,1405.61,C12118101,1493.03,87.42,C49652241,41057.81,42463.42,0,0
674,PAYMENT,1023.41,C49172995,424025.11,423001.7,C50045602,0.0,0.0,0,0
674,TRANSFER,1466253.7,C21257528,1714696.87,248443.17,C62231715,7470.34,0.0,1,1
674,PAYMENT,2481.58,C36550845,329051.68,326570.1,C60213478,0.0,0.0,0,0
674,TRANSFER,12865.25,C84252420,26233.48,13368.23,M65135987,136805.86,149671.11,0,0
674,PAYMENT,1153.77,C39254705,169614.69,168460.92,C61367949,0.0,0.0,0,0
674,PAYMENT,1131.13,C61343880,161166.04,160034.91,C64069715,0.0,0.0,0,0
674,CASH_OUT,7374.81,C33607110,7905.96,531.15,C15095407,75884.47,83259.28,0,0
674,TRANSFER,14320.91,C66808292,43429.49,29108.58,C28270317,91750.47,106071.38,0,0
674,CASH_IN,4963.08,C70896652,9959.27,4996.19,C39648058,52563.33,57526.41,0,0
674,PAYMENT,1717.79,C21087928,294733.13,293015.34,C42823140,0.0,0.0,0,0
675,PAYMENT,3094.88,C93851247,322883.55,319788.67,M97991930,0.0,0.0,0,0
675,TRANSFER,5936.34,C70306604,23272.23,17335.89,C28792245,22064.77,28001.11,0,0
675,PAYMENT,728.95,C77085942,370653.06,369924.11,M44935501,0.0,0.0,0,0
675,CASH_IN,156.03,C70939053,199.67,43.64,C99399687,66608.42,66764.45,0,0
675,TRANSFER,1140242.6,C90092958,1089134.46,0.0,C58557943,6805.09,0.0,1,1
675,CASH_IN,2561.32,C77898694,4623.35,2062.03,C39246218,68808.26,71369.58,0,0
675,TRANSFER,10468.94,C66379329,32229.17,21760.23,C87500742,178608.44,189077.38,0,0
675,TRANSFER,2315.76,C29806690,2475.45,159.69,M18041391,139117.19,141432.95,0,0
675,PAYMENT,1421.69,C62274692,214906.63,213484.94,C54506155,0.0,0.0,0,0
675,CASH_IN,612.28,C95199362,1251.28,639.0,M85647532,25711.22,26323.5,0,0
675,PAYMENT,703.6,C42862209,480044.65,479341.05,M29990477,0.0,0.0,0,0
675,CASH_OUT,1618.49,C35529407,4284.87,2666.38,C53855682,96118.93,97737.42,0,0
675,DEBIT,332.63,C28566572,504.77,172.14,C97241147,54861.4,55194.03,0,0
676,CASH_IN,4163.4,C82475098,5120.82,957.42,M15529005,1567.17,5730.57,0,0
676,CASH_OUT,2341.87,C22660194,5988.57,3646.7,C68341261,23093.05,25434.92,0,0
676,CASH_OUT,961.01,C86460539,1051.36,90.35,C69920305,28526.56,29487.57,0,0
676,PAYMENT,765.07,C70407340,393343.46,392578.39,M97550053,0.0,0.0,0,0
676,DEBIT,7080.99,C16150444,10540.39,3459.4,C92391596,30795.77,37876.76,0,0
676,TRANSFER,10287.45,C46023439,26647.94,16360.49,C48833650,198383.64,208671.09,0,0
676,PAYMENT,2765.27,C60562485,329319.73,326554.46,C23721268,0.0,0.0,0,0
676,CASH_OUT,5392.41,C64502486,12718.72,7326.31,C25331969,75476.27,80868.68,0,0
676,TRANSFER,40144.91,C28208520,136263.25,96118.34,C21571285,46288.36,86433.27,0,0
676,DEBIT,5220.17,C40158366,10064.88,4844.71,C16171536,62432.76,67652.93,0,0
676,TRANSFER,11648.72,C15864298,32263.09,20614.37,C79491111,29403.7,41052.42,0,0
676,CASH_OUT,2556.37,C70900658,4006.5,1450.13,C71533194,2233.12,4789.49,0,0
676,PAYMENT,793.87,C27307598,62363.56,61569.69,C89487366,0.0,0.0,0,0
676,CASH_OUT,2844.26,C29270557,3180.95,336.69,C82762732,51165.76,54010.02,0,0
677,PAYMENT,2156.71,C50455821,124040.38,121883.67,C70858653,0.0,0.0,0,0
677,TRANSFER,940.89,C26726926,3544.31,2603.42,M16101779,138178.61,139119.5,0,0
677,TRANSFER,26044.85,C50643870,87547.8,61502.95,C25745913,34044.17,60089.02,0,0
677,CASH_OUT,2002.24,C75793759,5273.42,3271.18,C36450861,5686.95,7689.19,0,0
677,CASH_IN,448.48,C93638503,665.57,217.09,C65813853,75892.92,76341.4,0,0
677,CASH_IN,1459.86,C40150759,3587.86,2128.0,M82905845,15455.7,16915.56,0,0
677,PAYMENT,863.23,C80794454,403420.53,402557.3,C76743428,0.0,0.0,0,0
677,TRANSFER,1223464.04,C46540265,1570623.4,0.0,C19801857,20998.49,0.0,1,1
677,TRANSFER,19221.17,C98550256,28149.55,8928.38,C22713811,25570.96,44792.13,0,0
677,CASH_OUT,2614.39,C59491122,5945.06,3330.67,C50502136,11354.26,13968.65,0,0
677,TRANSFER,2024.53,C15253567,5912.1,3887.57,C57973830,6525.83,8550.36,0,0
677,PAYMENT,1547.55,C83140807,53025.45,51477.9,C57501571,0.0,0.0,0,0
677,PAYMENT,1995.43,C34215035,325508.39,323512.96,C82764376,0.0,0.0,0,0
678,TRANSFER,2756.49,C84158663,5737.48,2980.99,M51512297,26590.36,29346.85,0,0
678,TRANSFER,2525.36,C33978249,3767.46,1242.1,C59535894,173057.23,175582.59,0,0
678,TRANSFER,19386.9,C48858073,76752.71,57365.81,C33315234,49624.46,69011.36,0,0
678,TRANSFER,2031.88,C46521025,5448.72,3416.84,C15307982,134285.17,136317.05,0,0
678,CASH_OUT,1083.7,C82238741,1351.79,268.09,C42813517,40935.72,42019.42,0,0
678,CASH_OUT,3313.41,C57912262,8379.27,5065.86,C55332729,57087.54,60400.95,0,0
678,TRANSFER,22980.8,C82398083,32747.81,9767.01,C62755436,158629.13,181609.93,0,0
678,CASH_OUT,217.32,C58718453,576.78,359.46,C95004924,31458.36,31675.68,0,0
678,PAYMENT,3080.99,C61053474,387441.54,384360.55,C95971459,0.0,0.0,0,0
678,PAYMENT,1192.02,C68743530,268586.93,267394.91,C60905625,0.0,0.0,0,0
678,CASH_OUT,4912.4,C19196777,11984.65,7072.25,C34702473,62486.6,67399.0,0,0
678,CASH_OUT,6517.52,C78387461,17617.04,11099.52,C95004924,58052.95,64570.47,0,0
678,CASH_OUT,8666.95,C28982195,9211.22,544.27,C90108882,79907.23,88574.18,0,0
679,CASH_OUT,2624.32,C82556484,4568.62,1944.3,M56815569,22998.99,25623.31,0,0
679,TRANSFER,15236.04,C85694715,24663.53,9427.49,C10908300,134262.96,149499.0,0,0
679,DEBIT,1638.77,C65910756,2731.04,1092.27,C75592138,64483.95,66122.72,0,0
679,PAYMENT,4014.82,C94560158,17069.39,13054.57,C90961645,0.0,0.0,0,0
679,CASH_OUT,1035.93,C35808537,1690.95,655.02,C87268086,87285.84,88321.77,0,0
679,CASH_OUT,23472.23,C18050510,50977.43,27505.2,C29628462,88251.97,111724.2,0,0
679,CASH_OUT,6897.01,C96926431,9818.84,2921.83,C36933626,25924.7,32821.71,0,0
679,PAYMENT,3142.9,C42657384,148755.8,145612.9,C50790016,0.0,0.0,0,0
679,TRANSFER,26510.1,C83863413,82479.09,55968.99,C44224936,95198.85,121708.95,0,0
679,PAYMENT,106.09,C31585546,128049.78,127943.69,C23721268,0.0,0.0,0,0
679,TRANSFER,3873.86,C68548403,8412.3,4538.44,C61338023,159070.41,162944.27,0,0
679,CASH_OUT,15795.18,C54318698,24713.51,8918.33,M75927774,5286.97,21082.15,0,0
679,CASH_OUT,10948.91,C25898299,22600.14,11651.23,M95828117,51103.41,62052.32,0,0
679,TRANSFER,17822.02,C32321899,41047.16,23225.14,C49620038,192096.13,209918.15,0,0
680,CASH_OUT,6254.49,C11994519,10820.35,4565.86,C54524025,20789.27,27043.76,0,0
680,TRANSFER,11897.7,C29090631,43520.63,31622.93,C59095909,199510.36,211408.06,0,0
680,CASH_OUT,1509.02,C25372341,2385.02,876.0,C74294443,80446.23,81955.25,0,0
680,CASH_OUT,15061.22,C56164955,18714.57,3653.35,C34756698,88595.3,103656.52,0,0
680,TRANSFER,14590.44,C60888017,52221.0,37630.56,M59251188,51402.95,65993.39,0,0
680,CASH_OUT,5477.21,C13446499,10243.08,4765.87,C61543890,9257.99,14735.2,0,0
680,TRANSFER,25709.1,C43311626,102191.79,76482.69,M56239991,171032.44,196741.54,0,0
680,TRANSFER,856.59,C72937522,2481.28,1624.69,M48307798,51321.59,52178.18,0,0
680,CASH_OUT,5654.0,C20709497,10144.85,4490.85,C77089857,13607.59,19261.59,0,0
680,CASH_OUT,795.68,C82506491,961.42,165.74,C41222178,47692.41,48488.09,0,0
680,PAYMENT,4095.69,C30005727,343447.56,339351.87,M97813295,0.0,0.0,0,0
680,PAYMENT,2498.35,C61030579,110368.1,107869.75,M26821075,0.0,0.0,0,0
680,CASH_OUT,6217.1,C80027662,9091.13,2874.03,M70394554,68039.75,74256.85,0,0
681,PAYMENT,1661.22,C18815720,293075.09,291413.87,C70850538,0.0,0.0,0,0
681,DEBIT,2821.55,C52133044,6402.78,3581.23,C79204468,50851.55,53673.1,0,0
681,TRANSFER,7119.23,C82287061,27149.13,20029.9,C45105069,92525.91,99645.14,0,0
681,PAYMENT,3348.79,C91804602,79336.46,75987.67,C42595918,0.0,0.0,0,0
681,DEBIT,30901.33,C24879094,57314.53,26413.2,M11890348,78635.82,109537.15,0,0
681,CASH_OUT,7005.36,C17275149,14990.19,7984.83,C87490324,72590.87,79596.23,0,0
681,PAYMENT,1661.8,C66581473,399622.34,397960.54,C62133188,0.0,0.0,0,0
681,CASH_OUT,11623.73,C51464269,19861.33,8237.6,C58376818,62317.92,73941.65,0,0
681,CASH_OUT,13990.86,C55414869,38498.55,24507.69,C62231715,17330.07,31320.93,0,0
681,DEBIT,10201.12,C38553319,25005.96,14804.84,M37820354,49301.15,59502.27,0,0
681,PAYMENT,2815.83,C90161060,341164.89,338349.06,C17467311,0.0,0.0,0,0
681,CASH_OUT,2443.76,C58563745,4591.58,2147.82,C49276764,10647.04,13090.8,0,0
681,PAYMENT,1708.29,C78371272,425303.23,423594.94,M36126192,0.0,0.0,0,0
681,PAYMENT,956.04,C42287985,141370.09,140414.05,C38434222,0.0,0.0,0,0
682,CASH_OUT,12189.3,C26753883,35714.43,23525.13,M88343175,39413.83,51603.13,0,0
682,CASH_OUT,3044.62,C89991301,5403.97,2359.35,C62127652,46166.97,49211.59,0,0
682,TRANSFER,3389.76,C66808292,3698.9,309.14,C63811222,133596.52,136986.28,0,0
682,TRANSFER,1512.52,C81691040,3279.62,1767.1,C85721444,133092.22,134604.74,0,0
682,CASH_IN,4315.61,C79467853,5725.7,1410.09,M91220369,37777.31,42092.92,0,0
682,PAYMENT,662.66,C83715012,478586.87,477924.21,M32978158,0.0,0.0,0,0
682,TRANSFER,9234.17,C54550177,35211.46,25977.29,M41674763,141762.55,150996.72,0,0
682,PAYMENT,4529.04,C30517835,266884.71,262355.67,M16866268,0.0,0.0,0,0
682,PAYMENT,34.48,C94216001,20854.8,20820.32,M51295819,0.0,0.0,0,0
682,PAYMENT,1311.95,C77144075,147392.9,146080.95,C88909809,0.0,0.0,0,0
682,PAYMENT,73.93,C76118957,294655.94,294582.01,C39667854,0.0,0.0,0,0
682,TRANSFER,11798.52,C11250299,30412.65,18614.13,C76591799,143915.26,155713.78,0,0
682,PAYMENT,573.85,C41726318,390362.18,389788.33,C85947990,0.0,0.0,0,0
683,TRANSFER,2184.53,C39801436,7391.94,5207.41,C81905550,37329.52,39514.05,0,0
683,TRANSFER,1168.78,C61140376,2097.94,929.16,M42542167,182220.08,183388.86,0,0
683,PAYMENT,1110.44,C63643924,320098.06,318987.62,C11069604,0.0,0.0,0,0
683,PAYMENT,160.35,C69619341,98376.11,98215.76,C82553061,0.0,0.0,0,0
683,TRANSFER,29701.13,C71753160,76037.53,46336.4,M58657117,43973.77,73674.9,0,0
683,CASH_OUT,8503.67,C46817443,11685.86,3182.19,C53855682,82487.18,90990.85,0,0
683,DEBIT,18041.13,C93394260,19522.82,1481.69,M42310051,13795.34,31836.47,0,0
683,CASH_OUT,4737.67,C13356886,6302.37,1564.7,C84386123,25745.97,30483.64,0,0
683,TRANSFER,2505.48,C84429198,9674.35,7168.87,C69572772,139684.73,142190.21,0,0
683,CASH_OUT,26491.82,C57623800,61804.51,35312.69,C52585056,38265.77,64757.59,0,0
683,TRANSFER,15534.32,C68475513,25627.41,10093.09,C62133188,99846.95,115381.27,0,0
683,TRANSFER,6886.2,C85958181,12022.47,5136.27,C83912181,193948.8,200835.0,0,0
683,TRANSFER,862497.29,C63238057,773895.28,0.0,M53627409,22198.13,884695.42,1,1
683,TRANSFER,5585.44,C67805802,16019.55,10434.11,C22410307,168418.02,174003.46,0,0
684,CASH_OUT,10418.17,C26690465,29265.87,18847.7,C14416002,10545.03,20963.2,0,0
684,DEBIT,1341.9,C43528453,2620.29,1278.39,C28504235,19277.01,20618.91,0,0
684,DEBIT,2139.34,C23913528,6167.04,4027.7,C20988446,74207.68,76347.02,0,0
684,PAYMENT,1956.09,C46698468,27732.31,25776.22,C46930534,0.0,0.0,0,0
684,PAYMENT,91.63,C37437207,342813.2,342721.57,M54458225,0.0,0.0,0,0
684,TRANSFER,15438.56,C41068214,32719.79,17281.23,C46066605,128141.33,143579.89,0,0
684,PAYMENT,1499.59,C26733967,15346.58,13846.99,C31337593,0.0,0.0,0,0
684,CASH_OUT,6666.34,C16729990,6913.49,247.15,C18113477,60749.55,67415.89,0,0
684,DEBIT,2883.14,C90267122,3879.68,996.54,M28761086,56077.5,58960.64,0,0
684,PAYMENT,586.13,C93154172,44524.97,43938.84,C62294176,0.0,0.0,0,0
684,TRANSFER,15116.61,C26090908,38809.48,23692.87,C55735904,169208.69,184325.3,0,0
684,PAYMENT,579.23,C49428661,174890.46,174311.23,C18289024,0.0,0.0,0,0
684,CASH_OUT,5606.33,C54318698,13451.56,7845.23,C75697427,57023.48,62629.81,0,0
685,CASH_OUT,8401.54,C67801537,11925.23,3523.69,M21783073,81285.97,89687.51,0,0
685,CASH_OUT,5781.4,C93821894,16114.73,10333.33,C93135800,51609.44,57390.84,0,0
685,TRANSFER,49424.46,C51286958,117666.4,68241.94,C29825571,89650.47,139074.93,0,0
685,CASH_OUT,1183.06,C11868130,1648.27,465.21,M61940566,81905.13,83088.19,0,0
685,PAYMENT,1784.11,C45570755,270137.61,268353.5,C58991556,0.0,0.0,0,0
685,CASH_IN,1034.46,C39738898,2821.44,1786.98,C97227356,88598.94,89633.4,0,0
685,PAYMENT,3209.66,C79519112,35384.72,32175.06,C90753812,0.0,0.0,0,0
685,CASH_IN,1667.44,C66581473,2232.04,564.6,M31473054,79529.52,81196.96,0,0
685,TRANSFER,13052.35,C29806690,49576.29,36523.94,M16530784,10368.79,23421.14,0,0
685,PAYMENT,3155.29,C25228493,274037.27,270881.98,C77838742,0.0,0.0,0,0
685,PAYMENT,68.08,C21819185,176075.19,176007.11,C88909809,0.0,0.0,0,0
685,PAYMENT,515.49,C23311507,243327.93,242812.44,C11699863,0.0,0.0,0,0
685,PAYMENT,111.92,C97260863,271522.46,271410.54,C38434222,0.0,0.0,0,0
686,CASH_OUT,947.29,C83284724,2036.75,1089.46,M57183837,9696.6,10643.89,0,0
686,CASH_IN,2344.33,C60885459,3735.34,1391.01,M33366099,82884.51,85228.84,0,0
686,CASH_OUT,1327.06,C40291214,2364.36,1037.3,M65426567,62202.46,63529.52,0,0
686,PAYMENT,1292.47,C80610004,65712.16,64419.69,C86475853,0.0,0.0,0,0
686,CASH_OUT,7370.83,C68812137,12369.97,4999.14,C32442197,54017.67,61388.5,0,0
686,CASH_OUT,5603.74,C24665841,7109.28,1505.54,C17467311,30846.45,36450.19,0,0
686,TRANSFER,26657.36,C69020451,70917.3,44259.94,C17863981,153321.16,179978.52,0,0
686,CASH_OUT,1432784.74,C27129912,1331952.75,0.0,C77430081,10604.55,1443389.29,1,0
686,CASH_IN,8606.52,C97873101,11935.16,3328.64,C65243509,29589.41,38195.93,0,0
686,PAYMENT,589.8,C23574883,429440.42,428850.62,M48605090,0.0,0.0,0,0
686,CASH_OUT,6441.14,C60192261,16542.29,10101.15,C22205980,92145.21,98586.35,0,0
686,CASH_OUT,7761.94,C27463800,14734.22,6972.28,C66487347,96865.21,104627.15,0,0
686,PAYMENT,314.85,C50987442,447414.55,447099.7,C79631857,0.0,0.0,0,0
686,PAYMENT,1287.56,C48571356,438752.46,437464.9,C20135622,0.0,0.0,0,0
687,CASH_OUT,2023.74,C84270583,5399.15,3375.41,C49652241,93600.08,95623.82,0,0
687,CASH_OUT,317.83,C78901038,656.57,338.74,C41966313,44651.86,44969.69,0,0
687,PAYMENT,1824.76,C62958901,478952.58,477127.82,M81602209,0.0,0.0,0,0
687,TRANSFER,13452.56,C42138745,46184.51,32731.95,M80557676,87914.11,101366.67,0,0
687,CASH_OUT,9623.79,C99991136,15199.75,5575.96,M54018830,9164.8,18788.59,0,0
687,PAYMENT,1009.13,C31079846,119602.73,118593.6,C85374270,0.0,0.0,0,0
687,CASH_OUT,7485.67,C44269370,20851.6,13365.93,C34072553,21662.63,29148.3,0,0
687,CASH_OUT,1344.94,C67985905,1775.61,430.67,M18824561,57499.1,58844.04,0,0
687,PAYMENT,1347.44,C65144509,56538.3,55190.86,C77837366,0.0,0.0,0,0
687,CASH_OUT,1971.99,C29226889,4614.44,2642.45,C49599276,52153.7,54125.69,0,0
687,PAYMENT,1902.12,C82772208,447138.88,445236.76,C62133188,0.0,0.0,0,0
687,PAYMENT,282.94,C99038359,220392.81,220109.87,C75825262,0.0,0.0,0,0
687,PAYMENT,577.31,C10872248,221317.14,220739.83,C91300905,0.0,0.0,0,0
688,CASH_OUT,2268.97,C31361812,4942.64,2673.67,M56630633,38897.83,41166.8,0,0
688,PAYMENT,162.9,C84252722,255462.5,255299.6,C11649277,0.0,0.0,0,0
688,PAYMENT,1626.91,C20896797,198168.3,196541.39,C91121400,0.0,0.0,0,0
688,PAYMENT,1243.71,C11261301,492903.64,491659.93,M73297813,0.0,0.0,0,0
688,PAYMENT,366.65,C39801436,451577.75,451211.1,C46778269,0.0,0.0,0,0
688,PAYMENT,114.39,C60864911,26986.76,26872.37,C45189912,0.0,0.0,0,0
688,CASH_OUT,3162.54,C79696025,9233.89,6071.35,C68718382,66823.03,69985.57,0,0
688,CASH_OUT,570.64,C15950635,1658.08,1087.44,C38595818,96390.0,96960.64,0,0
688,PAYMENT,558.91,C99663907,60669.29,60110.38,C79941466,0.0,0.0,0,0
688,CASH_OUT,1874.68,C59737181,5587.39,3712.71,C87731247,98900.74,100775.42,0,0
688,TRANSFER,4407.62,C89864260,4762.84,355.22,C46501299,156305.27,160712.89,0,0
688,PAYMENT,4216.02,C89160218,253961.83,249745.81,C86871268,0.0,0.0,0,0
688,TRANSFER,18704.59,C29208935,25165.47,6460.88,C50250352,47591.57,66296.16,0,0
688,CASH_OUT,3660.35,C70867592,9338.23,5677.88,C61335545,38065.74,41726.09,0,0
689,PAYMENT,1553.91,C22575562,270746.75,269192.84,C67226329,0.0,0.0,0,0
689,PAYMENT,812.63,C23905032,2418.39,1605.76,C37207628,0.0,0.0,0,0
689,CASH_OUT,7671.56,C98842638,20117.86,12446.3,C87324220,21285.74,28957.3,0,0
689,CASH_OUT,1431753.29,C47028180,1167470.35,0.0,C27978165,26866.78,1458620.07,1,0
689,CASH_OUT,856.96,C49428661,1552.23,695.27,C92000924,65423.59,66280.55,0,0
689,PAYMENT,75.79,C43374088,258760.21,258684.42,C67653606,0.0,0.0,0,0
689,CASH_OUT,15294.19,C21432787,23460.3,8166.11,C67631581,89002.52,104296.71,0,0
689,PAYMENT,147.67,C94322033,223016.6,222868.93,C64561191,0.0,0.0,0,0
689,TRANSFER,23413.63,C57459130,91215.67,67802.04,C42823140,147537.04,170950.67,0,0
689,CASH_OUT,289.53,C41711468,303.95,14.42,M58518659,27235.58,27525.11,0,0
689,CASH_IN,8870.23,C42949803,23622.58,14752.35,M29282885,78717.95,87588.18,0,0
689,PAYMENT,3832.69,C26726926,223679.58,219846.89,C33336132,0.0,0.0,0,0
689,TRANSFER,5680.63,C77005685,15756.7,10076.07,C56533974,146184.8,151865.43,0,0
690,TRANSFER,21690.63,C26901217,79717.65,58027.02,C13524813,57458.63,79149.26,0,0
690,CASH_OUT,355.38,C90014570,824.71,469.33,C72151291,63692.97,64048.35,0,0
690,CASH_IN,849.58,C61883769,1497.94,648.36,C74294443,50373.4,51222.98,0,0
690,CASH_OUT,5104.88,C83998961,14038.28,8933.4,C28783850,90654.53,95759.41,0,0
690,PAYMENT,290.82,C17003454,354520.7,354229.88,C62294176,0.0,0.0,0,0
690,DEBIT,2771.01,C96629889,7384.46,4613.45,C48532662,73905.33,76676.34,0,0
690,CASH_OUT,3556.61,C92613013,7124.55,3567.94,C52885071,42908.25,46464.86,0,0
690,CASH_OUT,3312.35,C19369750,6884.48,3572.13,M29990477,49947.24,53259.59,0,0
690,PAYMENT,687.38,C81016525,86829.28,86141.9,C43214247,0.0,0.0,0,0
690,DEBIT,3205.89,C68802946,8863.51,5657.62,C22410307,62776.73,65982.62,0,0
690,PAYMENT,4100.97,C64009265,363444.91,359343.94,M16792127,0.0,0.0,0,0
690,CASH_OUT,336.38,C15291208,452.85,116.47,C66519399,20723.99,21060.37,0,0
690,CASH_IN,5986.02,C50785405,12833.47,6847.45,C87568940,8215.78,14201.8,0,0
690,PAYMENT,416.08,C98231132,104067.26,103651.18,M83800569,0.0,0.0,0,0
691,CASH_OUT,7615.21,C61343880,20324.96,12709.75,C32059232,52415.29,60030.5,0,0
691,PAYMENT,455.53,C60043345,459316.43,458860.9,C47890586,0.0,0.0,0,0
691,PAYMENT,1377.02,C23209423,282467.09,281090.07,C50045602,0.0,0.0,0,0
691,PAYMENT,175.13,C26753883,231590.93,231415.8,M14670638,0.0,0.0,0,0
691,CASH_OUT,7600.18,C48530827,22342.09,14741.91,M47763008,66181.71,73781.89,0,0
691,TRANSFER,5527.52,C13999315,21249.04,15721.52,C78886959,52454.93,57982.45,0,0
691,TRANSFER,6000.28,C52018286,22626.96,16626.68,C42342202,97112.54,103112.82,0,0
691,CASH_IN,7357.03,C98787891,19534.8,12177.77,C82684966,26591.86,33948.89,0,0
691,PAYMENT,737.22,C84724345,233400.37,232663.15,C63095937,0.0,0.0,0,0
691,TRANSFER,11491.53,C83599154,21720.17,10228.64,C45106207,84120.26,95611.79,0,0
691,TRANSFER,20036.78,C41837210,25117.24,5080.46,C29109045,20647.38,40684.16,0,0
691,CASH_OUT,3567.58,C96347724,6211.75,2644.17,C21594468,65290.79,68858.37,0,0
691,DEBIT,7003.31,C63747791,18025.26,11021.95,C88381665,66736.2,73739.51,0,0
692,CASH_OUT,15713.58,C31009452,45010.4,29296.82,C86286724,81642.16,97355.74,0,0
692,PAYMENT,477.24,C65137801,193663.71,193186.47,C20820219,0.0,0.0,0,0
692,DEBIT,7447.02,C96707983,14605.96,7158.94,C74082804,39404.89,46851.91,0,0
692,CASH_IN,376.05,C95060193,470.61,94.56,C29374563,50013.39,50389.44,0,0
692,CASH_OUT,831.1,C46677730,1896.17,1065.07,C41749355,58611.55,59442.65,0,0
692,TRANSFER,2131.64,C62274692,8057.0,5925.36,C68916591,15051.32,17182.96,0,0
692,PAYMENT,28.36,C98787891,145184.03,145155.67,M88891300,0.0,0.0,0,0
692,CASH_OUT,2273.81,C59470729,4680.5,2406.69,C60598851,59328.46,61602.27,0,0
692,PAYMENT,594.77,C93568503,498041.92,497447.15,C23863742,0.0,0.0,0,0
692,PAYMENT,4273.1,C50814428,150944.96,146671.86,C70369365,0.0,0.0,0,0
692,PAYMENT,619.59,C65625330,84972.42,84352.83,M59070856,0.0,0.0,0,0
692,CASH_OUT,5267.15,C94482772,11103.26,5836.11,M96031876,69234.16,74501.31,0,0
692,CASH_OUT,5103.03,C49761527,11174.74,6071.71,C32547129,53620.98,58724.01,0,0
692,CASH_IN,1209.67,C66061934,1771.34,561.67,C99139874,52618.65,53828.32,0,0
693,CASH_IN,8937.99,C64362516,13865.13,4927.14,C83458776,6170.35,15108.34,0,0
693,CASH_OUT,5479.05,C29822594,10025.41,4546.36,C58412365,96009.27,101488.32,0,0
693,CASH_OUT,264284.97,C14835614,325958.6,0.0,C98222374,5560.97,0.0,1,0
693,PAYMENT,378.88,C61124122,499912.66,499533.78,M43087238,0.0,0.0,0,0
693,CASH_IN,3871.76,C15047559,5722.97,1851.21,C29948970,82079.74,85951.5,0,0
693,TRANSFER,17327.75,C31516757,23151.87,5824.12,M30695604,173902.23,191229.98,0,0
693,TRANSFER,546621.57,C69345683,574435.72,0.0,C87500742,52307.02,0.0,1,1
693,PAYMENT,2009.06,C82556484,146195.73,144186.67,C31337593,0.0,0.0,0,0
693,CASH_OUT,952.51,C34941004,1607.08,654.57,C56748074,27648.01,28600.52,0,0
693,CASH_IN,1317.42,C80415568,2522.75,1205.33,C34567819,25295.16,26612.58,0,0
693,TRANSFER,1562.43,C47945817,2552.02,989.59,C73995913,15498.73,17061.16,0,0
693,CASH_OUT,2403.63,C49092160,5029.39,2625.76,C92370625,65016.69,67420.32,0,0
693,TRANSFER,21151.96,C41329612,62825.39,41673.43,C66682016,66307.52,87459.48,0,0
694,PAYMENT,2408.84,C35074182,477709.71,475300.87,C96126771,0.0,0.0,0,0
694,CASH_OUT,21428.8,C10704803,59004.97,37576.17,C32396311,65705.01,87133.81,0,0
694,CASH_OUT,334.86,C88183110,811.73,476.87,C40133935,57516.78,57851.64,0,0
694,PAYMENT,3230.33,C30486849,372785.77,369555.44,C18653290,0.0,0.0,0,0
694,CASH_OUT,2172.4,C93002706,4188.28,2015.88,C27030641,53388.46,55560.86,0,0
694,CASH_OUT,3412.72,C45594951,6054.67,2641.95,C90233330,4591.03,8003.75,0,0
694,CASH_IN,15024.75,C23209423,33497.01,18472.26,C62686364,58315.42,73340.17,0,0
694,CASH_IN,10116.35,C47376585,26752.27,16635.92,C42813517,73496.82,83613.17,0,0
694,CASH_IN,1274.89,C47385696,3469.52,2194.63,C77447155,93427.15,94702.04,0,0
694,CASH_OUT,6219.71,C65682626,14973.1,8753.39,C48744673,16812.07,23031.78,0,0
694,CASH_IN,4284.54,C27558317,11154.44,6869.9,C86475853,68400.39,72684.93,0,0
694,PAYMENT,1374.71,C61401477,70419.31,69044.6,C69302835,0.0,0.0,0,0
694,CASH_OUT,1294.37,C55617282,1597.05,302.68,C81930575,96610.16,97904.53,0,0
695,TRANSFER,11050.67,C89160218,29767.94,18717.27,M50063879,167852.99,178903.66,0,0
695,TRANSFER,5739.04,C71965637,20850.95,15111.91,M84359498,27092.12,32831.16,0,0
695,PAYMENT,4248.9,C10209961,424899.87,420650.97,C72423883,0.0,0.0,0,0
695,CASH_OUT,56.22,C69023966,62.76,6.54,M96031876,78662.63,78718.85,0,0
695,CASH_OUT,6781.43,C62958901,16834.3,10052.87,C39888974,86387.45,93168.88,0,0
695,PAYMENT,702.11,C43251599,95560.61,94858.5,M17698469,0.0,0.0,0,0
695,CASH_OUT,3064.25,C49385195,3682.37,618.12,C45882178,12860.61,15924.86,0,0
695,CASH_OUT,2820.91,C84990607,6414.42,3593.51,C58088526,57213.12,60034.03,0,0
695,PAYMENT,5630.76,C25659979,449720.38,444089.62,C43214247,0.0,0.0,0,0
695,PAYMENT,1907.14,C40354559,192580.02,190672.88,C32398441,0.0,0.0,0,0
695,PAYMENT,608.51,C87890494,408123.66,407515.15,C61335545,0.0,0.0,0,0
695,TRANSFER,2661.76,C51936181,4122.05,1460.29,C60147077,8094.61,10756.37,0,0
695,TRANSFER,2151.78,C42394260,3553.02,1401.24,C50502136,158606.12,160757.9,0,0
695,CASH_OUT,5498.96,C28358198,9379.1,3880.14,M40289135,52192.38,57691.34,0,0
696,PAYMENT,3083.45,C81287314,366433.02,363349.57,M74985553,0.0,0.0,0,0
696,PAYMENT,393.04,C76344695,162870.25,162477.21,M45496951,0.0,0.0,0,0
696,CASH_OUT,3212.62,C53455870,4989.3,1776.68,C70272714,23501.76,26714.38,0,0
696,TRANSFER,1745.72,C65684858,6691.69,4945.97,C21368176,119464.74,121210.46,0,0
696,CASH_OUT,4849.31,C47962005,11372.24,6522.93,C47557512,89396.84,94246.15,0,0
696,PAYMENT,712.61,C16323852,442304.44,441591.83,M84870921,0.0,0.0,0,0
696,CASH_OUT,4250.76,C98575748,12310.76,8060.0,C56241881,4927.03,9177.79,0,0
696,PAYMENT,709.68,C98054615,9212.36,8502.68,C38036618,0.0,0.0,0,0
696,PAYMENT,1103.05,C14963880,300923.96,299820.91,C25132198,0.0,0.0,0,0
696,CASH_OUT,2915.87,C46677730,3989.47,1073.6,C53995720,5410.8,8326.67,0,0
696,TRANSFER,28390.95,C50151803,76514.09,48123.14,C59239353,158452.24,186843.19,0,0
696,CASH_OUT,4225.76,C20576383,4258.8,33.04,M62868861,92787.27,97013.03,0,0
696,PAYMENT,1413.68,C14835614,13976.16,12562.48,M38294221,0.0,0.0,0,0
697,CASH_OUT,2577.96,C22120246,3073.92,495.96,M31473054,55726.22,58304.18,0,0
697,CASH_IN,10730.74,C56397338,17781.81,7051.07,C10331931,68945.97,79676.71,0,0
697,CASH_OUT,3903.87,C84377016,10695.41,6791.54,C41749355,47471.51,51375.38,0,0
697,TRANSFER,2553.3,C65684858,5269.49,2716.19,M97313825,52193.76,54747.06,0,0
697,PAYMENT,2240.57,C42655866,219910.39,217669.82,M17437386,0.0,0.0,0,0
697,TRANSFER,25772.29,C91823275,43187.29,17415.0,C62132722,64777.64,90549.93,0,0
697,PAYMENT,1074.97,C14818295,55156.17,54081.2,C62133188,0.0,0.0,0,0
697,CASH_OUT,3687.12,C50814428,10391.32,6704.2,C17538738,40628.66,44315.78,0,0
697,DEBIT,22862.13,C10965138,63616.86,40754.73,C50332555,24706.31,47568.44,0,0
697,PAYMENT,218.82,C43308443,386406.13,386187.31,C23811663,0.0,0.0,0,0
697,PAYMENT,1724.68,C81200181,65513.36,63788.68,C78915391,0.0,0.0,0,0
697,TRANSFER,15960.23,C48089166,18402.35,2442.12,M28533117,28628.35,44588.58,0,0
697,TRANSFER,11953.66,C25374874,34964.52,23010.86,C61157708,42331.12,54284.78,0,0
697,CASH_OUT,4022.75,C33357554,9144.42,5121.67,C56496201,56939.4,60962.15,0,0
698,TRANSFER,1208.47,C90010790,4307.03,3098.56,M85554415,108379.22,109587.69,0,0
698,TRANSFER,9570.01,C46578001,24046.94,14476.93,C97734330,178436.08,188006.09,0,0
698,TRANSFER,27825.23,C52431444,45790.73,17965.5,C16249441,177028.53,204853.76,0,0
698,CASH_IN,8677.54,C16172803,23105.62,14428.08,M48124318,60302.12,68979.66,0,0
698,TRANSFER,688635.28,C96750368,589444.99,0.0,C31154777,14803.82,0.0,1,1
698,CASH_OUT,2565.02,C95445405,6604.99,4039.97,M34991216,31505.82,34070.84,0,0
698,PAYMENT,639.88,C27447248,45592.0,44952.12,C57973830,0.0,0.0,0,0
698,PAYMENT,614.7,C81287314,92018.34,91403.64,C11649277,0.0,0.0,0,0
698,TRANSFER,37442.04,C42657384,143074.93,105632.89,C50486688,38207.64,75649.68,0,0
698,PAYMENT,3501.14,C31172421,416950.17,413449.03,M48329479,0.0,0.0,0,0
698,PAYMENT,327.88,C63516659,428474.71,428146.83,C36332415,0.0,0.0,0,0
698,TRANSFER,13495.62,C16904975,17092.58,3596.96,C22494970,1767.2,15262.82,0,0
698,PAYMENT,384.74,C94525678,127211.56,126826.82,C23951801,0.0,0.0,0,0
699,TRANSFER,4923.73,C96691619,10718.41,5794.68,C28872606,58730.18,63653.91,0,0
699,CASH_OUT,3628.61,C57469942,9275.72,5647.11,C42559072,80836.39,84465.0,0,0
699,PAYMENT,3383.07,C46817443,48266.55,44883.48,C67653606,0.0,0.0,0,0
699,PAYMENT,1980.3,C82772208,345629.03,343648.73,M81449442,0.0,0.0,0,0
699,CASH_OUT,108152.24,C93592219,120549.26,0.0,C20460758,88919.09,0.0,1,0
699,CASH_IN,3500.83,C54244334,5174.06,1673.23,C76185975,15721.06,19221.89,0,0
699,CASH_OUT,2088.91,C91721371,4208.2,2119.29,M76306502,88250.17,90339.08,0,0
699,CASH_OUT,3162.36,C45520201,7391.41,4229.05,C31424479,10642.36,13804.72,0,0
699,TRANSFER,23311.01,C28358198,61103.31,37792.3,C13498112,75054.47,98365.48,0,0
699,PAYMENT,3215.13,C95225343,23711.77,20496.64,M14670638,0.0,0.0,0,0
699,DEBIT,3579.81,C95899313,4009.37,429.56,C92809273,42299.56,45879.37,0,0
699,TRANSFER,5489.38,C25659979,13961.89,8472.51,C55063530,172232.89,177722.27,0,0
699,CASH_IN,639.24,C92631441,1247.6,608.36,C85427317,44594.44,45233.68,0,0
699,CASH_OUT,5773.52,C34391257,12142.05,6368.53,C79839059,12059.55,17833.07,0,0
700,CASH_IN,7625.27,C45650176,17661.19,10035.92,C24219637,96392.7,104017.97,0,0
700,CASH_OUT,671.09,C35475673,1039.14,368.05,M13478029,42115.74,42786.83,0,0
700,TRANSFER,1893.72,C99913412,3524.45,1630.73,M97313825,76329.67,78223.39,0,0
700,DEBIT,6973.9,C69686067,20533.09,13559.19,C54964418,67015.28,73989.18,0,0
700,CASH_OUT,5331.45,C89865081,15336.18,10004.73,C22136086,77122.46,82453.91,0,0
700,TRANSFER,2049.82,C53868501,6568.73,4518.91,C16078694,67246.49,69296.31,0,0
700,PAYMENT,230.86,C86397676,248550.01,248319.15,C39888974,0.0,0.0,0,0
700,CASH_OUT,923.13,C10791358,1048.65,125.52,C32533467,98933.51,99856.64,0,0
700,CASH_OUT,5942.43,C11698142,15962.91,10020.48,M22993840,49969.75,55912.18,0,0
700,TRANSFER,1843.48,C42775624,5734.89,3891.41,C47342819,113697.64,115541.12,0,0
700,PAYMENT,588.7,C92590645,205377.28,204788.58,C85141654,0.0,0.0,0,0
700,CASH_OUT,1183820.56,C24208709,1326213.83,142393.27,C18113477,92834.04,1276654.6,1,0
700,PAYMENT,2659.74,C31079846,158758.81,156099.07,C17324144,0.0,0.0,0,0
701,CASH_OUT,1080.86,C50181935,2673.54,1592.68,C56748074,51583.71,52664.57,0,0
701,CASH_OUT,5570.84,C23044889,11854.23,6283.39,M62868861,18401.16,23972.0,0,0
701,CASH_OUT,1097.0,C61254050,2703.78,1606.78,M27976443,33851.15,34948.15,0,0
701,PAYMENT,414.73,C73149551,294760.98,294346.25,C13933043,0.0,0.0,0,0
701,TRANSFER,19039.05,C68186525,44922.21,25883.16,C15892193,26961.89,46000.94,0,0
701,CASH_OUT,13031.53,C22246348,20147.16,7115.63,C75581613,28474.02,41505.55,0,0
701,PAYMENT,27.44,C58399417,154828.7,154801.26,C60070135,0.0,0.0,0,0
701,CASH_OUT,1687.57,C88320463,3280.18,1592.61,M71694994,54512.33,56199.9,0,0
701,PAYMENT,1197.14,C39854548,244371.51,243174.37,C80310522,0.0,0.0,0,0
701,PAYMENT,1553.75,C50603163,280663.24,279109.49,C47358810,0.0,0.0,0,0
701,PAYMENT,1512.43,C97705310,310726.95,309214.52,M96592295,0.0,0.0,0,0
701,CASH_OUT,988.35,C25015458,1282.1,293.75,C22410307,89249.2,90237.55,0,0
701,CASH_IN,3832.44,C27690330,8478.21,4645.77,M47447604,16619.56,20452.0,0,0
701,CASH_IN,1214.27,C41514326,1294.26,79.99,C54689713,71629.92,72844.19,0,0
702,CASH_OUT,2636.63,C53455870,4248.2,1611.57,C62707402,39412.31,42048.94,0,0
702,CASH_OUT,4705.87,C97529405,9043.41,4337.54,C87915846,43251.79,47957.66,0,0
702,TRANSFER,29400.15,C47546086,58367.07,28966.92,C75694038,121088.01,150488.16,0,0
702,TRANSFER,3081.23,C16408822,11713.28,8632.05,C24679315,132186.94,135268.17,0,0
702,CASH_OUT,4941.21,C38468360,8922.58,3981.37,C44152669,68703.81,73645.02,0,0
702,TRANSFER,8100.63,C60806024,18752.19,10651.56,M84040798,32009.98,40110.61,0,0
702,CASH_IN,6646.65,C30244148,12375.29,5728.64,C57268285,39213.2,45859.85,0,0
702,PAYMENT,367.63,C22097496,344540.83,344173.2,C97715861,0.0,0.0,0,0
702,CASH_IN,6531.64,C56930359,18671.15,12139.51,C42642810,81958.1,88489.74,0,0
702,CASH_IN,1861.03,C78885632,3964.25,2103.22,C39648058,30929.68,32790.71,0,0
702,CASH_OUT,6308.86,C65766169,17397.27,11088.41,C19122502,74340.31,80649.17,0,0
702,PAYMENT,1210.49,C20952896,10167.18,8956.69,C21635070,0.0,0.0,0,0
702,CASH_OUT,3330.53,C85751409,5556.64,2226.11,C90251151,63321.17,66651.7,0,0
703,CASH_OUT,8994.89,C42035886,12311.52,3316.63,C68809636,38032.28,47027.17,0,0
703,DEBIT,8183.52,C21402740,10578.72,2395.2,C52279780,80719.4,88902.92,0,0
703,TRANSFER,5864.3,C15677713,18784.68,12920.38,M36717096,32609.08,38473.38,0,0
703,CASH_OUT,3418.7,C99152472,8326.86,4908.16,C14388260,88196.92,91615.62,0,0
703,PAYMENT,1071.91,C42002808,410378.75,409306.84,C63795149,0.0,0.0,0,0
703,PAYMENT,1774.68,C14478111,84492.16,82717.48,C56113741,0.0,0.0,0,0
703,PAYMENT,462.99,C14915156,364372.48,363909.49,M65135987,0.0,0.0,0,0
703,CASH_IN,7550.25,C51663795,10220.56,2670.31,C75847681,78095.74,85645.99,0,0
703,CASH_OUT,4937.13,C78885632,7419.57,2482.44,M71594457,87780.17,92717.3,0,0
703,CASH_OUT,7168.16,C87446468,7827.24,659.08,C10887495,10013.01,17181.17,0,0
703,CASH_OUT,16286.94,C15879578,40510.38,24223.44,C18557710,8693.41,24980.35,0,0
703,PAYMENT,4317.08,C18883684,435304.28,430987.2,C58219001,0.0,0.0,0,0
703,TRANSFER,9119.46,C22489409,24136.41,15016.95,M80361272,151792.52,160911.98,0,0
704,PAYMENT,1175.14,C66348963,348307.68,347132.54,C33842070,0.0,0.0,0,0
704,CASH_OUT,30427.58,C37057085,67918.86,37491.28,C88634827,16941.05,47368.63,0,0
704,CASH_IN,17015.74,C21087928,37573.17,20557.43,C34800912,98497.99,115513.73,0,0
704,PAYMENT,7120.88,C31751079,377447.95,370327.07,M14346684,0.0,0.0,0,0
704,TRANSFER,23013.25,C89680504,67889.81,44876.56,C51480401,181906.43,204919.68,0,0
704,PAYMENT,1067.32,C90585882,261030.45,259963.13,M20901547,0.0,0.0,0,0
704,CASH_IN,14740.28,C43887075,35591.18,20850.9,C58189421,41708.79,56449.07,0,0
704,CASH_OUT,8042.84,C17774584,12435.4,4392.56,M35006323,85009.44,93052.28,0,0
704,PAYMENT,1928.36,C83212334,115473.35,113544.99,C63795149,0.0,0.0,0,0
704,CASH_OUT,530.09,C98955314,1107.32,577.23,M96075494,54445.55,54975.64,0,0
704,PAYMENT,182.18,C17270733,290492.47,290310.29,C97859993,0.0,0.0,0,0
704,CASH_OUT,814.1,C77834855,1767.6,953.5,C39410942,80450.1,81264.2,0,0
704,TRANSFER,5398.99,C92631441,8694.93,3295.94,C98221829,193145.68,198544.67,0,0
704,CASH_OUT,6178.99,C94322033,13984.76,7805.77,C76596831,60992.13,67171.12,0,0
705,CASH_OUT,3673.39,C76319264,8621.07,4947.68,M51137177,15775.24,19448.63,0,0
705,TRANSFER,593694.73,C10209961,503393.82,0.0,C25479814,18038.06,0.0,1,1
705,TRANSFER,23858.19,C20752378,49897.91,26039.72,M31809610,44033.57,67891.76,0,0
705,PAYMENT,460.37,C87181563,122698.22,122237.85,M56815569,0.0,0.0,0,0
705,CASH_OUT,2279.59,C72104107,5405.97,3126.38,C83905989,67888.93,70168.52,0,0
705,CASH_OUT,841136.95,C67276174,706365.57,0.0,C78626154,18359.1,0.0,1,0
705,PAYMENT,1825.71,C85957706,214370.68,212544.97,C34134478,0.0,0.0,0,0
705,PAYMENT,740.57,C47816686,417204.44,416463.87,M26460116,0.0,0.0,0,0
705,PAYMENT,2554.77,C99038526,175146.52,172591.75,C11286267,0.0,0.0,0,0
705,CASH_IN,3139.1,C23718431,8464.08,5324.98,C29948970,24488.49,27627.59,0,0
705,CASH_OUT,6064.78,C88703005,13774.38,7709.6,C51630244,39885.3,45950.08,0,0
705,CASH_IN,8382.91,C88270025,19938.89,11555.98,C22527880,780.26,9163.17,0,0
705,PAYMENT,1883.88,C66629388,54389.03,52505.15,C94044392,0.0,0.0,0,0
706,TRANSFER,298.87,C31203129,970.14,671.27,C45955440,190292.28,190591.15,0,0
706,PAYMENT,3831.87,C46023439,172691.32,168859.45,C57746984,0.0,0.0,0,0
706,CASH_IN,8068.53,C82884346,11498.71,3430.18,C44738319,75776.05,83844.58,0,0
706,CASH_IN,8263.56,C12729224,22310.55,14046.99,C44152669,52959.92,61223.48,0,0
706,PAYMENT,519.17,C83542887,392510.67,391991.5,M64614193,0.0,0.0,0,0
706,PAYMENT,158.25,C83932360,389502.43,389344.18,C61338023,0.0,0.0,0,0
706,PAYMENT,1060.43,C27758595,456746.39,455685.96,C42560305,0.0,0.0,0,0
706,CASH_OUT,9951.3,C61053877,16010.55,6059.25,C37568520,61880.65,71831.95,0,0
706,CASH_OUT,13217.68,C27758595,14766.33,1548.65,C53805532,71553.14,84770.82,0,0
706,TRANSFER,736883.23,C63349308,785900.22,0.0,C29353063,3317.87,0.0,1,1
706,DEBIT,3076.28,C52339391,4536.99,1460.71,C28325379,99126.37,102202.65,0,0
706,PAYMENT,3732.8,C26405605,6815.8,3083.0,C33842070,0.0,0.0,0,0
706,TRANSFER,8499.74,C49700543,13653.27,5153.53,C21406082,125792.79,134292.53,0,0
706,PAYMENT,1640.79,C67805802,58787.98,57147.19,C69239219,0.0,0.0,0,0
707,CASH_IN,179.22,C68754920,239.34,60.12,M38720823,38043.95,38223.17,0,0
707,DEBIT,69.67,C70667140,73.15,3.48,M14179623,86112.1,86181.77,0,0
707,TRANSFER,2315.83,C78140959,4158.99,1843.16,C69735865,16139.89,18455.72,0,0
707,CASH_OUT,309.68,C15134794,776.76,467.08,M27268907,18690.22,18999.9,0,0
707,CASH_OUT,1797.26,C64830300,2327.65,530.39,C51999682,86894.53,88691.79,0,0
707,PAYMENT,2226.42,C72950208,45952.4,43725.98,M73698420,0.0,0.0,0,0
707,PAYMENT,389.78,C99788677,219453.18,219063.4,M91424562,0.0,0.0,0,0
707,PAYMENT,1335.61,C50193656,363322.23,361986.62,C80392240,0.0,0.0,0,0
707,CASH_OUT,138.8,C45650176,345.64,206.84,C83833059,16746.53,16885.33,0,0
707,PAYMENT,855.74,C55679506,340457.36,339601.62,C62049575,0.0,0.0,0,0
707,PAYMENT,3243.46,C40158366,379213.98,375970.52,C11619606,0.0,0.0,0,0
707,CASH_OUT,4966.03,C81259135,6087.75,1121.72,C46385762,43300.64,48266.67,0,0
707,PAYMENT,1819.32,C93592219,397743.41,395924.09,C57756170,0.0,0.0,0,0
708,CASH_OUT,4567.25,C63792364,5806.8,1239.55,C66791272,59780.28,64347.53,0,0
708,CASH_OUT,6963.6,C92097999,9593.08,2629.48,C35297417,39697.7,46661.3,0,0
708,CASH_OUT,1921.16,C64502486,3621.09,1699.93,C73218512,77971.36,79892.52,0,0
708,CASH_OUT,870724.14,C93370583,733005.78,0.0,M42507072,93106.92,0.0,1,0
708,PAYMENT,2277.71,C99991136,13531.66,11253.95,C32062036,0.0,0.0,0,0
708,CASH_OUT,1193112.79,C98195059,1000785.2,0.0,C64069715,77930.63,0.0,1,0
708,CASH_OUT,3251.98,C14164775,8425.01,5173.03,M13478029,262.88,3514.86,0,0
708,PAYMENT,167.58,C67698610,161315.19,161147.61,C32442197,0.0,0.0,0,0
708,CASH_OUT,10919.26,C12059919,21606.78,10687.52,C17749299,6228.47,17147.73,0,0
708,CASH_OUT,828.36,C67617561,1550.96,722.6,C79941466,60997.16,61825.52,0,0
708,CASH_IN,22645.89,C52235350,22960.09,314.2,C43257324,65505.09,88150.98,0,0
708,TRANSFER,10941.24,C47463522,23831.23,12889.99,M81062902,132315.99,143257.23,0,0
708,CASH_OUT,6716.42,C73837847,13566.32,6849.9,M83819367,32193.07,38909.49,0,0
708,CASH_IN,660.18,C54244334,670.45,10.27,C35118997,49755.06,50415.24,0,0
709,CASH_OUT,5937.16,C44999379,13551.46,7614.3,C54462389,98190.09,104127.25,0,0
709,DEBIT,10411.72,C82269803,25510.47,15098.75,C58155056,54849.79,65261.51,0,0
709,CASH_IN,3638.0,C13885234,4495.15,857.15,M97182566,68960.48,72598.48,0,0
709,CASH_OUT,2836.81,C23298711,4885.02,2048.21,M80372842,8999.09,11835.9,0,0
709,TRANSFER,3605.88,C43046464,6371.07,2765.19,M27318510,86008.35,89614.23,0,0
709,CASH_OUT,21327.89,C54769200,22651.67,1323.78,C45029610,88579.49,109907.38,0,0
709,PAYMENT,96.65,C76669607,183210.62,183113.97,M56630633,0.0,0.0,0,0
709,CASH_OUT,489327.2,C50603163,407644.61,0.0,C96104027,71325.71,0.0,1,0
709,CASH_OUT,16106.87,C33500064,39269.04,23162.17,C21010955,46088.83,62195.7,0,0
709,PAYMENT,120.51,C82506491,137215.23,137094.72,C60981231,0.0,0.0,0,0
709,TRANSFER,1172.09,C25372341,2719.01,1546.92,C39368039,87690.41,88862.5,0,0
709,PAYMENT,211.97,C51708177,203958.41,203746.44,C79631857,0.0,0.0,0,0
709,PAYMENT,178.32,C10475894,329367.17,329188.85,C14142053,0.0,0.0,0,0
710,CASH_IN,1682.55,C44999379,4897.32,3214.77,C33193791,79316.72,80999.27,0,0
710,TRANSFER,27565.58,C35265073,82165.63,54600.05,M87161840,6022.73,33588.31,0,0
710,CASH_OUT,4862.16,C28760553,5642.54,780.38,C56241881,24645.26,29507.42,0,0
710,CASH_OUT,8875.26,C95831286,9983.62,1108.36,C49117508,12429.7,21304.96,0,0
710,DEBIT,5195.05,C16679008,13969.66,8774.61,C19735027,82094.61,87289.66,0,0
710,DEBIT,3882.87,C60885459,7042.55,3159.68,C58376818,79572.83,83455.7,0,0
710,PAYMENT,3191.35,C67110154,220611.1,217419.75,C63244581,0.0,0.0,0,0
710,TRANSFER,28491.1,C65686520,57409.11,28918.01,M43635675,54326.89,82817.99,0,0
710,PAYMENT,770.04,C88055069,16435.74,15665.7,C48241423,0.0,0.0,0,0
710,CASH_IN,1486.08,C75998319,3174.99,1688.91,M99635939,79014.8,80500.88,0,0
710,CASH_IN,15434.98,C31009452,24894.27,9459.29,C67790557,7510.14,22945.12,0,0
710,DEBIT,4196.76,C22309586,11499.14,7302.38,C27784789,46670.12,50866.88,0,0
710,CASH_OUT,10236.39,C36025314,13359.93,3123.54,M83819367,20563.57,30799.96,0,0
710,CASH_OUT,5022.53,C83197857,8538.37,3515.84,C74082804,23000.3,28022.83,0,0
711,CASH_IN,5836.67,C89699989,16038.88,10202.21,C20324210,44042.79,49879.46,0,0
711,CASH_IN,345.51,C96128115,568.43,222.92,M70445541,18959.65,19305.16,0,0
711,PAYMENT,910.74,C17672593,309399.79,308489.05,M72523073,0.0,0.0,0,0
711,TRANSFER,18419.64,C24508768,56532.85,38113.21,C76479831,106890.95,125310.59,0,0
711,PAYMENT,5610.51,C47077298,278703.14,273092.63,C65831276,0.0,0.0,0,0
711,PAYMENT,850.35,C48858073,181658.93,180808.58,M82920556,0.0,0.0,0,0
711,PAYMENT,1308.98,C93940940,88976.52,87667.54,C46093692,0.0,0.0,0,0
711,PAYMENT,253.21,C36550845,87355.83,87102.62,C85427317,0.0,0.0,0,0
711,CASH_OUT,1082.05,C22097496,1547.25,465.2,C23677772,72475.34,73557.39,0,0
711,PAYMENT,2372.43,C23311507,446091.09,443718.66,C21501669,0.0,0.0,0,0
711,PAYMENT,872.98,C73280554,83377.72,82504.74,M41674763,0.0,0.0,0,0
711,PAYMENT,648.82,C56920514,16946.4,16297.58,C69959826,0.0,0.0,0,0
711,CASH_OUT,522.12,C50643870,1047.4,525.28,C87149161,66597.82,67119.94,0,0
712,DEBIT,12061.97,C54769200,26691.37,14629.4,C19506414,52850.86,64912.83,0,0
712,PAYMENT,7031.85,C90440034,144518.54,137486.69,C59755172,0.0,0.0,0,0
712,PAYMENT,141.77,C71265269,69386.95,69245.18,C59330907,0.0,0.0,0,0
712,PAYMENT,797.7,C47945817,293597.01,292799.31,C54013571,0.0,0.0,0,0
712,CASH_OUT,2068.68,C87925434,3694.24,1625.56,C30820038,67703.5,69772.18,0,0
712,CASH_OUT,6354.59,C69476001,7338.8,984.21,C69735865,73304.27,79658.86,0,0
712,TRANSFER,16005.09,C50569669,23976.66,7971.57,C22780905,194271.79,210276.88,0,0
712,CASH_IN,538.59,C53261270,897.82,359.23,C21641746,98062.46,98601.05,0,0
712,PAYMENT,943.55,C54058573,118867.81,117924.26,C56496201,0.0,0.0,0,0
712,TRANSFER,600882.87,C12621534,528187.33,0.0,C57505459,41101.14,0.0,1,1
712,TRANSFER,4390.85,C51663795,7839.47,3448.62,C99399687,175627.94,180018.79,0,0
712,CASH_OUT,5229.38,C73791320,7281.86,2052.48,C63235053,88223.88,93453.26,0,0
712,CASH_OUT,653.85,C36757737,1197.33,543.48,M65079923,40115.15,40769.0,0,0
713,TRANSFER,5384.91,C57123808,12163.27,6778.36,C57746984,177491.95,182876.86,0,0
713,TRANSFER,30692.03,C10475894,56778.33,26086.3,C91197624,54002.56,84694.59,0,0
713,TRANSFER,268.95,C67495923,866.18,597.23,C87029205,176921.73,177190.68,0,0
713,TRANSFER,20720.87,C12179995,74880.84,54159.97,C60418290,186869.05,207589.92,0,0
713,CASH_OUT,3651.46,C12614124,6131.05,2479.59,M32633927,88940.86,92592.32,0,0
713,PAYMENT,948.48,C32775593,495830.09,494881.61,C12921981,0.0,0.0,0,0
713,CASH_OUT,44845.51,C60882459,59797.05,14951.54,C52503832,81295.12,126140.63,0,0
713,CASH_OUT,5975.18,C95282470,9551.72,3576.54,C44727276,85629.35,91604.53,0,0
713,TRANSFER,5352.57,C38351344,13472.43,8119.86,C73360324,179947.05,185299.62,0,0
713,CASH_OUT,3465.31,C45351479,4317.89,852.58,M88343175,90985.0,94450.31,0,0
713,CASH_IN,3104.34,C42862209,6153.54,3049.2,C66487347,61045.08,64149.42,0,0
713,PAYMENT,1731.29,C65686520,330992.51,329261.22,C74082804,0.0,0.0,0,0
713,PAYMENT,442.53,C85017682,294144.65,293702.12,M92071195,0.0,0.0,0,0
713,TRANSFER,16241.07,C65144509,24695.98,8454.91,C18491573,88744.5,104985.57,0,0
714,TRANSFER,448.77,C29876811,1670.43,1221.66,C12099943,124045.9,124494.67,0,0
714,CASH_OUT,2700.35,C41407343,6184.6,3484.25,C86767229,81198.21,83898.56,0,0
714,CASH_IN,3511.36,C90585882,9509.23,5997.87,M54383668,6115.53,9626.89,0,0
714,CASH_OUT,1285.06,C82238741,2232.36,947.3,C65869014,94386.98,95672.04,0,0
714,CASH_OUT,6431.92,C33978249,17451.5,11019.58,C59350218,48010.7,54442.62,0,0
714,CASH_IN,222.03,C29538047,629.41,407.38,M77353073,89768.48,89990.51,0,0
714,TRANSFER,13741.58,C38317637,47247.69,33506.11,C50332555,111983.32,125724.9,0,0
714,PAYMENT,802.99,C87844239,370594.82,369791.83,C19031632,0.0,0.0,0,0
714,CASH_IN,2912.92,C24282218,7132.1,4219.18,M97182566,9179.01,12091.93,0,0
714,CASH_IN,342.59,C49682169,1013.86,671.27,C19976458,90408.9,90751.49,0,0
714,CASH_OUT,4399.62,C61700055,10030.71,5631.09,C49666982,82589.22,86988.84,0,0
714,TRANSFER,42522.53,C34406132,68748.91,26226.38,C12674689,10441.72,52964.25,0,0
714,PAYMENT,3405.03,C78093604,37363.71,33958.68,C85920319,0.0,0.0,0,0
715,CASH_OUT,1548.75,C54988206,2867.58,1318.83,C14388260,73638.13,75186.88,0,0
715,CASH_IN,2854.41,C58178682,3506.54,652.13,C87731247,2648.5,5502.91,0,0
715,CASH_OUT,2511.95,C70251043,4587.93,2075.98,C50831043,74995.15,77507.1,0,0
715,DEBIT,5111.66,C92590645,11318.6,6206.94,C56676884,88095.2,93206.86,0,0
715,PAYMENT,1583.29,C82772208,429433.77,427850.48,C87029205,0.0,0.0,0,0
715,PAYMENT,806.35,C66661351,456605.1,455798.75,C74291599,0.0,0.0,0,0
715,PAYMENT,43.39,C91478884,350626.66,350583.27,C97131500,0.0,0.0,0,0
715,PAYMENT,1163.01,C99949389,170406.35,169243.34,C85500790,0.0,0.0,0,0
715,TRANSFER,8453.75,C74251933,15206.44,6752.69,M32633927,17621.39,26075.14,0,0
715,PAYMENT,1743.54,C83363160,52982.87,51239.33,M17698469,0.0,0.0,0,0
715,CASH_OUT,2265.58,C70549373,2894.47,628.89,M97991930,99093.76,101359.34,0,0
715,DEBIT,5214.45,C82394227,5674.36,459.91,C75478707,90977.41,96191.86,0,0
715,CASH_OUT,1674.08,C48016697,4964.8,3290.72,M18824561,16505.75,18179.83,0,0
715,PAYMENT,3017.9,C42472386,311250.04,308232.14,C86710258,0.0,0.0,0,0
716,CASH_OUT,707.34,C34084236,1924.04,1216.7,C67622968,96192.41,96899.75,0,0
716,TRANSFER,13093.08,C28208520,19874.72,6781.64,M84252324,111282.65,124375.73,0,0
716,CASH_OUT,9893.09,C80794454,23783.31,13890.22,M98413629,54799.59,64692.68,0,0
716,PAYMENT,853.02,C45594951,20269.78,19416.76,C25745913,0.0,0.0,0,0
716,PAYMENT,750.45,C45652586,198724.69,197974.24,C48766747,0.0,0.0,0,0
716,PAYMENT,3438.19,C91917334,303046.42,299608.23,C75718640,0.0,0.0,0,0
716,TRANSFER,22849.63,C76118957,57484.3,34634.67,C59044830,52992.44,75842.07,0,0
716,PAYMENT,397.1,C61019678,32703.8,32306.7,C57201978,0.0,0.0,0,0
716,PAYMENT,743.33,C43744231,44219.1,43475.77,C75609379,0.0,0.0,0,0
716,CASH_OUT,2493.35,C80339290,4449.42,1956.07,C71066203,64163.86,66657.21,0,0
716,PAYMENT,110.8,C40547349,245192.13,245081.33,C21395409,0.0,0.0,0,0
716,PAYMENT,2150.97,C99038359,422282.49,420131.52,C22240547,0.0,0.0,0,0
716,TRANSFER,15643.46,C91722503,61623.76,45980.3,C24363501,116184.23,131827.69,0,0
717,CASH_OUT,777.22,C11250299,2087.7,1310.48,C74291599,73986.76,74763.98,0,0
717,PAYMENT,2121.84,C51946203,300611.95,298490.11,C53995720,0.0,0.0,0,0
717,CASH_OUT,2424.32,C45507920,4705.79,2281.47,C55063530,43681.68,46106.0,0,0
717,PAYMENT,28.26,C26733967,449039.43,449011.17,C33188838,0.0,0.0,0,0
717,PAYMENT,23.9,C83998961,305184.55,305160.65,C92684436,0.0,0.0,0,0
717,PAYMENT,825.8,C93370583,116351.79,115525.99,C35093324,0.0,0.0,0,0
717,PAYMENT,175.19,C40094589,250458.42,250283.23,C50045602,0.0,0.0,0,0
717,DEBIT,4453.05,C76795767,10331.77,5878.72,C84227466,60081.84,64534.89,0,0
717,CASH_IN,2171.91,C71115319,5785.17,3613.26,C27543369,38995.27,41167.18,0,0
717,CASH_OUT,1195.13,C43311626,2915.86,1720.73,M41674763,9970.5,11165.63,0,0
717,CASH_OUT,743.93,C58612055,1149.51,405.58,C36484437,67265.28,68009.21,0,0
717,PAYMENT,4032.08,C88961459,4212.07,179.99,C60905625,0.0,0.0,0,0
717,CASH_OUT,13132.42,C10744212,28098.14,14965.72,C47890586,97524.07,110656.49,0,0
717,PAYMENT,605.77,C19209801,404627.22,404021.45,C32533467,0.0,0.0,0,0
718,TRANSFER,14791.78,C63792364,38343.5,23551.72,M97182566,153732.24,168524.02,0,0
718,CASH_OUT,13025.05,C50559278,38132.92,25107.87,C39356057,42553.49,55578.54,0,0
718,PAYMENT,1857.51,C31429110,309466.0,307608.49,C28268622,0.0,0.0,0,0
718,PAYMENT,308.1,C93303777,155012.57,154704.47,C62132722,0.0,0.0,0,0
718,TRANSFER,8539.92,C50814428,8977.79,437.87,C96255361,97747.75,106287.67,0,0
718,PAYMENT,348.27,C18846539,399004.85,398656.58,M85647532,0.0,0.0,0,0
718,TRANSFER,6407.44,C42329237,12000.44,5593.0,M26821075,78494.56,84902.0,0,0
718,PAYMENT,251.21,C88703005,191085.42,190834.21,M47543473,0.0,0.0,0,0
718,PAYMENT,5281.64,C80162053,144284.7,139003.06,C57085656,0.0,0.0,0,0
718,CASH_IN,3354.86,C84346088,3511.46,156.6,C85678734,78505.49,81860.35,0,0
718,CASH_IN,5648.99,C62607710,9549.42,3900.43,C20482769,29339.45,34988.44,0,0
718,PAYMENT,197.87,C76906611,491368.44,491170.57,C50250352,0.0,0.0,0,0
718,CASH_IN,5021.97,C58970845,7373.59,2351.62,C40177972,40527.97,45549.94,0,0
719,CASH_OUT,11477.15,C15957459,17822.17,6345.02,C41796721,24417.21,35894.36,0,0
719,TRANSFER,696.91,C33581357,2673.1,1976.19,C20326375,66839.53,67536.44,0,0
719,PAYMENT,113.34,C96525668,361922.48,361809.14,C19978827,0.0,0.0,0,0
719,PAYMENT,802.8,C81690398,341538.33,340735.53,C41240803,0.0,0.0,0,0
719,PAYMENT,283.6,C81503856,387485.96,387202.36,C68718382,0.0,0.0,0,0
719,TRANSFER,5089.29,C36550845,18456.06,13366.77,C46907428,51149.44,56238.73,0,0
719,TRANSFER,6828.01,C52431444,14051.08,7223.07,C11619606,184176.48,191004.49,0,0
719,CASH_OUT,13888.17,C89864260,18624.94,4736.77,C82445335,33095.78,46983.95,0,0
719,PAYMENT,166.81,C57236885,276303.05,276136.24,C42123815,0.0,0.0,0,0
719,DEBIT,3580.12,C92228802,6859.26,3279.14,C81057233,59257.62,62837.74,0,0
719,CASH_OUT,1263.05,C59796322,2505.32,1242.27,M92134318,32462.08,33725.13,0,0
719,CASH_OUT,12925.03,C11250299,25340.68,12415.65,C70768130,75151.37,88076.4,0,0
719,CASH_OUT,609.57,C23298711,1295.47,685.9,M66207740,76078.53,76688.1,0,0
720,DEBIT,7912.82,C25312516,21797.77,13884.95,C42847661,20902.56,28815.38,0,0
720,CASH_OUT,237.1,C88458327,558.91,321.81,C96126771,58480.08,58717.18,0,0
720,CASH_OUT,792.22,C58399417,1017.54,225.32,C49652241,81993.27,82785.49,0,0
720,PAYMENT,1301.05,C54098516,171030.7,169729.65,C50323741,0.0,0.0,0,0
720,PAYMENT,1634.17,C96977837,2458.88,824.71,C17531619,0.0,0.0,0,0
720,CASH_OUT,622.28,C40532691,1048.53,426.25,C51178850,71449.87,72072.15,0,0
720,CASH_OUT,12932.14,C95318289,23661.95,10729.81,M59093843,73979.57,86911.71,0,0
720,PAYMENT,1373.46,C82475098,161441.44,160067.98,C15730602,0.0,0.0,0,0
720,PAYMENT,933.2,C68754920,272592.17,271658.97,C37154689,0.0,0.0,0,0
720,PAYMENT,665.74,C25374874,496608.87,495943.13,C73995913,0.0,0.0,0,0
720,PAYMENT,5999.18,C17032877,304919.36,298920.18,C54524582,0.0,0.0,0,0
720,CASH_OUT,3522.8,C34359060,5873.98,2351.18,C84098828,61502.7,65025.5,0,0
720,TRANSFER,9402.04,C81690398,29795.52,20393.48,M20584397,149819.58,159221.62,0,0
720,TRANSFER,5453.72,C45503389,11248.3,5794.58,C65813853,5461.98,10915.7,0,0
721,TRANSFER,3975.29,C89036966,14531.4,10556.11,C92000924,16169.69,20144.98,0,0
721,PAYMENT,1229.94,C47962005,250093.67,248863.73,C62162278,0.0,0.0,0,0
721,CASH_OUT,879.26,C64247457,1795.94,916.68,M74985553,65070.7,65949.96,0,0
721,PAYMENT,435.16,C65686520,498306.81,497871.65,C60527631,0.0,0.0,0,0
721,CASH_IN,8873.39,C59823245,12220.32,3346.93,C56496201,21851.21,30724.6,0,0
721,CASH_OUT,13292.94,C13874790,32219.39,18926.45,M48971765,61297.11,74590.05,0,0
721,TRANSFER,49194.23,C69355025,168057.31,118863.08,M45521514,10605.67,59799.9,0,0
721,PAYMENT,422.26,C54318698,492737.03,492314.77,M56488123,0.0,0.0,0,0
721,CASH_OUT,2425.31,C51471222,2721.95,296.64,C73319171,81520.19,83945.5,0,0
721,CASH_OUT,1869.18,C83534128,4299.51,2430.33,C82029307,24980.1,26849.28,0,0
721,CASH_OUT,1663.07,C18126895,1843.42,180.35,C61402634,18073.44,19736.51,0,0
721,PAYMENT,3657.95,C55667651,303236.02,299578.07,C14142053,0.0,0.0,0,0
721,DEBIT,17717.62,C67403166,25602.6,7884.98,M65913331,91059.41,108777.03,0,0
722,CASH_OUT,5789.87,C61818612,13712.19,7922.32,M58438711,6681.41,12471.28,0,0
722,CASH_OUT,723.05,C72445234,1425.16,702.11,M31809610,97644.09,98367.14,0,0
722,PAYMENT,522.62,C42287985,250338.02,249815.4,C99490304,0.0,0.0,0,0
722,DEBIT,999.57,C89160218,1926.73,927.16,C31989243,24016.81,25016.38,0,0
722,CASH_IN,3748.95,C50569669,9486.68,5737.73,C33505978,45614.03,49362.98,0,0
722,CASH_OUT,634.04,C88393811,1053.55,419.51,C62132722,88562.52,89196.56,0,0
722,PAYMENT,4783.77,C38195995,449958.15,445174.38,C22802372,0.0,0.0,0,0
722,PAYMENT,537.58,C45843681,307463.53,306925.95,M66121095,0.0,0.0,0,0
722,PAYMENT,217.3,C33776150,348513.26,348295.96,C37868462,0.0,0.0,0,0
722,PAYMENT,1552.2,C83227889,386215.93,384663.73,C44224936,0.0,0.0,0,0
722,TRANSFER,9782.67,C48604965,11265.39,1482.72,M43322272,76981.92,86764.59,0,0
722,PAYMENT,2440.11,C29876811,158936.8,156496.69,C25446483,0.0,0.0,0,0
722,CASH_OUT,159.13,C27105448,330.15,171.02,M96075494,73158.35,73317.48,0,0
722,TRANSFER,955.0,C32321899,1495.32,540.32,M49945150,189293.13,190248.13,0,0
723,CASH_OUT,6733.14,C10076758,16768.31,10035.17,M82286705,6983.3,13716.44,0,0
723,CASH_IN,1398.58,C90859912,2853.16,1454.58,C86514083,33636.12,35034.7,0,0
723,TRANSFER,2547.27,C12799319,3642.01,1094.74,M76980546,50829.41,53376.68,0,0
723,TRANSFER,8963.84,C30024960,20327.83,11363.99,M25946545,77715.93,86679.77,0,0
723,PAYMENT,1892.22,C67062156,54849.56,52957.34,C59333294,0.0,0.0,0,0
723,TRANSFER,21290.23,C72312933,40256.87,18966.64,M76423575,163178.33,184468.56,0,0
723,PAYMENT,3514.54,C12784407,80278.91,76764.37,C84182331,0.0,0.0,0,0
723,CASH_IN,12634.99,C86593187,35490.91,22855.92,C75825262,42006.55,54641.54,0,0
723,CASH_OUT,8416.38,C71265269,20784.43,12368.05,C13296743,25497.55,33913.93,0,0
723,CASH_OUT,1104.56,C64547971,2949.79,1845.23,C20326375,57889.89,58994.45,0,0
723,CASH_OUT,6287.06,C99508850,9831.37,3544.31,M80557676,43678.23,49965.29,0,0
723,CASH_IN,3946.81,C98986321,7719.85,3773.04,C89415412,16887.48,20834.29,0,0
723,PAYMENT,1736.47,C50264926,18721.46,16984.99,C43226234,0.0,0.0,0,0
724,CASH_IN,1025.3,C78371272,2660.87,1635.57,C79491111,95778.43,96803.73,0,0
724,PAYMENT,1180.94,C26297533,104710.08,103529.14,C52222214,0.0,0.0,0,0
724,PAYMENT,43.71,C45652586,57604.99,57561.28,C37272705,0.0,0.0,0,0
724,PAYMENT,3017.85,C74893936,92006.87,88989.02,C43316996,0.0,0.0,0,0
724,PAYMENT,850.36,C73509974,493209.24,492358.88,C38138531,0.0,0.0,0,0
724,CASH_OUT,15357.5,C94712997,33532.82,18175.32,C92861016,89033.85,104391.35,0,0
724,CASH_IN,2790.64,C99927658,8113.6,5322.96,C38829445,30015.59,32806.23,0,0
724,CASH_IN,230.31,C94216001,668.68,438.37,C44224936,38409.31,38639.62,0,0
724,CASH_OUT,5196.54,C38553319,5895.16,698.62,C87324220,70686.92,75883.46,0,0
724,PAYMENT,1071.84,C88862539,158156.52,157084.68,C69961498,0.0,0.0,0,0
724,PAYMENT,3088.87,C89379016,329092.05,326003.18,C42981324,0.0,0.0,0,0
724,TRANSFER,11903.42,C73709724,39309.45,27406.03,C82633735,29731.55,41634.97,0,0
724,PAYMENT,356.32,C89736043,4940.71,4584.39,C98222374,0.0,0.0,0,0
724,CASH_IN,7043.58,C50785405,20687.48,13643.9,M83932683,16987.5,24031.08,0,0
725,CASH_IN,1803.83,C55199748,5333.18,3529.35,M78412668,87885.71,89689.54,0,0
725,PAYMENT,1058.95,C46677730,189089.07,188030.12,C25285764,0.0,0.0,0,0
725,TRANSFER,2407.68,C15858241,5973.77,3566.09,C15307982,2857.76,5265.44,0,0
725,CASH_OUT,2295.34,C25374874,5793.86,3498.52,C68341261,59911.63,62206.97,0,0
725,PAYMENT,615.16,C73560289,24435.86,23820.7,C82162880,0.0,0.0,0,0
725,CASH_OUT,6531.74,C59823245,12428.95,5897.21,C48063218,4348.8,10880.54,0,0
725,TRANSFER,9048.33,C35140847,15251.23,6202.9,C96605343,98528.42,107576.75,0,0
725,PAYMENT,3702.21,C38933176,476621.53,472919.32,C83330295,0.0,0.0,0,0
725,CASH_IN,5801.0,C77378254,14420.17,8619.17,M40097200,90758.67,96559.67,0,0
725,PAYMENT,1165.28,C81210133,30533.28,29368.0,M34970946,0.0,0.0,0,0
725,CASH_OUT,26207.24,C53233116,50392.65,24185.41,C25922674,90030.9,116238.14,0,0
725,CASH_IN,9795.97,C61019678,22241.67,12445.7,C13209180,24131.35,33927.32,0,0
725,PAYMENT,4605.26,C25356396,212832.12,208226.86,C62741214,0.0,0.0,0,0
726,CASH_OUT,8119.41,C89034501,9706.66,1587.25,C54013571,66362.26,74481.67,0,0
726,TRANSFER,4722.12,C39587039,13478.1,8755.98,C42357445,160576.41,165298.53,0,0
726,TRANSFER,2006.18,C60491958,3620.32,1614.14,M92961108,96804.86,98811.04,0,0
726,TRANSFER,23490.86,C90246882,43827.93,20337.07,M77353073,36657.26,60148.12,0,0
726,PAYMENT,255.33,C69329732,460951.49,460696.16,C56113741,0.0,0.0,0,0
726,PAYMENT,783.95,C27589104,434863.6,434079.65,M48605090,0.0,0.0,0,0
726,CASH_IN,1001.92,C67702031,2513.7,1511.78,C56300738,48988.59,49990.51,0,0
726,PAYMENT,3708.64,C68716573,170548.24,166839.6,C68341261,0.0,0.0,0,0
726,DEBIT,213.86,C81498611,365.72,151.86,C99326148,5222.94,5436.8,0,0
726,CASH_OUT,5377.81,C52773159,15440.09,10062.28,C12925970,7023.64,12401.45,0,0
726,CASH_OUT,3461.06,C42594692,8255.1,4794.04,C49666982,36480.57,39941.63,0,0
726,CASH_IN,274.19,C34084236,502.54,228.35,C10331931,85960.42,86234.61,0,0
726,PAYMENT,767.63,C40532273,492910.32,492142.69,C72151291,0.0,0.0,0,0
726,TRANSFER,30615.63,C43554863,82570.95,51955.32,C64877191,84694.98,115310.61,0,0
727,CASH_OUT,280.8,C66348963,509.56,228.76,M35878707,1415.1,1695.9,0,0
727,TRANSFER,6564.33,C29538047,8916.04,2351.71,C88158177,83250.81,89815.14,0,0
727,CASH_IN,4621.43,C12446861,5284.62,663.19,C36770773,20705.02,25326.45,0,0
727,CASH_OUT,6295.78,C53868501,8655.0,2359.22,C75478707,26079.91,32375.69,0,0
727,CASH_OUT,5089.99,C33640702,6602.64,1512.65,C13785821,39492.65,44582.64,0,0
727,PAYMENT,3117.76,C70900658,297542.54,294424.78,M32099899,0.0,0.0,0,0
727,CASH_OUT,6821.47,C82394227,16494.62,9673.15,C19735027,90354.08,97175.55,0,0
727,CASH_IN,8160.76,C64830300,20223.6,12062.84,C20043577,31189.01,39349.77,0,0
727,CASH_OUT,15171.23,C31306555,26939.03,11767.8,C48451741,48608.41,63779.64,0,0
727,PAYMENT,1042.92,C41039390,241903.98,240861.06,C58991556,0.0,0.0,0,0
727,CASH_OUT,2046.99,C20949687,4530.06,2483.07,C30208677,40835.25,42882.24,0,0
727,CASH_OUT,7236.25,C69302158,20691.54,13455.29,M45521514,5845.51,13081.76,0,0
727,CASH_OUT,29351.2,C85863473,44606.24,15255.04,C85099723,20486.57,49837.77,0,0
728,PAYMENT,2004.63,C85957578,415727.51,413722.88,C22713811,0.0,0.0,0,0
728,CASH_OUT,1927.03,C23903144,5063.09,3136.06,M37828932,73177.47,75104.5,0,0
728,PAYMENT,3403.37,C23769080,68307.27,64903.9,C22802372,0.0,0.0,0,0
728,CASH_OUT,8762.96,C83197857,17222.32,8459.36,C10091737,40536.65,49299.61,0,0
728,TRANSFER,3081.18,C83659258,4103.48,1022.3,C28405182,78700.17,81781.35,0,0
728,PAYMENT,730.78,C20593403,377066.61,376335.83,M22993840,0.0,0.0,0,0
728,CASH_IN,78.25,C26879290,207.44,129.19,C23102741,86225.86,86304.11,0,0
728,CASH_IN,19726.88,C67887757,59030.53,39303.65,C46685332,65158.56,84885.44,0,0
728,CASH_IN,3286.93,C43251599,5672.06,2385.13,C60473288,34589.85,37876.78,0,0
728,CASH_IN,2567.59,C52431444,2590.34,22.75,C84264220,78811.68,81379.27,0,0
728,PAYMENT,391.08,C77898694,8011.28,7620.2,M48789478,0.0,0.0,0,0
728,CASH_IN,119.3,C56020613,218.84,99.54,C30027648,20608.51,20727.81,0,0
728,TRANSFER,1043.35,C34215035,2213.09,1169.74,C29374563,124448.01,125491.36,0,0
729,PAYMENT,148.33,C52587010,383642.87,383494.54,M40540334,0.0,0.0,0,0
729,DEBIT,4521.07,C29413516,11758.29,7237.22,C56676884,186.72,4707.79,0,0
729,CASH_IN,5879.42,C46855845,5978.19,98.77,C36592965,97434.29,103313.71,0,0
729,CASH_IN,3615.5,C59684848,9799.05,6183.55,M10695441,15934.73,19550.23,0,0
729,CASH_OUT,4343.75,C88183110,5451.07,1107.32,M86134287,76698.94,81042.69,0,0
729,TRANSFER,22546.47,C45594597,81045.99,58499.52,C40358823,197404.71,219951.18,0,0
729,CASH_OUT,8130.1,C58942697,10200.43,2070.33,C19531069,72462.75,80592.85,0,0
729,CASH_OUT,1110.06,C92963368,1289.59,179.53,C89412216,55678.93,56788.99,0,0
729,CASH_OUT,1163.52,C20843514,3409.91,2246.39,C59044830,83480.46,84643.98,0,0
729,CASH_OUT,5707.25,C61818612,10607.12,4899.87,M90882505,82427.8,88135.05,0,0
729,CASH_IN,205.09,C67723010,444.1,239.01,C96110892,50557.58,50762.67,0,0
729,PAYMENT,130.23,C47983442,71092.71,70962.48,C52710350,0.0,0.0,0,0
729,TRANSFER,20783.94,C81016525,78052.75,57268.81,C13296743,193586.77,214370.71,0,0
729,CASH_OUT,6727.62,C60562485,7990.9,1263.28,M77493234,93011.77,99739.39,0,0
730,DEBIT,1999.39,C69329732,2313.7,314.31,C66851305,48442.66,50442.05,0,0
730,PAYMENT,99.87,C23041121,405150.56,405050.69,M85386435,0.0,0.0,0,0
730,DEBIT,6604.75,C99514287,11773.72,5168.97,C25194922,38493.78,45098.53,0,0
730,CASH_OUT,2125.13,C78371272,6114.05,3988.92,C40872577,30371.85,32496.98,0,0
730,TRANSFER,38173.51,C56843172,66375.71,28202.2,C76545476,83415.01,121588.52,0,0
730,PAYMENT,2239.05,C98122539,291593.22,289354.17,C69920305,0.0,0.0,0,0
730,PAYMENT,69.76,C98054615,7065.12,6995.36,C41796721,0.0,0.0,0,0
730,CASH_OUT,2059.2,C20099059,2262.02,202.82,C46042404,17303.26,19362.46,0,0
730,CASH_OUT,6199.09,C38984499,18512.64,12313.55,C56697654,83260.3,89459.39,0,0
730,TRANSFER,18127.1,C48683937,52547.3,34420.2,C59805178,40389.14,58516.24,0,0
730,CASH_OUT,1738.82,C19339597,2278.9,540.08,M28908276,25093.35,26832.17,0,0
730,CASH_OUT,4497.51,C43189803,8529.2,4031.69,M11097552,68866.28,73363.79,0,0
730,PAYMENT,3488.75,C40532273,415572.73,412083.98,C37804291,0.0,0.0,0,0
731,TRANSFER,24456.6,C19913576,84127.64,59671.04,C49203644,165838.3,190294.9,0,0
731,DEBIT,2993.64,C67594492,3320.03,326.39,C99826000,40280.83,43274.47,0,0
731,TRANSFER,6549.21,C47945817,22064.68,15515.47,C78541804,26034.53,32583.74,0,0
731,TRANSFER,27162.37,C96368203,39529.08,12366.71,C18873816,169993.84,197156.21,0,0
731,CASH_OUT,726.38,C71040347,1603.31,876.93,C72059365,50049.74,50776.12,0,0
731,CASH_OUT,27541.95,C21003626,80213.19,52671.24,C25479814,23795.89,51337.84,0,0
731,CASH_OUT,7755.9,C69329732,7817.6,61.7,C92809273,71304.2,79060.1,0,0
731,CASH_OUT,2206.36,C13637575,4266.24,2059.88,M88295121,49665.17,51871.53,0,0
731,TRANSFER,15551.58,C93115778,34211.55,18659.97,C13031322,17894.75,33446.33,0,0
731,TRANSFER,10243.58,C85017250,36031.13,25787.55,C40245233,28395.55,38639.13,0,0
731,CASH_OUT,7565.83,C65686520,18205.48,10639.65,M16892773,80495.64,88061.47,0,0
731,PAYMENT,248.13,C47535126,420161.21,419913.08,M16792127,0.0,0.0,0,0
731,PAYMENT,1072.51,C22304198,328961.35,327888.84,C42847661,0.0,0.0,0,0
731,PAYMENT,1270.25,C67279295,282649.63,281379.38,C89526622,0.0,0.0,0,0
732,PAYMENT,1079.26,C69352161,444906.43,443827.17,M81062902,0.0,0.0,0,0
732,TRANSFER,9280.02,C36772387,24923.32,15643.3,M16866268,53444.54,62724.56,0,0
732,TRANSFER,4112.69,C68548403,14630.37,10517.68,C16078694,163065.19,167177.88,0,0
732,CASH_IN,1071.39,C29226889,1756.74,685.35,C72552858,48025.79,49097.18,0,0
732,CASH_OUT,12977.71,C70251043,14971.71,1994.0,C11226946,88141.06,101118.77,0,0
732,TRANSFER,25189.28,C24923247,58207.09,33017.81,C82966824,125441.45,150630.73,0,0
732,PAYMENT,1031.2,C47295260,368926.88,367895.68,C70850538,0.0,0.0,0,0
732,TRANSFER,1344819.47,C70254091,1647952.06,0.0,C13498112,59433.79,1404253.26,1,1
732,PAYMENT,888.48,C81200181,258753.03,257864.55,C15711200,0.0,0.0,0,0
732,TRANSFER,13396.63,C48285503,41407.62,28010.99,C29825571,194621.82,208018.45,0,0
732,CASH_IN,498.48,C25458308,861.97,363.49,C82016510,93581.99,94080.47,0,0
732,PAYMENT,890.66,C87149951,95758.15,94867.49,C11851322,0.0,0.0,0,0
732,TRANSFER,17989.71,C76319264,49247.2,31257.49,M19023909,57670.62,75660.33,0,0
733,TRANSFER,430.44,C19196777,966.43,535.99,C78559218,22109.08,22539.52,0,0
733,CASH_OUT,10856.72,C77144075,19754.08,8897.36,C16533225,70547.32,81404.04,0,0
733,TRANSFER,1405680.11,C71045700,1219998.31,0.0,C42483531,2906.78,1408586.89,1,1
733,CASH_OUT,939.28,C39920292,1342.54,403.26,C62133188,93981.85,94921.13,0,0
733,PAYMENT,412.15,C26240908,35212.34,34800.19,C55735904,0.0,0.0,0,0
733,TRANSFER,31697.3,C83140807,90445.6,58748.3,C18115992,79807.59,111504.89,0,0
733,TRANSFER,2659.77,C88802305,6193.61,3533.84,C63270536,188907.36,191567.13,0,0
733,PAYMENT,736.8,C85283645,223011.54,222274.74,C56785209,0.0,0.0,0,0
733,CASH_OUT,2949.39,C95585469,4269.47,1320.08,C42029368,89581.73,92531.12,0,0
733,TRANSFER,10081.43,C15512205,23993.82,13912.39,C48478684,21027.45,31108.88,0,0
733,PAYMENT,133.29,C54024257,3250.16,3116.87,C31337593,0.0,0.0,0,0
733,PAYMENT,444.04,C43742830,428843.43,428399.39,C48833650,0.0,0.0,0,0
733,PAYMENT,624.98,C48683937,144927.18,144302.2,C34019729,0.0,0.0,0,0
733,CASH_OUT,6349.09,C66828640,11530.43,5181.34,C86211608,47831.62,54180.71,0,0
734,CASH_OUT,9619.64,C39600202,18288.69,8669.05,C18338186,60103.66,69723.3,0,0
734,PAYMENT,3254.94,C78139880,127126.28,123871.34,C40872577,0.0,0.0,0,0
734,TRANSFER,6247.79,C48412328,20168.4,13920.61,M70012727,69002.15,75249.94,0,0
734,TRANSFER,1338.94,C55728776,3478.62,2139.68,C33193791,149506.5,150845.44,0,0
734,CASH_IN,795.44,C68526649,1847.14,1051.7,C28405182,75505.33,76300.77,0,0
734,PAYMENT,586.95,C46698468,252301.61,251714.66,C95851936,0.0,0.0,0,0
734,PAYMENT,257.77,C60628276,30950.39,30692.62,M73161098,0.0,0.0,0,0
734,PAYMENT,528.82,C98231132,107747.9,107219.08,C82445335,0.0,0.0,0,0
734,DEBIT,2123.35,C91415657,6232.51,4109.16,M83800569,80080.41,82203.76,0,0
734,PAYMENT,1566.39,C11646234,441334.45,439768.06,C15892193,0.0,0.0,0,0
734,CASH_IN,1371.94,C28814949,2118.61,746.67,C81394920,49533.78,50905.72,0,0
734,PAYMENT,5365.15,C91721371,26254.43,20889.28,C57505459,0.0,0.0,0,0
734,PAYMENT,1083.75,C61019678,165234.05,164150.3,C49652241,0.0,0.0,0,0
735,PAYMENT,4050.15,C63100814,9036.39,4986.24,C60666702,0.0,0.0,0,0
735,CASH_IN,8478.84,C26879290,13462.38,4983.54,C99399687,12215.02,20693.86,0,0
735,PAYMENT,784.98,C66240084,394155.93,393370.95,C25696616,0.0,0.0,0,0
735,PAYMENT,3331.28,C28419343,8472.06,5140.78,C28767690,0.0,0.0,0,0
735,CASH_IN,2763.91,C49349722,7829.41,5065.5,M20584397,67152.26,69916.17,0,0
735,CASH_OUT,954.93,C59394697,1815.79,860.86,C15730602,51905.26,52860.19,0,0
735,TRANSFER,12079.75,C78131950,28062.27,15982.52,C35297417,151896.99,163976.74,0,0
735,TRANSFER,5410.52,C45059710,13463.76,8053.24,C14142053,49558.31,54968.83,0,0
735,PAYMENT,2456.71,C67110154,287082.63,284625.92,C83330690,0.0,0.0,0,0
735,DEBIT,17494.17,C70654852,39754.71,22260.54,C25446483,3243.28,20737.45,0,0
735,CASH_OUT,4029.14,C15291208,4893.89,864.75,C69961498,53112.92,57142.06,0,0
735,PAYMENT,10905.52,C23913528,190225.61,179320.09,C96969050,0.0,0.0,0,0
735,CASH_OUT,5765.24,C43744231,7024.49,1259.25,C53739710,95905.68,101670.92,0,0
735,CASH_OUT,9379.78,C32520277,21766.63,12386.85,C63143336,63740.11,73119.89,0,0
736,PAYMENT,383.17,C26395999,355443.93,355060.76,C20344164,0.0,0.0,0,0
736,CASH_OUT,11325.92,C42594692,13287.26,1961.34,C85886408,90299.11,101625.03,0,0
736,CASH_OUT,2717.84,C98955314,4638.66,1920.82,M50259503,30023.16,32741.0,0,0
736,TRANSFER,16170.55,C31127115,24226.01,8055.46,M14670638,115905.13,132075.68,0,0
736,CASH_OUT,4720.47,C31472420,10051.93,5331.46,C36229153,62144.76,66865.23,0,0
736,PAYMENT,3898.5,C55610493,295634.37,291735.87,C59515518,0.0,0.0,0,0
736,CASH_OUT,7864.98,C84660688,20002.22,12137.24,C76399516,24690.25,32555.23,0,0
736,PAYMENT,642.49,C76481885,224933.81,224291.32,C79718627,0.0,0.0,0,0
736,DEBIT,307.03,C16109013,546.02,238.99,C40620216,43020.59,43327.62,0,0
736,TRANSFER,7986.54,C50559278,28149.6,20163.06,C12176998,105194.06,113180.6,0,0
736,CASH_OUT,1705.69,C78092370,4562.82,2857.13,C35297417,89424.37,91130.06,0,0
736,PAYMENT,3918.23,C87277086,416061.18,412142.95,C19735027,0.0,0.0,0,0
736,CASH_OUT,602.92,C30868105,1340.77,737.85,C68930964,97377.41,97980.33,0,0
737,PAYMENT,10131.08,C20043277,267809.04,257677.96,M31198492,0.0,0.0,0,0
737,PAYMENT,1424.24,C72363359,335222.33,333798.09,C71310453,0.0,0.0,0,0
737,TRANSFER,172381.69,C18126895,154846.41,0.0,M74398125,69058.1,0.0,1,0
737,DEBIT,7085.93,C29876811,15921.87,8835.94,C82156607,68408.36,75494.29,0,0
737,CASH_OUT,592622.13,C31079846,587252.75,0.0,C22775337,87745.75,0.0,1,0
737,PAYMENT,3187.84,C39254705,155840.81,152652.97,C85579195,0.0,0.0,0,0
737,TRANSFER,32284.67,C30513739,53831.01,21546.34,C96804457,165155.73,197440.4,0,0
737,TRANSFER,14318.85,C39557077,36198.97,21880.12,M89431184,12239.6,26558.45,0,0
737,PAYMENT,2060.63,C40291214,225640.03,223579.4,C41272427,0.0,0.0,0,0
737,PAYMENT,659.31,C64864099,247659.89,247000.58,C29353063,0.0,0.0,0,0
737,PAYMENT,248.24,C98346110,493794.08,493545.84,M83800569,0.0,0.0,0,0
737,PAYMENT,606.71,C64280720,406771.71,406165.0,C84618850,0.0,0.0,0,0
737,DEBIT,2346.39,C41510328,5193.85,2847.46,C67774765,76323.93,78670.32,0,0
738,CASH_OUT,481.86,C60562485,632.28,150.42,M33593960,97012.34,97494.2,0,0
738,CASH_OUT,3337.85,C23318904,5139.06,1801.21,C46997080,35752.17,39090.02,0,0
738,CASH_IN,9410.76,C88458327,26503.46,17092.7,C66487347,23822.71,33233.47,0,0
738,TRANSFER,18007.48,C15253567,18707.59,700.11,M29163535,88143.33,106150.81,0,0
738,PAYMENT,1249.46,C29944139,57160.58,55911.12,C46207439,0.0,0.0,0,0
738,PAYMENT,651.77,C15066382,86534.35,85882.58,C23746101,0.0,0.0,0,0
738,PAYMENT,1913.62,C25276327,237130.16,235216.54,C80828710,0.0,0.0,0,0
738,TRANSFER,16787.03,C29270557,33990.56,17203.53,M66207740,176208.48,192995.51,0,0
738,TRANSFER,1185.46,C90048665,2187.66,1002.2,M35805259,168464.0,169649.46,0,0
738,CASH_OUT,9005.68,C88802305,15552.6,6546.92,C80638102,69438.4,78444.08,0,0
738,CASH_IN,4293.07,C18357162,6258.26,1965.19,C81394920,35639.92,39932.99,0,0
738,CASH_OUT,7022.53,C31172421,11242.35,4219.82,C65902739,80676.2,87698.73,0,0
738,PAYMENT,279.09,C18530615,474669.04,474389.95,C20453825,0.0,0.0,0,0
738,PAYMENT,588.3,C74759996,74815.86,74227.56,C19282319,0.0,0.0,0,0
739,TRANSFER,74077.55,C21370793,167251.03,93173.48,C12099943,168883.11,242960.66,0,0
739,TRANSFER,15646.16,C96750368,48840.87,33194.71,C15997257,163458.02,179104.18,0,0
739,CASH_OUT,1193.81,C96911784,3403.53,2209.72,C58974686,81893.46,83087.27,0,0
739,PAYMENT,1194.51,C50079111,217524.74,216330.23,C43308414,0.0,0.0,0,0
739,CASH_OUT,31795.81,C59823245,66354.43,34558.62,C99826000,34431.89,66227.7,0,0
739,TRANSFER,27302.51,C68496914,87588.79,60286.28,C56420476,99394.64,126697.15,0,0
739,TRANSFER,14131.44,C99949389,42154.88,28023.44,C38169370,150430.36,164561.8,0,0
739,CASH_OUT,922566.9,C22684373,831358.99,0.0,C19282319,99248.94,1021815.84,1,0
739,PAYMENT,132.45,C39920292,218091.12,217958.67,C97735896,0.0,0.0,0,0
739,PAYMENT,705.04,C83998961,90383.78,89678.74,M56239991,0.0,0.0,0,0
739,CASH_OUT,998.27,C73083727,1853.44,855.17,C35297417,24862.41,25860.68,0,0
739,CASH_OUT,1754.2,C59858348,4911.58,3157.38,C18087373,37682.24,39436.44,0,0
739,CASH_OUT,8057.25,C67213476,20585.08,12527.83,M71594457,57808.38,65865.63,0,0
740,CASH_OUT,3770.45,C19391725,10449.7,6679.25,C14259382,13840.67,17611.12,0,0
740,PAYMENT,2496.71,C44295247,227131.01,224634.3,C14324134,0.0,0.0,0,0
740,PAYMENT,523.23,C16990811,159762.61,159239.38,M96031876,0.0,0.0,0,0
740,PAYMENT,1692.25,C91952730,169947.2,168254.95,C84618850,0.0,0.0,0,0
740,CASH_OUT,5335.1,C76276072,15500.53,10165.43,C41354768,13347.68,18682.78,0,0
740,TRANSFER,1366.61,C16818112,4744.41,3377.8,C43914361,41303.42,42670.03,0,0
740,CASH_IN,3593.65,C63121477,5529.5,1935.85,C49529438,67723.31,71316.96,0,0
740,TRANSFER,10764.83,C27589104,13628.49,2863.66,C43440045,22910.24,33675.07,0,0
740,PAYMENT,223.29,C55617282,336515.9,336292.61,C95641960,0.0,0.0,0,0
740,TRANSFER,3193.14,C33581357,9783.97,6590.83,M65907088,181945.62,185138.76,0,0
740,PAYMENT,3355.56,C21631697,467891.42,464535.86,C85141654,0.0,0.0,0,0
740,TRANSFER,8027.44,C79173614,18093.05,10065.61,C43308414,161281.12,169308.56,0,0
740,CASH_OUT,15185.92,C34464938,34399.0,19213.08,C76588957,2458.55,17644.47,0,0
740,PAYMENT,2699.45,C79987997,173582.2,170882.75,C84892608,0.0,0.0,0,0
741,CASH_OUT,840.09,C42747037,1585.92,745.83,C60388958,87026.09,87866.18,0,0
741,PAYMENT,997.72,C24366125,264251.5,263253.78,C99490304,0.0,0.0,0,0
741,CASH_OUT,1439.37,C85957578,1793.03,353.66,C22242388,61071.01,62510.38,0,0
741,TRANSFER,13949.69,C50603163,25689.1,11739.41,C32027350,154606.75,168556.44,0,0
741,TRANSFER,23955.57,C21457410,93129.18,69173.61,C10241310,45361.12,69316.69,0,0
741,DEBIT,3230.92,C83932360,7736.16,4505.24,C33188838,86704.03,89934.95,0,0
741,CASH_IN,442.97,C16095815,790.04,347.07,C88478184,34851.76,35294.73,0,0
741,PAYMENT,728.67,C71477426,126851.51,126122.84,C85141654,0.0,0.0,0,0
741,CASH_OUT,5010.46,C85291541,8623.31,3612.85,M18041391,34172.6,39183.06,0,0
741,TRANSFER,1700.78,C76354180,4828.09,3127.31,M77493234,64341.22,66042.0,0,0
741,PAYMENT,2877.32,C70306604,444132.86,441255.54,C71957885,0.0,0.0,0,0
741,DEBIT,5652.73,C30068183,6619.78,967.05,M35878707,76582.26,82234.99,0,0
741,CASH_OUT,4602.56,C77005685,8306.12,3703.56,C32547129,2799.01,7401.57,0,0
742,PAYMENT,848.58,C41645597,80939.66,80091.08,C46297263,0.0,0.0,0,0
742,CASH_OUT,3902.87,C77491435,6450.53,2547.66,C85833309,30276.46,34179.33,0,0
742,PAYMENT,4614.29,C77349752,155559.14,150944.85,M17698469,0.0,0.0,0,0
742,CASH_OUT,1559.21,C98641164,3263.94,1704.73,C54424679,38030.33,39589.54,0,0
742,CASH_OUT,12885.32,C18083974,33326.74,20441.42,M52857920,58421.33,71306.65,0,0
742,PAYMENT,1058.84,C90010790,71362.3,70303.46,C37775381,0.0,0.0,0,0
742,TRANSFER,6435.76,C15917225,21761.03,15325.27,M73584863,12876.83,19312.59,0,0
742,CASH_OUT,2445.39,C26989677,4439.77,1994.38,M24749927,53624.68,56070.07,0,0
742,PAYMENT,112.16,C44675473,480286.97,480174.81,C72059365,0.0,0.0,0,0
742,PAYMENT,799.28,C57469942,220250.47,219451.19,C18557710,0.0,0.0,0,0
742,CASH_OUT,1189.04,C97971488,3148.59,1959.55,C55332729,94315.59,95504.63,0,0
742,CASH_OUT,275747.76,C56843172,270439.7,0.0,M16813620,52066.53,327814.29,1,0
742,CASH_OUT,1523.21,C70887034,4365.24,2842.03,C78886959,66437.97,67961.18,0,0
742,CASH_OUT,5823.82,C42255732,8180.81,2356.99,M88763056,1644.63,7468.45,0,0
743,TRANSFER,5026.64,C54099326,6581.8,1555.16,C63143336,32381.78,37408.42,0,0
743,CASH_OUT,19098.93,C75876924,38738.34,19639.41,C39648058,1428.15,20527.08,0,0
743,TRANSFER,6065.74,C56278607,13439.72,7373.98,M46456416,122124.35,128190.09,0,0
743,TRANSFER,1051.36,C30665654,3520.66,2469.3,C76217748,133830.57,134881.93,0,0
743,CASH_OUT,2042.68,C67062156,2411.61,368.93,C68809636,80701.44,82744.12,0,0
743,PAYMENT,951.76,C35511941,426910.27,425958.51,C61482483,0.0,0.0,0,0
743,PAYMENT,780.71,C22762205,429506.92,428726.21,M48307798,0.0,0.0,0,0
743,PAYMENT,46.89,C78885632,115911.54,115864.65,M36867482,0.0,0.0,0,0
743,CASH_OUT,12449.52,C66792612,29621.73,17172.21,M83994695,38818.92,51268.44,0,0
743,PAYMENT,1172.51,C68326160,188922.03,187749.52,C30854365,0.0,0.0,0,0
743,PAYMENT,1030.58,C50603163,485604.97,484574.39,C86286724,0.0,0.0,0,0
743,TRANSFER,3860.94,C47077298,7546.06,3685.12,C43214247,15401.74,19262.68,0,0
743,CASH_OUT,726.18,C90023800,1207.33,481.15,M69849800,61532.14,62258.32,0,0
744,PAYMENT,2199.43,C12205915,475757.85,473558.42,C20024377,0.0,0.0,0,0
744,CASH_OUT,3501.02,C17634247,5965.71,2464.69,M13576520,76380.77,79881.79,0,0
744,TRANSFER,485493.14,C40885476,492044.75,0.0,C48744673,73111.43,558604.57,1,1
744,TRANSFER,6994.22,C55754284,23578.53,16584.31,M58518659,37348.57,44342.79,0,0
744,TRANSFER,642787.54,C79340535,519882.54,0.0,C87025433,26184.67,668972.21,1,1
744,TRANSFER,9122.42,C85283645,26206.69,17084.27,C10908300,181893.83,191016.25,0,0
744,CASH_OUT,6260.23,C26405605,7939.19,1678.96,C45106207,31226.36,37486.59,0,0
744,TRANSFER,598570.73,C68353204,625987.21,0.0,C86166246,31944.95,0.0,1,1
744,TRANSFER,5715.06,C67611469,8244.0,2528.94,M36770527,16154.45,21869.51,0,0
744,TRANSFER,7347.44,C44392446,27431.86,20084.42,M87161840,55487.31,62834.75,0,0
744,DEBIT,6009.58,C31516757,15314.66,9305.08,M81275182,57223.55,63233.13,0,0
744,DEBIT,6224.51,C73560289,15468.35,9243.84,C49599276,84713.77,90938.28,0,0
744,CASH_IN,5099.39,C47338124,5877.2,777.81,C23111164,6767.14,11866.53,0,0
