case_id,amount,tx_velocity_1h,origin_balance_drain_ratio,urgency_signal,coercion_pressure_signal,authority_claim_signal,has_obfuscated_url,recipient_age_days,kyc_verified,is_masked_virtual_handle,connected_entities,elevated_risk_mule_hops,cluster_risk_score,story_mismatch_detected,is_fraud
SYN-ADV-00001,4530.18,1,0.15,0,0,0,0,1203,1,0,1,0,3.8,0,0
SYN-ADV-00002,10.0,1,0.12,1,1,1,0,9,0,1,1,0,15.0,1,1
SYN-ADV-00003,22635.25,4,0.57,1,0,0,0,219,1,0,2,0,31.1,0,0
SYN-ADV-00004,10.0,4,0.74,1,1,1,1,15,0,1,10,2,87.5,1,1
SYN-ADV-00005,500.0,2,0.74,1,1,1,0,8,0,1,9,1,85.4,1,1
SYN-ADV-00006,3031.85,1,0.1,0,0,0,0,1305,1,0,1,0,10.9,0,0
SYN-ADV-00007,67079.99,3,0.58,1,0,1,0,206,1,0,3,0,18.7,0,0
SYN-ADV-00008,26190.41,3,0.55,1,0,0,0,249,1,0,2,0,21.2,1,0
SYN-ADV-00009,10.0,3,0.57,1,1,1,1,17,0,0,5,1,87.0,1,1
SYN-ADV-00010,7345.72,3,0.15,0,0,1,1,10,1,0,6,3,82.5,1,1
SYN-ADV-00011,500.0,8,0.58,1,1,1,1,27,1,0,10,4,72.4,0,1
SYN-ADV-00012,318.92,2,0.06,0,0,0,0,1186,1,0,1,0,3.1,0,0
SYN-ADV-00013,1130.89,1,0.2,0,0,0,0,2381,1,0,1,0,3.7,0,0
SYN-ADV-00014,531.33,1,0.06,0,0,0,0,1933,1,0,1,0,14.1,0,0
SYN-ADV-00015,60189.41,4,0.41,1,0,0,0,276,1,0,2,0,11.4,1,0
SYN-ADV-00016,533.27,1,0.01,0,0,0,0,441,1,0,1,0,2.9,0,0
SYN-ADV-00017,15873.64,2,0.28,1,1,0,0,1880,1,0,6,1,59.2,1,1
SYN-ADV-00018,30165.75,3,0.34,1,0,0,0,901,1,0,3,1,55.2,0,1
SYN-ADV-00019,25.0,1,0.11,1,1,1,0,2,0,1,1,0,21.1,0,1
SYN-ADV-00020,1098.04,1,0.13,0,0,0,0,260,1,0,1,0,14.0,0,0
SYN-ADV-00021,18304.89,5,0.44,1,0,1,0,46,0,0,3,0,30.4,0,0
SYN-ADV-00022,25000.0,7,0.64,1,1,0,1,20,0,1,5,4,83.1,1,1
SYN-ADV-00023,10.0,1,0.17,1,1,0,1,15,0,1,1,0,24.2,1,1
SYN-ADV-00024,10.0,5,0.59,1,1,1,0,13,0,1,9,4,79.0,1,1
SYN-ADV-00025,4500.0,6,0.85,0,1,1,1,14,1,0,10,3,75.5,1,1
SYN-ADV-00026,3136.05,1,0.17,0,0,0,0,313,1,0,2,0,18.9,0,0
SYN-ADV-00027,946.15,2,0.16,0,0,0,0,397,1,0,3,0,25.1,1,0
SYN-ADV-00028,4150.96,4,0.23,0,0,0,0,463,1,0,5,0,20.1,0,0
SYN-ADV-00029,169.17,2,0.04,0,0,0,0,2009,1,0,2,0,9.3,0,0
SYN-ADV-00030,25.0,1,0.11,1,1,1,1,5,0,1,1,0,19.1,0,1
SYN-ADV-00031,210.23,1,0.18,0,0,0,0,1060,1,0,1,0,10.7,0,0
SYN-ADV-00032,67.49,2,0.2,0,0,0,0,833,1,0,1,0,13.2,0,0
SYN-ADV-00033,4091.7,2,0.03,0,0,0,0,407,0,0,3,0,32.9,0,0
SYN-ADV-00034,1644.38,2,0.04,0,0,0,0,642,1,0,2,0,13.3,0,0
SYN-ADV-00035,1116.17,1,0.05,0,0,0,0,2085,1,0,2,0,6.0,0,0
SYN-ADV-00036,321.58,1,0.05,0,0,0,0,991,1,0,2,0,6.3,0,0
SYN-ADV-00037,4841.07,2,0.1,0,0,0,0,290,1,0,3,0,36.4,1,0
SYN-ADV-00038,8303.45,3,0.11,0,0,0,0,790,1,0,8,0,29.7,0,0
SYN-ADV-00039,2294.69,1,0.11,0,0,0,0,325,1,1,3,0,12.0,0,0
SYN-ADV-00040,25881.47,4,0.32,0,0,0,0,381,1,0,7,0,32.1,0,0
SYN-ADV-00041,78661.67,4,0.52,1,0,0,0,254,1,0,4,0,16.5,1,0
SYN-ADV-00042,4713.75,1,0.16,0,0,0,0,184,1,0,3,0,19.5,0,0
SYN-ADV-00043,342.2,2,0.1,0,0,0,0,2011,1,0,1,0,8.6,0,0
SYN-ADV-00044,605.3,1,0.14,0,0,0,0,1362,1,0,2,0,3.2,0,0
SYN-ADV-00045,489.84,1,0.14,0,0,0,0,1120,1,0,1,0,3.9,0,0
SYN-ADV-00046,1964.91,2,0.23,0,0,0,0,90,0,0,7,2,74.2,1,1
SYN-ADV-00047,1188.61,1,0.16,0,0,0,0,1096,1,0,1,0,12.5,0,0
SYN-ADV-00048,2445.73,2,0.02,0,0,0,0,1220,1,0,1,0,7.9,0,0
SYN-ADV-00049,6516.22,2,0.19,0,0,0,0,2012,1,0,2,0,12.8,0,0
SYN-ADV-00050,31659.26,4,0.36,0,0,0,0,640,1,0,7,0,41.0,0,0
SYN-ADV-00051,23.31,2,0.16,0,0,0,0,2335,1,0,2,0,10.1,0,0
SYN-ADV-00052,5108.38,1,0.26,0,0,1,1,79,0,1,7,3,68.5,1,1
SYN-ADV-00053,31470.51,5,0.42,1,0,0,0,55,0,0,4,0,18.4,1,0
SYN-ADV-00054,26987.94,3,0.26,0,0,0,0,932,1,0,9,0,42.4,0,0
SYN-ADV-00055,680.84,2,0.05,0,0,0,0,1985,1,0,2,0,2.4,0,0
SYN-ADV-00056,2997.79,2,0.15,0,0,0,0,2114,1,0,1,0,14.7,0,0
SYN-ADV-00057,77554.31,2,0.28,1,0,1,0,178,1,0,2,0,20.0,0,0
SYN-ADV-00058,113.5,2,0.15,0,0,0,0,1926,1,0,2,0,12.9,0,0
SYN-ADV-00059,604.97,1,0.2,0,0,0,0,1633,1,0,1,0,10.5,0,0
SYN-ADV-00060,57140.37,2,0.63,1,1,1,0,109,1,0,2,0,22.4,0,0
SYN-ADV-00061,66351.85,3,0.49,0,0,0,0,128,0,0,2,0,22.7,0,0
SYN-ADV-00062,32010.85,3,0.22,0,0,0,0,912,1,0,6,0,22.1,0,0
SYN-ADV-00063,206.06,1,0.03,0,0,0,0,1435,1,0,1,0,12.4,0,0
SYN-ADV-00064,8285.53,5,0.51,1,0,1,0,260,1,0,2,0,19.5,0,0
SYN-ADV-00065,17441.53,2,0.23,0,0,0,0,931,1,0,9,0,47.0,0,0
SYN-ADV-00066,36656.67,4,0.36,0,1,1,1,877,1,0,5,0,52.3,1,1
SYN-ADV-00067,14817.15,2,0.25,0,0,0,0,512,1,0,6,0,33.7,0,0
SYN-ADV-00068,1124.52,2,0.07,0,0,0,0,1331,1,0,1,0,8.7,0,0
SYN-ADV-00069,11998.99,4,0.37,0,0,0,0,2323,1,0,3,1,51.6,1,1
SYN-ADV-00070,186.25,2,0.1,0,0,0,0,2374,1,0,2,0,7.5,0,0
SYN-ADV-00071,1532.59,2,0.08,0,0,0,0,2058,1,0,2,0,6.0,0,0
SYN-ADV-00072,50.0,4,0.19,1,1,1,1,18,0,1,9,1,90.3,1,1
SYN-ADV-00073,3586.9,2,0.01,0,0,0,0,2387,1,0,1,0,5.6,0,0
SYN-ADV-00074,807.42,2,0.14,0,0,0,0,717,1,0,2,0,3.3,0,0
SYN-ADV-00075,100.0,1,0.1,1,1,1,0,8,0,1,1,0,12.9,1,1
SYN-ADV-00076,135.16,1,0.04,0,0,0,0,1444,1,0,1,0,14.9,0,0
SYN-ADV-00077,4500.0,6,0.55,1,1,1,0,12,0,0,9,1,85.4,1,1
SYN-ADV-00078,3997.43,1,0.13,0,0,0,0,1283,1,0,1,0,4.0,0,0
SYN-ADV-00079,4213.98,1,0.1,0,0,0,0,70,0,1,9,2,81.2,1,1
SYN-ADV-00080,32527.11,4,0.28,0,0,0,0,1003,1,0,6,0,31.9,0,0
SYN-ADV-00081,23548.13,3,0.35,0,0,0,0,253,1,0,5,0,24.6,0,0
SYN-ADV-00082,3361.22,2,0.09,0,0,0,0,2119,1,0,2,0,11.1,0,0
SYN-ADV-00083,2486.02,2,0.09,0,0,0,0,363,1,0,2,0,11.5,0,0
SYN-ADV-00084,3340.61,2,0.39,0,0,0,0,1036,1,0,9,0,36.4,0,0
SYN-ADV-00085,500.0,6,0.13,1,1,1,0,8,1,1,12,1,82.3,1,1
SYN-ADV-00086,403.03,1,0.17,0,0,0,0,1550,1,0,2,0,11.0,0,0
SYN-ADV-00087,42615.92,1,0.35,1,1,0,0,1753,1,0,3,0,61.3,1,1
SYN-ADV-00088,8085.38,2,0.24,0,0,0,0,16,0,1,6,2,85.3,1,1
SYN-ADV-00089,25000.0,8,0.28,1,1,1,1,29,1,1,6,2,83.0,1,1
SYN-ADV-00090,825.41,2,0.09,0,0,0,0,2176,1,0,2,0,5.2,0,0
SYN-ADV-00091,206.52,2,0.05,0,0,0,0,2281,1,0,1,0,13.2,0,0
SYN-ADV-00092,4500.0,4,0.8,1,1,1,1,21,0,1,7,4,83.8,1,1
SYN-ADV-00093,2808.46,2,0.23,0,0,0,0,126,0,0,3,0,18.1,0,0
SYN-ADV-00094,4500.0,7,0.79,1,0,1,0,7,0,1,10,1,91.2,1,1
SYN-ADV-00095,1836.13,2,0.01,0,0,0,0,790,1,0,2,0,13.3,0,0
SYN-ADV-00096,5366.7,1,0.1,0,0,0,0,1285,1,0,2,0,10.1,0,0
SYN-ADV-00097,585.51,2,0.22,0,0,0,0,303,1,0,3,0,34.7,1,0
SYN-ADV-00098,500.0,3,0.66,1,1,1,0,17,0,1,5,1,79.1,1,1
SYN-ADV-00099,551.9,2,0.04,0,0,0,0,2375,1,0,2,0,9.4,0,0
SYN-ADV-00100,71.38,1,0.04,0,0,0,0,1766,1,0,1,0,8.5,0,0
SYN-ADV-00101,23575.08,4,0.43,1,0,0,0,192,1,0,2,0,11.6,0,0
SYN-ADV-00102,94.28,2,0.13,0,0,0,0,1937,1,0,2,0,7.9,0,0
SYN-ADV-00103,3598.29,2,0.17,0,0,0,0,636,1,0,1,0,7.0,0,0
SYN-ADV-00104,249.8,2,0.2,0,0,0,0,1409,1,0,1,0,14.7,0,0
SYN-ADV-00105,6381.06,2,0.01,0,0,0,0,400,1,0,2,0,12.8,0,0
SYN-ADV-00106,1687.73,1,0.13,0,0,0,0,1643,1,0,1,0,10.3,0,0
SYN-ADV-00107,24527.34,4,0.33,0,0,0,0,877,1,0,6,0,37.6,0,0
SYN-ADV-00108,1969.12,1,0.07,0,0,0,0,2005,1,0,1,0,9.5,0,0
SYN-ADV-00109,1515.76,1,0.18,0,0,0,0,1538,1,0,2,0,4.3,0,0
SYN-ADV-00110,100.0,1,0.11,1,1,1,0,8,0,1,1,0,34.2,1,1
SYN-ADV-00111,156.94,1,0.1,0,0,0,0,508,1,0,1,0,11.8,0,0
SYN-ADV-00112,1747.24,3,0.27,0,0,0,0,81,0,0,4,2,77.3,1,1
SYN-ADV-00113,77.44,2,0.12,0,0,0,0,1721,1,0,1,0,10.8,0,0
SYN-ADV-00114,54563.75,4,0.62,1,1,0,0,199,1,0,2,0,13.1,0,0
SYN-ADV-00115,44409.97,2,0.34,1,0,0,0,259,1,0,4,0,13.4,0,0
SYN-ADV-00116,4500.0,6,0.41,0,1,1,1,10,0,1,10,3,73.3,1,1
SYN-ADV-00117,400.24,2,0.03,0,0,0,0,1068,1,0,1,0,2.7,0,0
SYN-ADV-00118,84105.67,3,0.28,1,1,1,0,164,1,0,2,0,27.4,0,0
SYN-ADV-00119,50.0,3,0.51,1,1,0,1,14,0,1,10,1,75.8,1,1
SYN-ADV-00120,47086.84,2,0.44,1,0,1,0,158,0,0,2,0,26.0,0,0
SYN-ADV-00121,4155.52,2,0.1,0,0,0,0,327,1,0,1,0,15.0,0,0
SYN-ADV-00122,640.7,2,0.14,0,0,0,0,2208,1,0,2,0,3.0,0,0
SYN-ADV-00123,25000.0,3,0.15,1,1,1,1,22,0,1,11,1,89.4,1,1
SYN-ADV-00124,4412.99,1,0.12,0,0,0,0,146,1,0,3,0,22.8,1,0
SYN-ADV-00125,24116.01,3,0.39,0,0,0,0,883,1,0,8,0,21.9,0,0
SYN-ADV-00126,1633.14,1,0.09,0,0,0,0,1726,1,0,1,0,9.2,0,0
SYN-ADV-00127,20751.56,3,0.3,0,0,0,0,600,1,0,7,0,44.5,0,0
SYN-ADV-00128,38834.95,2,0.64,1,0,0,0,153,1,0,3,0,14.9,1,0
SYN-ADV-00129,430.32,2,0.03,0,0,0,0,1341,1,0,1,0,12.5,0,0
SYN-ADV-00130,3427.68,1,0.13,0,0,0,0,1295,1,0,1,0,4.3,0,0
SYN-ADV-00131,1683.13,2,0.1,0,0,0,0,122,0,0,3,0,13.8,0,0
SYN-ADV-00132,12340.61,3,0.4,1,1,1,0,211,1,0,4,0,23.1,0,0
SYN-ADV-00133,25000.0,2,0.61,1,1,1,1,11,0,1,10,4,74.4,1,1
SYN-ADV-00134,1956.7,2,0.02,0,0,0,0,1818,1,0,1,0,2.1,0,0
SYN-ADV-00135,9365.1,2,0.33,0,0,0,0,476,1,0,7,0,23.4,0,0
SYN-ADV-00136,16496.29,2,0.21,0,0,0,0,900,1,0,6,0,34.0,0,0
SYN-ADV-00137,28701.51,2,0.22,0,0,0,0,939,1,0,5,0,32.2,0,0
SYN-ADV-00138,11229.01,4,0.48,1,0,0,0,103,1,0,3,0,13.8,0,0
SYN-ADV-00139,279.44,2,0.03,0,0,0,0,633,1,0,1,0,7.7,0,0
SYN-ADV-00140,5056.03,3,0.32,0,0,0,0,406,1,0,7,0,41.8,0,0
SYN-ADV-00141,10.0,1,0.11,1,1,1,0,11,0,1,1,0,30.4,1,1
SYN-ADV-00142,50.0,3,0.55,1,1,1,0,18,0,1,12,3,91.0,1,1
SYN-ADV-00143,10.0,5,0.43,1,1,1,1,12,0,1,10,3,73.7,1,1
SYN-ADV-00144,54200.67,5,0.44,1,0,0,0,275,0,0,4,0,24.3,0,0
SYN-ADV-00145,277.97,1,0.19,0,0,0,0,2045,1,0,1,0,12.5,0,0
SYN-ADV-00146,1780.97,1,0.11,0,0,0,0,906,1,0,1,0,5.2,0,0
SYN-ADV-00147,40153.74,3,0.4,0,0,0,0,71,1,0,4,0,17.4,0,0
SYN-ADV-00148,1883.13,2,0.06,0,0,0,0,815,1,0,2,0,3.1,0,0
SYN-ADV-00149,605.45,2,0.07,0,0,0,0,1805,1,0,1,0,9.7,0,0
SYN-ADV-00150,29766.55,5,0.51,1,1,0,0,92,1,0,3,0,21.2,1,0
SYN-ADV-00151,81093.55,4,0.63,1,1,1,0,84,1,0,2,0,21.2,0,0
SYN-ADV-00152,19612.28,4,0.2,0,0,0,0,964,1,0,9,0,23.7,0,0
SYN-ADV-00153,17979.78,3,0.54,1,0,0,0,272,1,0,4,0,27.2,0,0
SYN-ADV-00154,43503.45,4,0.56,1,0,1,0,2275,1,0,5,0,60.1,1,1
SYN-ADV-00155,50.0,8,0.55,1,1,1,1,6,0,1,6,3,73.8,1,1
SYN-ADV-00156,477.24,1,0.17,0,0,0,0,575,1,0,1,0,12.6,0,0
SYN-ADV-00157,5433.46,1,0.09,0,0,0,0,1823,1,0,2,0,5.1,0,0
SYN-ADV-00158,3354.08,2,0.05,0,0,0,0,1505,1,0,1,0,12.9,0,0
SYN-ADV-00159,68310.45,3,0.27,0,0,0,0,285,1,0,2,0,29.9,1,0
SYN-ADV-00160,25.0,1,0.11,1,1,1,1,5,0,1,1,0,13.0,1,1
SYN-ADV-00161,1305.23,2,0.02,0,0,0,0,2247,1,0,1,0,10.2,0,0
SYN-ADV-00162,340.82,1,0.07,0,0,0,0,206,1,0,2,0,5.1,0,0
SYN-ADV-00163,58149.7,2,0.46,1,0,0,0,55,1,0,3,0,11.0,0,0
SYN-ADV-00164,51.92,1,0.08,0,0,0,0,476,1,0,2,0,5.1,0,0
SYN-ADV-00165,13293.11,4,0.3,1,0,0,0,282,0,0,3,0,23.9,0,0
SYN-ADV-00166,4500.0,2,0.32,1,1,1,0,19,0,1,12,3,72.8,1,1
SYN-ADV-00167,12510.25,1,0.31,0,0,0,1,57,0,1,7,2,72.8,1,1
SYN-ADV-00168,1963.27,2,0.2,0,0,0,0,402,1,0,2,0,26.2,0,0
SYN-ADV-00169,30249.99,3,0.35,0,1,1,0,2188,1,0,5,1,58.0,1,1
SYN-ADV-00170,3968.29,1,0.02,0,0,0,0,1863,1,0,2,0,8.7,0,0
SYN-ADV-00171,5116.26,1,0.19,0,0,0,0,784,1,0,2,0,2.5,0,0
SYN-ADV-00172,7869.55,3,0.16,0,0,0,0,87,0,1,6,2,75.2,1,1
SYN-ADV-00173,500.0,5,0.34,1,0,1,1,19,0,1,9,3,87.5,1,1
SYN-ADV-00174,2872.09,2,0.05,0,0,0,0,755,1,0,1,0,7.9,0,0
SYN-ADV-00175,293.58,2,0.2,0,0,0,0,1509,1,0,2,0,11.2,0,0
SYN-ADV-00176,28228.98,4,0.59,1,0,0,0,230,1,0,2,0,31.7,0,0
SYN-ADV-00177,4963.3,2,0.06,0,0,0,0,80,0,0,4,2,74.2,0,1
SYN-ADV-00178,37863.61,5,0.58,1,0,0,0,275,1,0,4,0,17.6,0,0
SYN-ADV-00179,1446.8,1,0.16,0,0,0,0,728,1,0,2,0,8.5,0,0
SYN-ADV-00180,4190.68,1,0.09,0,0,0,0,112,1,0,3,0,36.6,0,0
SYN-ADV-00181,10.0,4,0.25,0,1,1,0,5,0,1,7,2,86.5,1,1
SYN-ADV-00182,3162.91,1,0.17,0,0,0,0,316,1,0,1,0,2.6,0,0
SYN-ADV-00183,51141.7,3,0.56,1,0,0,0,193,1,0,3,0,20.6,0,0
SYN-ADV-00184,28794.71,2,0.53,1,0,0,0,219,1,0,3,0,29.0,0,0
SYN-ADV-00185,32629.64,5,0.3,1,0,1,0,283,1,0,3,0,15.5,1,0
SYN-ADV-00186,18210.52,4,0.26,0,1,1,0,1340,1,0,4,0,59.9,1,1
SYN-ADV-00187,2501.06,2,0.1,0,0,0,0,568,1,0,2,0,8.6,0,0
SYN-ADV-00188,9492.19,3,0.11,0,0,0,0,468,1,0,8,0,36.7,0,0
SYN-ADV-00189,24356.92,3,0.26,0,0,0,0,1047,1,0,5,0,32.1,0,0
SYN-ADV-00190,3692.04,2,0.1,0,0,0,0,235,1,0,3,0,26.4,1,0
SYN-ADV-00191,1059.28,2,0.17,0,0,0,0,686,1,0,1,0,14.7,0,0
SYN-ADV-00192,28334.16,3,0.27,0,0,0,0,554,1,0,6,0,25.6,0,0
SYN-ADV-00193,45006.23,2,0.27,1,0,0,0,121,1,0,4,0,13.1,0,0
SYN-ADV-00194,36436.37,4,0.49,1,0,0,0,198,1,0,2,0,18.1,0,0
SYN-ADV-00195,21470.32,4,0.36,0,0,0,0,824,1,0,5,0,36.7,0,0
SYN-ADV-00196,1849.93,3,0.28,0,0,0,0,16,0,1,9,3,79.3,0,1
SYN-ADV-00197,31111.62,1,0.41,0,1,1,0,1545,1,0,4,1,68.2,0,1
SYN-ADV-00198,1310.12,1,0.14,0,0,0,0,2324,1,0,1,0,9.3,0,0
SYN-ADV-00199,954.91,2,0.11,0,0,0,0,1485,1,0,1,0,8.0,0,0
SYN-ADV-00200,521.45,2,0.14,0,0,0,0,1282,1,0,2,0,4.5,0,0
SYN-ADV-00201,25776.77,2,0.57,0,0,0,0,1701,1,0,5,1,61.8,0,1
SYN-ADV-00202,72.1,2,0.03,0,0,0,0,1755,1,0,2,0,12.6,0,0
SYN-ADV-00203,28650.01,3,0.11,0,0,0,0,1158,1,0,5,0,29.7,0,0
SYN-ADV-00204,218.83,2,0.15,0,0,0,0,1076,1,0,1,0,12.8,0,0
SYN-ADV-00205,25947.78,3,0.21,1,1,1,0,1787,1,0,4,1,46.6,1,1
SYN-ADV-00206,5767.71,2,0.1,0,0,0,0,743,1,0,6,0,31.4,0,0
SYN-ADV-00207,1477.83,2,0.1,0,0,0,0,1016,1,0,2,0,6.2,0,0
SYN-ADV-00208,94.6,1,0.13,0,0,0,0,1151,1,0,1,0,13.9,0,0
SYN-ADV-00209,39877.66,2,0.57,1,0,0,1,2233,1,0,5,0,45.3,1,1
SYN-ADV-00210,44260.23,3,0.35,1,1,0,1,1732,1,0,6,1,69.3,1,1
SYN-ADV-00211,56862.83,3,0.26,1,0,0,0,143,1,0,4,0,29.7,0,0
SYN-ADV-00212,11939.02,2,0.32,1,0,1,0,178,1,0,3,0,26.6,0,0
SYN-ADV-00213,3669.84,1,0.08,0,0,0,0,214,1,1,2,0,24.1,1,0
SYN-ADV-00214,600.03,2,0.14,0,0,0,0,1408,1,0,2,0,10.0,0,0
SYN-ADV-00215,25.0,1,0.1,1,0,1,0,15,0,1,1,0,21.8,1,1
SYN-ADV-00216,881.98,1,0.15,0,0,0,0,535,1,0,2,0,8.9,0,0
SYN-ADV-00217,53.52,1,0.02,0,0,0,0,2270,1,0,1,0,9.4,0,0
SYN-ADV-00218,7431.07,2,0.31,0,0,0,0,84,0,0,7,1,75.4,1,1
SYN-ADV-00219,9618.94,5,0.52,1,1,1,0,46,1,0,4,0,11.6,0,0
SYN-ADV-00220,300.46,1,0.19,0,0,0,0,482,1,0,2,0,2.4,0,0
SYN-ADV-00221,447.01,1,0.16,0,0,0,0,1921,1,0,2,0,14.9,0,0
SYN-ADV-00222,1895.77,2,0.08,0,0,0,0,744,1,0,2,0,3.5,0,0
SYN-ADV-00223,36444.69,3,0.54,1,1,1,0,197,1,0,4,0,22.0,0,0
SYN-ADV-00224,4662.16,1,0.1,0,0,0,0,835,1,0,2,0,4.5,0,0
SYN-ADV-00225,66239.19,2,0.57,1,0,0,0,53,1,0,2,0,12.2,1,0
SYN-ADV-00226,61262.9,2,0.35,1,0,0,0,73,1,0,3,0,15.2,0,0
SYN-ADV-00227,51197.99,4,0.34,1,0,0,0,256,1,0,2,0,22.2,0,0
SYN-ADV-00228,441.99,1,0.13,0,0,0,0,1949,1,0,2,0,2.6,0,0
SYN-ADV-00229,2142.27,2,0.16,0,0,0,0,1505,1,0,2,0,7.3,0,0
SYN-ADV-00230,50.0,8,0.5,1,1,0,1,17,1,1,11,2,80.5,1,1
SYN-ADV-00231,85.64,1,0.19,0,0,0,0,1719,1,0,1,0,9.0,0,0
SYN-ADV-00232,2916.3,1,0.06,0,0,0,0,361,1,0,1,0,4.4,0,0
SYN-ADV-00233,62944.42,3,0.44,1,0,0,0,52,1,0,2,0,31.2,1,0
SYN-ADV-00234,169.44,2,0.18,0,0,0,0,1037,1,0,2,0,13.9,0,0
SYN-ADV-00235,977.18,2,0.08,0,0,0,0,2385,1,0,2,0,6.0,0,0
SYN-ADV-00236,868.35,2,0.1,0,0,0,0,2123,1,0,2,0,13.9,0,0
SYN-ADV-00237,1450.08,2,0.02,0,0,0,0,1106,1,0,1,0,2.2,0,0
SYN-ADV-00238,51722.55,5,0.37,1,1,0,0,170,1,0,4,0,30.8,0,0
SYN-ADV-00239,719.08,2,0.19,0,0,0,0,2209,1,0,2,0,4.2,0,0
SYN-ADV-00240,18541.26,5,0.32,0,0,0,0,62,1,0,2,0,30.8,0,0
SYN-ADV-00241,2927.02,2,0.04,0,0,0,0,1147,1,0,1,0,11.2,0,0
SYN-ADV-00242,1500.0,1,0.08,1,1,1,1,8,0,1,1,0,10.4,1,1
SYN-ADV-00243,124.77,1,0.11,0,0,0,0,1325,1,0,2,0,2.2,0,0
SYN-ADV-00244,58922.64,3,0.29,1,1,1,0,174,1,0,3,0,27.5,1,0
SYN-ADV-00245,1337.02,2,0.12,0,0,0,0,1125,1,0,2,0,10.9,0,0
SYN-ADV-00246,3337.93,1,0.04,0,0,0,0,224,1,0,2,0,30.3,1,0
SYN-ADV-00247,56592.58,4,0.48,1,1,0,0,66,1,0,4,0,29.5,0,0
SYN-ADV-00248,4734.14,3,0.55,1,1,0,1,1124,1,0,7,1,69.6,0,1
SYN-ADV-00249,28942.15,3,0.48,1,0,0,0,241,1,0,2,0,27.4,0,0
SYN-ADV-00250,33927.36,3,0.17,1,0,1,0,1919,1,0,6,0,54.8,1,1
SYN-ADV-00251,4272.19,2,0.1,0,0,0,0,1657,1,0,2,0,7.6,0,0
SYN-ADV-00252,4888.64,2,0.03,0,0,0,0,1409,1,0,1,0,11.3,0,0
SYN-ADV-00253,1071.59,1,0.16,0,0,0,1,59,0,1,4,2,75.2,0,1
SYN-ADV-00254,10.0,3,0.42,1,1,1,1,20,0,1,10,4,72.3,1,1
SYN-ADV-00255,42.58,1,0.12,0,0,0,0,894,1,0,2,0,4.2,0,0
SYN-ADV-00256,500.0,5,0.21,1,1,1,0,14,0,1,12,2,82.1,1,1
SYN-ADV-00257,1500.0,1,0.07,1,1,1,1,14,0,1,1,0,30.6,1,1
SYN-ADV-00258,591.24,2,0.07,0,0,0,0,1022,1,0,2,0,6.1,0,0
SYN-ADV-00259,33983.57,3,0.32,0,0,0,0,828,1,0,8,0,47.1,0,0
SYN-ADV-00260,2541.8,2,0.08,0,0,0,0,1809,1,0,2,0,3.5,0,0
SYN-ADV-00261,203.63,1,0.14,0,0,0,0,310,1,0,2,0,14.3,0,0
SYN-ADV-00262,100.0,1,0.17,1,1,1,0,3,0,1,1,0,25.8,1,1
SYN-ADV-00263,62218.91,5,0.28,0,0,0,0,259,1,0,3,0,25.4,0,0
SYN-ADV-00264,32218.04,2,0.33,0,0,0,0,853,1,0,7,0,24.7,0,0
SYN-ADV-00265,50057.62,5,0.64,1,0,1,0,95,1,0,4,0,26.4,0,0
SYN-ADV-00266,9683.53,3,0.22,0,0,0,0,970,1,0,9,0,39.3,0,0
SYN-ADV-00267,10.0,5,0.18,1,0,1,0,7,0,1,8,4,79.7,1,1
SYN-ADV-00268,2098.13,2,0.07,0,0,0,0,1429,1,0,1,0,12.5,0,0
SYN-ADV-00269,18828.02,2,0.24,0,0,0,1,41,0,1,6,3,74.8,1,1
SYN-ADV-00270,712.87,1,0.05,0,0,0,0,1970,1,0,2,0,2.4,0,0
SYN-ADV-00271,8913.04,4,0.23,0,0,0,0,184,1,0,6,0,25.8,0,0
SYN-ADV-00272,4020.21,1,0.12,0,0,0,0,2399,1,0,1,0,6.8,0,0
SYN-ADV-00273,2441.42,1,0.13,0,0,0,0,50,0,1,8,1,73.0,0,1
SYN-ADV-00274,28946.49,4,0.34,0,0,0,0,1120,1,0,9,0,36.5,0,0
SYN-ADV-00275,12678.54,2,0.19,0,0,0,0,367,1,0,7,0,39.4,0,0
SYN-ADV-00276,3507.67,2,0.12,0,0,0,0,1771,1,0,2,0,4.4,0,0
SYN-ADV-00277,2642.0,1,0.12,0,0,0,0,2205,1,0,2,0,3.8,0,0
SYN-ADV-00278,3403.19,2,0.13,0,0,0,0,1670,1,0,1,0,8.3,0,0
SYN-ADV-00279,18201.57,4,0.33,1,0,1,1,1857,1,0,3,0,51.6,1,1
SYN-ADV-00280,500.0,3,0.69,1,1,1,1,21,0,1,10,1,88.7,1,1
SYN-ADV-00281,582.9,2,0.08,0,0,0,0,48,1,1,6,2,84.8,1,1
SYN-ADV-00282,4510.46,1,0.16,0,0,0,0,1170,1,0,1,0,12.5,0,0
SYN-ADV-00283,1883.03,2,0.06,0,0,0,0,101,1,0,2,0,26.8,0,0
SYN-ADV-00284,18470.19,4,0.37,1,0,0,0,93,1,0,3,0,30.2,0,0
SYN-ADV-00285,15151.05,3,0.35,1,0,0,0,246,1,0,4,0,23.9,0,0
SYN-ADV-00286,535.53,1,0.13,0,0,0,0,581,1,0,2,0,8.7,0,0
SYN-ADV-00287,500.0,5,0.81,1,1,1,0,26,1,1,10,1,89.5,1,1
SYN-ADV-00288,70987.81,5,0.36,1,0,0,0,293,1,0,4,0,26.8,1,0
SYN-ADV-00289,29692.82,2,0.14,0,0,0,0,1058,1,0,6,0,32.4,0,0
SYN-ADV-00290,1500.0,1,0.05,1,1,1,1,15,0,1,1,0,31.9,1,1
SYN-ADV-00291,5178.67,4,0.37,0,0,0,0,349,1,0,5,0,31.1,0,0
SYN-ADV-00292,1038.07,1,0.09,0,0,0,0,573,1,0,1,0,2.0,0,0
SYN-ADV-00293,1211.19,1,0.12,0,0,0,0,2327,1,0,2,0,2.1,0,0
SYN-ADV-00294,3294.93,1,0.2,0,0,0,0,1929,1,0,1,0,8.2,0,0
SYN-ADV-00295,5385.9,1,0.2,1,1,1,0,2490,1,0,4,1,65.3,1,1
SYN-ADV-00296,246.46,1,0.09,0,0,0,0,1072,1,0,1,0,14.0,0,0
SYN-ADV-00297,16877.48,2,0.13,0,0,0,0,282,1,0,6,0,41.1,0,0
SYN-ADV-00298,35722.55,5,0.38,1,0,1,0,190,1,0,4,0,10.6,0,0
SYN-ADV-00299,146.78,1,0.11,0,0,0,0,2287,1,0,1,0,11.7,0,0
SYN-ADV-00300,10.0,1,0.16,1,1,1,1,11,0,1,1,0,24.8,1,1
SYN-ADV-00301,2602.78,2,0.19,0,0,0,0,740,1,0,2,0,13.2,0,0
SYN-ADV-00302,34233.0,3,0.56,0,0,1,0,79,1,0,2,0,10.9,1,0
SYN-ADV-00303,147.98,2,0.13,0,0,0,0,2252,1,0,2,0,7.5,0,0
SYN-ADV-00304,3274.58,1,0.08,0,0,0,0,188,1,0,2,0,25.9,0,0
SYN-ADV-00305,709.58,1,0.07,0,0,0,0,1991,1,0,1,0,2.8,0,0
SYN-ADV-00306,11968.66,2,0.08,0,0,0,1,32,0,0,9,1,68.8,0,1
SYN-ADV-00307,3958.34,2,0.06,0,0,0,0,94,1,0,2,0,32.1,1,0
SYN-ADV-00308,11339.37,2,0.18,0,0,0,0,1178,1,0,9,0,37.6,0,0
SYN-ADV-00309,145.79,2,0.02,0,0,0,0,883,1,0,2,0,4.0,0,0
SYN-ADV-00310,31563.72,4,0.32,0,0,0,0,413,1,0,9,0,20.1,0,0
SYN-ADV-00311,5983.05,2,0.44,1,1,0,0,63,1,0,4,0,26.3,0,0
SYN-ADV-00312,3567.36,2,0.18,0,0,0,0,1510,1,0,2,0,12.7,0,0
SYN-ADV-00313,1032.76,1,0.11,0,0,0,0,415,1,0,1,0,4.9,0,0
SYN-ADV-00314,963.53,1,0.19,0,0,0,0,482,1,0,2,0,13.3,0,0
SYN-ADV-00315,204.74,2,0.07,0,0,0,0,2070,1,0,1,0,6.8,0,0
SYN-ADV-00316,500.0,7,0.57,1,1,1,0,9,0,1,8,2,72.1,1,1
SYN-ADV-00317,100.0,1,0.13,1,1,1,0,7,0,1,1,0,31.2,1,1
SYN-ADV-00318,25.0,1,0.09,0,0,1,1,1,0,1,1,0,33.0,0,1
SYN-ADV-00319,61067.75,4,0.43,1,0,0,0,246,1,0,4,0,11.4,0,0
SYN-ADV-00320,2079.19,2,0.13,0,0,0,0,51,0,1,4,1,68.1,0,1
SYN-ADV-00321,10.0,3,0.44,1,1,1,0,17,0,1,6,1,75.5,1,1
SYN-ADV-00322,25148.53,2,0.16,0,0,0,0,1057,1,0,7,0,24.2,0,0
SYN-ADV-00323,4969.31,2,0.09,0,0,0,0,400,1,0,2,0,5.4,0,0
SYN-ADV-00324,5268.79,1,0.19,0,0,0,0,2052,1,0,1,0,3.2,0,0
SYN-ADV-00325,50.0,2,0.11,1,0,1,0,14,0,0,6,3,92.2,1,1
SYN-ADV-00326,8926.89,4,0.23,0,0,0,0,311,1,0,5,0,45.3,0,0
SYN-ADV-00327,7450.24,2,0.03,0,0,0,0,2088,1,0,1,0,4.2,0,0
SYN-ADV-00328,1225.66,2,0.1,0,0,0,0,1767,1,0,2,0,4.2,0,0
SYN-ADV-00329,3161.78,1,0.13,0,0,0,1,88,0,1,6,2,74.5,1,1
SYN-ADV-00330,100.0,1,0.08,1,1,1,1,13,0,1,1,0,23.6,1,1
SYN-ADV-00331,62069.65,5,0.47,1,0,0,0,243,1,0,2,0,17.0,0,0
SYN-ADV-00332,1496.51,2,0.02,0,0,0,0,2132,1,0,2,0,12.0,0,0
SYN-ADV-00333,82918.39,2,0.35,1,0,0,0,73,1,0,2,0,22.7,0,0
SYN-ADV-00334,4688.99,1,0.06,0,0,0,0,333,1,0,3,0,35.8,1,0
SYN-ADV-00335,509.76,1,0.12,0,0,0,0,971,1,0,2,0,9.0,0,0
SYN-ADV-00336,9038.7,1,0.08,0,0,1,1,77,0,1,8,1,83.5,1,1
SYN-ADV-00337,36405.46,3,0.18,1,0,1,1,1777,1,0,5,0,56.2,0,1
SYN-ADV-00338,13082.57,4,0.38,0,0,0,0,294,1,0,2,0,25.6,0,0
SYN-ADV-00339,327.61,2,0.05,0,0,0,0,918,1,0,2,0,6.0,0,0
SYN-ADV-00340,668.93,1,0.04,0,0,0,0,207,1,0,2,0,13.1,0,0
SYN-ADV-00341,50398.62,3,0.49,0,0,1,0,98,0,0,2,0,17.3,1,0
SYN-ADV-00342,5512.44,2,0.04,0,0,0,0,563,1,0,2,0,7.8,0,0
SYN-ADV-00343,4991.46,1,0.26,0,0,0,0,10,0,1,7,1,85.3,1,1
SYN-ADV-00344,570.57,2,0.03,0,0,0,0,2163,1,0,1,0,4.1,0,0
SYN-ADV-00345,4817.32,1,0.14,0,0,0,0,19,0,0,5,3,66.7,0,1
SYN-ADV-00346,3642.45,2,0.12,0,0,0,0,2177,1,0,1,0,7.6,0,0
SYN-ADV-00347,22237.82,3,0.15,0,0,0,0,283,1,0,7,0,25.8,0,0
SYN-ADV-00348,5374.42,3,0.22,0,0,0,0,46,0,1,7,3,77.6,1,1
SYN-ADV-00349,10.0,1,0.09,1,1,1,1,1,0,1,1,0,15.2,1,1
SYN-ADV-00350,4063.53,2,0.17,0,0,0,0,1463,1,0,2,0,8.1,0,0
SYN-ADV-00351,11112.64,4,0.26,0,0,0,0,369,1,0,7,0,44.8,0,0
SYN-ADV-00352,55.08,2,0.02,0,0,0,0,2001,1,0,2,0,5.4,0,0
SYN-ADV-00353,2510.47,1,0.04,0,0,0,0,596,1,0,1,0,10.7,0,0
SYN-ADV-00354,2187.14,1,0.15,0,0,0,0,228,1,0,3,0,26.9,1,0
SYN-ADV-00355,4500.0,8,0.64,1,0,1,0,22,0,0,12,2,92.9,1,1
SYN-ADV-00356,9883.58,1,0.34,0,1,0,0,2408,1,0,7,1,72.3,0,1
SYN-ADV-00357,18382.31,4,0.4,0,1,0,1,2134,1,0,7,1,68.5,1,1
SYN-ADV-00358,7583.65,3,0.23,0,0,0,0,23,0,1,6,3,85.2,0,1
SYN-ADV-00359,2729.66,3,0.2,0,0,0,1,45,0,1,9,3,74.2,1,1
SYN-ADV-00360,494.08,1,0.02,0,0,0,0,2146,1,0,2,0,13.7,0,0
SYN-ADV-00361,500.0,4,0.31,1,1,1,0,7,0,1,10,3,88.0,1,1
SYN-ADV-00362,6904.47,2,0.11,0,0,0,0,76,1,0,8,1,66.5,0,1
SYN-ADV-00363,3946.48,1,0.06,0,0,0,0,132,1,0,3,0,13.3,0,0
SYN-ADV-00364,3442.61,2,0.3,0,0,0,0,25,0,1,7,3,75.3,0,1
SYN-ADV-00365,20418.35,3,0.15,0,0,0,0,1095,1,0,7,0,41.0,0,0
SYN-ADV-00366,1568.33,2,0.03,0,0,0,0,322,1,0,2,0,28.8,0,0
SYN-ADV-00367,1336.61,2,0.2,0,0,0,0,11,0,1,5,3,83.4,1,1
SYN-ADV-00368,222.44,2,0.15,0,0,0,0,1327,1,0,2,0,13.6,0,0
SYN-ADV-00369,2403.19,1,0.13,0,0,0,0,376,1,0,2,0,12.2,0,0
SYN-ADV-00370,72150.27,4,0.37,1,1,0,0,211,0,0,3,0,24.4,0,0
SYN-ADV-00371,1685.74,1,0.04,0,0,0,0,1184,1,0,1,0,12.5,0,0
SYN-ADV-00372,53002.66,4,0.52,1,0,0,0,177,0,0,3,0,18.5,1,0
SYN-ADV-00373,195.81,1,0.08,0,0,0,0,1110,1,0,2,0,13.8,0,0
SYN-ADV-00374,45585.19,3,0.59,1,1,1,0,110,1,0,4,0,27.8,0,0
SYN-ADV-00375,31067.49,3,0.44,1,1,0,0,1378,1,0,5,1,53.8,0,1
SYN-ADV-00376,30657.78,4,0.27,0,0,0,0,815,1,0,5,0,33.2,0,0
SYN-ADV-00377,6711.99,4,0.39,1,0,1,0,1401,1,0,6,0,71.8,0,1
SYN-ADV-00378,3411.02,3,0.1,0,0,1,1,32,0,1,7,2,69.8,0,1
SYN-ADV-00379,17674.81,2,0.3,1,0,0,0,289,1,0,2,0,21.7,0,0
SYN-ADV-00380,31490.21,4,0.16,0,0,0,0,872,1,0,5,0,37.5,0,0
SYN-ADV-00381,31668.33,3,0.29,1,1,1,1,793,1,0,5,0,58.7,1,1
SYN-ADV-00382,58.81,2,0.18,0,0,0,0,748,1,0,2,0,14.9,0,0
SYN-ADV-00383,26878.76,2,0.38,0,0,0,0,1120,1,0,8,0,20.5,0,0
SYN-ADV-00384,25.0,1,0.05,1,1,1,0,13,0,1,1,0,10.9,0,1
SYN-ADV-00385,10.0,1,0.12,1,1,1,1,2,0,1,1,0,20.4,1,1
SYN-ADV-00386,234.92,2,0.14,0,0,0,0,1041,1,0,1,0,5.9,0,0
SYN-ADV-00387,662.53,2,0.13,0,0,0,0,761,1,0,2,0,12.8,0,0
SYN-ADV-00388,32766.33,1,0.28,0,1,0,0,2402,1,0,7,0,55.7,1,1
SYN-ADV-00389,25344.04,2,0.46,1,1,1,1,926,1,0,7,0,49.5,1,1
SYN-ADV-00390,3532.59,1,0.18,0,0,0,0,1146,1,0,2,0,14.9,0,0
SYN-ADV-00391,4500.0,2,0.17,1,1,1,0,13,0,1,5,1,90.7,1,1
SYN-ADV-00392,17052.44,4,0.58,1,0,1,1,933,1,0,6,1,58.7,0,1
SYN-ADV-00393,18042.96,3,0.29,0,0,0,0,996,1,0,6,0,23.2,0,0
SYN-ADV-00394,1474.64,1,0.2,0,0,0,0,852,1,0,1,0,7.4,0,0
SYN-ADV-00395,28573.61,4,0.23,0,0,0,0,805,1,0,8,0,41.8,0,0
SYN-ADV-00396,4340.36,1,0.13,0,0,0,0,279,1,0,2,0,13.6,0,0
SYN-ADV-00397,25000.0,8,0.66,1,1,0,0,19,0,1,6,4,86.6,1,1
SYN-ADV-00398,3446.22,2,0.05,0,0,0,0,315,0,0,2,0,28.7,1,0
SYN-ADV-00399,463.1,2,0.18,0,0,0,0,506,1,0,2,0,6.2,0,0
SYN-ADV-00400,5885.48,2,0.02,0,0,0,0,1112,1,0,2,0,7.2,0,0
SYN-ADV-00401,21470.61,4,0.19,1,1,0,0,736,1,0,3,1,46.1,1,1
SYN-ADV-00402,1520.23,2,0.18,0,0,0,0,1047,1,0,2,0,14.4,0,0
SYN-ADV-00403,133.34,1,0.17,0,0,0,0,2061,1,0,2,0,9.3,0,0
SYN-ADV-00404,220.53,2,0.15,0,0,0,0,1688,1,0,2,0,3.5,0,0
SYN-ADV-00405,239.19,1,0.01,0,0,0,0,1654,1,0,2,0,9.1,0,0
SYN-ADV-00406,13505.78,3,0.45,1,0,0,0,175,1,0,2,0,12.7,0,0
SYN-ADV-00407,50.0,7,0.35,1,1,1,0,6,0,1,7,4,72.1,1,1
SYN-ADV-00408,3421.46,2,0.17,0,0,0,0,2178,1,0,1,0,11.0,0,0
SYN-ADV-00409,36963.12,1,0.32,1,0,1,1,1947,1,0,4,1,73.9,0,1
SYN-ADV-00410,15669.75,5,0.49,0,0,0,0,205,1,0,4,0,23.9,0,0
SYN-ADV-00411,335.33,2,0.14,0,0,0,0,743,1,0,1,0,8.6,0,0
SYN-ADV-00412,292.57,2,0.14,0,0,0,0,1642,1,0,2,0,9.6,0,0
SYN-ADV-00413,307.22,2,0.14,0,0,0,0,2386,1,0,2,0,13.4,0,0
SYN-ADV-00414,207.83,1,0.11,0,0,0,0,303,1,0,2,0,3.9,0,0
SYN-ADV-00415,361.64,1,0.06,0,0,0,0,859,1,0,2,0,10.9,0,0
SYN-ADV-00416,4198.43,3,0.24,1,1,1,0,2083,1,0,7,0,67.3,1,1
SYN-ADV-00417,35617.36,3,0.46,1,1,1,0,2103,1,0,5,0,46.6,1,1
SYN-ADV-00418,1500.0,1,0.17,1,1,1,0,9,0,1,1,0,28.5,1,1
SYN-ADV-00419,2424.74,1,0.07,0,0,0,0,926,1,0,1,0,4.4,0,0
SYN-ADV-00420,10.0,1,0.08,1,1,1,0,5,0,1,1,0,10.1,1,1
SYN-ADV-00421,3117.2,1,0.04,0,0,0,0,1521,1,0,1,0,12.1,0,0
SYN-ADV-00422,4247.07,2,0.13,0,0,0,0,323,1,1,3,0,25.7,0,0
SYN-ADV-00423,501.27,1,0.09,0,0,0,0,2399,1,0,2,0,3.2,0,0
SYN-ADV-00424,5717.43,1,0.25,0,0,0,1,89,0,0,9,1,67.6,1,1
SYN-ADV-00425,25000.0,6,0.28,1,0,1,0,6,0,1,9,1,92.0,1,1
SYN-ADV-00426,709.18,2,0.1,0,0,0,0,1414,1,0,1,0,6.2,0,0
SYN-ADV-00427,5674.1,1,0.43,1,1,1,0,2411,1,0,3,1,69.9,0,1
SYN-ADV-00428,39819.02,2,0.55,1,0,1,0,89,1,0,2,0,27.5,0,0
SYN-ADV-00429,946.34,1,0.18,0,0,0,0,1869,1,0,2,0,7.9,0,0
SYN-ADV-00430,30312.34,5,0.52,1,0,0,0,68,1,0,2,0,17.9,0,0
SYN-ADV-00431,500.0,6,0.16,1,1,1,0,18,0,1,11,3,93.1,1,1
SYN-ADV-00432,1889.24,2,0.19,0,0,0,0,245,1,0,1,0,3.6,0,0
SYN-ADV-00433,3067.12,3,0.17,0,0,0,1,36,0,0,6,1,74.5,1,1
SYN-ADV-00434,185.04,1,0.04,0,0,0,0,1235,1,0,1,0,3.5,0,0
SYN-ADV-00435,1155.91,1,0.17,0,0,0,0,2089,1,0,1,0,5.8,0,0
SYN-ADV-00436,10.0,3,0.64,1,1,1,0,6,0,1,8,3,82.7,1,1
SYN-ADV-00437,725.5,1,0.12,0,0,0,0,1692,1,0,2,0,14.5,0,0
SYN-ADV-00438,500.0,3,0.69,1,1,1,1,24,0,0,12,4,79.9,1,1
SYN-ADV-00439,371.34,1,0.13,0,0,0,0,535,1,0,2,0,13.2,0,0
SYN-ADV-00440,25000.0,3,0.3,0,1,1,1,19,0,1,11,2,91.9,1,1
SYN-ADV-00441,3333.12,2,0.13,0,0,0,0,808,1,0,2,0,7.1,0,0
SYN-ADV-00442,52168.06,4,0.3,1,1,0,0,50,1,0,4,0,25.1,0,0
SYN-ADV-00443,25.0,1,0.04,0,1,0,0,8,0,1,1,0,33.5,1,1
SYN-ADV-00444,10031.87,3,0.21,0,0,0,0,223,1,0,6,0,34.5,0,0
SYN-ADV-00445,151.4,2,0.1,0,0,0,0,2062,1,0,1,0,2.5,0,0
SYN-ADV-00446,1340.88,1,0.14,0,0,0,0,2335,1,0,2,0,12.9,0,0
SYN-ADV-00447,25.0,1,0.08,1,1,0,1,5,0,1,1,0,19.4,0,1
SYN-ADV-00448,219.73,2,0.17,0,0,0,0,1613,1,0,2,0,12.3,0,0
SYN-ADV-00449,691.67,1,0.11,0,0,0,0,769,1,0,2,0,4.2,0,0
SYN-ADV-00450,100.0,1,0.05,1,1,1,1,4,0,1,1,0,20.4,1,1
SYN-ADV-00451,30872.48,4,0.24,1,0,1,1,1874,1,0,7,1,63.9,1,1
SYN-ADV-00452,6474.29,1,0.04,0,0,0,0,937,1,0,2,0,9.8,0,0
SYN-ADV-00453,6489.6,4,0.63,1,0,0,0,291,1,0,3,0,23.2,0,0
SYN-ADV-00454,176.01,1,0.13,0,0,0,0,2292,1,0,2,0,4.2,0,0
SYN-ADV-00455,438.46,2,0.12,0,0,0,0,481,1,0,1,0,6.9,0,0
SYN-ADV-00456,10.0,3,0.49,0,1,0,0,8,0,1,5,1,74.1,1,1
SYN-ADV-00457,518.41,1,0.18,0,0,0,0,1967,1,0,2,0,6.8,0,0
SYN-ADV-00458,25000.0,5,0.27,1,1,1,1,26,1,1,6,4,74.9,1,1
SYN-ADV-00459,534.54,1,0.13,0,0,0,0,34,0,0,4,3,77.0,1,1
SYN-ADV-00460,807.46,1,0.14,0,0,0,0,1493,1,0,2,0,6.7,0,0
SYN-ADV-00461,675.31,3,0.23,0,0,1,0,82,0,1,9,2,82.4,1,1
SYN-ADV-00462,5248.59,2,0.04,0,0,0,0,2181,1,0,2,0,14.9,0,0
SYN-ADV-00463,27661.32,3,0.32,0,0,0,0,1055,1,0,5,0,40.9,0,0
SYN-ADV-00464,25227.62,2,0.13,0,0,0,0,700,1,0,8,0,42.0,0,0
SYN-ADV-00465,296.1,1,0.04,0,0,0,0,221,1,0,1,0,12.7,0,0
SYN-ADV-00466,53019.64,2,0.28,1,1,1,0,241,0,0,3,0,23.5,0,0
SYN-ADV-00467,3067.87,1,0.17,0,0,0,0,254,1,0,3,0,17.1,0,0
SYN-ADV-00468,60875.98,3,0.52,1,0,0,0,89,0,0,3,0,17.8,0,0
SYN-ADV-00469,46419.42,2,0.62,1,0,0,0,223,1,0,3,0,15.0,0,0
SYN-ADV-00470,2216.21,2,0.12,0,0,0,0,1269,1,0,1,0,7.3,0,0
SYN-ADV-00471,10.0,6,0.32,0,1,0,0,29,0,1,12,4,84.4,1,1
SYN-ADV-00472,846.22,2,0.14,0,0,0,0,312,1,0,2,0,3.5,0,0
SYN-ADV-00473,29064.29,2,0.45,1,1,0,0,719,1,0,5,1,47.8,1,1
SYN-ADV-00474,197.97,1,0.12,0,0,0,0,931,1,0,2,0,6.1,0,0
SYN-ADV-00475,100.0,1,0.04,1,0,1,0,4,0,1,1,0,28.4,0,1
SYN-ADV-00476,50.0,8,0.29,1,1,1,0,24,1,1,5,1,90.7,1,1
SYN-ADV-00477,76849.7,4,0.45,0,0,1,0,158,1,0,2,0,11.2,0,0
SYN-ADV-00478,999.18,1,0.11,0,0,0,0,1812,1,0,1,0,7.9,0,0
SYN-ADV-00479,24041.92,3,0.46,1,1,1,1,1954,1,0,5,1,52.9,1,1
SYN-ADV-00480,630.58,2,0.08,0,0,0,0,2242,1,0,2,0,4.7,0,0
SYN-ADV-00481,113.21,2,0.08,0,0,0,0,1840,1,0,2,0,7.9,0,0
SYN-ADV-00482,4900.51,1,0.21,0,0,0,0,399,1,0,3,0,34.3,1,0
SYN-ADV-00483,2505.11,1,0.1,0,0,0,0,239,1,0,1,0,7.5,0,0
SYN-ADV-00484,25000.0,6,0.64,1,1,1,1,15,0,1,8,3,82.5,1,1
SYN-ADV-00485,31772.52,4,0.39,1,0,1,0,255,1,0,4,0,31.2,1,0
SYN-ADV-00486,23596.76,2,0.39,0,0,0,0,471,1,0,7,0,29.1,0,0
SYN-ADV-00487,66979.55,5,0.61,1,0,0,0,119,0,0,4,0,27.8,0,0
SYN-ADV-00488,811.14,2,0.17,0,0,0,0,492,1,0,1,0,4.1,0,0
SYN-ADV-00489,500.0,7,0.32,1,1,1,1,30,1,1,12,4,75.7,1,1
SYN-ADV-00490,7302.43,1,0.25,0,0,0,0,20,0,1,4,1,86.5,1,1
SYN-ADV-00491,730.91,2,0.21,0,0,0,1,89,0,1,7,2,70.3,0,1
SYN-ADV-00492,15112.94,3,0.26,1,0,1,0,288,1,0,4,0,30.6,0,0
SYN-ADV-00493,999.82,3,0.21,0,0,0,0,82,0,1,8,2,85.9,1,1
SYN-ADV-00494,10.0,5,0.33,1,1,1,1,27,0,1,12,1,87.1,1,1
SYN-ADV-00495,28968.84,5,0.57,1,0,0,0,141,1,0,4,0,19.6,0,0
SYN-ADV-00496,56679.26,5,0.34,1,0,0,0,184,1,0,4,0,21.7,0,0
SYN-ADV-00497,802.23,1,0.1,0,0,1,0,89,0,0,7,1,72.4,1,1
SYN-ADV-00498,3219.25,2,0.18,0,0,0,0,308,1,0,8,0,40.4,0,0
SYN-ADV-00499,50.0,2,0.47,1,1,1,0,17,0,1,6,2,73.2,1,1
SYN-ADV-00500,4500.0,3,0.24,1,1,0,1,27,0,1,12,2,88.2,1,1
SYN-ADV-00501,2542.65,1,0.11,0,0,0,0,1053,1,0,2,0,7.1,0,0
SYN-ADV-00502,79897.22,3,0.5,1,0,0,0,174,1,0,3,0,14.4,0,0
SYN-ADV-00503,681.69,1,0.19,0,0,0,0,1166,1,0,2,0,6.2,0,0
SYN-ADV-00504,2193.25,2,0.23,0,0,0,1,15,0,1,9,3,68.6,0,1
SYN-ADV-00505,2513.1,2,0.08,0,0,0,0,90,0,1,5,3,77.3,1,1
SYN-ADV-00506,946.74,2,0.2,0,0,0,0,1622,1,0,2,0,11.5,0,0
SYN-ADV-00507,4500.0,4,0.64,1,1,1,1,20,0,1,7,3,79.1,1,1
SYN-ADV-00508,52894.4,3,0.28,1,0,1,0,232,1,0,4,0,21.1,0,0
SYN-ADV-00509,411.36,2,0.16,0,0,0,0,1178,1,0,2,0,11.4,0,0
SYN-ADV-00510,20016.09,3,0.16,0,0,0,0,879,1,0,8,0,41.4,0,0
SYN-ADV-00511,13816.12,4,0.44,1,1,1,0,965,1,0,4,0,51.1,1,1
SYN-ADV-00512,26339.03,4,0.45,1,0,1,1,1940,1,0,3,1,72.6,1,1
SYN-ADV-00513,4193.97,2,0.2,0,0,0,0,61,1,0,3,0,33.4,0,0
SYN-ADV-00514,100.0,1,0.11,1,1,1,1,9,0,1,1,0,12.4,1,1
SYN-ADV-00515,4230.93,1,0.05,0,0,0,0,1218,1,0,1,0,9.3,0,0
SYN-ADV-00516,64688.67,4,0.52,1,0,1,0,137,1,0,4,0,17.4,1,0
SYN-ADV-00517,239.97,2,0.19,0,0,0,0,1490,1,0,2,0,13.0,0,0
SYN-ADV-00518,23080.33,4,0.2,0,0,0,0,426,1,0,9,0,35.3,0,0
SYN-ADV-00519,49019.1,4,0.39,1,0,1,0,62,0,0,4,0,10.4,1,0
SYN-ADV-00520,3379.95,1,0.07,0,0,0,0,1108,1,0,1,0,13.1,0,0
SYN-ADV-00521,100.0,1,0.18,1,1,1,1,8,0,1,1,0,18.9,1,1
SYN-ADV-00522,575.34,1,0.05,0,0,0,0,1430,1,0,1,0,9.4,0,0
SYN-ADV-00523,2058.55,1,0.15,0,0,0,0,1529,1,0,2,0,4.2,0,0
SYN-ADV-00524,1280.57,1,0.12,0,0,0,0,1430,1,0,1,0,11.5,0,0
SYN-ADV-00525,5050.52,2,0.38,0,0,0,0,522,1,0,7,0,44.6,0,0
SYN-ADV-00526,32733.0,2,0.36,0,0,0,0,412,1,0,9,0,46.0,0,0
SYN-ADV-00527,2597.71,2,0.02,0,0,0,0,2347,1,0,1,0,6.2,0,0
SYN-ADV-00528,2825.62,2,0.11,0,0,0,0,1104,1,0,1,0,2.7,0,0
SYN-ADV-00529,774.47,2,0.19,0,0,0,0,2267,1,0,1,0,4.9,0,0
SYN-ADV-00530,1500.0,1,0.04,1,1,1,0,5,0,1,1,0,12.1,1,1
SYN-ADV-00531,405.59,1,0.15,0,0,0,0,2169,1,0,1,0,8.3,0,0
SYN-ADV-00532,20687.94,3,0.35,1,0,0,0,90,1,0,3,0,19.3,0,0
SYN-ADV-00533,52510.17,2,0.56,1,0,0,0,271,1,0,3,0,11.0,0,0
SYN-ADV-00534,100.0,1,0.04,1,1,1,1,10,0,1,1,0,33.2,0,1
SYN-ADV-00535,6098.66,2,0.37,1,0,0,0,153,1,0,4,0,26.5,0,0
SYN-ADV-00536,450.13,1,0.14,0,0,0,0,275,1,0,2,0,9.6,0,0
SYN-ADV-00537,315.6,1,0.06,0,0,0,0,446,1,0,2,0,4.6,0,0
SYN-ADV-00538,1502.15,2,0.17,0,0,0,0,34,1,0,3,0,34.5,1,0
SYN-ADV-00539,56952.89,3,0.64,1,0,0,0,293,0,0,4,0,11.9,1,0
SYN-ADV-00540,944.86,1,0.02,0,0,0,0,2368,1,0,2,0,6.3,0,0
SYN-ADV-00541,953.63,2,0.18,0,0,0,0,211,1,0,3,0,33.1,0,0
SYN-ADV-00542,1338.67,1,0.19,0,0,0,0,1347,1,0,1,0,4.0,0,0
SYN-ADV-00543,1433.02,1,0.03,0,0,0,0,1765,1,0,1,0,7.4,0,0
SYN-ADV-00544,3100.04,2,0.19,0,0,0,0,1548,1,0,2,0,9.0,0,0
SYN-ADV-00545,3530.86,1,0.22,0,0,0,1,27,0,0,8,1,74.9,0,1
SYN-ADV-00546,57498.54,3,0.38,1,0,1,0,207,1,0,2,0,26.0,0,0
SYN-ADV-00547,2187.39,2,0.09,0,0,0,0,411,0,0,3,0,16.0,1,0
SYN-ADV-00548,10.0,1,0.15,1,1,1,1,4,0,1,1,0,15.8,1,1
SYN-ADV-00549,4500.0,3,0.48,1,1,1,0,18,0,1,8,1,81.0,0,1
SYN-ADV-00550,81015.84,3,0.55,0,0,1,0,269,0,0,3,0,25.1,0,0
SYN-ADV-00551,39204.45,2,0.49,1,0,0,0,64,1,0,3,0,20.1,0,0
SYN-ADV-00552,2015.24,1,0.11,0,0,0,0,1820,1,0,1,0,9.3,0,0
SYN-ADV-00553,3227.11,1,0.06,0,0,0,0,255,1,0,3,0,24.0,0,0
SYN-ADV-00554,461.82,1,0.13,0,0,0,0,360,1,0,2,0,16.7,0,0
SYN-ADV-00555,195.27,1,0.08,0,0,0,0,1524,1,0,2,0,2.3,0,0
SYN-ADV-00556,4503.76,1,0.22,0,0,0,0,76,1,0,2,0,30.7,1,0
SYN-ADV-00557,732.58,2,0.24,0,0,1,0,75,0,1,8,2,66.0,1,1
SYN-ADV-00558,4382.27,1,0.06,0,0,0,0,104,1,0,3,0,20.0,0,0
SYN-ADV-00559,11885.37,2,0.14,0,0,0,0,314,1,0,6,0,20.1,0,0
SYN-ADV-00560,1357.07,1,0.1,0,0,0,0,2242,1,0,1,0,9.9,0,0
SYN-ADV-00561,99.48,1,0.12,0,0,0,0,2148,1,0,2,0,7.3,0,0
SYN-ADV-00562,25000.0,2,0.28,1,1,1,0,4,0,1,10,1,75.2,1,1
SYN-ADV-00563,22106.78,3,0.38,0,0,0,0,230,1,0,5,0,31.7,0,0
SYN-ADV-00564,500.0,6,0.6,1,1,1,0,26,0,0,6,3,79.1,1,1
SYN-ADV-00565,776.67,2,0.17,0,0,0,0,465,1,0,2,0,8.1,0,0
SYN-ADV-00566,38884.25,3,0.39,1,0,0,1,2194,1,0,7,0,59.5,1,1
SYN-ADV-00567,4934.14,2,0.12,0,0,0,0,192,1,0,3,0,36.1,0,0
SYN-ADV-00568,654.16,2,0.1,0,0,0,0,936,1,0,1,0,11.2,0,0
SYN-ADV-00569,5126.47,2,0.44,1,0,1,0,257,1,0,3,0,17.7,0,0
SYN-ADV-00570,29366.9,3,0.26,1,1,1,0,933,1,0,5,1,66.7,1,1
SYN-ADV-00571,50.0,3,0.35,1,1,0,0,23,0,1,12,3,82.2,1,1
SYN-ADV-00572,242.73,1,0.17,0,0,0,0,1426,1,0,2,0,9.2,0,0
SYN-ADV-00573,25000.0,7,0.35,0,1,1,1,29,0,0,7,4,76.1,1,1
SYN-ADV-00574,829.31,2,0.14,0,0,0,0,1488,1,0,1,0,5.5,0,0
SYN-ADV-00575,2000.14,1,0.16,0,0,0,1,77,0,1,4,1,86.0,1,1
SYN-ADV-00576,22495.85,2,0.24,0,0,1,0,993,1,0,3,0,73.1,1,1
SYN-ADV-00577,10.0,1,0.1,1,1,1,0,11,0,1,1,0,31.2,0,1
SYN-ADV-00578,1648.9,1,0.03,0,0,0,0,1479,1,0,1,0,9.5,0,0
SYN-ADV-00579,4884.0,1,0.07,0,0,0,0,988,1,0,2,0,5.6,0,0
SYN-ADV-00580,818.25,2,0.14,0,0,0,0,1316,1,0,1,0,4.0,0,0
SYN-ADV-00581,25000.0,6,0.49,1,1,1,1,25,0,1,7,1,78.9,1,1
SYN-ADV-00582,443.49,1,0.13,0,0,0,0,375,1,0,2,0,23.1,1,0
SYN-ADV-00583,1372.23,2,0.13,0,0,0,0,1479,1,0,2,0,12.6,0,0
SYN-ADV-00584,2094.2,1,0.19,0,0,0,0,2107,1,0,1,0,3.2,0,0
SYN-ADV-00585,3439.97,2,0.03,0,0,0,0,1471,1,0,2,0,8.1,0,0
SYN-ADV-00586,332.36,1,0.17,0,0,0,0,1256,1,0,2,0,7.1,0,0
SYN-ADV-00587,973.18,2,0.16,0,0,0,0,1530,1,0,2,0,8.3,0,0
SYN-ADV-00588,6410.59,4,0.36,1,0,0,1,910,1,0,6,0,68.9,1,1
SYN-ADV-00589,2256.0,2,0.11,0,0,0,0,1841,1,0,2,0,5.1,0,0
SYN-ADV-00590,8417.38,4,0.32,1,0,1,0,1591,1,0,7,0,61.3,1,1
SYN-ADV-00591,886.77,1,0.15,0,0,0,0,2193,1,0,1,0,9.7,0,0
SYN-ADV-00592,1245.25,1,0.17,0,0,0,0,921,1,0,2,0,14.4,0,0
SYN-ADV-00593,10.0,7,0.71,1,1,1,0,5,0,1,5,2,86.5,1,1
SYN-ADV-00594,25000.0,6,0.44,1,0,1,0,24,0,0,11,3,93.8,1,1
SYN-ADV-00595,19088.78,2,0.36,0,0,0,0,243,1,0,7,0,45.2,0,0
SYN-ADV-00596,204.05,2,0.05,0,0,0,0,174,0,0,3,0,28.3,0,0
SYN-ADV-00597,488.6,2,0.11,0,0,0,0,910,1,0,2,0,3.8,0,0
SYN-ADV-00598,72466.21,4,0.59,1,0,0,0,113,1,0,4,0,10.3,0,0
SYN-ADV-00599,53.57,2,0.2,0,0,0,0,756,1,0,1,0,3.8,0,0
SYN-ADV-00600,1903.02,2,0.18,0,0,0,0,1943,1,0,1,0,7.9,0,0
SYN-ADV-00601,70605.71,5,0.39,1,0,0,0,166,1,0,3,0,19.0,0,0
SYN-ADV-00602,391.49,1,0.12,0,0,0,0,1709,1,0,1,0,9.5,0,0
SYN-ADV-00603,1686.62,1,0.04,0,0,0,0,2356,1,0,2,0,8.0,0,0
SYN-ADV-00604,25000.0,2,0.28,1,1,1,0,20,0,1,5,3,83.8,1,1
SYN-ADV-00605,2428.53,2,0.12,0,0,0,0,1557,1,0,2,0,6.6,0,0
SYN-ADV-00606,1601.55,2,0.06,0,0,0,0,344,1,0,2,0,11.5,0,0
SYN-ADV-00607,172.11,1,0.13,0,0,0,0,892,1,0,1,0,10.5,0,0
SYN-ADV-00608,25000.0,2,0.32,1,1,0,1,7,0,1,9,1,88.3,1,1
SYN-ADV-00609,64117.38,5,0.4,1,0,1,0,137,1,0,2,0,17.5,1,0
SYN-ADV-00610,7293.0,1,0.3,0,0,0,0,59,0,1,9,1,69.8,0,1
SYN-ADV-00611,1669.32,2,0.15,0,0,0,0,675,1,0,1,0,4.2,0,0
SYN-ADV-00612,535.4,2,0.1,0,0,0,0,2381,1,0,1,0,6.9,0,0
SYN-ADV-00613,17924.16,2,0.26,0,0,0,0,625,1,0,5,0,28.1,0,0
SYN-ADV-00614,149.08,2,0.14,0,0,0,0,2371,1,0,1,0,3.3,0,0
SYN-ADV-00615,55.34,2,0.19,0,0,0,0,1968,1,0,2,0,6.4,0,0
SYN-ADV-00616,10.0,4,0.59,1,1,1,0,21,0,1,7,3,84.0,1,1
SYN-ADV-00617,5956.91,2,0.46,1,0,0,0,173,1,0,2,0,23.6,1,0
SYN-ADV-00618,3362.79,1,0.19,0,0,0,0,698,1,0,1,0,3.1,0,0
SYN-ADV-00619,14718.65,4,0.27,0,0,0,0,1170,1,0,6,0,45.1,0,0
SYN-ADV-00620,465.49,2,0.07,0,0,0,0,510,1,0,2,0,14.0,0,0
SYN-ADV-00621,20073.78,3,0.27,0,1,1,1,823,1,0,5,0,52.9,1,1
SYN-ADV-00622,79286.9,5,0.32,1,1,0,0,156,1,0,2,0,30.1,0,0
SYN-ADV-00623,10.0,2,0.53,1,1,0,1,23,0,1,11,3,75.3,1,1
SYN-ADV-00624,5296.3,5,0.44,1,0,0,0,80,1,0,2,0,18.5,0,0
SYN-ADV-00625,1219.6,1,0.12,0,0,0,0,1670,1,0,2,0,10.9,0,0
SYN-ADV-00626,538.2,1,0.08,0,0,0,0,1592,1,0,1,0,12.9,0,0
SYN-ADV-00627,1591.8,1,0.06,0,0,0,0,50,0,0,3,0,30.1,0,0
SYN-ADV-00628,14175.99,2,0.37,0,0,0,0,628,1,0,6,0,23.9,0,0
SYN-ADV-00629,25000.0,3,0.47,1,1,1,1,29,0,0,5,1,79.5,1,1
SYN-ADV-00630,15679.01,2,0.34,0,0,0,0,863,1,0,9,0,32.8,0,0
SYN-ADV-00631,3389.31,1,0.15,0,0,0,0,1154,1,0,1,0,2.5,0,0
SYN-ADV-00632,10.0,1,0.1,1,1,1,1,3,0,1,1,0,25.8,0,1
SYN-ADV-00633,49.09,1,0.1,0,0,0,0,899,1,0,1,0,12.6,0,0
SYN-ADV-00634,4500.0,6,0.7,1,1,1,0,26,0,1,7,3,90.4,1,1
SYN-ADV-00635,1520.55,1,0.07,0,0,0,0,694,1,0,2,0,3.8,0,0
SYN-ADV-00636,240.11,2,0.12,0,0,0,0,1996,1,0,1,0,14.0,0,0
SYN-ADV-00637,16842.5,1,0.29,0,0,0,0,30,0,1,4,1,69.1,1,1
SYN-ADV-00638,297.53,2,0.09,0,0,0,0,2149,1,0,1,0,4.7,0,0
SYN-ADV-00639,42.84,2,0.09,0,0,0,0,914,1,0,1,0,9.8,0,0
SYN-ADV-00640,3137.84,1,0.16,0,0,0,0,430,1,0,2,0,17.0,0,0
SYN-ADV-00641,1303.86,2,0.17,0,0,0,0,2278,1,0,1,0,8.0,0,0
SYN-ADV-00642,1226.75,1,0.06,0,0,0,0,993,1,0,1,0,12.4,0,0
SYN-ADV-00643,82485.91,5,0.45,1,0,1,0,231,1,0,3,0,15.5,0,0
SYN-ADV-00644,17227.3,2,0.32,0,0,0,0,1127,1,0,9,0,24.9,0,0
SYN-ADV-00645,31.59,2,0.11,0,0,0,0,490,1,0,1,0,11.4,0,0
SYN-ADV-00646,3469.16,2,0.09,0,0,0,0,1534,1,0,1,0,12.1,0,0
SYN-ADV-00647,5687.08,4,0.22,0,0,0,0,384,1,0,8,0,45.0,0,0
SYN-ADV-00648,26951.51,1,0.55,1,0,1,1,979,1,0,6,0,64.0,0,1
SYN-ADV-00649,25.0,1,0.02,1,1,1,1,7,0,1,1,0,14.3,1,1
SYN-ADV-00650,53290.88,3,0.48,1,1,0,0,295,0,0,2,0,23.0,0,0
SYN-ADV-00651,4500.0,7,0.75,1,1,1,0,7,1,0,11,1,72.9,1,1
SYN-ADV-00652,361.38,2,0.13,0,0,0,0,438,1,1,3,0,18.3,0,0
SYN-ADV-00653,33332.7,2,0.21,1,1,1,0,1324,1,0,4,0,70.7,1,1
SYN-ADV-00654,21285.57,2,0.54,1,0,1,0,1997,1,0,3,0,47.1,0,1
SYN-ADV-00655,87.16,1,0.07,0,0,0,0,1305,1,0,1,0,12.2,0,0
SYN-ADV-00656,500.0,7,0.8,1,0,1,1,15,0,1,10,3,75.9,1,1
SYN-ADV-00657,25.0,1,0.04,1,1,1,0,13,0,1,1,0,24.5,0,1
SYN-ADV-00658,50.0,4,0.36,1,1,1,1,14,0,1,6,4,87.6,1,1
SYN-ADV-00659,28381.15,4,0.57,0,0,0,0,78,1,0,3,0,11.9,0,0
SYN-ADV-00660,10.0,2,0.22,1,1,1,1,23,0,1,7,4,79.6,1,1
SYN-ADV-00661,525.98,2,0.05,0,0,0,0,290,1,0,1,0,12.9,0,0
SYN-ADV-00662,1919.35,2,0.09,0,0,0,0,1604,1,0,2,0,8.3,0,0
SYN-ADV-00663,1268.47,2,0.1,0,0,0,0,740,1,0,2,0,4.2,0,0
SYN-ADV-00664,22564.58,3,0.5,1,1,1,1,1029,1,0,7,1,74.2,0,1
SYN-ADV-00665,58308.48,3,0.31,1,0,0,0,270,1,0,2,0,14.5,0,0
SYN-ADV-00666,4894.51,1,0.11,0,0,0,0,306,0,0,2,0,35.9,0,0
SYN-ADV-00667,16630.71,5,0.62,1,0,0,0,214,1,0,3,0,20.4,0,0
SYN-ADV-00668,62.52,1,0.16,0,0,0,0,2010,1,0,2,0,11.0,0,0
SYN-ADV-00669,1371.09,1,0.04,0,0,0,0,678,1,0,2,0,2.3,0,0
SYN-ADV-00670,1043.86,1,0.09,0,0,0,0,578,1,0,2,0,2.7,0,0
SYN-ADV-00671,51674.52,3,0.56,1,1,1,0,273,1,0,2,0,31.5,0,0
SYN-ADV-00672,2225.47,1,0.18,0,0,0,0,1678,1,0,2,0,3.9,0,0
SYN-ADV-00673,132.17,2,0.08,0,0,0,0,249,1,0,2,0,6.5,0,0
SYN-ADV-00674,40646.08,2,0.34,0,0,0,0,271,1,0,4,0,31.3,0,0
SYN-ADV-00675,1764.06,1,0.17,0,0,0,0,552,1,0,1,0,4.7,0,0
SYN-ADV-00676,439.34,2,0.02,0,0,0,0,1739,1,0,1,0,2.1,0,0
SYN-ADV-00677,11383.19,2,0.27,0,0,0,0,907,1,0,9,0,41.1,0,0
SYN-ADV-00678,25.0,1,0.17,1,1,1,1,10,0,1,1,0,17.6,1,1
SYN-ADV-00679,7147.2,2,0.31,1,0,0,0,108,1,0,3,0,19.2,0,0
SYN-ADV-00680,1353.24,1,0.02,0,0,0,0,1335,1,0,2,0,14.9,0,0
SYN-ADV-00681,33932.1,4,0.4,0,1,1,0,944,1,0,5,1,62.3,0,1
SYN-ADV-00682,10.0,3,0.34,1,1,1,1,16,0,0,5,3,78.4,1,1
SYN-ADV-00683,788.52,1,0.28,0,0,1,1,31,0,0,9,2,71.2,1,1
SYN-ADV-00684,2765.22,2,0.21,0,0,0,0,36,1,0,3,0,22.7,0,0
SYN-ADV-00685,10977.62,2,0.52,0,1,0,0,2432,1,0,7,0,66.1,0,1
SYN-ADV-00686,1186.0,1,0.03,0,0,0,0,737,1,0,1,0,8.2,0,0
SYN-ADV-00687,14283.48,3,0.37,0,0,0,0,791,1,0,9,0,41.4,0,0
SYN-ADV-00688,61791.59,2,0.55,1,1,0,0,161,1,0,2,0,12.9,1,0
SYN-ADV-00689,27980.97,2,0.11,0,0,0,0,675,1,0,8,0,21.2,0,0
SYN-ADV-00690,10.0,1,0.1,1,1,1,1,2,0,1,1,0,29.6,0,1
SYN-ADV-00691,25.0,1,0.05,1,1,1,0,10,0,1,1,0,18.7,1,1
SYN-ADV-00692,26178.01,2,0.25,0,0,0,0,249,1,0,5,0,42.9,0,0
SYN-ADV-00693,1023.33,1,0.15,0,0,0,0,1354,1,0,1,0,13.7,0,0
SYN-ADV-00694,6608.34,1,0.19,0,0,0,0,2265,1,0,2,0,6.8,0,0
SYN-ADV-00695,2310.4,1,0.06,0,0,0,0,211,0,0,2,0,22.6,0,0
SYN-ADV-00696,1849.1,2,0.03,0,0,0,0,756,1,0,2,0,11.9,0,0
SYN-ADV-00697,2874.23,1,0.04,0,0,0,0,282,1,0,3,0,29.9,0,0
SYN-ADV-00698,4500.0,4,0.84,1,0,0,0,24,0,1,12,1,80.7,1,1
SYN-ADV-00699,14537.43,5,0.41,1,1,0,0,131,1,0,2,0,17.4,0,0
SYN-ADV-00700,789.26,2,0.19,0,0,0,0,172,1,0,3,0,31.7,0,0
SYN-ADV-00701,1808.12,2,0.1,0,0,0,0,1856,1,0,2,0,8.6,0,0
SYN-ADV-00702,4500.0,2,0.19,1,1,0,1,26,0,1,5,2,80.4,1,1
SYN-ADV-00703,14369.88,3,0.24,0,0,0,0,76,1,0,5,2,80.2,1,1
SYN-ADV-00704,2771.45,2,0.29,0,0,0,1,14,1,0,4,2,75.4,0,1
SYN-ADV-00705,3669.39,2,0.27,0,0,0,0,1061,1,0,7,0,44.8,0,0
SYN-ADV-00706,1737.36,2,0.09,0,0,0,0,24,0,1,8,3,77.4,1,1
SYN-ADV-00707,7580.11,2,0.22,0,0,0,0,686,1,0,9,0,47.2,0,0
SYN-ADV-00708,1375.51,2,0.16,0,0,0,0,1365,1,0,2,0,2.8,0,0
SYN-ADV-00709,207.72,1,0.17,0,0,0,0,1628,1,0,1,0,11.9,0,0
SYN-ADV-00710,1802.52,2,0.03,0,0,0,0,1613,1,0,2,0,7.4,0,0
SYN-ADV-00711,50.0,3,0.28,1,1,1,0,6,0,1,10,1,82.1,1,1
SYN-ADV-00712,77112.79,4,0.26,1,1,1,0,244,1,0,2,0,27.8,1,0
SYN-ADV-00713,583.14,2,0.1,0,0,0,0,1590,1,0,1,0,10.0,0,0
SYN-ADV-00714,2361.15,2,0.05,0,0,0,0,508,1,0,1,0,5.7,0,0
SYN-ADV-00715,25000.0,5,0.7,1,0,1,1,21,0,1,12,4,76.6,1,1
SYN-ADV-00716,29147.76,4,0.42,1,1,0,0,277,1,0,4,0,14.0,1,0
SYN-ADV-00717,30538.07,4,0.25,0,0,0,0,856,1,0,8,0,27.5,0,0
SYN-ADV-00718,69714.68,5,0.62,1,1,1,0,281,1,0,2,0,26.4,0,0
SYN-ADV-00719,52.06,2,0.07,0,0,0,0,463,1,0,1,0,13.0,0,0
SYN-ADV-00720,286.0,2,0.24,0,0,1,0,61,0,1,4,1,83.3,1,1
SYN-ADV-00721,34717.03,3,0.29,0,0,0,0,217,1,0,6,0,24.5,0,0
SYN-ADV-00722,12740.26,3,0.45,1,0,0,0,740,1,0,3,0,47.5,1,1
SYN-ADV-00723,4522.76,2,0.23,0,0,0,0,373,1,1,2,0,18.1,0,0
SYN-ADV-00724,6420.88,4,0.35,0,0,0,0,1152,1,0,9,0,27.1,0,0
SYN-ADV-00725,1342.77,1,0.2,0,0,0,0,190,1,0,3,0,33.0,0,0
SYN-ADV-00726,2201.29,1,0.04,0,0,0,0,917,1,0,1,0,14.6,0,0
SYN-ADV-00727,995.53,2,0.17,0,0,0,0,429,1,0,2,0,8.9,0,0
SYN-ADV-00728,14036.91,5,0.44,1,0,0,0,119,1,0,4,0,18.1,0,0
SYN-ADV-00729,31919.96,2,0.35,0,0,0,0,858,1,0,5,0,39.3,0,0
SYN-ADV-00730,1350.44,2,0.09,0,0,0,0,388,1,0,2,0,25.9,1,0
SYN-ADV-00731,2755.65,3,0.38,0,0,0,0,1119,1,0,7,0,28.4,0,0
SYN-ADV-00732,835.6,1,0.07,0,0,0,0,856,1,0,2,0,10.2,0,0
SYN-ADV-00733,66339.27,5,0.57,1,1,0,0,296,1,0,3,0,30.4,0,0
SYN-ADV-00734,190.6,1,0.17,0,0,0,0,1268,1,0,1,0,6.6,0,0
SYN-ADV-00735,522.91,2,0.1,0,0,0,0,312,1,0,1,0,10.3,0,0
SYN-ADV-00736,4500.0,8,0.58,1,1,1,1,6,0,1,7,4,89.4,1,1
SYN-ADV-00737,79.51,1,0.06,0,0,0,0,1541,1,0,2,0,4.6,0,0
SYN-ADV-00738,6614.97,1,0.08,0,0,0,0,1745,1,0,1,0,2.3,0,0
SYN-ADV-00739,25796.05,2,0.56,0,1,0,1,1521,1,0,7,1,52.8,1,1
SYN-ADV-00740,1722.5,1,0.01,0,0,0,0,2353,1,0,2,0,12.1,0,0
SYN-ADV-00741,4507.43,2,0.03,0,0,0,0,1032,1,0,1,0,14.3,0,0
SYN-ADV-00742,11151.59,4,0.25,0,0,0,0,313,1,0,8,0,44.0,0,0
SYN-ADV-00743,825.85,2,0.15,0,0,0,0,975,1,0,2,0,4.3,0,0
SYN-ADV-00744,3435.13,3,0.17,0,0,0,0,641,1,0,6,0,30.3,0,0
SYN-ADV-00745,2399.19,1,0.13,0,0,0,0,195,0,0,2,0,30.5,0,0
SYN-ADV-00746,1440.59,2,0.02,0,0,0,0,440,1,0,1,0,6.3,0,0
SYN-ADV-00747,500.0,6,0.8,0,1,1,1,11,0,1,11,3,74.9,1,1
SYN-ADV-00748,1254.15,1,0.13,0,0,0,0,69,0,1,8,2,68.3,1,1
SYN-ADV-00749,4395.25,1,0.2,0,0,0,1,56,1,1,6,3,84.1,0,1
SYN-ADV-00750,39862.03,3,0.38,0,0,1,0,270,1,0,2,0,11.2,1,0
SYN-ADV-00751,408.35,1,0.14,0,0,0,0,1987,1,0,1,0,14.9,0,0
SYN-ADV-00752,388.63,1,0.09,0,0,0,0,2187,1,0,2,0,8.4,0,0
SYN-ADV-00753,2283.36,1,0.03,0,0,0,0,583,1,0,1,0,13.3,0,0
SYN-ADV-00754,8820.83,3,0.4,1,1,0,1,2270,1,0,7,1,72.6,1,1
SYN-ADV-00755,5230.63,1,0.18,0,0,0,0,306,1,0,2,0,10.9,0,0
SYN-ADV-00756,15310.52,4,0.38,0,0,0,0,288,1,0,7,0,24.3,0,0
SYN-ADV-00757,21320.2,3,0.25,0,0,0,0,86,0,1,4,3,79.3,1,1
SYN-ADV-00758,771.87,1,0.05,0,0,0,0,399,1,0,2,0,6.2,0,0
SYN-ADV-00759,10.0,1,0.11,1,1,1,1,13,0,1,1,0,31.6,1,1
SYN-ADV-00760,18035.25,5,0.36,1,0,1,0,296,1,0,4,0,27.7,0,0
SYN-ADV-00761,2552.87,1,0.08,0,0,0,0,593,1,0,2,0,8.7,0,0
SYN-ADV-00762,395.05,2,0.1,0,0,0,0,1932,1,0,1,0,11.8,0,0
SYN-ADV-00763,1363.19,1,0.09,0,0,0,0,1944,1,0,1,0,2.5,0,0
SYN-ADV-00764,42081.99,3,0.51,1,0,0,0,87,1,0,3,0,11.7,0,0
SYN-ADV-00765,3163.99,1,0.14,0,0,0,0,1430,1,0,1,0,8.8,0,0
SYN-ADV-00766,10.0,6,0.16,1,1,1,1,24,0,1,10,3,84.9,1,1
SYN-ADV-00767,4500.0,3,0.69,1,1,1,0,13,0,1,12,3,79.5,0,1
SYN-ADV-00768,9359.72,2,0.32,0,0,0,0,798,1,0,7,0,44.4,0,0
SYN-ADV-00769,8125.71,3,0.06,0,0,0,1,71,0,1,9,3,78.8,1,1
SYN-ADV-00770,34152.46,3,0.31,0,0,0,0,1166,1,0,8,0,42.5,0,0
SYN-ADV-00771,25.0,1,0.01,1,1,0,0,4,0,1,1,0,22.0,1,1
SYN-ADV-00772,38130.9,2,0.19,0,1,1,1,1012,1,0,6,0,59.1,0,1
SYN-ADV-00773,802.52,1,0.07,0,0,0,0,1804,1,0,1,0,6.3,0,0
SYN-ADV-00774,38371.88,4,0.59,0,0,1,0,1295,1,0,3,1,59.6,1,1
SYN-ADV-00775,1942.88,2,0.05,0,0,0,0,448,1,0,1,0,7.5,0,0
SYN-ADV-00776,141.78,1,0.06,0,0,0,0,1908,1,0,2,0,3.5,0,0
SYN-ADV-00777,1739.51,2,0.1,0,0,0,0,1986,1,0,1,0,4.1,0,0
SYN-ADV-00778,2872.8,2,0.08,0,0,0,0,1150,1,0,1,0,9.6,0,0
SYN-ADV-00779,997.58,2,0.03,0,0,0,0,1401,1,0,2,0,14.5,0,0
SYN-ADV-00780,58848.58,4,0.57,1,0,0,0,189,1,0,2,0,24.7,1,0
SYN-ADV-00781,1909.67,3,0.2,0,0,0,0,73,0,1,4,1,73.3,1,1
SYN-ADV-00782,18977.18,2,0.57,1,1,1,0,159,1,0,3,0,27.3,0,0
SYN-ADV-00783,49561.79,3,0.59,1,0,1,0,70,0,0,3,0,27.6,0,0
SYN-ADV-00784,3178.37,1,0.16,0,0,0,0,617,1,0,1,0,8.6,0,0
SYN-ADV-00785,10.0,1,0.18,1,1,1,1,9,0,1,1,0,22.5,0,1
SYN-ADV-00786,100.0,1,0.07,1,1,1,1,13,0,1,1,0,10.2,1,1
SYN-ADV-00787,11819.64,2,0.13,0,0,0,0,561,1,0,8,0,30.1,0,0
SYN-ADV-00788,7427.36,4,0.23,0,0,0,0,413,1,0,6,0,42.4,0,0
SYN-ADV-00789,37744.75,5,0.63,1,0,0,0,271,1,0,2,0,25.8,0,0
SYN-ADV-00790,4982.32,2,0.14,0,0,0,1,17,0,1,9,1,85.8,1,1
SYN-ADV-00791,62069.56,4,0.42,0,0,0,0,205,0,0,2,0,28.2,0,0
SYN-ADV-00792,16748.94,5,0.43,1,0,0,0,271,1,0,4,0,18.9,1,0
SYN-ADV-00793,3701.53,3,0.22,0,0,0,0,916,1,0,6,0,34.6,0,0
SYN-ADV-00794,3206.32,1,0.03,0,0,0,0,1478,1,0,2,0,11.8,0,0
SYN-ADV-00795,318.73,1,0.32,0,0,0,1,48,0,0,4,3,66.4,1,1
SYN-ADV-00796,14020.38,2,0.33,0,0,0,0,1143,1,0,5,0,32.6,0,0
SYN-ADV-00797,627.22,1,0.1,0,0,0,0,1167,1,0,1,0,6.6,0,0
SYN-ADV-00798,25.0,1,0.15,1,1,1,0,14,0,1,1,0,29.5,1,1
SYN-ADV-00799,4500.0,8,0.41,1,1,1,1,5,0,1,11,3,84.9,1,1
SYN-ADV-00800,24893.08,3,0.32,0,0,0,0,606,1,0,6,0,24.0,0,0
SYN-ADV-00801,3032.78,3,0.19,0,0,0,0,77,0,1,7,1,82.2,0,1
SYN-ADV-00802,522.49,1,0.12,0,0,0,0,1873,1,0,1,0,3.6,0,0
SYN-ADV-00803,8222.57,3,0.3,1,0,1,0,59,1,0,2,0,27.2,0,0
SYN-ADV-00804,1664.79,2,0.07,0,0,0,0,449,1,1,3,0,13.8,1,0
SYN-ADV-00805,29776.15,5,0.61,1,0,0,0,112,1,0,4,0,24.0,0,0
SYN-ADV-00806,1522.71,1,0.17,0,0,0,0,1532,1,0,1,0,12.4,0,0
SYN-ADV-00807,2285.14,2,0.08,0,0,0,0,1819,1,0,2,0,9.0,0,0
SYN-ADV-00808,2162.11,2,0.15,0,0,0,0,562,1,0,1,0,11.2,0,0
SYN-ADV-00809,4959.93,2,0.12,0,0,0,0,707,1,0,1,0,4.5,0,0
SYN-ADV-00810,1517.05,1,0.19,0,0,0,0,2337,1,0,1,0,11.8,0,0
SYN-ADV-00811,289.59,1,0.24,0,0,0,0,170,1,0,3,0,14.2,0,0
SYN-ADV-00812,4167.38,1,0.1,0,0,0,0,295,1,0,2,0,7.7,0,0
SYN-ADV-00813,73771.87,4,0.4,1,0,0,0,191,1,0,3,0,26.9,1,0
SYN-ADV-00814,552.08,1,0.02,0,0,0,0,1532,1,0,1,0,2.4,0,0
SYN-ADV-00815,1500.0,1,0.03,1,0,1,0,15,0,1,1,0,13.0,1,1
SYN-ADV-00816,1324.02,1,0.1,0,0,0,0,2266,1,0,2,0,14.3,0,0
SYN-ADV-00817,500.0,5,0.51,1,1,1,0,3,0,0,6,2,88.8,1,1
SYN-ADV-00818,1500.0,1,0.09,1,1,1,1,9,0,1,1,0,34.6,1,1
SYN-ADV-00819,3093.17,2,0.19,0,0,0,0,2050,1,0,1,0,2.0,0,0
SYN-ADV-00820,4180.98,2,0.17,0,0,0,0,115,1,0,3,0,19.1,1,0
SYN-ADV-00821,4996.36,1,0.15,0,0,0,0,291,1,1,2,0,19.8,0,0
SYN-ADV-00822,25.0,1,0.15,0,1,1,0,13,0,1,1,0,18.0,1,1
SYN-ADV-00823,2144.86,2,0.2,0,0,0,0,2054,1,0,2,0,5.2,0,0
SYN-ADV-00824,48.56,2,0.05,0,0,0,0,1545,1,0,1,0,13.9,0,0
SYN-ADV-00825,10.0,6,0.46,0,1,1,0,25,0,1,6,1,83.9,1,1
SYN-ADV-00826,2222.17,2,0.14,0,0,0,0,1645,1,0,2,0,12.8,0,0
SYN-ADV-00827,19174.93,2,0.3,1,1,1,0,55,1,0,4,0,30.3,0,0
SYN-ADV-00828,28184.76,3,0.51,1,0,0,1,1709,1,0,7,1,50.9,0,1
SYN-ADV-00829,8792.29,2,0.12,0,0,0,0,2223,1,0,1,0,9.2,0,0
SYN-ADV-00830,915.54,1,0.02,0,0,0,0,725,1,0,1,0,3.7,0,0
SYN-ADV-00831,2390.73,1,0.18,0,0,0,0,1323,1,0,1,0,13.0,0,0
SYN-ADV-00832,100.0,1,0.14,1,1,1,0,11,0,1,1,0,11.3,0,1
SYN-ADV-00833,143.96,2,0.06,0,0,0,0,2322,1,0,2,0,8.4,0,0
SYN-ADV-00834,8477.17,3,0.27,0,0,1,0,245,1,0,2,0,29.4,0,0
SYN-ADV-00835,23050.24,5,0.63,0,1,1,0,77,1,0,2,0,10.6,0,0
SYN-ADV-00836,500.0,8,0.29,1,1,1,1,13,0,1,6,4,88.8,1,1
SYN-ADV-00837,610.57,1,0.23,0,0,0,0,223,1,0,2,0,32.3,1,0
SYN-ADV-00838,864.34,1,0.07,0,0,0,0,1968,1,0,1,0,3.3,0,0
SYN-ADV-00839,2377.03,1,0.14,0,0,0,1,62,0,1,9,3,65.2,1,1
SYN-ADV-00840,75395.05,2,0.39,0,0,0,0,213,1,0,2,0,12.3,0,0
SYN-ADV-00841,35839.61,2,0.56,1,1,1,0,1971,1,0,6,1,49.1,1,1
SYN-ADV-00842,25000.0,5,0.48,1,1,1,1,7,0,1,10,3,80.1,1,1
SYN-ADV-00843,3455.84,1,0.07,0,0,0,0,449,1,0,3,0,20.9,0,0
SYN-ADV-00844,3382.88,1,0.16,0,0,0,0,1598,1,0,1,0,10.7,0,0
SYN-ADV-00845,374.49,2,0.12,0,0,0,0,1556,1,0,2,0,10.0,0,0
SYN-ADV-00846,1596.89,1,0.03,0,0,0,0,372,1,0,2,0,4.9,0,0
SYN-ADV-00847,11201.59,2,0.36,1,1,0,0,2353,1,0,6,1,50.5,0,1
SYN-ADV-00848,4896.26,2,0.27,0,0,0,0,325,1,0,7,0,32.3,0,0
SYN-ADV-00849,5187.12,2,0.02,0,0,0,0,321,1,0,1,0,4.6,0,0
SYN-ADV-00850,500.0,7,0.23,1,1,1,1,11,1,1,7,4,86.4,1,1
SYN-ADV-00851,9332.71,3,0.17,0,0,0,0,1008,1,0,7,0,38.5,0,0
SYN-ADV-00852,34255.81,4,0.36,0,0,0,0,1079,1,0,5,0,23.3,0,0
SYN-ADV-00853,6750.83,2,0.16,0,0,0,0,567,1,0,7,0,28.9,0,0
SYN-ADV-00854,23174.65,2,0.33,0,0,0,0,781,1,0,6,0,43.9,0,0
SYN-ADV-00855,25.0,1,0.07,1,1,0,0,10,0,1,1,0,32.1,1,1
SYN-ADV-00856,1500.0,1,0.16,1,1,1,0,13,0,1,1,0,22.7,1,1
SYN-ADV-00857,64.6,2,0.15,0,0,0,0,2352,1,0,2,0,11.3,0,0
SYN-ADV-00858,1488.01,2,0.17,0,0,0,0,434,1,1,2,0,35.3,0,0
SYN-ADV-00859,25.0,1,0.07,1,1,0,1,9,0,1,1,0,12.1,1,1
SYN-ADV-00860,100.0,1,0.05,1,1,1,1,7,0,1,1,0,20.2,1,1
SYN-ADV-00861,202.17,2,0.01,0,0,0,0,2009,1,0,1,0,5.5,0,0
SYN-ADV-00862,10.0,4,0.73,1,1,1,0,6,0,1,8,3,76.3,1,1
SYN-ADV-00863,70245.18,4,0.33,1,1,0,0,178,1,0,3,0,16.2,0,0
SYN-ADV-00864,350.7,2,0.17,0,0,0,0,248,1,0,2,0,10.5,0,0
SYN-ADV-00865,114.54,1,0.17,0,0,0,0,1132,1,0,1,0,11.4,0,0
SYN-ADV-00866,11666.96,4,0.48,1,0,1,1,2277,1,0,6,1,58.5,1,1
SYN-ADV-00867,2410.96,1,0.07,0,0,0,0,239,1,0,2,0,12.5,0,0
SYN-ADV-00868,926.06,2,0.05,0,0,0,0,1943,1,0,2,0,11.9,0,0
SYN-ADV-00869,127.81,2,0.07,0,0,0,0,295,1,0,1,0,14.0,0,0
SYN-ADV-00870,42939.73,3,0.41,0,0,1,1,1480,1,0,4,0,46.9,1,1
SYN-ADV-00871,1389.51,2,0.12,0,0,0,0,2049,1,0,2,0,3.2,0,0
SYN-ADV-00872,25000.0,3,0.12,1,1,1,1,15,0,1,6,4,73.3,1,1
SYN-ADV-00873,1500.0,1,0.08,0,1,1,0,7,0,1,1,0,33.9,0,1
SYN-ADV-00874,6253.8,1,0.14,0,0,0,0,30,0,0,8,1,76.6,1,1
SYN-ADV-00875,10.0,3,0.43,1,1,1,1,21,0,1,5,1,78.3,1,1
SYN-ADV-00876,181.28,2,0.08,0,0,0,0,917,1,0,2,0,5.2,0,0
SYN-ADV-00877,6490.77,2,0.1,0,0,0,0,951,1,0,1,0,7.1,0,0
SYN-ADV-00878,1051.39,1,0.18,0,0,0,0,846,1,0,2,0,13.5,0,0
SYN-ADV-00879,58332.56,2,0.53,1,1,0,0,107,0,0,2,0,26.6,0,0
SYN-ADV-00880,37807.69,3,0.35,1,0,1,0,281,1,0,4,0,18.8,1,0
SYN-ADV-00881,12401.35,2,0.3,0,1,1,0,1196,1,0,6,1,69.6,0,1
SYN-ADV-00882,10.0,6,0.18,1,1,1,1,27,0,1,12,3,75.9,1,1
SYN-ADV-00883,1108.82,1,0.09,0,0,0,0,395,1,0,1,0,7.1,0,0
SYN-ADV-00884,662.62,1,0.12,0,0,0,0,399,1,0,2,0,12.0,0,0
SYN-ADV-00885,137.76,2,0.18,0,0,0,0,1019,1,0,1,0,2.2,0,0
SYN-ADV-00886,2133.36,2,0.46,1,0,1,0,2060,1,0,4,0,46.3,1,1
SYN-ADV-00887,1272.4,2,0.12,0,0,0,0,976,1,0,1,0,14.1,0,0
SYN-ADV-00888,39230.42,3,0.34,1,1,0,0,206,1,0,2,0,20.1,1,0
SYN-ADV-00889,23623.21,3,0.11,0,0,0,0,1086,1,0,6,0,31.5,0,0
SYN-ADV-00890,289.95,2,0.2,0,0,0,0,617,1,0,1,0,5.3,0,0
SYN-ADV-00891,500.0,7,0.62,1,0,1,1,23,0,1,12,1,79.4,1,1
SYN-ADV-00892,35589.71,3,0.45,1,1,1,0,108,1,0,4,0,19.4,0,0
SYN-ADV-00893,25.0,1,0.08,1,1,1,1,15,0,1,1,0,28.1,0,1
SYN-ADV-00894,4143.29,2,0.04,0,0,0,0,1500,1,0,1,0,8.8,0,0
SYN-ADV-00895,1184.03,2,0.15,0,0,0,0,1138,1,0,2,0,6.5,0,0
SYN-ADV-00896,10.0,1,0.18,1,1,1,0,10,0,1,1,0,31.8,1,1
SYN-ADV-00897,5208.27,3,0.05,0,0,0,1,34,0,0,5,1,67.1,1,1
SYN-ADV-00898,32783.91,2,0.25,0,0,0,0,616,1,0,8,0,28.7,0,0
SYN-ADV-00899,2544.68,1,0.09,0,0,0,0,1219,1,0,2,0,5.7,0,0
SYN-ADV-00900,3393.08,1,0.06,0,0,0,0,2170,1,0,1,0,14.4,0,0
SYN-ADV-00901,2564.85,2,0.04,0,0,0,0,2007,1,0,2,0,8.6,0,0
SYN-ADV-00902,1562.46,1,0.17,0,0,0,0,2174,1,0,1,0,11.9,0,0
SYN-ADV-00903,1987.86,1,0.15,0,0,0,0,1429,1,0,1,0,9.2,0,0
SYN-ADV-00904,4500.0,5,0.33,1,1,1,1,25,0,1,8,1,72.3,1,1
SYN-ADV-00905,440.74,2,0.09,0,0,0,0,1903,1,0,2,0,14.6,0,0
SYN-ADV-00906,3096.05,2,0.07,0,0,0,0,491,1,0,2,0,13.5,0,0
SYN-ADV-00907,5601.15,1,0.08,0,0,0,0,865,1,0,1,0,11.9,0,0
SYN-ADV-00908,316.56,2,0.11,0,0,0,0,2201,1,0,2,0,11.1,0,0
SYN-ADV-00909,32611.86,4,0.17,0,0,0,0,669,1,0,5,0,45.8,0,0
SYN-ADV-00910,61524.72,2,0.53,1,0,0,0,120,1,0,4,0,22.7,0,0
SYN-ADV-00911,6577.78,1,0.44,0,1,1,0,1761,1,0,4,0,50.0,1,1
SYN-ADV-00912,45051.75,5,0.48,1,0,0,0,90,1,0,4,0,27.1,0,0
SYN-ADV-00913,25.0,1,0.19,1,1,0,0,1,0,1,1,0,12.4,1,1
SYN-ADV-00914,8427.95,2,0.13,0,0,0,0,1965,1,0,1,0,4.3,0,0
SYN-ADV-00915,4403.01,1,0.11,0,0,1,0,67,0,1,5,1,82.2,0,1
SYN-ADV-00916,4500.0,5,0.57,1,0,1,1,15,0,1,5,2,82.5,1,1
SYN-ADV-00917,10.0,1,0.06,0,1,1,1,4,0,1,1,0,23.1,1,1
SYN-ADV-00918,61.7,2,0.19,0,0,0,0,2138,1,0,2,0,9.9,0,0
SYN-ADV-00919,946.58,2,0.2,0,0,0,0,1181,1,0,2,0,10.6,0,0
SYN-ADV-00920,4360.35,3,0.36,0,0,0,0,1005,1,0,5,0,20.1,0,0
SYN-ADV-00921,37144.67,3,0.26,1,0,0,0,172,1,0,4,0,25.1,0,0
SYN-ADV-00922,57818.27,2,0.64,0,0,1,0,229,0,0,4,0,17.2,0,0
SYN-ADV-00923,651.82,2,0.15,0,0,0,0,533,1,0,2,0,7.6,0,0
SYN-ADV-00924,6606.1,2,0.2,0,0,0,0,611,1,0,2,0,5.8,0,0
SYN-ADV-00925,50.0,8,0.49,1,0,1,1,28,0,1,12,2,91.7,0,1
SYN-ADV-00926,20071.71,2,0.16,0,0,0,0,951,1,0,5,0,23.0,0,0
SYN-ADV-00927,7337.74,4,0.61,1,1,1,0,288,0,0,4,0,12.7,1,0
SYN-ADV-00928,1952.88,2,0.03,0,0,0,0,1563,1,0,1,0,14.1,0,0
SYN-ADV-00929,3115.36,1,0.13,0,0,0,0,1744,1,0,2,0,10.5,0,0
SYN-ADV-00930,4837.99,2,0.21,0,0,0,0,144,1,0,2,0,14.3,0,0
SYN-ADV-00931,501.16,1,0.12,0,0,0,0,721,1,0,2,0,14.4,0,0
SYN-ADV-00932,5134.28,2,0.49,1,0,0,0,231,1,0,2,0,21.4,0,0
SYN-ADV-00933,1146.24,2,0.05,0,0,0,1,47,1,1,7,1,78.8,1,1
SYN-ADV-00934,69103.34,2,0.49,1,0,1,0,289,1,0,2,0,20.9,0,0
SYN-ADV-00935,83491.42,4,0.31,1,0,0,0,160,1,0,2,0,30.3,0,0
SYN-ADV-00936,63191.64,4,0.64,1,0,0,0,245,1,0,4,0,20.4,0,0
SYN-ADV-00937,1902.25,1,0.11,0,0,0,0,1359,1,0,2,0,11.1,0,0
SYN-ADV-00938,992.26,3,0.17,0,0,1,0,84,1,1,9,2,75.5,1,1
SYN-ADV-00939,4500.0,4,0.77,1,1,1,0,14,0,1,7,4,92.9,1,1
SYN-ADV-00940,4644.73,1,0.1,0,0,0,0,272,1,1,3,0,27.4,0,0
SYN-ADV-00941,2905.18,2,0.06,0,0,0,0,686,1,0,1,0,7.2,0,0
SYN-ADV-00942,441.0,1,0.13,0,0,0,0,1737,1,0,1,0,12.1,0,0
SYN-ADV-00943,23635.11,3,0.29,0,0,0,0,635,1,0,7,0,20.3,0,0
SYN-ADV-00944,6809.24,2,0.16,1,1,1,0,2326,1,0,7,1,59.5,1,1
SYN-ADV-00945,682.63,1,0.03,0,0,0,0,460,1,0,1,0,7.3,0,0
SYN-ADV-00946,36503.72,5,0.28,1,0,0,0,108,1,0,2,0,31.2,0,0
SYN-ADV-00947,25000.0,7,0.23,1,1,1,1,9,0,1,9,1,73.9,1,1
SYN-ADV-00948,43533.01,2,0.34,0,1,1,0,1763,1,0,5,0,58.3,1,1
SYN-ADV-00949,2708.8,2,0.16,0,0,0,0,291,1,1,2,0,18.2,1,0
SYN-ADV-00950,50.0,3,0.55,1,1,1,0,5,0,1,7,4,82.0,0,1
SYN-ADV-00951,80215.95,3,0.46,1,0,0,0,143,1,0,4,0,24.5,0,0
SYN-ADV-00952,2242.34,2,0.17,0,0,0,0,1495,1,0,2,0,6.9,0,0
SYN-ADV-00953,5265.92,1,0.02,0,0,0,0,710,1,0,1,0,10.9,0,0
SYN-ADV-00954,418.88,2,0.13,0,0,0,0,1686,1,0,2,0,12.1,0,0
SYN-ADV-00955,50.0,4,0.11,1,0,1,1,6,0,1,9,4,74.1,1,1
SYN-ADV-00956,1115.25,2,0.11,0,0,0,0,605,1,0,1,0,4.2,0,0
SYN-ADV-00957,2663.11,2,0.04,0,0,0,0,2377,1,0,2,0,8.2,0,0
SYN-ADV-00958,1913.14,2,0.45,1,1,1,0,2009,1,0,5,0,52.5,1,1
SYN-ADV-00959,1455.15,1,0.09,0,0,0,0,1649,1,0,2,0,8.5,0,0
SYN-ADV-00960,1500.0,1,0.11,1,0,1,0,2,0,1,1,0,33.7,1,1
SYN-ADV-00961,290.2,1,0.13,0,0,0,0,514,1,0,1,0,14.3,0,0
SYN-ADV-00962,10.0,2,0.66,1,1,0,0,16,0,0,7,4,83.0,1,1
SYN-ADV-00963,47592.75,2,0.41,1,0,0,0,262,1,0,4,0,17.6,0,0
SYN-ADV-00964,78636.72,2,0.49,0,0,0,0,160,1,0,3,0,28.5,0,0
SYN-ADV-00965,2803.49,2,0.1,0,0,0,0,898,1,0,2,0,14.6,0,0
SYN-ADV-00966,24569.55,4,0.36,0,0,0,0,1058,1,0,5,0,28.1,0,0
SYN-ADV-00967,26180.06,2,0.55,1,1,1,0,63,0,0,4,0,28.7,1,0
SYN-ADV-00968,1121.89,2,0.15,0,0,0,1,33,0,1,7,2,69.5,1,1
SYN-ADV-00969,486.55,2,0.03,0,0,0,0,2196,1,0,1,0,4.0,0,0
SYN-ADV-00970,1151.27,1,0.1,0,0,0,0,1733,1,0,2,0,6.7,0,0
SYN-ADV-00971,2774.85,2,0.04,0,0,0,0,254,1,0,2,0,21.2,0,0
SYN-ADV-00972,210.35,1,0.03,0,0,0,0,1366,1,0,1,0,3.7,0,0
SYN-ADV-00973,4089.31,2,0.18,0,0,0,0,856,1,0,1,0,14.3,0,0
SYN-ADV-00974,1076.58,2,0.03,0,0,0,0,2203,1,0,2,0,12.4,0,0
SYN-ADV-00975,255.86,2,0.15,0,0,0,0,1837,1,0,2,0,3.7,0,0
SYN-ADV-00976,4005.02,1,0.06,0,0,0,0,286,1,0,2,0,29.6,0,0
SYN-ADV-00977,3739.67,2,0.13,0,0,0,0,174,1,0,2,0,28.1,0,0
SYN-ADV-00978,500.0,8,0.19,1,1,1,1,18,0,1,7,2,93.8,1,1
SYN-ADV-00979,1301.04,1,0.11,0,0,0,0,170,0,0,3,0,12.5,1,0
SYN-ADV-00980,35428.21,4,0.53,0,1,0,0,76,1,0,4,0,11.1,1,0
SYN-ADV-00981,33147.46,4,0.23,0,0,0,0,507,1,0,5,0,25.1,0,0
SYN-ADV-00982,30228.74,3,0.25,1,0,1,1,1706,1,0,5,1,48.3,1,1
SYN-ADV-00983,1021.63,1,0.07,0,0,0,0,1680,1,0,2,0,5.1,0,0
SYN-ADV-00984,1500.0,1,0.03,1,1,1,1,15,0,1,1,0,32.1,1,1
SYN-ADV-00985,4500.0,2,0.16,1,1,1,0,9,0,1,7,2,81.2,1,1
SYN-ADV-00986,567.1,2,0.18,0,0,0,0,2036,1,0,1,0,13.8,0,0
SYN-ADV-00987,1500.0,1,0.11,0,1,1,1,3,0,1,1,0,17.2,0,1
SYN-ADV-00988,50.0,7,0.71,1,1,1,1,17,0,1,11,4,85.4,1,1
SYN-ADV-00989,25.0,1,0.12,1,0,1,0,12,0,1,1,0,23.1,1,1
SYN-ADV-00990,594.43,3,0.13,0,0,1,1,78,0,1,5,2,86.3,1,1
SYN-ADV-00991,56393.05,3,0.65,1,1,0,0,233,1,0,4,0,29.4,0,0
SYN-ADV-00992,40577.61,3,0.3,1,0,0,1,1272,1,0,4,1,45.5,1,1
SYN-ADV-00993,33018.05,4,0.13,0,0,0,0,943,1,0,8,0,46.5,0,0
SYN-ADV-00994,25000.0,6,0.25,1,1,1,0,30,0,1,8,4,80.1,0,1
SYN-ADV-00995,25.0,1,0.1,1,1,1,0,3,0,1,1,0,26.2,1,1
SYN-ADV-00996,11773.73,1,0.3,0,0,0,1,28,0,1,9,2,67.3,1,1
SYN-ADV-00997,69639.42,2,0.4,1,0,0,0,67,1,0,2,0,15.9,0,0
SYN-ADV-00998,1457.9,1,0.19,0,0,0,0,635,1,0,2,0,13.1,0,0
SYN-ADV-00999,3581.56,1,0.19,0,0,0,0,30,0,1,5,1,77.5,1,1
SYN-ADV-01000,4024.36,1,0.17,0,0,0,0,621,1,0,2,0,3.3,0,0
SYN-ADV-01001,38222.77,2,0.61,1,0,1,0,191,1,0,4,0,18.5,0,0
SYN-ADV-01002,13992.69,3,0.65,1,0,1,0,84,1,0,2,0,17.9,0,0
SYN-ADV-01003,10.0,6,0.21,1,1,1,1,24,0,1,9,3,91.3,1,1
SYN-ADV-01004,34529.0,4,0.57,1,1,1,0,121,1,0,2,0,17.0,0,0
SYN-ADV-01005,1595.03,2,0.16,0,0,0,0,663,1,0,2,0,14.5,0,0
SYN-ADV-01006,10.0,4,0.85,1,1,1,1,25,1,1,10,2,89.6,1,1
SYN-ADV-01007,1500.0,1,0.11,1,1,1,1,2,0,1,1,0,24.5,1,1
SYN-ADV-01008,3528.79,1,0.18,0,0,0,0,150,1,0,2,0,21.4,0,0
SYN-ADV-01009,10.0,2,0.78,1,1,1,1,17,0,0,11,2,76.6,1,1
SYN-ADV-01010,762.73,1,0.11,0,0,0,0,43,1,0,2,0,30.2,0,0
SYN-ADV-01011,37928.52,2,0.16,1,1,1,0,2366,1,0,6,1,50.5,1,1
SYN-ADV-01012,25203.33,3,0.24,0,0,0,0,919,1,0,7,0,32.4,0,0
SYN-ADV-01013,2929.31,2,0.15,0,0,0,0,1082,1,0,5,0,36.9,0,0
SYN-ADV-01014,8475.17,4,0.52,1,0,1,0,1871,1,0,7,1,51.8,0,1
SYN-ADV-01015,10.0,1,0.11,0,1,1,0,4,0,1,1,0,19.8,1,1
SYN-ADV-01016,22165.21,2,0.34,0,0,0,0,659,1,0,8,0,28.8,0,0
SYN-ADV-01017,609.09,2,0.04,0,0,0,0,1721,1,0,2,0,4.5,0,0
SYN-ADV-01018,10.0,1,0.08,1,1,1,1,2,0,1,1,0,11.6,1,1
SYN-ADV-01019,12546.4,4,0.16,0,0,0,0,1131,1,0,5,0,26.7,0,0
SYN-ADV-01020,10.0,1,0.12,1,1,1,0,1,0,1,1,0,34.5,1,1
SYN-ADV-01021,18757.02,3,0.33,0,0,0,0,923,1,0,7,0,47.3,0,0
SYN-ADV-01022,2569.26,1,0.07,0,0,0,0,2262,1,0,1,0,8.5,0,0
SYN-ADV-01023,1194.5,1,0.12,0,0,0,0,1765,1,0,2,0,9.6,0,0
SYN-ADV-01024,603.64,2,0.04,0,0,0,0,2096,1,0,1,0,13.5,0,0
SYN-ADV-01025,32753.13,2,0.51,1,0,1,0,1757,1,0,7,0,72.9,1,1
SYN-ADV-01026,1798.46,2,0.07,0,0,0,0,1964,1,0,1,0,13.6,0,0
SYN-ADV-01027,908.2,2,0.06,0,0,0,0,507,1,0,1,0,9.4,0,0
SYN-ADV-01028,715.82,1,0.16,0,0,0,0,784,1,0,2,0,9.1,0,0
SYN-ADV-01029,129.02,1,0.1,0,0,0,0,2062,1,0,2,0,4.2,0,0
SYN-ADV-01030,10.0,1,0.06,1,1,1,0,5,0,1,1,0,34.7,0,1
SYN-ADV-01031,40363.63,3,0.63,0,0,0,0,191,1,0,4,0,30.2,1,0
SYN-ADV-01032,72586.85,4,0.4,1,0,1,0,66,1,0,4,0,11.3,0,0
SYN-ADV-01033,731.54,1,0.04,0,0,0,0,631,1,0,2,0,6.9,0,0
SYN-ADV-01034,30249.45,2,0.22,0,0,0,0,653,1,0,5,0,29.8,0,0
SYN-ADV-01035,993.53,2,0.03,0,0,0,0,938,1,0,1,0,13.9,0,0
SYN-ADV-01036,641.11,2,0.05,0,0,0,0,1546,1,0,1,0,6.1,0,0
SYN-ADV-01037,778.3,2,0.05,0,0,0,0,2150,1,0,1,0,5.6,0,0
SYN-ADV-01038,8274.74,4,0.22,1,1,0,0,827,1,0,5,0,74.4,1,1
SYN-ADV-01039,2498.01,4,0.27,1,1,1,0,1310,1,0,6,0,60.7,1,1
SYN-ADV-01040,10.0,1,0.03,1,1,1,1,6,0,1,1,0,33.5,1,1
SYN-ADV-01041,27975.37,4,0.23,0,0,0,0,1114,1,0,9,0,30.9,0,0
SYN-ADV-01042,5265.14,3,0.11,0,0,0,0,28,0,0,9,3,84.0,0,1
SYN-ADV-01043,273.6,2,0.33,0,0,0,1,62,0,0,7,1,79.6,1,1
SYN-ADV-01044,26.39,1,0.05,0,0,0,0,968,1,0,2,0,11.1,0,0
SYN-ADV-01045,53075.47,3,0.39,0,0,0,0,52,1,0,3,0,10.4,0,0
SYN-ADV-01046,30702.14,4,0.25,0,0,0,0,646,1,0,8,0,31.5,0,0
SYN-ADV-01047,3941.65,2,0.11,0,0,0,0,1575,1,0,1,0,14.0,0,0
SYN-ADV-01048,4102.09,2,0.04,0,0,0,0,866,1,0,2,0,7.0,0,0
SYN-ADV-01049,175.41,2,0.13,0,0,0,0,606,1,0,1,0,12.5,0,0
SYN-ADV-01050,29758.67,4,0.2,0,1,1,0,1730,1,0,7,0,65.0,0,1
SYN-ADV-01051,4500.0,6,0.39,1,1,1,0,17,0,1,11,1,92.7,1,1
SYN-ADV-01052,565.72,2,0.18,0,0,0,0,1283,1,0,2,0,12.9,0,0
SYN-ADV-01053,15978.29,2,0.1,0,0,0,0,1110,1,0,8,0,20.9,0,0
SYN-ADV-01054,35887.19,3,0.3,0,0,1,0,1094,1,0,7,1,69.9,0,1
SYN-ADV-01055,1428.7,1,0.19,0,0,0,0,1799,1,0,1,0,7.2,0,0
SYN-ADV-01056,17675.49,3,0.29,1,0,0,0,245,1,0,4,0,30.2,0,0
SYN-ADV-01057,500.0,3,0.17,1,1,1,1,22,0,0,6,4,72.6,1,1
SYN-ADV-01058,209.97,2,0.05,0,0,0,0,1108,1,0,2,0,4.5,0,0
SYN-ADV-01059,1729.4,2,0.16,0,0,0,0,411,1,0,2,0,3.1,0,0
SYN-ADV-01060,10.0,7,0.84,1,1,0,1,7,0,0,6,1,82.9,1,1
SYN-ADV-01061,1866.89,2,0.03,0,0,0,0,289,1,0,2,0,3.0,0,0
SYN-ADV-01062,1271.61,1,0.05,0,0,0,0,1919,1,0,2,0,13.6,0,0
SYN-ADV-01063,4957.29,2,0.16,0,0,0,0,936,1,0,2,0,2.1,0,0
SYN-ADV-01064,26177.28,1,0.2,1,1,0,0,710,1,0,4,1,52.6,1,1
SYN-ADV-01065,19918.51,4,0.25,0,0,0,0,336,1,0,6,0,44.3,0,0
SYN-ADV-01066,10937.66,3,0.21,1,0,1,1,1108,1,0,3,1,61.5,1,1
SYN-ADV-01067,1519.21,2,0.09,0,0,0,0,1838,1,0,1,0,5.3,0,0
SYN-ADV-01068,3881.31,3,0.13,0,0,0,0,85,0,0,9,2,75.0,1,1
SYN-ADV-01069,11329.4,3,0.29,0,0,0,0,801,1,0,8,0,32.0,0,0
SYN-ADV-01070,14653.72,4,0.35,0,0,0,0,640,1,0,6,0,44.9,0,0
SYN-ADV-01071,372.47,2,0.12,0,0,0,0,1402,1,0,2,0,7.2,0,0
SYN-ADV-01072,100.0,1,0.09,1,1,1,1,3,0,1,1,0,29.5,1,1
SYN-ADV-01073,2762.57,1,0.15,0,0,0,0,1075,1,0,2,0,9.4,0,0
SYN-ADV-01074,1316.71,1,0.11,0,0,0,0,338,1,0,3,0,30.6,0,0
SYN-ADV-01075,420.49,1,0.12,0,0,0,0,1927,1,0,2,0,6.1,0,0
SYN-ADV-01076,8906.51,3,0.25,0,0,0,0,1194,1,0,7,0,31.8,0,0
SYN-ADV-01077,50.0,6,0.35,1,1,1,0,30,0,1,12,3,74.9,0,1
SYN-ADV-01078,2404.77,3,0.33,0,0,1,0,18,0,0,7,3,71.9,1,1
SYN-ADV-01079,11381.38,4,0.45,1,0,0,0,297,1,0,2,0,28.5,0,0
SYN-ADV-01080,50.0,2,0.72,1,0,0,0,10,0,1,10,1,92.6,1,1
SYN-ADV-01081,10.0,1,0.03,0,1,1,0,13,0,1,1,0,19.5,1,1
SYN-ADV-01082,1340.04,2,0.03,0,0,0,0,1507,1,0,1,0,11.8,0,0
SYN-ADV-01083,2017.68,2,0.13,0,0,0,0,701,1,0,1,0,9.5,0,0
SYN-ADV-01084,34231.36,3,0.33,0,0,0,0,674,1,0,6,0,22.6,0,0
SYN-ADV-01085,165.92,1,0.08,0,0,0,0,1192,1,0,1,0,11.0,0,0
SYN-ADV-01086,4500.0,2,0.26,1,1,1,1,13,0,1,10,3,87.6,1,1
SYN-ADV-01087,13452.84,3,0.34,1,0,0,0,148,1,0,2,0,11.5,0,0
SYN-ADV-01088,81119.57,2,0.31,1,0,1,0,280,1,0,2,0,20.5,0,0
SYN-ADV-01089,410.84,1,0.19,0,0,0,0,544,1,0,2,0,7.6,0,0
SYN-ADV-01090,23345.28,3,0.17,1,1,0,0,1565,1,0,4,1,57.1,1,1
SYN-ADV-01091,44489.3,5,0.29,1,1,1,0,103,1,0,2,0,22.7,0,0
SYN-ADV-01092,6622.7,2,0.05,0,0,0,0,1857,1,0,2,0,7.1,0,0
SYN-ADV-01093,500.0,5,0.25,1,1,1,1,26,0,1,12,3,90.8,1,1
SYN-ADV-01094,10.0,1,0.04,1,1,0,0,7,0,1,1,0,18.4,1,1
SYN-ADV-01095,4848.5,1,0.42,0,1,1,1,924,1,0,3,0,62.0,0,1
SYN-ADV-01096,1911.63,1,0.15,0,0,0,0,584,1,0,1,0,6.0,0,0
SYN-ADV-01097,41209.31,4,0.65,1,0,0,0,51,1,0,3,0,25.6,0,0
SYN-ADV-01098,4313.39,2,0.05,0,0,0,0,381,1,0,2,0,37.4,0,0
SYN-ADV-01099,179.91,1,0.08,0,0,0,0,326,1,0,1,0,9.5,0,0
SYN-ADV-01100,39457.64,3,0.55,1,0,0,0,185,0,0,4,0,22.0,0,0
SYN-ADV-01101,75087.43,3,0.36,1,0,0,0,258,0,0,3,0,16.8,1,0
SYN-ADV-01102,139.13,2,0.17,0,0,0,0,703,1,0,2,0,12.3,0,0
SYN-ADV-01103,3384.18,2,0.06,0,0,0,0,234,1,0,2,0,14.1,0,0
SYN-ADV-01104,50.0,6,0.83,1,1,1,1,28,0,1,8,3,90.2,1,1
SYN-ADV-01105,400.55,1,0.09,0,0,0,0,202,1,0,1,0,5.3,0,0
SYN-ADV-01106,122.93,2,0.16,0,0,0,0,2256,1,0,1,0,14.4,0,0
SYN-ADV-01107,120.01,1,0.2,0,0,0,0,1005,1,0,2,0,9.6,0,0
SYN-ADV-01108,1264.79,1,0.06,0,0,0,1,59,0,0,4,2,86.2,1,1
SYN-ADV-01109,20458.01,3,0.51,1,0,1,0,1108,1,0,5,1,53.9,0,1
SYN-ADV-01110,8459.6,3,0.13,0,0,0,0,719,1,0,8,0,39.4,0,0
SYN-ADV-01111,59813.06,4,0.44,1,0,0,0,59,0,0,2,0,31.1,0,0
SYN-ADV-01112,603.08,2,0.16,0,0,0,0,2297,1,0,2,0,3.7,0,0
SYN-ADV-01113,1675.66,2,0.02,0,0,0,0,1808,1,0,1,0,7.2,0,0
SYN-ADV-01114,4536.93,3,0.19,0,0,1,1,23,0,1,6,3,76.1,1,1
SYN-ADV-01115,33710.57,1,0.47,1,1,0,1,2083,1,0,4,1,54.3,0,1
SYN-ADV-01116,1500.0,1,0.13,1,1,1,0,9,0,1,1,0,12.4,1,1
SYN-ADV-01117,108.04,2,0.08,0,0,0,0,698,1,0,2,0,7.3,0,0
SYN-ADV-01118,70621.68,4,0.58,1,0,0,0,266,1,0,2,0,14.1,0,0
SYN-ADV-01119,1019.72,1,0.13,0,0,0,0,178,1,1,3,0,21.6,1,0
SYN-ADV-01120,1771.8,1,0.1,0,0,0,0,1940,1,0,1,0,2.4,0,0
SYN-ADV-01121,1166.25,2,0.01,0,0,0,0,1440,1,0,1,0,10.4,0,0
SYN-ADV-01122,912.77,2,0.02,0,0,0,0,1652,1,0,1,0,8.1,0,0
SYN-ADV-01123,11499.38,2,0.21,0,0,0,0,1056,1,0,9,0,25.9,0,0
SYN-ADV-01124,1655.04,2,0.11,0,0,0,0,914,1,0,1,0,6.6,0,0
SYN-ADV-01125,13526.96,4,0.36,0,0,0,0,323,1,0,7,0,42.0,0,0
SYN-ADV-01126,4632.69,1,0.23,0,0,0,0,360,1,0,2,0,27.0,0,0
SYN-ADV-01127,779.53,2,0.03,0,0,0,0,1527,1,0,2,0,9.6,0,0
SYN-ADV-01128,7350.98,1,0.02,0,0,0,0,851,1,0,1,0,3.3,0,0
SYN-ADV-01129,3305.74,3,0.19,0,0,0,0,40,0,0,9,2,82.4,1,1
SYN-ADV-01130,3143.87,3,0.13,0,0,1,0,66,1,1,4,1,72.4,1,1
SYN-ADV-01131,84109.67,3,0.33,1,0,1,0,127,1,0,4,0,27.8,1,0
SYN-ADV-01132,2126.4,1,0.05,0,0,0,0,775,1,0,1,0,6.7,0,0
SYN-ADV-01133,2638.63,1,0.07,0,0,0,0,2363,1,0,2,0,4.5,0,0
SYN-ADV-01134,1500.0,1,0.11,1,0,0,0,8,0,1,1,0,20.7,1,1
SYN-ADV-01135,10.0,1,0.03,1,1,1,1,9,0,1,1,0,18.3,1,1
SYN-ADV-01136,556.73,2,0.08,0,0,0,0,1665,1,0,1,0,13.3,0,0
SYN-ADV-01137,500.0,2,0.5,1,1,1,1,22,0,1,6,4,92.6,0,1
SYN-ADV-01138,152.59,1,0.07,0,0,0,0,1268,1,0,1,0,6.3,0,0
SYN-ADV-01139,868.59,2,0.23,0,0,0,0,369,0,1,3,0,13.9,0,0
SYN-ADV-01140,61247.27,2,0.39,1,0,0,0,86,0,0,3,0,30.8,0,0
SYN-ADV-01141,10.0,5,0.48,1,1,1,0,10,0,1,8,4,87.0,1,1
SYN-ADV-01142,904.15,1,0.08,0,0,0,0,1745,1,0,1,0,7.6,0,0
SYN-ADV-01143,16021.63,5,0.3,1,0,0,0,220,1,0,2,0,15.2,1,0
SYN-ADV-01144,19468.35,1,0.6,1,0,0,1,959,1,0,6,1,46.3,1,1
SYN-ADV-01145,1372.37,2,0.05,0,0,0,0,233,1,1,2,0,14.0,0,0
SYN-ADV-01146,32178.6,3,0.55,0,1,1,1,1829,1,0,5,0,52.3,0,1
SYN-ADV-01147,2798.81,1,0.03,0,0,0,0,240,1,0,3,0,14.0,0,0
SYN-ADV-01148,19432.34,3,0.32,0,0,0,0,395,1,0,5,0,30.4,0,0
SYN-ADV-01149,4016.7,1,0.02,0,0,0,0,1162,1,0,2,0,10.4,0,0
SYN-ADV-01150,2566.09,1,0.01,0,0,0,0,338,1,0,2,0,5.6,0,0
SYN-ADV-01151,3170.29,1,0.02,0,0,0,0,1772,1,0,2,0,2.2,0,0
SYN-ADV-01152,16930.64,2,0.16,0,0,0,0,368,1,0,8,0,34.9,0,0
SYN-ADV-01153,3517.45,3,0.38,0,0,0,0,1111,1,0,9,0,41.1,0,0
SYN-ADV-01154,29415.12,3,0.34,0,0,0,0,785,1,0,6,0,41.2,0,0
SYN-ADV-01155,141.57,2,0.17,0,0,0,0,433,1,0,1,0,9.2,0,0
SYN-ADV-01156,300.88,2,0.17,0,0,0,0,2390,1,0,2,0,7.5,0,0
SYN-ADV-01157,66520.99,4,0.32,1,0,0,0,112,0,0,3,0,27.6,0,0
SYN-ADV-01158,50.0,8,0.51,1,1,1,1,24,0,1,5,1,78.8,1,1
SYN-ADV-01159,4268.44,2,0.13,0,0,0,0,255,1,1,3,0,24.5,0,0
SYN-ADV-01160,10.0,1,0.12,1,0,1,0,8,0,1,1,0,14.5,1,1
SYN-ADV-01161,768.67,2,0.09,0,0,0,1,89,0,1,9,1,69.2,1,1
SYN-ADV-01162,12813.37,4,0.32,0,0,0,0,242,1,0,7,0,47.3,0,0
SYN-ADV-01163,2870.4,2,0.21,0,0,1,1,23,0,1,8,1,70.5,1,1
SYN-ADV-01164,70815.44,5,0.28,1,0,1,0,229,1,0,3,0,29.7,0,0
SYN-ADV-01165,12057.05,2,0.15,0,0,0,0,225,1,0,7,0,46.0,0,0
SYN-ADV-01166,1062.44,1,0.03,0,0,0,0,1066,1,0,2,0,8.6,0,0
SYN-ADV-01167,252.39,2,0.19,0,0,0,0,1751,1,0,1,0,10.5,0,0
SYN-ADV-01168,34673.61,1,0.58,0,0,1,0,1990,1,0,7,0,61.2,1,1
SYN-ADV-01169,54.23,1,0.13,0,0,0,0,2348,1,0,2,0,6.1,0,0
SYN-ADV-01170,25000.0,4,0.78,1,1,0,1,13,0,1,8,4,88.1,1,1
SYN-ADV-01171,1889.53,1,0.23,0,0,0,0,364,1,0,3,0,18.0,0,0
SYN-ADV-01172,5079.27,1,0.16,0,0,0,0,1869,1,0,1,0,9.9,0,0
SYN-ADV-01173,575.55,2,0.07,0,0,0,0,533,1,0,2,0,7.5,0,0
SYN-ADV-01174,883.42,2,0.13,0,0,0,0,1011,1,0,1,0,13.4,0,0
SYN-ADV-01175,10.0,5,0.3,1,0,1,1,4,0,1,7,1,74.9,1,1
SYN-ADV-01176,77340.83,4,0.3,1,1,1,0,217,0,0,3,0,23.0,0,0
SYN-ADV-01177,1464.75,1,0.02,0,0,0,0,1653,1,0,2,0,13.8,0,0
SYN-ADV-01178,64255.8,5,0.37,1,1,1,0,87,1,0,2,0,23.1,0,0
SYN-ADV-01179,109.97,2,0.07,0,0,0,0,923,1,0,2,0,14.3,0,0
SYN-ADV-01180,100.0,1,0.1,1,1,1,0,15,0,1,1,0,20.7,1,1
SYN-ADV-01181,104.89,1,0.19,0,0,0,0,371,1,0,1,0,7.6,0,0
SYN-ADV-01182,438.07,3,0.14,0,0,0,1,46,0,1,5,2,86.6,1,1
SYN-ADV-01183,13489.56,3,0.52,1,1,0,0,131,1,0,2,0,31.1,0,0
SYN-ADV-01184,231.99,1,0.1,0,0,0,0,174,0,0,3,0,25.5,0,0
SYN-ADV-01185,10.0,7,0.63,1,1,1,1,30,0,1,6,3,89.7,1,1
SYN-ADV-01186,10.0,4,0.22,1,1,1,0,5,0,1,5,4,74.2,1,1
SYN-ADV-01187,557.05,1,0.17,0,0,0,0,345,1,0,1,0,5.2,0,0
SYN-ADV-01188,1782.27,1,0.14,0,0,0,0,1286,1,0,2,0,4.0,0,0
SYN-ADV-01189,1083.26,2,0.06,0,0,0,0,1013,1,0,1,0,14.4,0,0
SYN-ADV-01190,3797.34,1,0.12,0,0,0,0,281,1,0,2,0,13.0,0,0
SYN-ADV-01191,23008.36,2,0.29,0,0,0,0,675,1,0,9,0,38.4,0,0
SYN-ADV-01192,100.0,1,0.17,1,1,1,0,10,0,1,1,0,18.9,1,1
SYN-ADV-01193,10.0,8,0.67,1,1,1,1,8,0,1,6,3,87.3,1,1
SYN-ADV-01194,43699.1,5,0.49,1,1,1,0,155,0,0,3,0,11.3,0,0
SYN-ADV-01195,15316.4,4,0.51,1,1,1,0,1148,1,0,5,1,46.4,1,1
SYN-ADV-01196,39589.56,2,0.5,1,0,0,1,1805,1,0,3,0,45.6,1,1
SYN-ADV-01197,3280.31,2,0.18,0,0,0,0,459,1,0,1,0,8.7,0,0
SYN-ADV-01198,339.67,1,0.2,0,0,0,0,2394,1,0,2,0,13.2,0,0
SYN-ADV-01199,36355.91,3,0.3,1,0,0,1,741,1,0,7,1,56.9,1,1
SYN-ADV-01200,14613.79,2,0.43,1,1,0,0,1473,1,0,6,1,67.2,1,1
SYN-ADV-01201,5491.24,1,0.2,0,0,0,0,12,0,0,8,1,67.2,1,1
SYN-ADV-01202,29522.83,3,0.34,0,0,0,0,615,1,0,9,0,40.8,0,0
SYN-ADV-01203,822.18,2,0.05,0,0,0,0,1282,1,0,2,0,6.9,0,0
SYN-ADV-01204,44.07,1,0.19,0,0,0,0,1340,1,0,2,0,5.7,0,0
SYN-ADV-01205,2157.49,1,0.08,0,0,0,0,2235,1,0,2,0,14.4,0,0
SYN-ADV-01206,1164.58,1,0.1,0,0,0,0,301,1,0,2,0,12.0,0,0
SYN-ADV-01207,33.29,2,0.12,0,0,0,0,1472,1,0,2,0,3.9,0,0
SYN-ADV-01208,5601.68,1,0.03,0,0,0,0,893,1,0,1,0,13.2,0,0
SYN-ADV-01209,10623.99,2,0.22,0,0,0,0,1038,1,0,8,0,34.7,0,0
SYN-ADV-01210,3850.79,1,0.2,0,0,0,0,159,1,0,2,0,12.9,0,0
SYN-ADV-01211,189.36,1,0.06,0,0,0,0,1056,1,0,2,0,9.1,0,0
SYN-ADV-01212,923.74,1,0.07,0,0,0,0,2178,1,0,1,0,14.0,0,0
SYN-ADV-01213,5018.89,2,0.33,0,0,0,0,345,1,0,9,0,40.9,0,0
SYN-ADV-01214,4500.0,8,0.83,1,1,1,0,18,0,0,11,4,72.2,1,1
SYN-ADV-01215,258.86,2,0.11,0,0,0,0,1722,1,0,1,0,3.8,0,0
SYN-ADV-01216,2020.44,1,0.16,0,0,0,0,1720,1,0,2,0,8.1,0,0
SYN-ADV-01217,15862.71,2,0.22,0,1,1,1,1663,1,0,3,0,45.2,1,1
SYN-ADV-01218,5582.38,4,0.3,1,1,1,1,1845,1,0,4,1,45.4,1,1
SYN-ADV-01219,41150.72,4,0.41,1,1,1,1,1808,1,0,4,1,49.6,1,1
SYN-ADV-01220,12937.79,1,0.21,1,1,1,0,2447,1,0,7,1,74.0,1,1
SYN-ADV-01221,32049.97,2,0.15,0,0,0,0,982,1,0,6,0,47.7,0,0
SYN-ADV-01222,12634.23,3,0.09,0,0,1,0,51,0,0,5,3,83.6,1,1
SYN-ADV-01223,12333.15,2,0.17,0,0,0,0,582,1,0,8,0,41.7,0,0
SYN-ADV-01224,1762.78,2,0.07,0,0,0,0,2338,1,0,2,0,8.9,0,0
SYN-ADV-01225,455.89,1,0.19,0,0,0,0,1337,1,0,1,0,12.9,0,0
SYN-ADV-01226,18428.04,3,0.31,0,0,0,0,751,1,0,8,0,38.3,0,0
SYN-ADV-01227,500.0,8,0.45,1,1,1,1,9,0,1,5,2,81.7,1,1
SYN-ADV-01228,2675.7,2,0.15,0,0,0,0,74,1,1,4,3,71.3,1,1
SYN-ADV-01229,100.0,1,0.06,1,1,1,0,8,0,1,1,0,34.9,1,1
SYN-ADV-01230,42875.87,2,0.27,1,0,1,0,135,0,0,2,0,11.8,0,0
SYN-ADV-01231,4249.77,2,0.24,0,0,1,1,79,0,0,9,3,82.0,1,1
SYN-ADV-01232,76973.32,3,0.61,1,0,0,0,251,1,0,4,0,24.7,1,0
SYN-ADV-01233,1110.99,1,0.15,0,0,0,0,543,1,0,1,0,7.8,0,0
SYN-ADV-01234,50.0,7,0.48,1,1,0,1,11,0,1,12,1,84.5,1,1
SYN-ADV-01235,10.0,1,0.04,1,1,1,1,3,0,1,1,0,29.7,1,1
SYN-ADV-01236,1725.22,1,0.18,0,0,0,0,1210,1,0,2,0,12.9,0,0
SYN-ADV-01237,147.91,1,0.15,0,0,0,0,743,1,0,2,0,2.7,0,0
SYN-ADV-01238,19240.32,3,0.48,1,0,1,0,147,1,0,3,0,15.7,0,0
SYN-ADV-01239,500.0,6,0.37,1,1,0,0,8,0,1,11,2,83.8,1,1
SYN-ADV-01240,33.27,2,0.13,0,0,0,0,1382,1,0,1,0,6.4,0,0
SYN-ADV-01241,2847.73,2,0.04,0,0,0,0,425,1,0,3,0,12.8,1,0
SYN-ADV-01242,19914.04,3,0.44,1,0,0,0,62,1,0,2,0,23.8,0,0
SYN-ADV-01243,19831.24,3,0.3,0,1,1,1,1819,1,0,4,0,58.2,1,1
SYN-ADV-01244,660.49,2,0.15,0,0,0,0,2139,1,0,1,0,5.3,0,0
SYN-ADV-01245,13481.04,4,0.22,0,0,0,0,221,1,0,6,0,41.4,0,0
SYN-ADV-01246,45556.86,5,0.42,1,0,0,0,128,1,0,3,0,29.5,0,0
SYN-ADV-01247,301.94,1,0.19,0,0,0,0,771,1,0,1,0,10.6,0,0
SYN-ADV-01248,1634.55,1,0.19,0,0,0,0,1466,1,0,1,0,12.4,0,0
SYN-ADV-01249,7873.62,2,0.3,0,0,0,0,385,1,0,6,0,28.4,0,0
SYN-ADV-01250,50.0,8,0.25,1,1,1,0,14,0,1,6,4,84.1,1,1
SYN-ADV-01251,4500.0,7,0.38,1,1,0,1,13,0,1,10,3,90.0,1,1
SYN-ADV-01252,5171.48,2,0.11,0,0,0,0,1620,1,0,2,0,10.7,0,0
SYN-ADV-01253,2214.46,1,0.05,0,0,0,0,929,1,0,1,0,6.8,0,0
SYN-ADV-01254,70859.05,5,0.62,1,1,1,0,153,1,0,2,0,17.5,0,0
SYN-ADV-01255,360.42,2,0.07,0,0,0,0,2168,1,0,1,0,5.4,0,0
SYN-ADV-01256,1446.82,1,0.04,0,0,0,0,2319,1,0,1,0,8.0,0,0
SYN-ADV-01257,10.0,1,0.13,1,1,1,1,9,0,1,1,0,19.6,1,1
SYN-ADV-01258,81793.68,5,0.42,1,0,0,0,104,1,0,3,0,21.0,0,0
SYN-ADV-01259,79.28,2,0.03,0,0,0,0,932,1,0,2,0,8.9,0,0
SYN-ADV-01260,3438.65,1,0.02,0,0,0,0,392,1,1,3,0,23.3,0,0
SYN-ADV-01261,1500.0,1,0.1,1,1,1,1,11,0,1,1,0,17.4,1,1
SYN-ADV-01262,5880.81,1,0.07,0,0,0,0,1908,1,0,1,0,7.8,0,0
SYN-ADV-01263,10.0,1,0.12,1,1,1,1,2,0,1,1,0,23.4,1,1
SYN-ADV-01264,22965.09,3,0.31,1,1,0,0,2200,1,0,7,1,46.2,1,1
SYN-ADV-01265,10.0,1,0.08,0,1,0,0,7,0,1,1,0,20.0,1,1
SYN-ADV-01266,25951.8,4,0.36,0,0,0,0,1036,1,0,8,0,47.0,0,0
SYN-ADV-01267,50671.61,4,0.5,1,0,0,0,70,1,0,3,0,14.7,0,0
SYN-ADV-01268,50.0,4,0.48,1,1,1,1,3,0,1,11,2,78.0,1,1
SYN-ADV-01269,3963.38,2,0.03,0,0,0,0,1120,1,0,1,0,11.2,0,0
SYN-ADV-01270,25000.0,4,0.65,1,1,1,1,20,0,0,5,3,79.5,1,1
SYN-ADV-01271,863.65,2,0.17,0,0,0,0,2243,1,0,1,0,8.9,0,0
SYN-ADV-01272,18467.66,4,0.16,0,0,0,0,1407,1,0,3,1,74.5,1,1
SYN-ADV-01273,100.0,1,0.1,1,1,1,0,10,0,1,1,0,20.8,0,1
SYN-ADV-01274,1301.39,2,0.22,0,0,0,1,78,0,1,4,1,74.1,1,1
SYN-ADV-01275,500.0,3,0.75,1,0,0,1,14,0,1,9,3,89.0,1,1
SYN-ADV-01276,3284.55,2,0.11,0,0,0,0,2381,1,0,2,0,4.9,0,0
SYN-ADV-01277,65546.25,4,0.58,1,0,1,0,192,1,0,3,0,26.8,0,0
SYN-ADV-01278,2553.8,1,0.08,0,0,0,0,1912,1,0,2,0,7.3,0,0
SYN-ADV-01279,22613.47,2,0.28,0,0,0,0,695,1,0,5,0,36.8,0,0
SYN-ADV-01280,33228.39,3,0.28,0,0,0,0,350,1,0,9,0,37.5,0,0
SYN-ADV-01281,4768.86,1,0.19,0,0,0,0,434,1,0,2,0,34.1,1,0
SYN-ADV-01282,2125.0,1,0.04,0,0,0,0,1018,1,0,2,0,3.7,0,0
SYN-ADV-01283,2843.7,4,0.36,1,1,1,1,1644,1,0,7,1,69.1,0,1
SYN-ADV-01284,32038.56,2,0.24,0,0,0,0,1165,1,0,5,0,20.2,0,0
SYN-ADV-01285,1500.0,1,0.17,0,1,1,1,5,0,1,1,0,32.1,1,1
SYN-ADV-01286,22226.75,4,0.31,0,0,0,0,629,1,0,8,0,43.2,0,0
SYN-ADV-01287,1500.0,1,0.17,1,1,1,0,11,0,1,1,0,26.2,1,1
SYN-ADV-01288,50.0,8,0.3,1,1,1,1,16,0,1,8,4,76.6,1,1
SYN-ADV-01289,6281.89,1,0.1,0,0,0,0,2213,1,0,1,0,11.8,0,0
SYN-ADV-01290,3508.13,2,0.2,0,0,0,0,388,1,0,2,0,31.8,1,0
SYN-ADV-01291,50.0,4,0.52,1,1,1,1,12,0,1,9,2,88.4,1,1
SYN-ADV-01292,500.0,8,0.39,1,1,1,1,21,0,1,11,4,85.6,1,1
SYN-ADV-01293,1956.83,1,0.12,0,0,0,0,2252,1,0,2,0,8.8,0,0
SYN-ADV-01294,32597.67,4,0.15,0,0,0,0,717,1,0,8,0,24.9,0,0
SYN-ADV-01295,1072.38,1,0.14,0,0,0,0,465,1,0,2,0,4.9,0,0
SYN-ADV-01296,5479.05,1,0.13,0,0,0,0,35,0,1,9,1,84.3,0,1
SYN-ADV-01297,1353.67,1,0.15,0,0,0,0,1689,1,0,1,0,7.2,0,0
SYN-ADV-01298,15833.91,1,0.27,0,0,1,1,2334,1,0,3,1,60.7,1,1
SYN-ADV-01299,1263.69,1,0.14,0,0,0,0,1203,1,0,1,0,11.0,0,0
SYN-ADV-01300,8218.62,4,0.47,1,1,0,0,77,0,0,2,0,21.5,1,0
SYN-ADV-01301,4245.61,3,0.28,0,0,0,1,16,0,1,5,2,67.7,1,1
SYN-ADV-01302,25.0,1,0.12,1,1,1,0,12,0,1,1,0,32.2,1,1
SYN-ADV-01303,25000.0,8,0.44,1,1,1,1,8,0,1,9,3,77.8,1,1
SYN-ADV-01304,29.06,2,0.13,0,0,0,0,656,1,0,1,0,8.3,0,0
SYN-ADV-01305,1959.47,2,0.1,0,0,0,0,932,1,0,1,0,11.9,0,0
SYN-ADV-01306,653.93,2,0.1,0,0,0,0,381,1,1,2,0,31.8,1,0
SYN-ADV-01307,784.98,2,0.16,0,0,0,0,2132,1,0,1,0,10.9,0,0
SYN-ADV-01308,9334.49,4,0.15,0,0,0,0,340,1,0,6,0,41.5,0,0
SYN-ADV-01309,1229.81,1,0.13,0,0,0,0,843,1,0,2,0,14.4,0,0
SYN-ADV-01310,57279.25,5,0.56,1,0,0,0,200,1,0,3,0,17.3,0,0
SYN-ADV-01311,40976.63,5,0.48,1,1,0,0,73,0,0,3,0,24.2,1,0
SYN-ADV-01312,673.65,2,0.01,0,0,0,0,1028,1,0,1,0,10.6,0,0
SYN-ADV-01313,100.0,1,0.01,1,1,1,0,13,0,1,1,0,15.4,1,1
SYN-ADV-01314,13546.77,3,0.31,1,0,0,0,68,1,0,3,0,25.1,0,0
SYN-ADV-01315,2161.88,2,0.2,0,0,0,0,1736,1,0,1,0,3.3,0,0
SYN-ADV-01316,2069.06,2,0.11,0,0,0,0,1994,1,0,2,0,3.4,0,0
SYN-ADV-01317,10.0,4,0.83,1,1,0,1,21,0,1,8,3,84.6,1,1
SYN-ADV-01318,2035.09,3,0.3,0,0,0,1,18,1,1,9,2,87.0,1,1
SYN-ADV-01319,256.82,1,0.04,0,0,0,0,2118,1,0,1,0,8.0,0,0
SYN-ADV-01320,3154.1,2,0.06,0,0,0,0,294,1,0,1,0,3.5,0,0
SYN-ADV-01321,2102.28,2,0.2,0,0,0,0,300,1,0,3,0,12.4,0,0
SYN-ADV-01322,23433.2,3,0.51,1,1,0,0,1857,1,0,3,0,68.4,1,1
SYN-ADV-01323,1935.58,1,0.12,0,0,0,0,2118,1,0,1,0,11.8,0,0
SYN-ADV-01324,16505.77,3,0.24,0,0,0,0,1090,1,0,6,0,38.2,0,0
SYN-ADV-01325,29681.03,3,0.35,0,0,0,0,1522,1,0,7,1,63.7,1,1
SYN-ADV-01326,15523.72,2,0.27,1,0,1,0,2062,1,0,4,0,62.2,1,1
SYN-ADV-01327,1799.21,1,0.05,0,0,0,0,807,1,0,1,0,6.0,0,0
SYN-ADV-01328,25000.0,6,0.81,1,1,1,1,30,0,1,8,2,78.7,1,1
SYN-ADV-01329,25.0,1,0.16,1,1,0,1,7,0,1,1,0,10.6,0,1
SYN-ADV-01330,2386.26,1,0.08,0,0,0,0,2030,1,0,2,0,7.2,0,0
SYN-ADV-01331,4500.0,6,0.71,1,1,0,0,6,0,1,12,3,88.5,1,1
SYN-ADV-01332,44354.12,3,0.37,1,0,1,1,1560,1,0,6,0,48.0,1,1
SYN-ADV-01333,1557.2,1,0.09,0,0,0,0,1431,1,0,1,0,15.0,0,0
SYN-ADV-01334,4500.0,5,0.11,0,1,0,1,30,0,1,7,2,75.1,1,1
SYN-ADV-01335,27434.9,2,0.54,1,1,1,1,1053,1,0,4,0,74.0,1,1
SYN-ADV-01336,19529.18,2,0.56,1,1,0,0,236,0,0,3,0,23.7,1,0
SYN-ADV-01337,2739.61,4,0.17,0,0,1,1,1925,1,0,7,1,48.0,1,1
SYN-ADV-01338,1500.0,1,0.2,1,1,0,0,9,0,1,1,0,21.0,0,1
SYN-ADV-01339,5057.73,5,0.44,0,1,0,0,232,0,0,4,0,25.8,0,0
SYN-ADV-01340,30188.98,2,0.14,0,0,0,0,707,1,0,6,0,42.6,0,0
SYN-ADV-01341,10.0,7,0.17,1,0,1,1,8,0,1,12,3,88.7,1,1
SYN-ADV-01342,23989.06,4,0.32,0,0,0,0,1051,1,0,5,0,40.9,0,0
SYN-ADV-01343,135.28,1,0.16,0,0,0,0,946,1,0,1,0,3.9,0,0
SYN-ADV-01344,50.0,3,0.4,1,1,0,1,30,0,1,12,2,82.0,1,1
SYN-ADV-01345,2319.96,2,0.13,0,0,0,0,2307,1,0,2,0,6.4,0,0
SYN-ADV-01346,25422.75,5,0.56,1,1,0,0,179,1,0,3,0,19.4,1,0
SYN-ADV-01347,5573.96,3,0.35,0,0,0,0,303,1,0,9,0,40.0,0,0
SYN-ADV-01348,16621.65,4,0.35,0,1,0,0,1514,1,0,7,1,70.2,1,1
SYN-ADV-01349,33403.44,3,0.39,0,1,1,1,1791,1,0,5,1,65.8,0,1
SYN-ADV-01350,50.0,2,0.61,1,0,1,0,25,0,0,11,2,78.1,0,1
SYN-ADV-01351,868.79,2,0.08,0,0,0,0,2337,1,0,2,0,13.6,0,0
SYN-ADV-01352,388.87,1,0.15,0,0,0,0,1428,1,0,1,0,3.0,0,0
SYN-ADV-01353,58449.61,3,0.62,1,0,1,0,255,1,0,3,0,28.1,0,0
SYN-ADV-01354,81072.85,3,0.41,1,0,0,0,172,1,0,2,0,15.0,0,0
SYN-ADV-01355,11019.02,2,0.09,0,0,0,0,29,0,1,6,2,65.2,1,1
SYN-ADV-01356,13208.98,5,0.34,1,0,0,0,277,1,0,4,0,17.5,0,0
SYN-ADV-01357,1531.63,2,0.17,0,0,0,0,1246,1,0,1,0,10.1,0,0
SYN-ADV-01358,7974.82,4,0.31,0,0,0,0,993,1,0,8,0,41.2,0,0
SYN-ADV-01359,10.0,2,0.85,1,1,1,0,24,0,1,11,4,73.2,1,1
SYN-ADV-01360,2762.02,2,0.18,0,0,0,0,2280,1,0,2,0,7.5,0,0
SYN-ADV-01361,1287.5,2,0.03,0,0,0,0,614,1,0,2,0,5.2,0,0
SYN-ADV-01362,52286.76,4,0.29,1,0,0,0,237,1,0,4,0,18.4,0,0
SYN-ADV-01363,689.68,1,0.12,0,0,0,0,681,1,0,1,0,6.7,0,0
SYN-ADV-01364,54.82,2,0.16,0,0,0,0,363,1,0,2,0,10.4,0,0
SYN-ADV-01365,2687.98,2,0.12,0,0,0,0,2341,1,0,1,0,14.2,0,0
SYN-ADV-01366,1109.96,2,0.14,0,0,0,0,305,1,0,1,0,9.4,0,0
SYN-ADV-01367,500.0,2,0.32,1,1,1,0,14,0,1,8,3,81.8,1,1
SYN-ADV-01368,4956.68,2,0.2,0,0,0,0,112,1,0,3,0,31.3,0,0
SYN-ADV-01369,857.28,1,0.17,0,0,0,0,564,1,0,2,0,6.6,0,0
SYN-ADV-01370,28667.56,2,0.19,0,0,0,0,493,1,0,5,0,45.6,0,0
SYN-ADV-01371,1023.68,2,0.14,0,0,0,1,58,0,0,7,2,72.8,1,1
SYN-ADV-01372,7674.56,2,0.2,0,0,0,0,294,1,0,6,0,36.3,0,0
SYN-ADV-01373,1004.48,2,0.15,0,0,0,0,928,1,0,2,0,10.0,0,0
SYN-ADV-01374,10.0,2,0.63,0,1,0,1,13,0,1,11,1,90.6,1,1
SYN-ADV-01375,1967.6,2,0.13,0,0,0,0,536,1,0,2,0,15.0,0,0
SYN-ADV-01376,876.32,1,0.06,0,0,0,0,834,1,0,2,0,2.3,0,0
SYN-ADV-01377,25.0,1,0.06,1,1,1,1,4,0,1,1,0,34.1,0,1
SYN-ADV-01378,16765.87,4,0.27,0,0,0,0,761,1,0,6,0,31.5,0,0
SYN-ADV-01379,1428.28,2,0.13,0,0,0,0,1785,1,0,2,0,11.2,0,0
SYN-ADV-01380,2102.71,2,0.09,0,0,0,0,1693,1,0,1,0,6.2,0,0
SYN-ADV-01381,81647.29,3,0.38,1,0,0,0,110,1,0,4,0,25.6,0,0
SYN-ADV-01382,485.8,3,0.12,0,0,0,0,80,1,1,6,3,84.2,1,1
SYN-ADV-01383,512.32,2,0.02,0,0,0,0,901,1,0,1,0,9.3,0,0
SYN-ADV-01384,440.49,1,0.18,0,0,0,0,2152,1,0,1,0,2.8,0,0
SYN-ADV-01385,4782.72,2,0.15,0,0,0,0,402,1,0,3,0,30.3,0,0
SYN-ADV-01386,491.08,1,0.14,0,0,0,0,1469,1,0,2,0,6.3,0,0
SYN-ADV-01387,30968.98,3,0.14,0,0,0,0,732,1,0,9,0,28.8,0,0
SYN-ADV-01388,28017.36,3,0.41,0,1,1,0,1030,1,0,4,1,63.0,0,1
SYN-ADV-01389,25.0,1,0.02,0,1,1,1,7,0,1,1,0,24.4,0,1
SYN-ADV-01390,1017.89,2,0.08,0,0,0,0,2143,1,0,1,0,13.0,0,0
SYN-ADV-01391,500.0,4,0.23,1,1,1,1,9,0,0,6,3,81.9,1,1
SYN-ADV-01392,25000.0,2,0.84,1,1,1,0,19,0,1,9,1,89.6,1,1
SYN-ADV-01393,533.07,1,0.06,0,0,0,0,347,1,0,3,0,14.5,0,0
SYN-ADV-01394,500.0,6,0.23,1,1,1,1,29,0,1,5,1,89.8,1,1
SYN-ADV-01395,16683.85,2,0.42,1,1,1,1,1955,1,0,5,0,72.9,1,1
SYN-ADV-01396,655.06,2,0.19,0,0,0,0,468,1,0,2,0,5.2,0,0
SYN-ADV-01397,288.26,2,0.11,0,0,0,0,71,1,0,9,3,67.3,1,1
SYN-ADV-01398,30644.25,5,0.55,1,0,1,0,146,1,0,4,0,19.4,0,0
SYN-ADV-01399,3485.45,1,0.2,0,0,0,0,59,0,0,6,3,81.1,1,1
SYN-ADV-01400,414.69,1,0.14,0,0,0,0,79,0,1,4,3,65.6,0,1
SYN-ADV-01401,466.98,2,0.19,0,0,0,0,414,1,0,2,0,11.6,0,0
SYN-ADV-01402,19263.21,4,0.52,1,1,0,0,140,0,0,4,0,17.0,0,0
SYN-ADV-01403,2941.5,1,0.03,0,0,0,0,225,1,0,3,0,12.1,1,0
SYN-ADV-01404,1607.73,2,0.2,0,0,0,0,1797,1,0,1,0,6.8,0,0
SYN-ADV-01405,1264.75,1,0.04,0,0,0,0,1208,1,0,2,0,13.5,0,0
SYN-ADV-01406,5378.61,2,0.05,0,0,0,0,1316,1,0,2,0,11.0,0,0
SYN-ADV-01407,38091.19,4,0.59,1,0,1,0,50,1,0,3,0,10.9,0,0
SYN-ADV-01408,50.0,2,0.58,1,0,1,1,13,0,1,11,3,83.8,1,1
SYN-ADV-01409,260.98,1,0.15,0,0,0,0,1817,1,0,1,0,14.4,0,0
SYN-ADV-01410,448.46,2,0.05,0,0,0,0,2322,1,0,1,0,8.1,0,0
SYN-ADV-01411,3495.05,1,0.06,0,0,0,1,18,0,1,7,3,68.3,1,1
SYN-ADV-01412,42112.28,2,0.5,0,1,1,1,2460,1,0,5,0,55.5,1,1
SYN-ADV-01413,2965.67,2,0.08,0,0,0,0,1395,1,0,1,0,4.9,0,0
SYN-ADV-01414,31871.09,5,0.26,1,0,0,0,192,1,0,2,0,22.0,0,0
SYN-ADV-01415,10.0,5,0.49,1,1,1,1,4,0,1,8,1,80.4,1,1
SYN-ADV-01416,66495.63,2,0.59,1,1,0,0,55,1,0,3,0,30.6,0,0
SYN-ADV-01417,28298.14,4,0.56,1,1,1,0,2003,1,0,6,1,72.0,1,1
SYN-ADV-01418,934.57,1,0.04,0,0,0,0,914,1,0,2,0,15.0,0,0
SYN-ADV-01419,286.88,2,0.15,0,0,0,0,1968,1,0,2,0,3.9,0,0
SYN-ADV-01420,3611.29,1,0.25,0,0,0,0,94,1,0,3,0,22.9,0,0
SYN-ADV-01421,16926.52,3,0.24,0,0,0,0,525,1,0,7,0,38.6,0,0
SYN-ADV-01422,25.0,1,0.06,1,1,0,0,13,0,1,1,0,25.5,0,1
SYN-ADV-01423,810.94,2,0.08,0,0,0,0,1457,1,0,1,0,7.1,0,0
SYN-ADV-01424,48426.3,5,0.37,1,0,0,0,71,1,0,3,0,22.1,1,0
SYN-ADV-01425,111.44,2,0.04,0,0,0,0,2014,1,0,1,0,11.0,0,0
SYN-ADV-01426,2477.97,1,0.06,0,0,0,0,838,1,0,2,0,9.5,0,0
SYN-ADV-01427,95.03,1,0.09,0,0,0,0,2119,1,0,1,0,13.3,0,0
SYN-ADV-01428,1500.0,1,0.07,0,1,1,0,11,0,1,1,0,12.4,1,1
SYN-ADV-01429,10.0,4,0.74,1,0,1,1,9,0,1,10,4,82.5,1,1
SYN-ADV-01430,10.0,8,0.52,0,1,1,1,22,0,1,12,3,87.2,0,1
SYN-ADV-01431,616.2,1,0.18,0,0,0,0,597,1,0,1,0,3.8,0,0
SYN-ADV-01432,14829.52,2,0.33,0,0,0,0,780,1,0,7,0,46.1,0,0
SYN-ADV-01433,358.9,1,0.09,0,0,0,0,281,1,0,2,0,14.3,0,0
SYN-ADV-01434,31282.13,2,0.37,0,0,0,0,250,1,0,6,0,23.8,0,0
SYN-ADV-01435,15292.51,2,0.13,0,0,0,0,1137,1,0,6,0,46.9,0,0
SYN-ADV-01436,25620.77,2,0.21,0,0,0,0,1187,1,0,8,0,20.4,0,0
SYN-ADV-01437,915.14,2,0.2,0,0,0,0,1695,1,0,2,0,4.5,0,0
SYN-ADV-01438,6113.86,3,0.32,0,0,1,1,31,0,1,6,2,75.3,1,1
SYN-ADV-01439,4500.0,7,0.16,1,1,0,0,26,0,1,8,4,80.4,1,1
SYN-ADV-01440,950.24,2,0.07,0,0,0,0,2299,1,0,2,0,7.3,0,0
SYN-ADV-01441,4725.95,2,0.15,0,0,0,0,280,1,1,3,0,35.9,1,0
SYN-ADV-01442,1048.17,2,0.17,0,0,0,0,664,1,0,1,0,12.5,0,0
SYN-ADV-01443,1619.08,1,0.06,0,0,0,0,925,1,0,2,0,2.8,0,0
SYN-ADV-01444,10200.72,2,0.36,0,0,0,0,189,1,0,5,0,40.6,0,0
SYN-ADV-01445,2256.57,1,0.04,0,0,0,0,2087,1,0,2,0,12.2,0,0
SYN-ADV-01446,1111.45,1,0.07,0,0,1,0,20,0,0,4,1,75.0,1,1
SYN-ADV-01447,32688.59,4,0.29,1,1,1,0,1939,1,0,4,1,66.9,1,1
SYN-ADV-01448,2376.5,2,0.05,0,0,0,0,225,1,0,1,0,4.3,0,0
SYN-ADV-01449,7759.34,2,0.46,0,1,1,1,1166,1,0,4,1,70.1,1,1
SYN-ADV-01450,56247.6,3,0.42,1,0,0,0,173,1,0,2,0,11.4,1,0
SYN-ADV-01451,26319.71,4,0.33,0,0,0,0,620,1,0,5,0,38.9,0,0
SYN-ADV-01452,3714.25,2,0.01,0,0,0,0,561,1,0,2,0,9.6,0,0
SYN-ADV-01453,272.88,2,0.14,0,0,0,0,469,1,0,2,0,11.5,0,0
SYN-ADV-01454,33649.0,5,0.4,1,0,0,0,142,1,0,2,0,10.9,0,0
SYN-ADV-01455,17503.31,3,0.24,0,0,0,0,1100,1,0,8,0,32.7,0,0
SYN-ADV-01456,4500.0,5,0.81,1,1,1,0,7,0,1,7,2,85.0,1,1
SYN-ADV-01457,9663.94,2,0.19,0,0,1,1,73,0,1,8,2,70.2,1,1
SYN-ADV-01458,6173.55,2,0.09,0,0,0,0,854,1,0,2,0,14.6,0,0
SYN-ADV-01459,10.0,2,0.81,1,1,1,1,18,0,1,5,3,85.9,1,1
SYN-ADV-01460,320.42,2,0.13,0,0,0,0,730,1,0,2,0,6.4,0,0
SYN-ADV-01461,24876.72,2,0.21,0,0,0,0,1173,1,0,8,0,21.8,0,0
SYN-ADV-01462,38360.05,3,0.63,1,0,0,0,288,1,0,4,0,17.5,0,0
SYN-ADV-01463,885.59,1,0.19,0,0,0,0,1137,1,0,1,0,12.6,0,0
SYN-ADV-01464,1500.0,1,0.18,1,0,1,1,6,0,1,1,0,12.0,1,1
SYN-ADV-01465,3225.91,2,0.02,0,0,0,0,1795,1,0,1,0,12.3,0,0
SYN-ADV-01466,3014.46,1,0.16,0,0,0,0,38,0,1,8,2,77.9,0,1
SYN-ADV-01467,2526.55,2,0.16,0,0,0,0,304,1,0,2,0,36.9,0,0
SYN-ADV-01468,33403.77,2,0.39,1,1,1,0,2446,1,0,3,1,51.1,1,1
SYN-ADV-01469,4609.52,3,0.28,0,0,1,0,28,0,1,5,3,75.2,1,1
SYN-ADV-01470,41475.46,3,0.53,1,1,1,0,53,1,0,3,0,22.2,0,0
SYN-ADV-01471,3219.69,2,0.11,0,0,0,0,1978,1,0,2,0,7.1,0,0
SYN-ADV-01472,280.52,1,0.13,0,0,0,0,1527,1,0,1,0,13.5,0,0
SYN-ADV-01473,50.0,5,0.15,1,1,1,0,10,0,1,10,3,73.8,1,1
SYN-ADV-01474,18924.35,1,0.39,1,1,1,0,2367,1,0,4,1,48.5,0,1
SYN-ADV-01475,11908.04,1,0.17,0,1,1,1,1176,1,0,4,0,49.1,1,1
SYN-ADV-01476,55746.45,5,0.26,1,0,0,0,257,1,0,2,0,14.4,1,0
SYN-ADV-01477,530.95,2,0.05,0,0,0,0,57,0,0,7,1,68.5,1,1
SYN-ADV-01478,54823.35,4,0.47,1,1,1,0,176,1,0,3,0,29.8,0,0
SYN-ADV-01479,2944.76,2,0.02,0,0,0,0,2296,1,0,2,0,4.7,0,0
SYN-ADV-01480,3313.02,2,0.29,0,0,0,0,35,1,0,6,3,80.5,0,1
SYN-ADV-01481,33875.07,2,0.51,1,0,0,0,156,1,0,3,0,10.3,0,0
SYN-ADV-01482,970.63,1,0.1,0,0,0,0,1791,1,0,2,0,8.0,0,0
SYN-ADV-01483,27000.41,3,0.24,0,0,0,0,791,1,0,7,0,42.3,0,0
SYN-ADV-01484,679.28,1,0.02,0,0,0,0,639,1,0,1,0,13.1,0,0
SYN-ADV-01485,2657.57,1,0.19,0,0,0,0,200,1,0,2,0,7.8,0,0
SYN-ADV-01486,301.31,1,0.03,0,0,0,0,1707,1,0,1,0,10.4,0,0
SYN-ADV-01487,64347.72,4,0.28,1,1,0,0,106,1,0,3,0,20.1,0,0
SYN-ADV-01488,32223.4,2,0.38,0,0,0,0,942,1,0,5,0,44.6,0,0
SYN-ADV-01489,426.41,1,0.01,0,0,0,0,552,1,0,1,0,7.9,0,0
SYN-ADV-01490,656.43,2,0.06,0,0,0,0,2164,1,0,1,0,11.5,0,0
SYN-ADV-01491,4334.36,4,0.16,1,0,1,0,1881,1,0,3,0,73.8,0,1
SYN-ADV-01492,62509.67,3,0.57,1,0,0,0,165,1,0,2,0,31.9,1,0
SYN-ADV-01493,73559.86,5,0.57,1,0,1,0,90,1,0,3,0,28.1,0,0
SYN-ADV-01494,77145.67,3,0.38,1,0,0,0,235,1,0,3,0,26.9,1,0
SYN-ADV-01495,2777.5,2,0.14,0,0,0,0,1870,1,0,2,0,14.5,0,0
SYN-ADV-01496,12514.21,2,0.3,1,1,0,0,1036,1,0,3,1,72.5,0,1
SYN-ADV-01497,4222.04,2,0.21,0,0,0,1,83,0,0,5,3,74.1,0,1
SYN-ADV-01498,1706.34,1,0.11,0,0,0,0,216,1,0,2,0,14.1,0,0
SYN-ADV-01499,1754.11,1,0.15,0,0,0,0,1571,1,0,2,0,3.5,0,0
SYN-ADV-01500,303.34,2,0.11,0,0,0,0,1817,1,0,2,0,4.8,0,0
SYN-ADV-01501,15759.95,2,0.17,0,0,0,0,839,1,0,8,0,24.4,0,0
SYN-ADV-01502,2736.39,1,0.15,0,0,0,0,2266,1,0,1,0,8.4,0,0
SYN-ADV-01503,1559.53,2,0.06,0,0,0,0,1863,1,0,2,0,12.7,0,0
SYN-ADV-01504,12726.98,3,0.26,1,1,1,0,81,1,0,3,0,30.9,0,0
SYN-ADV-01505,561.44,2,0.01,0,0,0,0,1429,1,0,2,0,7.0,0,0
SYN-ADV-01506,4500.0,6,0.54,1,1,1,1,4,0,1,9,4,90.9,1,1
SYN-ADV-01507,558.49,1,0.09,0,0,0,0,1637,1,0,2,0,14.9,0,0
SYN-ADV-01508,82021.46,2,0.44,1,1,0,0,93,1,0,4,0,17.4,0,0
SYN-ADV-01509,1749.79,2,0.07,0,0,0,0,240,1,0,2,0,36.3,0,0
SYN-ADV-01510,17553.35,4,0.27,0,0,0,0,1000,1,0,9,0,38.3,0,0
SYN-ADV-01511,10.0,1,0.14,1,0,1,1,5,0,1,1,0,25.0,1,1
SYN-ADV-01512,33978.36,2,0.16,0,0,0,0,677,1,0,6,0,20.2,0,0
SYN-ADV-01513,69544.21,3,0.56,1,1,1,0,297,1,0,3,0,27.8,0,0
SYN-ADV-01514,50.0,3,0.2,0,1,1,1,28,0,1,10,1,81.2,1,1
SYN-ADV-01515,3569.83,1,0.03,0,0,0,0,164,0,0,3,0,22.4,0,0
SYN-ADV-01516,75042.64,2,0.26,1,1,1,0,236,1,0,3,0,11.5,0,0
SYN-ADV-01517,19476.63,1,0.25,1,1,0,1,822,1,0,7,0,48.4,1,1
SYN-ADV-01518,903.75,1,0.07,0,0,0,0,761,1,0,2,0,14.0,0,0
SYN-ADV-01519,3013.88,1,0.05,0,0,0,0,2144,1,0,2,0,8.2,0,0
SYN-ADV-01520,18371.8,1,0.22,1,1,0,1,1751,1,0,3,1,52.4,0,1
SYN-ADV-01521,5660.43,2,0.19,0,0,0,0,1275,1,0,2,0,2.8,0,0
SYN-ADV-01522,838.7,2,0.16,0,0,0,0,313,1,0,1,0,10.7,0,0
SYN-ADV-01523,2035.06,2,0.1,0,0,0,0,1120,1,0,1,0,8.2,0,0
SYN-ADV-01524,2645.83,2,0.17,0,0,0,0,416,1,0,3,0,24.9,1,0
SYN-ADV-01525,2946.51,2,0.02,0,0,0,0,547,1,0,1,0,12.0,0,0
SYN-ADV-01526,500.0,5,0.31,1,0,1,0,22,0,1,12,4,80.5,1,1
SYN-ADV-01527,3537.2,1,0.13,0,0,0,0,76,1,0,2,0,18.5,1,0
SYN-ADV-01528,100.0,1,0.12,1,0,1,1,4,0,1,1,0,18.7,1,1
SYN-ADV-01529,19324.33,3,0.18,0,0,0,0,792,1,0,8,0,38.8,0,0
SYN-ADV-01530,25000.0,8,0.2,1,1,1,1,20,0,1,12,2,74.6,1,1
SYN-ADV-01531,5388.32,1,0.11,0,0,0,0,33,1,0,6,1,74.0,0,1
SYN-ADV-01532,2667.6,2,0.11,0,0,0,0,799,1,0,2,0,9.9,0,0
SYN-ADV-01533,4500.0,8,0.51,1,1,1,1,18,0,0,9,4,76.4,1,1
SYN-ADV-01534,34405.14,4,0.13,0,0,0,0,627,1,0,8,0,28.8,0,0
SYN-ADV-01535,10.0,4,0.67,0,1,1,1,20,0,1,11,2,72.9,1,1
SYN-ADV-01536,10.0,1,0.07,1,1,1,1,10,0,1,1,0,25.1,1,1
SYN-ADV-01537,167.28,2,0.17,0,0,0,0,821,1,0,1,0,9.2,0,0
SYN-ADV-01538,33.72,1,0.04,0,0,0,0,1769,1,0,1,0,9.0,0,0
SYN-ADV-01539,8477.22,3,0.51,1,1,1,1,1948,1,0,4,0,72.5,1,1
SYN-ADV-01540,500.0,5,0.53,1,1,1,1,5,0,1,7,4,90.7,1,1
SYN-ADV-01541,34779.93,2,0.55,1,0,1,1,1722,1,0,7,1,70.1,1,1
SYN-ADV-01542,549.84,1,0.12,0,0,0,0,1746,1,0,1,0,12.2,0,0
SYN-ADV-01543,100.0,1,0.08,1,1,0,1,15,0,1,1,0,21.7,1,1
SYN-ADV-01544,3512.94,1,0.13,0,0,0,0,464,1,0,2,0,11.3,0,0
SYN-ADV-01545,4608.13,3,0.15,0,0,0,0,67,1,1,6,2,70.3,1,1
SYN-ADV-01546,43282.46,3,0.34,1,0,0,0,145,1,0,3,0,18.0,0,0
SYN-ADV-01547,1019.89,1,0.08,0,0,0,1,20,0,1,5,2,68.3,1,1
SYN-ADV-01548,425.69,1,0.05,0,0,0,0,1476,1,0,1,0,8.8,0,0
SYN-ADV-01549,10.0,1,0.13,1,1,0,0,12,0,1,1,0,14.4,1,1
SYN-ADV-01550,1326.31,1,0.05,0,0,0,0,1000,1,0,1,0,2.9,0,0
SYN-ADV-01551,7943.33,1,0.21,0,0,0,0,57,0,1,5,1,83.1,1,1
SYN-ADV-01552,13346.68,1,0.38,0,1,1,0,2433,1,0,4,1,63.3,1,1
SYN-ADV-01553,2685.1,2,0.06,0,0,0,0,917,1,0,1,0,11.3,0,0
SYN-ADV-01554,27861.47,1,0.18,1,1,1,0,2087,1,0,6,1,66.8,0,1
SYN-ADV-01555,162.84,2,0.16,0,0,0,0,1859,1,0,2,0,8.8,0,0
SYN-ADV-01556,2615.13,2,0.05,0,0,0,0,48,1,0,3,0,33.9,1,0
SYN-ADV-01557,35605.78,4,0.4,1,1,1,0,267,1,0,2,0,19.9,0,0
SYN-ADV-01558,7044.97,3,0.22,0,0,0,0,325,1,0,5,0,45.2,0,0
SYN-ADV-01559,10719.9,3,0.24,0,0,0,0,656,1,0,7,0,44.7,0,0
SYN-ADV-01560,38264.0,2,0.35,1,0,1,0,236,1,0,3,0,30.0,0,0
SYN-ADV-01561,859.3,1,0.12,0,0,0,0,1653,1,0,2,0,2.5,0,0
SYN-ADV-01562,870.32,2,0.02,0,0,0,0,1557,1,0,1,0,6.0,0,0
SYN-ADV-01563,2859.33,2,0.14,0,0,0,0,908,1,0,9,0,27.5,0,0
SYN-ADV-01564,25.0,1,0.13,1,1,1,0,6,0,1,1,0,25.5,1,1
SYN-ADV-01565,2543.49,3,0.23,0,0,0,0,65,1,1,8,3,82.2,1,1
SYN-ADV-01566,17266.4,5,0.38,1,0,0,0,118,1,0,2,0,12.1,0,0
SYN-ADV-01567,8351.33,4,0.25,1,0,1,0,122,1,0,4,0,15.6,0,0
SYN-ADV-01568,4380.93,1,0.27,1,1,1,0,2077,1,0,6,1,65.1,0,1
SYN-ADV-01569,63233.75,4,0.59,0,0,0,0,214,1,0,3,0,21.6,0,0
SYN-ADV-01570,1092.28,2,0.16,0,0,0,0,1204,1,0,1,0,12.6,0,0
SYN-ADV-01571,743.01,2,0.07,0,0,0,0,2284,1,0,2,0,8.5,0,0
SYN-ADV-01572,1599.3,2,0.02,0,0,0,0,1430,1,0,2,0,3.4,0,0
SYN-ADV-01573,3871.68,1,0.3,0,0,1,0,69,1,0,9,3,76.6,1,1
SYN-ADV-01574,50325.83,4,0.28,1,0,0,0,78,1,0,2,0,19.6,0,0
SYN-ADV-01575,22083.08,1,0.3,1,1,1,0,1511,1,0,7,1,57.9,1,1
SYN-ADV-01576,25.0,1,0.07,1,1,0,1,2,0,1,1,0,29.9,1,1
SYN-ADV-01577,455.33,2,0.18,0,0,0,0,822,1,0,1,0,2.0,0,0
SYN-ADV-01578,7306.52,3,0.46,0,0,0,1,1038,1,0,5,1,46.2,1,1
SYN-ADV-01579,85.09,1,0.17,0,0,0,0,987,1,0,1,0,13.7,0,0
SYN-ADV-01580,501.13,2,0.03,0,0,0,0,1393,1,0,1,0,12.8,0,0
SYN-ADV-01581,1809.96,1,0.19,0,0,0,1,75,0,1,9,2,65.7,0,1
SYN-ADV-01582,342.42,2,0.16,0,0,0,0,1669,1,0,2,0,5.8,0,0
SYN-ADV-01583,37087.52,3,0.57,1,0,1,0,281,1,0,2,0,10.8,1,0
SYN-ADV-01584,362.88,1,0.03,0,0,0,0,2038,1,0,1,0,3.9,0,0
SYN-ADV-01585,35010.95,3,0.41,0,1,1,0,2075,1,0,7,0,54.1,1,1
SYN-ADV-01586,26.54,1,0.08,0,0,0,0,1800,1,0,1,0,6.5,0,0
SYN-ADV-01587,500.0,5,0.24,1,1,1,0,13,0,1,11,3,93.1,1,1
SYN-ADV-01588,186.48,1,0.01,0,0,0,0,872,1,0,2,0,7.4,0,0
SYN-ADV-01589,2448.68,2,0.04,0,0,0,0,774,1,0,1,0,8.7,0,0
SYN-ADV-01590,27228.98,3,0.54,1,0,0,0,220,1,0,3,0,17.4,1,0
SYN-ADV-01591,536.12,1,0.05,0,0,0,0,1561,1,0,2,0,8.9,0,0
SYN-ADV-01592,4969.43,1,0.12,0,0,0,0,404,1,0,3,0,26.0,0,0
SYN-ADV-01593,15968.34,4,0.42,0,1,0,0,1649,1,0,7,1,72.7,0,1
SYN-ADV-01594,500.0,4,0.77,1,1,1,1,15,0,1,5,2,92.9,1,1
SYN-ADV-01595,39400.86,2,0.57,1,0,0,0,258,1,0,4,0,27.5,0,0
SYN-ADV-01596,650.19,1,0.1,0,0,0,0,1074,1,0,2,0,12.1,0,0
SYN-ADV-01597,3124.86,2,0.12,0,0,0,0,1545,1,0,1,0,9.1,0,0
SYN-ADV-01598,31301.16,1,0.3,1,1,1,0,2197,1,0,5,1,53.8,1,1
SYN-ADV-01599,1500.0,1,0.05,1,1,0,1,9,0,1,1,0,27.3,1,1
SYN-ADV-01600,763.9,1,0.31,0,0,0,1,40,0,0,6,1,67.6,1,1
SYN-ADV-01601,25000.0,5,0.48,1,1,1,1,5,0,1,8,3,88.0,0,1
SYN-ADV-01602,836.83,1,0.2,0,0,0,0,864,1,0,1,0,6.4,0,0
SYN-ADV-01603,3587.62,1,0.1,0,0,0,0,1639,1,0,1,0,6.4,0,0
SYN-ADV-01604,65540.51,2,0.57,1,0,1,0,292,1,0,4,0,25.3,0,0
SYN-ADV-01605,71760.89,5,0.47,1,0,0,0,66,1,0,2,0,10.1,0,0
SYN-ADV-01606,2619.12,2,0.13,0,0,0,0,1902,1,0,1,0,14.6,0,0
SYN-ADV-01607,609.08,1,0.16,0,0,0,0,317,1,0,3,0,24.9,0,0
SYN-ADV-01608,13572.86,4,0.34,0,0,0,0,985,1,0,7,0,26.9,0,0
SYN-ADV-01609,1532.56,2,0.07,0,0,0,0,636,1,0,1,0,14.2,0,0
SYN-ADV-01610,461.82,1,0.14,0,0,0,0,1754,1,0,1,0,5.6,0,0
SYN-ADV-01611,1403.74,1,0.2,0,0,0,0,1690,1,0,1,0,8.5,0,0
SYN-ADV-01612,37549.67,2,0.64,1,0,0,0,96,1,0,2,0,31.4,0,0
SYN-ADV-01613,741.37,1,0.04,0,0,0,0,1069,1,0,1,0,5.0,0,0
SYN-ADV-01614,38103.82,1,0.52,1,1,0,1,1831,1,0,5,1,57.1,0,1
SYN-ADV-01615,208.5,2,0.03,0,0,0,0,1565,1,0,2,0,11.6,0,0
SYN-ADV-01616,5602.7,1,0.2,1,1,1,0,1241,1,0,4,1,61.8,0,1
SYN-ADV-01617,25.0,1,0.05,1,1,1,0,8,0,1,1,0,15.5,1,1
SYN-ADV-01618,25000.0,3,0.84,1,1,1,0,27,0,1,8,1,81.5,1,1
SYN-ADV-01619,672.23,2,0.08,0,0,0,0,1856,1,0,2,0,13.8,0,0
SYN-ADV-01620,4617.39,1,0.23,0,0,0,0,42,0,1,4,2,78.6,0,1
SYN-ADV-01621,51129.28,2,0.64,1,0,1,0,172,1,0,4,0,11.6,0,0
SYN-ADV-01622,1365.85,2,0.19,0,0,0,0,211,1,0,1,0,11.3,0,0
SYN-ADV-01623,1531.3,1,0.09,0,0,0,0,1598,1,0,1,0,7.8,0,0
SYN-ADV-01624,3992.92,3,0.29,0,0,0,1,62,0,1,6,2,80.3,0,1
SYN-ADV-01625,5349.03,2,0.16,0,0,0,0,41,0,0,7,1,70.8,1,1
SYN-ADV-01626,10.0,7,0.44,1,1,0,1,11,0,1,12,1,84.9,1,1
SYN-ADV-01627,2356.85,2,0.21,0,0,0,0,229,1,0,3,0,35.5,1,0
SYN-ADV-01628,4500.0,5,0.26,0,1,0,1,26,0,1,6,3,91.0,1,1
SYN-ADV-01629,244.97,2,0.01,0,0,0,0,638,1,0,1,0,13.7,0,0
SYN-ADV-01630,50.0,8,0.82,0,0,1,0,8,0,0,5,2,93.1,1,1
SYN-ADV-01631,539.42,2,0.12,0,0,0,0,205,1,0,2,0,4.5,0,0
SYN-ADV-01632,14825.71,4,0.26,0,1,0,0,1932,1,0,7,1,47.9,1,1
SYN-ADV-01633,12152.46,1,0.54,1,0,1,0,1582,1,0,7,1,47.3,1,1
SYN-ADV-01634,4500.0,8,0.13,1,1,1,1,20,0,1,8,2,80.2,1,1
SYN-ADV-01635,25000.0,5,0.19,1,1,1,1,13,1,1,6,3,89.4,1,1
SYN-ADV-01636,65872.86,2,0.44,1,1,0,0,48,0,0,3,0,28.0,0,0
SYN-ADV-01637,1974.42,2,0.03,0,0,0,0,2263,1,0,1,0,14.0,0,0
SYN-ADV-01638,1500.0,1,0.14,0,1,1,1,12,0,1,1,0,12.4,1,1
SYN-ADV-01639,4917.03,2,0.11,0,0,0,1,15,0,1,5,1,68.1,1,1
SYN-ADV-01640,1691.54,1,0.13,0,0,0,0,328,1,0,1,0,11.4,0,0
SYN-ADV-01641,563.6,2,0.13,0,0,0,0,1427,1,0,2,0,4.0,0,0
SYN-ADV-01642,25.0,1,0.1,1,1,1,0,15,0,1,1,0,20.5,1,1
SYN-ADV-01643,4684.77,4,0.2,1,0,1,0,1836,1,0,7,0,73.0,0,1
SYN-ADV-01644,34493.24,3,0.15,0,0,0,0,788,1,0,9,0,38.5,0,0
SYN-ADV-01645,7995.4,2,0.18,0,0,0,0,45,0,1,9,1,69.5,1,1
SYN-ADV-01646,2431.37,1,0.22,0,0,0,0,89,1,1,2,0,18.0,0,0
SYN-ADV-01647,591.0,1,0.12,0,0,0,0,1816,1,0,1,0,2.7,0,0
SYN-ADV-01648,39597.26,2,0.26,1,0,1,1,1803,1,0,7,1,60.8,1,1
SYN-ADV-01649,25377.47,2,0.17,1,0,1,0,2131,1,0,3,1,63.7,1,1
SYN-ADV-01650,48738.1,4,0.43,1,0,1,0,61,1,0,2,0,27.1,0,0
SYN-ADV-01651,62847.2,2,0.38,1,0,0,0,87,1,0,3,0,31.0,1,0
SYN-ADV-01652,48122.51,4,0.27,1,0,1,0,121,0,0,3,0,18.3,1,0
SYN-ADV-01653,288.83,2,0.15,0,0,0,0,1268,1,0,1,0,3.1,0,0
SYN-ADV-01654,245.77,2,0.06,0,0,0,0,2339,1,0,1,0,4.0,0,0
SYN-ADV-01655,11891.76,4,0.34,0,0,0,0,501,1,0,8,0,33.1,0,0
SYN-ADV-01656,266.67,2,0.01,0,0,0,0,400,1,0,1,0,10.6,0,0
SYN-ADV-01657,1571.94,2,0.08,0,0,0,0,1598,1,0,1,0,6.7,0,0
SYN-ADV-01658,47402.82,5,0.4,1,0,0,0,161,0,0,3,0,24.5,0,0
SYN-ADV-01659,126.62,2,0.15,0,0,0,0,361,1,0,2,0,2.7,0,0
SYN-ADV-01660,19342.98,4,0.43,0,1,0,0,2453,1,0,7,1,46.9,1,1
SYN-ADV-01661,10.0,8,0.39,1,1,1,1,3,0,1,7,4,83.0,0,1
SYN-ADV-01662,35247.03,3,0.46,1,0,1,0,78,1,0,3,0,23.6,0,0
SYN-ADV-01663,100.0,1,0.09,1,1,1,0,6,0,1,1,0,28.1,1,1
SYN-ADV-01664,383.64,1,0.07,0,0,0,0,1231,1,0,1,0,8.0,0,0
SYN-ADV-01665,2620.56,2,0.14,0,0,0,0,55,1,1,6,1,69.3,0,1
SYN-ADV-01666,34523.81,3,0.37,0,0,1,0,88,1,0,3,0,19.0,0,0
SYN-ADV-01667,25000.0,8,0.5,0,1,1,1,10,0,1,7,3,79.3,0,1
SYN-ADV-01668,56.88,1,0.14,0,0,0,0,1592,1,0,1,0,5.8,0,0
SYN-ADV-01669,5002.08,2,0.06,0,0,0,0,1085,1,0,1,0,14.6,0,0
SYN-ADV-01670,74.67,1,0.17,0,0,0,0,1255,1,0,2,0,13.5,0,0
SYN-ADV-01671,50.0,8,0.21,1,1,1,1,26,0,1,5,2,77.3,1,1
SYN-ADV-01672,276.57,2,0.05,0,0,0,0,1858,1,0,2,0,15.0,0,0
SYN-ADV-01673,4500.0,8,0.13,1,1,1,0,18,0,1,11,1,82.2,1,1
SYN-ADV-01674,20457.87,4,0.37,0,0,0,0,190,1,0,6,0,25.8,0,0
SYN-ADV-01675,36764.89,1,0.3,1,1,0,0,726,1,0,4,0,55.0,1,1
SYN-ADV-01676,3470.13,2,0.17,0,0,0,0,690,1,0,2,0,13.9,0,0
SYN-ADV-01677,4697.58,1,0.08,0,0,0,0,1616,1,0,1,0,13.5,0,0
SYN-ADV-01678,25000.0,2,0.71,1,1,1,1,12,0,1,12,3,90.4,1,1
SYN-ADV-01679,15736.57,2,0.34,0,0,0,0,341,1,0,6,0,37.0,0,0
SYN-ADV-01680,10880.12,5,0.36,1,1,1,0,63,1,0,4,0,16.5,0,0
SYN-ADV-01681,26782.22,3,0.29,0,0,0,0,976,1,0,7,0,26.7,0,0
SYN-ADV-01682,2257.61,1,0.14,0,0,0,0,79,1,1,2,0,36.4,0,0
SYN-ADV-01683,4886.51,1,0.11,0,0,0,0,1032,1,0,2,0,7.1,0,0
SYN-ADV-01684,745.45,1,0.17,0,0,0,0,311,1,0,2,0,4.0,0,0
SYN-ADV-01685,1184.39,2,0.19,0,0,0,0,1071,1,0,1,0,14.4,0,0
SYN-ADV-01686,1225.18,2,0.18,0,0,0,0,1657,1,0,1,0,12.6,0,0
SYN-ADV-01687,2167.61,1,0.09,0,0,0,0,645,1,0,2,0,10.1,0,0
SYN-ADV-01688,27299.19,4,0.37,0,0,0,0,816,1,0,6,0,47.5,0,0
SYN-ADV-01689,555.02,2,0.15,0,0,0,0,365,1,0,1,0,5.1,0,0
SYN-ADV-01690,339.67,1,0.16,0,0,0,0,2032,1,0,1,0,6.5,0,0
SYN-ADV-01691,25000.0,7,0.77,1,1,1,1,26,0,1,10,4,87.2,1,1
SYN-ADV-01692,487.58,2,0.2,0,0,0,0,465,1,0,2,0,5.7,0,0
SYN-ADV-01693,3463.15,1,0.26,0,0,0,1,31,0,1,8,3,86.7,1,1
SYN-ADV-01694,1317.92,2,0.18,0,0,0,0,1414,1,0,2,0,3.2,0,0
SYN-ADV-01695,895.6,1,0.11,0,0,0,0,1699,1,0,2,0,10.3,0,0
SYN-ADV-01696,16754.55,2,0.37,1,0,0,0,144,0,0,2,0,12.4,0,0
SYN-ADV-01697,785.69,1,0.07,0,0,0,0,778,1,0,2,0,7.3,0,0
SYN-ADV-01698,4700.14,2,0.16,0,0,0,0,41,0,0,3,0,28.6,0,0
SYN-ADV-01699,31477.24,4,0.23,0,0,0,0,947,1,0,6,0,28.7,0,0
SYN-ADV-01700,62952.1,3,0.38,1,0,0,0,115,1,0,4,0,26.7,0,0
SYN-ADV-01701,71241.09,4,0.63,0,1,1,0,267,1,0,4,0,27.7,0,0
SYN-ADV-01702,66048.42,3,0.42,1,0,0,0,238,1,0,4,0,11.6,0,0
SYN-ADV-01703,4500.0,8,0.42,1,1,1,1,19,0,1,6,3,90.6,1,1
SYN-ADV-01704,75.39,1,0.06,0,0,0,0,1472,1,0,2,0,10.1,0,0
SYN-ADV-01705,2781.25,2,0.37,1,1,0,0,1500,1,0,6,1,46.7,0,1
SYN-ADV-01706,402.67,1,0.02,0,0,0,0,991,1,0,2,0,12.7,0,0
SYN-ADV-01707,322.33,1,0.11,0,0,0,0,58,1,0,3,0,28.4,1,0
SYN-ADV-01708,460.75,2,0.2,0,0,0,0,352,1,0,3,0,28.7,0,0
SYN-ADV-01709,100.0,1,0.05,1,1,1,1,5,0,1,1,0,19.8,1,1
SYN-ADV-01710,3074.98,1,0.15,0,0,0,0,1886,1,0,1,0,9.8,0,0
SYN-ADV-01711,2359.62,1,0.15,0,0,0,0,2215,1,0,2,0,14.0,0,0
SYN-ADV-01712,2386.35,1,0.12,0,0,0,0,473,1,0,2,0,2.3,0,0
SYN-ADV-01713,3159.46,2,0.02,0,0,0,0,999,1,0,1,0,4.6,0,0
SYN-ADV-01714,844.41,1,0.34,0,0,0,0,31,0,0,7,1,75.7,0,1
SYN-ADV-01715,5958.98,1,0.17,0,0,0,0,872,1,0,1,0,3.0,0,0
SYN-ADV-01716,18022.59,2,0.49,1,1,0,1,1715,1,0,7,1,55.3,1,1
SYN-ADV-01717,3754.04,1,0.32,0,0,0,1,85,0,0,8,2,66.1,0,1
SYN-ADV-01718,3370.55,1,0.34,1,1,1,0,2403,1,0,3,1,61.0,0,1
SYN-ADV-01719,355.77,2,0.14,0,0,0,0,897,1,0,1,0,3.0,0,0
SYN-ADV-01720,23269.53,3,0.37,0,0,0,0,783,1,0,9,0,43.2,0,0
SYN-ADV-01721,9912.26,4,0.23,1,0,1,0,1942,1,0,6,1,57.8,0,1
SYN-ADV-01722,1031.87,1,0.18,0,0,0,0,2310,1,0,1,0,9.1,0,0
SYN-ADV-01723,37674.01,4,0.34,1,0,1,0,264,1,0,2,0,20.0,0,0
SYN-ADV-01724,32991.32,2,0.37,0,0,0,0,710,1,0,6,0,44.1,0,0
SYN-ADV-01725,2294.19,1,0.16,0,0,1,0,31,0,1,6,3,68.7,0,1
SYN-ADV-01726,23935.54,2,0.33,0,0,0,0,732,1,0,8,0,46.2,0,0
SYN-ADV-01727,15660.38,2,0.32,0,0,0,0,715,1,0,6,0,22.0,0,0
SYN-ADV-01728,31191.4,5,0.64,1,0,0,0,182,1,0,4,0,23.4,0,0
SYN-ADV-01729,277.6,1,0.05,0,0,0,0,49,0,0,2,0,29.2,0,0
SYN-ADV-01730,188.56,2,0.11,0,0,0,0,1395,1,0,1,0,5.9,0,0
SYN-ADV-01731,29999.4,4,0.25,0,0,0,0,824,1,0,5,0,38.1,0,0
SYN-ADV-01732,21156.07,4,0.58,0,1,0,1,1066,1,0,4,0,57.0,1,1
SYN-ADV-01733,9143.08,3,0.11,0,0,0,0,58,1,0,4,3,79.4,0,1
SYN-ADV-01734,3239.34,2,0.08,0,0,0,0,814,1,0,2,0,8.6,0,0
SYN-ADV-01735,1086.35,1,0.17,0,0,0,0,730,1,0,2,0,8.7,0,0
SYN-ADV-01736,10.0,1,0.16,1,1,1,0,11,0,1,1,0,25.6,1,1
SYN-ADV-01737,277.2,2,0.31,0,0,0,0,59,0,1,9,2,78.1,1,1
SYN-ADV-01738,13662.47,2,0.5,1,1,1,0,1505,1,0,6,1,50.9,1,1
SYN-ADV-01739,28533.11,3,0.5,1,0,0,0,182,1,0,2,0,29.1,1,0
SYN-ADV-01740,78901.69,2,0.39,1,1,0,0,212,1,0,3,0,25.9,0,0
SYN-ADV-01741,100.0,1,0.08,0,1,0,1,12,0,1,1,0,15.6,1,1
SYN-ADV-01742,548.72,2,0.03,0,0,0,0,2266,1,0,1,0,9.3,0,0
SYN-ADV-01743,2462.81,2,0.01,0,0,0,0,2205,1,0,2,0,14.4,0,0
SYN-ADV-01744,369.92,2,0.01,0,0,0,0,1512,1,0,2,0,12.0,0,0
SYN-ADV-01745,235.61,2,0.12,0,0,1,0,25,1,0,8,1,86.3,1,1
SYN-ADV-01746,2524.4,1,0.07,0,0,0,0,390,1,0,2,0,14.2,0,0
SYN-ADV-01747,12056.58,4,0.43,1,0,1,0,133,1,0,2,0,28.0,0,0
SYN-ADV-01748,19547.06,2,0.34,0,0,0,0,638,1,0,7,0,21.3,0,0
SYN-ADV-01749,36.63,2,0.19,0,0,0,0,813,1,0,1,0,5.7,0,0
SYN-ADV-01750,11970.96,4,0.32,1,0,0,0,287,1,0,4,0,26.1,1,0
SYN-ADV-01751,11329.67,2,0.17,0,0,0,0,706,1,0,9,0,35.6,0,0
SYN-ADV-01752,37175.49,3,0.62,1,0,0,0,258,1,0,3,0,29.0,0,0
SYN-ADV-01753,2115.15,2,0.11,0,0,0,0,1344,1,0,2,0,13.2,0,0
SYN-ADV-01754,100.0,1,0.11,0,0,1,0,12,0,1,1,0,24.7,0,1
SYN-ADV-01755,30386.18,4,0.32,1,0,0,0,87,1,0,3,0,31.7,1,0
SYN-ADV-01756,2703.37,2,0.11,0,0,0,0,1000,1,0,7,0,30.4,0,0
SYN-ADV-01757,4003.57,3,0.31,0,0,1,1,24,1,0,4,1,65.1,1,1
SYN-ADV-01758,50.0,7,0.57,1,1,1,1,30,0,1,11,4,75.2,0,1
SYN-ADV-01759,136.24,1,0.09,0,0,0,0,2006,1,0,2,0,10.4,0,0
SYN-ADV-01760,1776.89,3,0.53,0,0,0,1,842,1,0,7,1,69.4,1,1
SYN-ADV-01761,117.43,1,0.15,0,0,0,0,979,1,0,1,0,3.6,0,0
SYN-ADV-01762,191.48,1,0.13,0,0,0,0,579,1,0,1,0,6.9,0,0
SYN-ADV-01763,12002.12,1,0.21,0,0,0,0,36,0,1,4,3,68.8,1,1
SYN-ADV-01764,4670.48,1,0.14,0,0,0,0,924,1,0,1,0,13.7,0,0
SYN-ADV-01765,549.08,2,0.06,0,0,0,0,1687,1,0,2,0,8.3,0,0
SYN-ADV-01766,1056.59,1,0.07,0,0,0,0,569,1,0,2,0,7.0,0,0
SYN-ADV-01767,10335.39,2,0.22,0,0,0,0,742,1,0,6,0,40.1,0,0
SYN-ADV-01768,56633.62,3,0.28,1,1,0,0,156,0,0,4,0,22.8,1,0
SYN-ADV-01769,128.54,1,0.07,0,0,0,0,906,1,0,1,0,9.5,0,0
SYN-ADV-01770,539.95,1,0.15,0,0,0,0,901,1,0,1,0,11.5,0,0
SYN-ADV-01771,509.85,1,0.13,0,0,0,0,1167,1,0,1,0,5.1,0,0
SYN-ADV-01772,10793.17,3,0.16,0,0,0,0,79,0,1,6,2,74.6,1,1
SYN-ADV-01773,3563.46,2,0.05,0,0,0,0,1810,1,0,2,0,5.2,0,0
SYN-ADV-01774,500.0,4,0.75,1,0,1,0,6,0,1,12,1,76.1,1,1
SYN-ADV-01775,3911.53,2,0.45,1,0,0,0,1138,1,0,6,0,69.5,1,1
SYN-ADV-01776,1549.46,1,0.03,0,0,0,0,315,1,0,1,0,3.8,0,0
SYN-ADV-01777,3700.17,1,0.15,0,0,0,0,118,1,1,3,0,27.8,0,0
SYN-ADV-01778,46489.92,5,0.39,1,0,0,0,235,1,0,3,0,14.1,0,0
SYN-ADV-01779,1580.41,1,0.16,0,0,0,0,365,1,0,1,0,2.2,0,0
SYN-ADV-01780,3307.74,1,0.19,0,0,0,0,535,1,0,2,0,3.4,0,0
SYN-ADV-01781,37830.51,2,0.58,0,1,0,1,2295,1,0,4,1,50.0,0,1
SYN-ADV-01782,1337.34,2,0.14,0,0,0,0,578,1,0,2,0,4.6,0,0
SYN-ADV-01783,25.0,1,0.02,1,0,1,0,2,0,1,1,0,15.3,1,1
SYN-ADV-01784,10.0,3,0.4,1,1,1,1,30,0,1,12,4,82.3,1,1
SYN-ADV-01785,10.0,1,0.03,1,1,0,1,10,0,1,1,0,28.0,1,1
SYN-ADV-01786,1892.4,2,0.19,0,0,0,0,1010,1,0,1,0,2.5,0,0
SYN-ADV-01787,16522.08,3,0.16,0,0,0,0,193,1,0,6,0,32.7,0,0
SYN-ADV-01788,28865.92,4,0.13,0,0,0,0,962,1,0,7,0,24.9,0,0
SYN-ADV-01789,2487.86,4,0.43,1,1,1,0,975,1,0,4,1,56.3,1,1
SYN-ADV-01790,246.26,1,0.14,0,0,0,0,1702,1,0,2,0,11.4,0,0
SYN-ADV-01791,4645.57,4,0.32,0,0,0,0,181,1,0,6,0,40.0,0,0
SYN-ADV-01792,1044.84,2,0.03,0,0,0,0,2233,1,0,1,0,12.1,0,0
SYN-ADV-01793,4500.0,2,0.21,1,0,1,1,15,0,0,8,1,77.7,1,1
SYN-ADV-01794,1504.59,1,0.01,0,0,0,0,2173,1,0,1,0,7.5,0,0
SYN-ADV-01795,2086.33,1,0.1,0,0,0,0,2226,1,0,2,0,2.8,0,0
SYN-ADV-01796,15.2,1,0.09,0,0,0,0,549,1,0,2,0,7.5,0,0
SYN-ADV-01797,86.98,2,0.05,0,0,0,0,718,1,0,2,0,8.9,0,0
SYN-ADV-01798,1856.25,1,0.08,0,0,0,0,1269,1,0,1,0,12.8,0,0
SYN-ADV-01799,2757.68,1,0.05,0,0,0,0,1369,1,0,1,0,5.2,0,0
SYN-ADV-01800,25000.0,4,0.78,1,1,0,0,14,0,1,6,3,81.7,1,1
SYN-ADV-01801,2040.84,2,0.06,0,0,0,0,906,1,0,1,0,5.3,0,0
SYN-ADV-01802,176.2,1,0.17,0,0,0,0,1228,1,0,2,0,7.6,0,0
SYN-ADV-01803,25639.95,1,0.51,1,1,1,0,2323,1,0,6,1,48.0,1,1
SYN-ADV-01804,2789.51,1,0.1,0,0,0,0,1935,1,0,1,0,9.1,0,0
SYN-ADV-01805,2348.37,2,0.1,0,0,0,0,806,1,0,1,0,13.3,0,0
SYN-ADV-01806,2475.35,2,0.26,0,0,0,1,15,0,1,4,2,81.4,1,1
SYN-ADV-01807,4102.39,2,0.1,0,0,0,0,301,0,0,2,0,32.8,1,0
SYN-ADV-01808,5004.63,1,0.01,0,0,0,0,1982,1,0,1,0,6.5,0,0
SYN-ADV-01809,1757.42,2,0.09,0,0,0,0,1959,1,0,2,0,8.5,0,0
SYN-ADV-01810,25914.72,3,0.24,1,0,1,0,2384,1,0,6,0,70.1,0,1
SYN-ADV-01811,1517.41,1,0.02,0,0,0,0,462,1,0,1,0,12.8,0,0
SYN-ADV-01812,43000.27,2,0.27,1,0,1,0,214,1,0,2,0,26.6,0,0
SYN-ADV-01813,25000.0,5,0.6,1,1,1,0,21,0,1,6,3,84.6,1,1
SYN-ADV-01814,1887.65,1,0.07,0,0,0,0,905,1,0,1,0,5.3,0,0
SYN-ADV-01815,8031.82,4,0.51,1,0,0,0,297,1,0,4,0,11.4,0,0
SYN-ADV-01816,777.33,2,0.11,0,0,0,0,314,1,1,3,0,36.8,1,0
SYN-ADV-01817,33457.76,3,0.24,0,0,0,0,452,1,0,6,0,26.5,0,0
SYN-ADV-01818,5049.91,2,0.18,0,0,1,0,75,0,1,8,3,86.0,0,1
SYN-ADV-01819,182.01,1,0.02,0,0,0,0,1281,1,0,1,0,13.5,0,0
SYN-ADV-01820,33562.02,2,0.11,0,0,0,0,658,1,0,5,0,34.4,0,0
SYN-ADV-01821,48244.03,3,0.29,1,0,0,0,59,1,0,4,0,23.8,1,0
SYN-ADV-01822,684.55,1,0.05,0,0,0,0,2301,1,0,2,0,13.7,0,0
SYN-ADV-01823,600.8,2,0.24,0,0,0,0,404,1,0,3,0,36.1,0,0
SYN-ADV-01824,865.38,1,0.19,0,0,0,0,1834,1,0,2,0,6.0,0,0
SYN-ADV-01825,34465.72,4,0.58,0,1,0,1,1601,1,0,7,1,73.0,1,1
SYN-ADV-01826,10.0,4,0.51,1,1,1,0,8,0,1,6,3,85.1,1,1
SYN-ADV-01827,707.61,1,0.19,0,0,0,0,2292,1,0,2,0,10.8,0,0
SYN-ADV-01828,2203.73,1,0.12,0,0,0,0,1934,1,0,1,0,8.0,0,0
SYN-ADV-01829,2605.47,2,0.14,0,0,0,0,404,1,0,2,0,2.6,0,0
SYN-ADV-01830,25684.91,3,0.37,0,0,0,0,270,1,0,9,0,31.9,0,0
SYN-ADV-01831,1621.58,1,0.1,0,0,0,0,1216,1,0,1,0,8.3,0,0
SYN-ADV-01832,3197.36,1,0.07,0,0,0,0,1745,1,0,2,0,3.4,0,0
SYN-ADV-01833,1713.94,2,0.04,0,0,0,0,385,1,0,2,0,11.1,0,0
SYN-ADV-01834,1500.0,1,0.08,1,1,1,1,8,0,1,1,0,22.8,1,1
SYN-ADV-01835,235.32,1,0.12,0,0,0,0,618,1,0,2,0,3.9,0,0
SYN-ADV-01836,33445.71,3,0.58,1,0,1,0,158,1,0,3,0,21.7,0,0
SYN-ADV-01837,75426.74,3,0.64,1,1,0,0,272,1,0,2,0,19.3,0,0
SYN-ADV-01838,500.0,2,0.26,1,1,1,0,14,0,0,7,2,87.7,1,1
SYN-ADV-01839,1500.0,1,0.18,1,0,1,1,9,0,1,1,0,22.8,1,1
SYN-ADV-01840,1888.49,1,0.18,0,0,0,0,1675,1,0,2,0,11.8,0,0
SYN-ADV-01841,3328.85,2,0.03,0,0,0,0,598,1,0,2,0,6.1,0,0
SYN-ADV-01842,50.0,7,0.32,1,1,1,1,27,0,0,6,2,87.4,1,1
SYN-ADV-01843,104.77,1,0.11,0,0,0,0,211,1,0,2,0,8.0,0,0
SYN-ADV-01844,1103.08,1,0.06,0,0,0,0,2013,1,0,2,0,7.4,0,0
SYN-ADV-01845,2722.09,1,0.16,0,0,0,0,1537,1,0,1,0,13.9,0,0
SYN-ADV-01846,729.86,2,0.11,0,0,0,0,1219,1,0,2,0,11.1,0,0
SYN-ADV-01847,44.28,2,0.19,0,0,0,0,1761,1,0,2,0,11.0,0,0
SYN-ADV-01848,815.74,2,0.07,0,0,0,0,1269,1,0,2,0,12.4,0,0
SYN-ADV-01849,6899.08,2,0.48,1,1,0,0,1439,1,0,4,0,56.4,1,1
SYN-ADV-01850,1150.53,1,0.1,0,0,0,0,1930,1,0,1,0,5.0,0,0
SYN-ADV-01851,65216.51,5,0.33,1,0,0,0,109,1,0,4,0,15.7,0,0
SYN-ADV-01852,4500.0,2,0.14,1,1,1,1,19,1,1,5,3,92.3,0,1
SYN-ADV-01853,4980.63,2,0.16,0,0,0,0,1981,1,0,2,0,8.5,0,0
SYN-ADV-01854,35829.24,3,0.22,0,0,1,0,1703,1,0,6,1,71.8,1,1
SYN-ADV-01855,29681.71,4,0.64,1,0,0,0,262,1,0,3,0,15.7,0,0
SYN-ADV-01856,2245.77,1,0.17,0,0,0,0,954,1,0,2,0,6.4,0,0
SYN-ADV-01857,10.0,1,0.09,1,1,1,1,12,0,1,1,0,33.3,1,1
SYN-ADV-01858,5610.42,1,0.04,0,0,0,0,1404,1,0,1,0,14.5,0,0
SYN-ADV-01859,40.64,2,0.19,0,0,0,0,2159,1,0,2,0,6.0,0,0
SYN-ADV-01860,100.0,1,0.13,1,1,1,0,2,0,1,1,0,12.3,0,1
SYN-ADV-01861,28996.78,3,0.26,0,0,0,0,709,1,0,8,0,47.8,0,0
SYN-ADV-01862,25000.0,2,0.18,1,0,1,1,20,0,0,7,3,81.8,1,1
SYN-ADV-01863,500.0,5,0.2,1,1,0,0,16,0,1,7,1,76.5,1,1
SYN-ADV-01864,535.74,2,0.08,0,0,0,0,1961,1,0,2,0,11.1,0,0
SYN-ADV-01865,30657.95,4,0.11,0,0,0,0,747,1,0,7,0,47.3,0,0
SYN-ADV-01866,656.79,2,0.2,0,0,0,0,2305,1,0,1,0,6.0,0,0
SYN-ADV-01867,25750.91,2,0.38,0,1,0,0,796,1,0,3,0,57.9,1,1
SYN-ADV-01868,549.59,2,0.07,0,0,0,0,796,1,0,1,0,13.0,0,0
SYN-ADV-01869,25.0,1,0.19,1,1,1,0,10,0,1,1,0,29.1,1,1
SYN-ADV-01870,4712.41,1,0.12,0,0,0,0,426,1,0,3,0,28.8,0,0
SYN-ADV-01871,295.51,1,0.06,0,0,0,0,58,0,0,7,2,81.4,1,1
SYN-ADV-01872,6315.09,1,0.23,0,0,0,1,15,0,0,5,1,73.9,0,1
SYN-ADV-01873,13062.49,4,0.25,0,0,0,0,328,1,0,7,0,37.5,0,0
SYN-ADV-01874,38378.02,3,0.16,0,0,0,0,1754,1,0,3,0,56.9,1,1
SYN-ADV-01875,40867.63,4,0.31,1,1,0,0,1235,1,0,5,1,69.8,1,1
SYN-ADV-01876,116.93,2,0.14,0,0,0,0,2146,1,0,1,0,7.9,0,0
SYN-ADV-01877,439.75,1,0.01,0,0,0,0,1512,1,0,1,0,10.4,0,0
SYN-ADV-01878,24843.44,3,0.54,0,0,1,0,1900,1,0,7,1,49.7,0,1
SYN-ADV-01879,9873.67,4,0.44,1,0,1,0,275,1,0,3,0,18.3,1,0
SYN-ADV-01880,33207.12,4,0.47,1,1,1,0,1163,1,0,7,1,60.6,1,1
SYN-ADV-01881,4762.64,1,0.2,0,0,0,0,2247,1,0,1,0,7.1,0,0
SYN-ADV-01882,4729.77,1,0.25,0,0,0,0,294,0,0,2,0,16.4,1,0
SYN-ADV-01883,2984.34,2,0.15,0,0,0,0,182,1,0,5,0,21.8,0,0
SYN-ADV-01884,2414.28,2,0.05,0,0,0,0,45,1,0,3,0,30.6,1,0
SYN-ADV-01885,4950.89,2,0.05,0,0,0,0,1771,1,0,1,0,5.8,0,0
SYN-ADV-01886,697.8,1,0.18,0,0,0,0,1385,1,0,2,0,10.4,0,0
SYN-ADV-01887,341.92,1,0.12,0,0,0,0,394,1,0,2,0,5.6,0,0
SYN-ADV-01888,1475.93,1,0.05,0,0,0,0,1467,1,0,2,0,13.3,0,0
SYN-ADV-01889,29541.87,2,0.11,0,0,0,0,383,1,0,5,0,32.8,0,0
SYN-ADV-01890,78279.94,2,0.4,1,0,0,0,239,1,0,2,0,17.3,0,0
SYN-ADV-01891,4500.0,7,0.39,1,1,0,1,14,0,1,6,2,93.7,1,1
SYN-ADV-01892,13027.76,3,0.28,0,0,0,0,1124,1,0,9,0,27.5,0,0
SYN-ADV-01893,8356.61,2,0.4,1,1,0,0,148,1,0,2,0,18.3,0,0
SYN-ADV-01894,1696.89,2,0.04,0,0,0,0,2080,1,0,1,0,8.9,0,0
SYN-ADV-01895,650.12,1,0.1,0,0,0,0,2187,1,0,1,0,6.7,0,0
SYN-ADV-01896,3038.54,1,0.1,0,0,0,0,69,1,0,2,0,30.0,1,0
SYN-ADV-01897,10.0,3,0.42,1,0,1,0,19,0,1,7,4,72.3,0,1
SYN-ADV-01898,3327.84,1,0.15,0,0,0,0,1709,1,0,1,0,14.2,0,0
SYN-ADV-01899,33896.55,4,0.64,1,0,1,0,91,1,0,2,0,20.7,0,0
SYN-ADV-01900,10.0,2,0.51,1,1,1,1,25,0,0,11,3,75.9,1,1
SYN-ADV-01901,26.81,2,0.11,0,0,0,0,504,1,0,2,0,2.7,0,0
SYN-ADV-01902,84656.26,4,0.54,1,0,1,0,222,1,0,3,0,20.7,0,0
SYN-ADV-01903,231.28,1,0.01,0,0,0,0,779,1,0,1,0,13.0,0,0
SYN-ADV-01904,4186.42,1,0.24,0,0,0,0,55,1,0,3,0,22.7,0,0
SYN-ADV-01905,430.4,1,0.17,0,0,0,0,1340,1,0,2,0,14.9,0,0
SYN-ADV-01906,1722.37,2,0.18,0,0,0,0,1346,1,0,1,0,2.8,0,0
SYN-ADV-01907,496.76,1,0.04,0,0,0,0,1272,1,0,2,0,5.1,0,0
SYN-ADV-01908,2662.26,2,0.07,0,0,0,0,57,0,1,6,3,79.8,0,1
SYN-ADV-01909,6553.34,3,0.59,1,0,0,1,2371,1,0,3,1,57.8,1,1
SYN-ADV-01910,17278.64,4,0.17,1,1,1,1,1581,1,0,7,1,45.4,0,1
SYN-ADV-01911,10.0,6,0.53,1,1,1,1,23,0,1,12,4,85.0,1,1
SYN-ADV-01912,899.65,2,0.08,0,0,0,0,1253,1,0,2,0,14.4,0,0
SYN-ADV-01913,91.91,2,0.17,0,0,0,0,560,1,0,1,0,14.7,0,0
SYN-ADV-01914,16094.0,2,0.29,0,0,1,0,19,0,1,5,2,82.8,1,1
SYN-ADV-01915,24749.58,2,0.24,0,0,0,0,483,1,0,6,0,47.2,0,0
SYN-ADV-01916,26172.09,3,0.18,0,0,0,0,962,1,0,6,0,29.4,0,0
SYN-ADV-01917,4867.01,2,0.11,0,0,0,0,1861,1,0,2,0,14.7,0,0
SYN-ADV-01918,4552.12,2,0.1,0,0,0,0,1097,1,0,2,0,13.6,0,0
SYN-ADV-01919,2616.22,2,0.24,0,0,0,0,192,1,0,3,0,22.6,1,0
SYN-ADV-01920,100.0,1,0.02,1,0,1,1,8,0,1,1,0,25.5,1,1
SYN-ADV-01921,2105.92,1,0.15,0,0,0,0,403,1,0,3,0,35.5,0,0
SYN-ADV-01922,28859.07,3,0.48,1,1,0,1,870,1,0,3,1,60.2,1,1
SYN-ADV-01923,876.7,1,0.04,0,0,0,0,1408,1,0,2,0,10.9,0,0
SYN-ADV-01924,32067.33,2,0.44,1,1,0,1,1248,1,0,3,0,74.9,0,1
SYN-ADV-01925,1475.65,1,0.09,0,0,0,0,1485,1,0,2,0,13.3,0,0
SYN-ADV-01926,1043.42,1,0.31,0,0,0,0,16,0,1,5,3,86.4,0,1
SYN-ADV-01927,28433.3,4,0.31,0,0,0,0,445,1,0,8,0,37.7,0,0
SYN-ADV-01928,353.55,2,0.03,0,0,0,0,282,1,0,2,0,34.0,0,0
SYN-ADV-01929,4667.6,2,0.17,0,0,0,0,148,1,0,2,0,12.3,0,0
SYN-ADV-01930,3185.8,2,0.2,0,0,0,0,36,1,0,2,0,12.1,0,0
SYN-ADV-01931,5693.61,1,0.09,0,0,0,0,2274,1,0,2,0,2.8,0,0
SYN-ADV-01932,22872.98,2,0.39,0,0,0,0,1194,1,0,7,0,44.7,0,0
SYN-ADV-01933,986.97,1,0.19,0,0,0,0,1671,1,0,2,0,11.9,0,0
SYN-ADV-01934,100.0,1,0.14,1,1,1,1,7,0,1,1,0,34.1,1,1
SYN-ADV-01935,1550.04,1,0.09,0,0,0,0,1955,1,0,1,0,3.0,0,0
SYN-ADV-01936,40138.59,4,0.27,1,1,0,0,181,1,0,2,0,25.8,0,0
SYN-ADV-01937,1263.91,2,0.07,0,0,0,0,1735,1,0,1,0,2.3,0,0
SYN-ADV-01938,17400.48,2,0.2,0,0,0,0,188,1,0,6,0,24.5,0,0
SYN-ADV-01939,33.27,1,0.02,0,0,0,0,1070,1,0,2,0,6.1,0,0
SYN-ADV-01940,4500.0,3,0.31,1,1,1,0,24,1,1,7,2,89.4,1,1
SYN-ADV-01941,3924.47,1,0.01,0,0,0,0,330,1,0,1,0,10.4,0,0
SYN-ADV-01942,1524.17,1,0.08,0,0,0,0,223,1,0,2,0,8.6,0,0
SYN-ADV-01943,50.0,2,0.17,1,1,1,0,12,1,1,12,3,88.6,0,1
SYN-ADV-01944,2841.23,2,0.07,0,0,0,0,962,1,0,1,0,4.2,0,0
SYN-ADV-01945,66685.28,4,0.32,1,0,1,0,136,1,0,4,0,13.1,0,0
SYN-ADV-01946,854.77,1,0.06,0,0,0,0,2097,1,0,1,0,11.0,0,0
SYN-ADV-01947,4500.0,2,0.17,1,1,1,1,8,0,1,7,1,86.2,1,1
SYN-ADV-01948,1643.99,1,0.08,0,0,0,0,2348,1,0,1,0,8.8,0,0
SYN-ADV-01949,526.38,1,0.14,0,0,0,0,586,1,0,2,0,3.4,0,0
SYN-ADV-01950,20489.08,3,0.3,1,0,0,0,1649,1,0,6,1,65.7,1,1
SYN-ADV-01951,3602.38,2,0.23,0,0,0,0,275,1,0,2,0,13.7,0,0
SYN-ADV-01952,941.95,2,0.23,0,0,0,0,441,1,0,3,0,34.5,0,0
SYN-ADV-01953,2161.99,1,0.04,0,0,0,0,2152,1,0,1,0,2.0,0,0
SYN-ADV-01954,10798.19,3,0.39,1,0,1,0,1018,1,0,3,1,53.3,1,1
SYN-ADV-01955,10696.88,2,0.57,0,0,1,0,1437,1,0,7,1,50.9,1,1
SYN-ADV-01956,10.0,1,0.03,1,0,1,0,3,0,1,1,0,15.5,1,1
SYN-ADV-01957,2590.53,1,0.18,0,0,0,0,82,1,0,2,0,35.4,0,0
SYN-ADV-01958,2206.06,1,0.11,0,0,0,0,232,1,0,2,0,21.0,0,0
SYN-ADV-01959,37525.69,4,0.36,1,1,0,1,2272,1,0,3,0,64.6,0,1
SYN-ADV-01960,31194.68,1,0.36,1,1,0,1,2234,1,0,7,1,73.3,1,1
SYN-ADV-01961,100.0,1,0.02,1,1,1,0,4,0,1,1,0,33.5,1,1
SYN-ADV-01962,10.0,4,0.4,0,0,1,0,15,0,1,5,4,77.1,1,1
SYN-ADV-01963,26309.27,4,0.31,1,1,0,0,1315,1,0,3,1,57.9,0,1
SYN-ADV-01964,1618.42,1,0.15,0,0,0,0,1907,1,0,2,0,2.1,0,0
SYN-ADV-01965,334.03,2,0.04,0,0,0,0,977,1,0,1,0,13.0,0,0
SYN-ADV-01966,2282.43,1,0.04,0,0,0,0,105,1,0,2,0,35.9,0,0
SYN-ADV-01967,1072.7,2,0.06,0,0,0,0,819,1,0,1,0,10.8,0,0
SYN-ADV-01968,74.56,1,0.11,0,0,0,0,2219,1,0,1,0,11.6,0,0
SYN-ADV-01969,303.96,1,0.13,0,0,0,0,1474,1,0,1,0,10.6,0,0
SYN-ADV-01970,14858.65,2,0.16,0,0,0,0,526,1,0,6,0,44.8,0,0
SYN-ADV-01971,4522.44,2,0.19,0,0,0,0,964,1,0,2,0,10.7,0,0
SYN-ADV-01972,23868.02,3,0.35,1,0,0,0,168,1,0,4,0,28.4,0,0
SYN-ADV-01973,1316.57,2,0.02,0,0,0,0,1293,1,0,2,0,13.2,0,0
SYN-ADV-01974,2148.05,2,0.18,0,0,0,0,1300,1,0,2,0,6.3,0,0
SYN-ADV-01975,668.23,2,0.15,0,0,0,0,1574,1,0,1,0,6.7,0,0
SYN-ADV-01976,11909.04,2,0.22,0,0,0,1,59,1,1,8,2,87.1,1,1
SYN-ADV-01977,2375.1,2,0.09,0,0,1,1,12,0,0,8,2,86.3,0,1
SYN-ADV-01978,12456.36,2,0.34,0,0,0,0,369,1,0,8,0,36.7,0,0
SYN-ADV-01979,1047.36,2,0.12,0,0,0,0,1826,1,0,2,0,13.0,0,0
SYN-ADV-01980,50.0,2,0.44,0,1,1,0,6,0,1,9,1,93.9,0,1
SYN-ADV-01981,51681.7,3,0.57,1,0,1,0,207,0,0,2,0,25.8,1,0
SYN-ADV-01982,619.22,1,0.13,0,0,0,0,2075,1,0,1,0,3.4,0,0
SYN-ADV-01983,31869.17,2,0.26,0,0,0,0,882,1,0,5,0,33.9,0,0
SYN-ADV-01984,125.73,2,0.18,0,0,0,0,781,1,0,1,0,3.0,0,0
SYN-ADV-01985,4254.86,2,0.03,0,0,0,0,1350,1,0,2,0,4.0,0,0
SYN-ADV-01986,804.96,2,0.15,0,0,0,0,921,1,0,2,0,13.6,0,0
SYN-ADV-01987,17471.28,3,0.35,0,0,0,0,846,1,0,8,0,21.4,0,0
SYN-ADV-01988,23391.51,2,0.36,0,0,0,0,1136,1,0,5,0,39.4,0,0
SYN-ADV-01989,1789.38,2,0.18,0,0,0,0,804,1,0,1,0,13.8,0,0
SYN-ADV-01990,6791.85,3,0.22,0,0,0,0,511,1,0,8,0,25.3,0,0
SYN-ADV-01991,13918.01,2,0.51,1,0,0,0,123,1,0,4,0,11.4,0,0
SYN-ADV-01992,3144.8,1,0.02,0,0,0,0,822,1,0,2,0,13.1,0,0
SYN-ADV-01993,7069.03,3,0.23,1,0,1,0,1937,1,0,5,1,62.2,0,1
SYN-ADV-01994,845.67,1,0.15,0,0,0,0,2367,1,0,1,0,8.4,0,0
SYN-ADV-01995,10.0,3,0.19,1,1,1,1,15,0,1,7,4,89.3,1,1
SYN-ADV-01996,2190.75,2,0.17,0,0,0,0,1073,1,0,1,0,3.9,0,0
SYN-ADV-01997,4500.0,3,0.62,1,1,1,1,14,0,1,8,3,77.0,1,1
SYN-ADV-01998,1123.82,2,0.19,0,0,0,0,2123,1,0,2,0,3.2,0,0
SYN-ADV-01999,4500.0,2,0.48,1,1,0,0,28,0,0,11,1,74.2,1,1
SYN-ADV-02000,1225.38,1,0.16,0,0,0,0,80,0,0,9,3,79.5,1,1
SYN-ADV-02001,4500.0,7,0.7,1,0,1,1,11,0,1,10,4,88.6,1,1
SYN-ADV-02002,50.0,7,0.84,1,1,1,1,6,0,1,7,3,84.3,1,1
SYN-ADV-02003,17.21,1,0.15,0,0,0,0,954,1,0,1,0,11.5,0,0
SYN-ADV-02004,9572.79,3,0.58,1,0,1,0,70,0,0,2,0,28.3,0,0
SYN-ADV-02005,4349.57,1,0.04,0,0,0,0,361,1,1,3,0,29.8,0,0
SYN-ADV-02006,50.0,2,0.46,1,0,0,0,23,0,1,6,2,89.0,1,1
SYN-ADV-02007,45697.44,4,0.52,1,0,0,0,232,1,0,3,0,26.1,0,0
SYN-ADV-02008,100.0,1,0.06,1,1,1,1,2,0,1,1,0,20.7,1,1
SYN-ADV-02009,2397.08,3,0.28,0,0,0,1,44,0,0,4,3,81.6,1,1
SYN-ADV-02010,500.0,5,0.51,1,1,1,1,7,0,1,7,1,73.6,1,1
SYN-ADV-02011,1885.43,1,0.15,0,0,0,0,567,1,0,1,0,6.0,0,0
SYN-ADV-02012,21076.14,4,0.23,0,0,0,0,1149,1,0,9,0,31.3,0,0
SYN-ADV-02013,710.3,2,0.09,0,0,0,0,2343,1,0,2,0,4.8,0,0
SYN-ADV-02014,6773.91,2,0.32,0,0,1,0,33,0,1,9,1,75.6,1,1
SYN-ADV-02015,2746.01,2,0.17,0,0,0,0,245,1,0,2,0,36.5,0,0
SYN-ADV-02016,25194.22,3,0.16,0,0,0,0,797,1,0,5,0,37.6,0,0
SYN-ADV-02017,1354.73,2,0.05,0,0,0,0,2299,1,0,2,0,4.4,0,0
SYN-ADV-02018,10.0,1,0.04,1,1,1,1,13,0,1,1,0,19.5,0,1
SYN-ADV-02019,1194.53,2,0.16,0,0,0,0,1363,1,0,2,0,2.1,0,0
SYN-ADV-02020,25.0,1,0.09,1,1,1,0,7,0,1,1,0,22.4,1,1
SYN-ADV-02021,2290.5,2,0.19,0,0,0,0,564,1,0,2,0,12.6,0,0
SYN-ADV-02022,32804.7,2,0.35,1,1,1,0,206,1,0,3,0,14.4,0,0
SYN-ADV-02023,1507.52,2,0.16,0,0,0,0,267,1,1,3,0,15.6,0,0
SYN-ADV-02024,50.0,2,0.62,1,1,1,1,8,0,1,8,4,78.6,0,1
SYN-ADV-02025,1395.27,2,0.18,0,0,0,0,1573,1,0,2,0,6.5,0,0
SYN-ADV-02026,4500.0,3,0.32,1,1,0,0,26,0,1,6,3,85.5,1,1
SYN-ADV-02027,52127.06,3,0.58,0,0,0,0,190,1,0,3,0,29.3,0,0
SYN-ADV-02028,24470.7,4,0.31,0,0,0,0,355,1,0,6,0,26.3,0,0
SYN-ADV-02029,1096.87,2,0.03,0,0,0,0,2153,1,0,1,0,14.8,0,0
SYN-ADV-02030,706.34,2,0.03,0,0,0,0,845,1,0,1,0,14.6,0,0
SYN-ADV-02031,3849.19,2,0.05,0,0,0,0,383,1,0,2,0,24.5,0,0
SYN-ADV-02032,13801.8,3,0.29,0,0,0,0,983,1,0,8,0,30.4,0,0
SYN-ADV-02033,51848.41,3,0.26,1,0,0,0,200,1,0,2,0,13.3,0,0
SYN-ADV-02034,70836.84,3,0.61,1,1,0,0,149,1,0,3,0,17.3,0,0
SYN-ADV-02035,3822.36,2,0.05,0,0,0,0,1581,1,0,2,0,14.5,0,0
SYN-ADV-02036,39419.53,2,0.62,1,0,1,0,229,1,0,2,0,15.7,0,0
SYN-ADV-02037,11771.37,3,0.62,1,1,1,0,138,1,0,3,0,13.5,0,0
SYN-ADV-02038,1481.22,1,0.11,0,0,0,1,62,0,1,6,1,80.3,0,1
SYN-ADV-02039,26597.17,4,0.34,0,0,0,0,585,1,0,9,0,43.3,0,0
SYN-ADV-02040,500.0,7,0.63,1,0,1,1,4,0,1,6,4,81.6,1,1
SYN-ADV-02041,628.33,1,0.2,0,0,0,0,1437,1,0,1,0,12.9,0,0
SYN-ADV-02042,7966.72,1,0.21,0,0,0,0,16,0,0,8,2,74.7,1,1
SYN-ADV-02043,31941.93,3,0.33,1,0,0,0,164,1,0,2,0,13.0,0,0
SYN-ADV-02044,22242.1,2,0.34,1,0,0,0,79,1,0,2,0,24.7,0,0
SYN-ADV-02045,79625.17,2,0.43,1,0,0,0,222,1,0,3,0,15.5,0,0
SYN-ADV-02046,2942.77,3,0.16,0,0,1,0,32,1,0,8,2,83.8,1,1
SYN-ADV-02047,13282.12,2,0.17,1,1,0,0,2357,1,0,3,1,66.5,0,1
SYN-ADV-02048,2329.11,1,0.07,0,0,0,0,1729,1,0,1,0,7.7,0,0
SYN-ADV-02049,38086.97,4,0.51,1,0,0,0,288,1,0,4,0,20.9,0,0
SYN-ADV-02050,53.27,1,0.19,0,0,0,0,404,1,0,2,0,6.7,0,0
SYN-ADV-02051,19946.75,3,0.15,0,0,0,0,873,1,0,8,0,37.6,0,0
SYN-ADV-02052,1839.57,1,0.04,0,0,0,0,1497,1,0,1,0,12.4,0,0
SYN-ADV-02053,3502.84,2,0.11,0,0,0,0,303,1,0,2,0,36.6,0,0
SYN-ADV-02054,416.77,2,0.12,0,0,0,0,512,1,0,1,0,3.3,0,0
SYN-ADV-02055,10.0,1,0.03,1,1,1,1,12,0,1,1,0,23.8,1,1
SYN-ADV-02056,4124.89,2,0.24,0,0,0,0,230,1,0,8,0,28.2,0,0
SYN-ADV-02057,28873.66,2,0.42,1,1,0,1,1426,1,0,4,1,67.1,0,1
SYN-ADV-02058,412.21,1,0.1,0,0,1,0,59,0,1,8,2,69.2,1,1
SYN-ADV-02059,1916.19,1,0.04,0,0,0,0,1738,1,0,1,0,6.9,0,0
SYN-ADV-02060,28854.54,4,0.36,0,0,0,0,571,1,0,6,0,45.4,0,0
SYN-ADV-02061,2429.18,1,0.14,0,0,0,0,1000,1,0,1,0,14.7,0,0
SYN-ADV-02062,20762.61,1,0.29,0,1,1,0,724,1,0,5,1,69.1,1,1
SYN-ADV-02063,226.85,2,0.16,0,0,0,0,1630,1,0,1,0,10.0,0,0
SYN-ADV-02064,8657.66,4,0.23,0,0,0,0,443,1,0,9,0,39.7,0,0
SYN-ADV-02065,4500.0,7,0.59,1,0,1,1,11,0,0,12,3,89.5,1,1
SYN-ADV-02066,528.83,1,0.01,0,0,0,0,529,1,0,2,0,6.5,0,0
SYN-ADV-02067,4667.55,3,0.09,0,0,0,0,30,0,1,4,2,86.3,0,1
SYN-ADV-02068,9596.9,2,0.28,0,0,0,0,503,1,0,9,0,31.3,0,0
SYN-ADV-02069,1485.74,2,0.14,0,0,0,0,831,1,0,2,0,4.2,0,0
SYN-ADV-02070,28732.72,3,0.27,1,0,1,0,58,1,0,4,0,17.5,1,0
SYN-ADV-02071,9748.65,4,0.33,0,0,0,0,221,1,0,5,0,27.6,0,0
SYN-ADV-02072,4284.76,1,0.03,0,0,0,0,358,1,0,2,0,36.7,1,0
SYN-ADV-02073,500.0,6,0.6,0,1,1,0,20,0,1,11,3,91.7,1,1
SYN-ADV-02074,47467.06,4,0.47,1,0,1,0,113,1,0,4,0,10.0,0,0
SYN-ADV-02075,25000.0,5,0.43,1,1,1,1,26,1,1,9,4,88.5,1,1
SYN-ADV-02076,20437.48,2,0.25,1,1,1,0,2356,1,0,4,1,50.8,1,1
SYN-ADV-02077,564.6,1,0.06,0,0,0,0,1236,1,0,1,0,12.3,0,0
SYN-ADV-02078,33374.14,1,0.19,0,1,0,0,1948,1,0,7,0,53.3,1,1
SYN-ADV-02079,25.0,1,0.11,1,1,1,1,7,0,1,1,0,20.6,1,1
SYN-ADV-02080,1994.07,1,0.14,0,0,0,0,455,1,0,1,0,6.5,0,0
SYN-ADV-02081,8516.27,3,0.24,1,0,1,0,1368,1,0,4,1,71.6,0,1
SYN-ADV-02082,2312.05,1,0.19,0,0,0,0,862,1,0,2,0,13.0,0,0
SYN-ADV-02083,865.48,1,0.02,0,0,0,0,1830,1,0,2,0,4.1,0,0
SYN-ADV-02084,39891.82,3,0.59,1,0,0,0,242,1,0,2,0,14.7,0,0
SYN-ADV-02085,102.37,1,0.11,0,0,0,0,667,1,0,2,0,4.3,0,0
SYN-ADV-02086,4350.67,1,0.09,0,0,0,0,1448,1,0,1,0,2.0,0,0
SYN-ADV-02087,25.0,1,0.14,1,1,1,0,2,0,1,1,0,26.8,1,1
SYN-ADV-02088,22904.46,3,0.43,1,0,0,0,211,1,0,4,0,30.7,1,0
SYN-ADV-02089,43582.28,5,0.29,1,0,0,0,130,1,0,4,0,21.5,0,0
SYN-ADV-02090,827.79,1,0.16,0,0,0,0,721,1,0,2,0,9.9,0,0
SYN-ADV-02091,6295.31,4,0.31,0,0,0,0,540,1,0,9,0,31.7,0,0
SYN-ADV-02092,503.29,1,0.11,0,0,0,0,1424,1,0,2,0,10.6,0,0
SYN-ADV-02093,10.0,7,0.72,1,1,1,0,15,0,1,10,1,75.0,1,1
SYN-ADV-02094,5910.95,1,0.08,0,0,0,0,1115,1,0,2,0,10.7,0,0
SYN-ADV-02095,1111.9,1,0.16,0,0,0,0,1420,1,0,1,0,9.5,0,0
SYN-ADV-02096,5309.05,2,0.06,0,0,0,0,2146,1,0,1,0,11.9,0,0
SYN-ADV-02097,790.27,2,0.02,0,0,0,0,1993,1,0,2,0,8.3,0,0
SYN-ADV-02098,49259.66,5,0.37,1,0,0,0,190,1,0,2,0,31.0,1,0
SYN-ADV-02099,45325.47,4,0.3,1,0,0,0,220,1,0,4,0,22.8,0,0
SYN-ADV-02100,18065.7,1,0.27,1,0,1,0,2351,1,0,6,0,54.8,1,1
SYN-ADV-02101,775.28,1,0.04,0,0,0,0,771,1,0,2,0,2.5,0,0
SYN-ADV-02102,359.75,1,0.01,0,0,0,0,933,1,0,2,0,9.0,0,0
SYN-ADV-02103,24123.63,2,0.15,0,1,1,0,784,1,0,5,1,65.0,1,1
SYN-ADV-02104,25000.0,7,0.46,1,1,1,1,30,0,1,12,3,92.1,1,1
SYN-ADV-02105,500.0,7,0.39,1,1,0,0,14,0,1,10,4,78.4,1,1
SYN-ADV-02106,20326.55,5,0.64,1,0,1,0,274,1,0,4,0,26.7,0,0
SYN-ADV-02107,3337.41,2,0.06,0,0,0,0,359,1,1,2,0,23.1,0,0
SYN-ADV-02108,25.0,1,0.06,1,0,1,0,1,0,1,1,0,19.8,1,1
SYN-ADV-02109,132.89,2,0.12,0,0,0,0,1841,1,0,2,0,4.1,0,0
SYN-ADV-02110,2013.58,1,0.05,0,0,0,0,206,1,0,3,0,15.6,0,0
SYN-ADV-02111,159.88,1,0.19,0,0,0,0,940,1,0,1,0,9.9,0,0
SYN-ADV-02112,22236.39,4,0.43,1,0,0,0,244,1,0,3,0,25.1,0,0
SYN-ADV-02113,53062.58,4,0.32,1,0,0,0,205,1,0,2,0,31.3,0,0
SYN-ADV-02114,22452.91,3,0.53,1,0,1,0,172,1,0,4,0,14.1,1,0
SYN-ADV-02115,37.84,2,0.05,0,0,0,0,786,1,0,2,0,8.4,0,0
SYN-ADV-02116,1499.36,1,0.16,0,0,0,0,314,1,0,3,0,16.4,0,0
SYN-ADV-02117,1705.64,2,0.04,0,0,0,0,1480,1,0,1,0,7.3,0,0
SYN-ADV-02118,31215.34,4,0.5,1,1,0,0,69,1,0,4,0,12.0,0,0
SYN-ADV-02119,42729.27,4,0.51,1,1,0,0,196,1,0,3,0,12.6,0,0
SYN-ADV-02120,489.32,2,0.05,0,0,0,0,1385,1,0,1,0,2.5,0,0
SYN-ADV-02121,23708.71,1,0.25,1,1,1,0,2109,1,0,4,1,64.3,0,1
SYN-ADV-02122,16381.53,2,0.25,0,0,0,0,698,1,0,9,0,44.9,0,0
SYN-ADV-02123,2872.72,2,0.2,0,0,0,0,275,1,1,3,0,33.5,0,0
SYN-ADV-02124,267.32,1,0.07,0,0,0,0,700,1,0,2,0,11.0,0,0
SYN-ADV-02125,4192.31,1,0.23,0,0,0,0,403,1,0,2,0,14.6,0,0
SYN-ADV-02126,1500.0,1,0.14,1,1,1,1,8,0,1,1,0,21.1,1,1
SYN-ADV-02127,1105.76,2,0.23,0,0,1,1,36,1,1,8,3,70.9,1,1
SYN-ADV-02128,25959.45,4,0.27,1,0,1,0,63,1,0,4,0,23.1,0,0
SYN-ADV-02129,10.0,1,0.11,1,0,1,1,12,0,1,1,0,12.1,1,1
SYN-ADV-02130,28240.75,4,0.32,1,0,0,0,197,1,0,4,0,23.5,0,0
SYN-ADV-02131,38.27,1,0.12,0,0,0,0,1719,1,0,2,0,6.3,0,0
SYN-ADV-02132,32882.36,3,0.63,1,0,1,0,118,1,0,4,0,22.8,0,0
SYN-ADV-02133,912.45,1,0.17,0,0,0,0,1425,1,0,1,0,10.3,0,0
SYN-ADV-02134,2368.9,1,0.13,0,0,0,0,198,1,0,3,0,36.1,0,0
SYN-ADV-02135,2762.01,1,0.09,0,0,0,0,854,1,0,2,0,14.8,0,0
SYN-ADV-02136,50.0,7,0.26,1,1,1,1,20,0,1,8,4,90.4,1,1
SYN-ADV-02137,31924.75,2,0.61,1,0,0,0,130,1,0,3,0,20.3,1,0
SYN-ADV-02138,2889.32,2,0.23,0,0,0,0,329,1,0,3,0,14.3,0,0
SYN-ADV-02139,27.53,1,0.15,0,0,0,0,2103,1,0,1,0,12.0,0,0
SYN-ADV-02140,160.8,1,0.03,0,0,0,0,1816,1,0,1,0,11.7,0,0
SYN-ADV-02141,25.0,1,0.16,1,1,0,1,10,0,1,1,0,34.6,1,1
SYN-ADV-02142,1712.72,1,0.08,0,0,0,0,248,1,1,3,0,33.5,0,0
SYN-ADV-02143,464.05,1,0.02,0,0,0,0,1542,1,0,1,0,13.4,0,0
SYN-ADV-02144,32586.56,2,0.33,0,0,0,0,1121,1,0,6,0,49.2,1,1
SYN-ADV-02145,100.0,1,0.11,1,1,1,1,10,0,1,1,0,11.5,1,1
SYN-ADV-02146,1350.4,2,0.2,0,0,0,0,1962,1,0,1,0,6.8,0,0
SYN-ADV-02147,41029.02,3,0.28,1,0,0,0,294,1,0,3,0,17.6,0,0
SYN-ADV-02148,100.0,1,0.06,0,1,1,0,15,0,1,1,0,16.0,1,1
SYN-ADV-02149,1892.92,1,0.11,0,0,0,0,1927,1,0,2,0,7.3,0,0
SYN-ADV-02150,348.35,1,0.07,0,0,0,0,2334,1,0,1,0,6.9,0,0
SYN-ADV-02151,5568.7,1,0.3,0,0,0,1,23,0,1,6,3,85.5,1,1
SYN-ADV-02152,443.28,2,0.09,0,0,0,0,1287,1,0,1,0,14.7,0,0
SYN-ADV-02153,488.72,1,0.05,0,0,0,0,205,1,0,1,0,8.4,0,0
SYN-ADV-02154,500.0,3,0.46,1,1,0,0,11,0,1,12,1,83.6,1,1
SYN-ADV-02155,936.34,1,0.19,0,0,0,0,1886,1,0,1,0,7.4,0,0
SYN-ADV-02156,60613.8,2,0.48,1,0,0,0,277,1,0,3,0,26.6,0,0
SYN-ADV-02157,23970.36,4,0.47,0,1,0,0,277,1,0,2,0,10.5,0,0
SYN-ADV-02158,81788.44,2,0.57,1,0,0,0,62,1,0,2,0,23.0,0,0
SYN-ADV-02159,4554.0,2,0.05,0,0,0,0,2124,1,0,2,0,10.5,0,0
SYN-ADV-02160,19139.0,4,0.17,0,0,0,0,594,1,0,7,0,41.3,0,0
SYN-ADV-02161,29455.5,2,0.17,0,0,0,0,188,1,0,9,0,20.3,0,0
SYN-ADV-02162,33117.59,3,0.16,0,0,0,0,1025,1,0,8,0,47.1,0,0
SYN-ADV-02163,3343.28,1,0.17,0,0,0,0,15,1,1,5,1,85.6,1,1
SYN-ADV-02164,1453.73,2,0.1,0,0,0,0,748,1,0,1,0,5.5,0,0
SYN-ADV-02165,10.0,1,0.02,1,1,1,1,10,0,1,1,0,15.4,1,1
SYN-ADV-02166,24215.84,2,0.27,1,0,1,0,118,1,0,3,0,22.0,0,0
SYN-ADV-02167,121.37,2,0.04,0,0,0,0,1796,1,0,2,0,13.3,0,0
SYN-ADV-02168,3818.04,1,0.04,0,0,0,0,1728,1,0,1,0,14.9,0,0
SYN-ADV-02169,68476.07,3,0.37,1,0,0,0,154,1,0,2,0,12.4,0,0
SYN-ADV-02170,9870.22,4,0.39,1,1,1,1,1818,1,0,6,1,64.6,1,1
SYN-ADV-02171,704.36,1,0.02,0,0,0,0,1573,1,0,1,0,7.1,0,0
SYN-ADV-02172,25946.86,2,0.27,0,0,0,0,381,1,0,8,0,46.8,0,0
SYN-ADV-02173,5798.11,5,0.44,1,1,0,0,114,1,0,4,0,31.2,1,0
SYN-ADV-02174,22498.42,2,0.16,0,0,0,0,977,1,0,5,0,38.3,0,0
SYN-ADV-02175,5568.3,2,0.39,1,1,1,0,2041,1,0,6,1,50.6,1,1
SYN-ADV-02176,30297.07,4,0.55,1,0,1,0,130,1,0,2,0,20.4,1,0
SYN-ADV-02177,50.0,5,0.14,0,1,1,1,28,1,1,10,2,74.0,1,1
SYN-ADV-02178,25.0,1,0.05,1,1,1,0,15,0,1,1,0,26.6,1,1
SYN-ADV-02179,33772.99,4,0.51,1,1,0,1,1074,1,0,6,1,55.6,1,1
SYN-ADV-02180,1586.83,2,0.09,0,0,0,0,2107,1,0,2,0,11.4,0,0
SYN-ADV-02181,464.59,3,0.09,0,0,0,0,55,0,1,7,1,68.0,1,1
SYN-ADV-02182,12889.25,4,0.27,0,0,0,0,1041,1,0,5,0,24.8,0,0
SYN-ADV-02183,895.26,2,0.2,0,0,0,0,1369,1,0,2,0,5.3,0,0
SYN-ADV-02184,552.26,2,0.03,0,0,0,0,2098,1,0,2,0,15.0,0,0
SYN-ADV-02185,101.72,2,0.07,0,0,0,0,1260,1,0,1,0,8.6,0,0
SYN-ADV-02186,37207.6,1,0.59,1,1,1,0,967,1,0,3,1,46.3,1,1
SYN-ADV-02187,3867.64,1,0.11,0,0,0,0,403,1,0,3,0,37.5,1,0
SYN-ADV-02188,4500.0,4,0.44,0,1,1,1,19,0,1,7,2,87.7,1,1
SYN-ADV-02189,25.0,1,0.05,1,1,1,0,6,0,1,1,0,32.6,1,1
SYN-ADV-02190,10974.47,1,0.16,1,1,0,0,1525,1,0,6,1,48.3,1,1
SYN-ADV-02191,50738.98,2,0.3,1,0,1,0,92,1,0,4,0,23.8,0,0
SYN-ADV-02192,4500.0,3,0.8,1,1,1,0,26,0,1,5,4,72.2,1,1
SYN-ADV-02193,277.36,1,0.19,0,0,0,0,1941,1,0,2,0,15.0,0,0
SYN-ADV-02194,323.04,1,0.02,0,0,0,0,2309,1,0,2,0,10.9,0,0
SYN-ADV-02195,10.0,1,0.18,1,1,1,0,9,0,1,1,0,32.1,1,1
SYN-ADV-02196,20547.12,3,0.31,0,0,0,0,517,1,0,9,0,24.0,0,0
SYN-ADV-02197,28657.82,2,0.39,0,0,0,0,373,1,0,7,0,42.5,0,0
SYN-ADV-02198,10473.09,3,0.38,1,0,1,0,209,1,0,4,0,23.4,0,0
SYN-ADV-02199,527.02,2,0.17,0,0,0,0,1969,1,0,2,0,3.9,0,0
SYN-ADV-02200,10.0,6,0.2,0,1,1,0,20,1,1,7,2,86.4,1,1
SYN-ADV-02201,1100.43,2,0.19,0,0,0,0,811,1,0,2,0,3.8,0,0
SYN-ADV-02202,677.15,1,0.1,0,0,0,0,1530,1,0,1,0,8.1,0,0
SYN-ADV-02203,2660.24,2,0.13,0,0,0,0,989,1,0,2,0,6.1,0,0
SYN-ADV-02204,9723.75,3,0.11,0,0,0,0,481,1,0,5,0,24.5,0,0
SYN-ADV-02205,25000.0,3,0.51,1,1,1,0,23,0,1,10,3,84.4,1,1
SYN-ADV-02206,2108.4,1,0.03,0,0,0,0,338,1,1,3,0,22.6,1,0
SYN-ADV-02207,1782.51,1,0.21,0,0,0,1,32,0,0,8,3,87.8,1,1
SYN-ADV-02208,5396.35,1,0.44,1,1,1,0,1579,1,0,6,0,51.7,0,1
SYN-ADV-02209,4263.4,2,0.07,0,0,0,0,388,1,0,2,0,10.5,0,0
SYN-ADV-02210,34300.26,3,0.4,0,0,0,0,1052,1,0,7,0,30.7,0,0
SYN-ADV-02211,763.17,1,0.13,0,0,0,0,1563,1,0,1,0,2.1,0,0
SYN-ADV-02212,64481.74,3,0.64,1,0,1,0,224,1,0,3,0,11.8,0,0
SYN-ADV-02213,338.25,1,0.19,0,0,0,0,615,1,0,1,0,12.7,0,0
SYN-ADV-02214,8456.37,3,0.4,0,0,0,0,701,1,0,8,0,43.7,0,0
SYN-ADV-02215,35994.15,4,0.62,1,0,0,0,186,0,0,4,0,29.3,0,0
SYN-ADV-02216,20237.77,4,0.36,0,0,0,0,456,1,0,9,0,28.2,0,0
SYN-ADV-02217,5116.89,2,0.27,0,0,0,0,834,1,0,6,0,30.1,0,0
SYN-ADV-02218,10.0,1,0.16,1,1,0,0,3,0,1,1,0,15.9,0,1
SYN-ADV-02219,1429.52,2,0.02,0,0,0,0,1917,1,0,2,0,9.1,0,0
SYN-ADV-02220,1694.66,1,0.03,0,0,0,0,1972,1,0,2,0,9.9,0,0
SYN-ADV-02221,1791.01,1,0.08,0,0,0,0,904,1,0,1,0,14.6,0,0
SYN-ADV-02222,202.58,2,0.16,0,0,0,0,560,1,0,1,0,3.3,0,0
SYN-ADV-02223,17.99,2,0.16,0,0,0,0,528,1,0,1,0,8.0,0,0
SYN-ADV-02224,1500.0,1,0.05,1,1,1,0,14,0,1,1,0,22.6,1,1
SYN-ADV-02225,100.0,1,0.12,1,1,1,1,13,0,1,1,0,10.5,1,1
SYN-ADV-02226,278.97,1,0.04,0,0,0,0,859,1,0,2,0,6.0,0,0
SYN-ADV-02227,43.97,2,0.03,0,0,0,0,963,1,0,1,0,13.2,0,0
SYN-ADV-02228,4500.0,2,0.33,1,1,1,0,18,0,1,11,1,93.7,1,1
SYN-ADV-02229,1305.84,3,0.11,0,0,0,0,85,0,0,4,1,67.1,1,1
SYN-ADV-02230,181.98,1,0.07,0,0,0,0,2144,1,0,1,0,5.1,0,0
SYN-ADV-02231,1113.53,2,0.15,0,0,0,0,2111,1,0,2,0,2.6,0,0
SYN-ADV-02232,75770.09,5,0.6,1,0,0,0,71,1,0,3,0,12.2,0,0
SYN-ADV-02233,104.2,2,0.17,0,0,0,0,1546,1,0,2,0,14.0,0,0
SYN-ADV-02234,415.26,1,0.05,0,0,0,0,1992,1,0,2,0,4.9,0,0
SYN-ADV-02235,4838.18,1,0.01,0,0,0,0,881,1,0,2,0,8.8,0,0
SYN-ADV-02236,25.0,1,0.16,1,1,1,1,7,0,1,1,0,12.6,1,1
SYN-ADV-02237,13885.46,5,0.64,1,0,0,0,241,1,0,3,0,27.0,0,0
SYN-ADV-02238,855.4,1,0.02,0,0,0,0,1917,1,0,1,0,13.7,0,0
SYN-ADV-02239,36224.7,1,0.45,0,1,1,0,1725,1,0,3,1,64.5,1,1
SYN-ADV-02240,25.0,1,0.05,1,1,0,1,10,0,1,1,0,11.0,0,1
SYN-ADV-02241,66073.47,4,0.59,1,0,1,0,271,1,0,3,0,11.5,0,0
SYN-ADV-02242,25000.0,8,0.84,0,1,0,0,5,0,1,11,3,90.1,1,1
SYN-ADV-02243,41856.85,2,0.24,1,0,0,0,1228,1,0,4,1,51.4,1,1
SYN-ADV-02244,24911.42,2,0.41,1,0,1,1,720,1,0,5,0,67.2,1,1
SYN-ADV-02245,28956.54,3,0.36,0,0,0,0,227,1,0,6,0,22.8,0,0
SYN-ADV-02246,35164.56,4,0.56,1,0,0,0,251,1,0,2,0,15.1,0,0
SYN-ADV-02247,198.92,2,0.05,0,0,0,0,571,1,0,1,0,2.0,0,0
SYN-ADV-02248,10.0,1,0.18,1,1,1,0,8,0,1,1,0,22.6,1,1
SYN-ADV-02249,631.94,1,0.07,0,0,0,0,1210,1,0,2,0,6.2,0,0
SYN-ADV-02250,1781.84,1,0.04,0,0,0,0,512,1,0,2,0,13.8,0,0
SYN-ADV-02251,761.02,1,0.04,0,0,0,0,1724,1,0,2,0,8.6,0,0
SYN-ADV-02252,10936.91,3,0.36,0,0,0,0,834,1,0,5,0,41.3,0,0
SYN-ADV-02253,1078.32,2,0.04,0,0,0,0,1770,1,0,1,0,4.0,0,0
SYN-ADV-02254,42.44,2,0.15,0,0,0,0,1714,1,0,2,0,7.5,0,0
SYN-ADV-02255,7093.76,3,0.12,0,0,0,0,284,1,0,5,0,32.9,0,0
SYN-ADV-02256,25000.0,5,0.19,1,1,1,1,23,0,1,5,2,74.1,1,1
SYN-ADV-02257,1248.78,1,0.16,0,0,0,0,2011,1,0,2,0,12.7,0,0
SYN-ADV-02258,45260.39,4,0.53,1,0,1,0,133,1,0,3,0,25.1,0,0
SYN-ADV-02259,1500.0,1,0.05,1,1,1,1,5,0,1,1,0,13.4,1,1
SYN-ADV-02260,30.04,1,0.04,0,0,0,0,476,1,0,1,0,14.3,0,0
SYN-ADV-02261,1500.0,1,0.1,1,1,1,0,7,0,1,1,0,28.1,1,1
SYN-ADV-02262,2727.91,2,0.18,0,0,0,0,323,1,0,2,0,8.7,0,0
SYN-ADV-02263,34793.56,4,0.3,0,0,0,0,360,1,0,5,0,39.4,0,0
SYN-ADV-02264,27766.18,3,0.1,0,0,0,0,987,1,0,5,0,39.2,0,0
SYN-ADV-02265,623.86,1,0.1,0,0,0,0,1912,1,0,1,0,14.4,0,0
SYN-ADV-02266,30247.02,3,0.39,0,0,0,0,975,1,0,5,0,28.8,0,0
SYN-ADV-02267,318.99,2,0.09,0,0,0,0,436,1,0,2,0,8.5,0,0
SYN-ADV-02268,18743.87,3,0.2,0,0,0,0,342,1,0,8,0,43.8,0,0
SYN-ADV-02269,30536.29,2,0.35,0,0,0,0,719,1,0,7,0,24.1,0,0
SYN-ADV-02270,10637.52,4,0.49,1,0,1,0,1059,1,0,4,1,48.2,1,1
SYN-ADV-02271,751.11,2,0.13,0,0,0,0,2207,1,0,2,0,9.9,0,0
SYN-ADV-02272,5964.76,2,0.12,0,0,0,0,481,1,0,6,0,37.3,0,0
SYN-ADV-02273,747.3,2,0.21,0,0,0,0,236,1,0,3,0,16.6,1,0
SYN-ADV-02274,118.98,1,0.05,0,0,0,0,933,1,0,1,0,2.4,0,0
SYN-ADV-02275,2173.29,2,0.35,0,0,0,0,11,0,0,6,1,80.6,1,1
SYN-ADV-02276,5181.12,1,0.09,0,0,0,0,303,1,0,1,0,7.9,0,0
SYN-ADV-02277,1582.54,1,0.19,0,0,0,0,529,1,0,2,0,14.0,0,0
SYN-ADV-02278,721.13,1,0.18,0,0,0,0,244,1,0,1,0,5.8,0,0
SYN-ADV-02279,2472.92,1,0.17,0,0,0,1,45,0,1,4,2,68.7,1,1
SYN-ADV-02280,4898.66,1,0.14,0,0,0,0,318,1,0,3,0,18.8,1,0
SYN-ADV-02281,63282.21,4,0.29,1,0,1,0,281,1,0,3,0,14.0,0,0
SYN-ADV-02282,25000.0,2,0.72,1,1,1,0,29,0,1,11,4,82.0,1,1
SYN-ADV-02283,662.38,2,0.17,0,0,0,0,1444,1,0,2,0,14.7,0,0
SYN-ADV-02284,121.78,2,0.13,0,0,0,0,1730,1,0,1,0,7.9,0,0
SYN-ADV-02285,38873.57,4,0.29,1,0,0,0,2433,1,0,3,1,61.4,1,1
SYN-ADV-02286,1939.19,1,0.12,0,0,0,0,879,1,0,1,0,12.0,0,0
SYN-ADV-02287,67130.36,4,0.6,1,1,1,0,62,1,0,2,0,29.8,0,0
SYN-ADV-02288,25.0,1,0.04,0,1,1,1,6,0,1,1,0,32.6,1,1
SYN-ADV-02289,383.21,1,0.03,0,0,0,0,1126,1,0,2,0,5.7,0,0
SYN-ADV-02290,59636.03,2,0.34,1,0,0,0,190,1,0,2,0,23.7,0,0
SYN-ADV-02291,39568.9,3,0.53,1,1,1,1,1800,1,0,3,1,67.4,1,1
SYN-ADV-02292,2463.25,1,0.03,0,0,0,0,1303,1,0,2,0,3.2,0,0
SYN-ADV-02293,4369.8,3,0.33,0,0,0,0,582,1,0,7,0,45.4,0,0
SYN-ADV-02294,118.16,1,0.19,0,0,0,0,682,1,0,1,0,5.2,0,0
SYN-ADV-02295,8937.86,3,0.24,0,0,0,0,782,1,0,7,0,27.8,0,0
SYN-ADV-02296,2147.6,2,0.42,0,1,1,0,1400,1,0,7,0,47.9,1,1
SYN-ADV-02297,4970.44,2,0.13,0,0,0,0,561,1,0,6,0,40.2,0,0
SYN-ADV-02298,1500.0,1,0.17,1,1,1,0,15,0,1,1,0,20.0,1,1
SYN-ADV-02299,7110.68,2,0.37,0,0,0,0,615,1,0,5,0,32.6,0,0
SYN-ADV-02300,241.8,1,0.01,0,0,0,0,848,1,0,2,0,6.1,0,0
SYN-ADV-02301,10.0,1,0.05,1,1,1,0,6,0,1,1,0,10.2,1,1
SYN-ADV-02302,25.0,1,0.03,1,1,1,1,14,0,1,1,0,21.0,0,1
SYN-ADV-02303,16172.6,5,0.49,1,0,1,0,112,1,0,2,0,21.0,0,0
SYN-ADV-02304,340.32,2,0.14,0,0,0,0,648,1,0,1,0,11.6,0,0
SYN-ADV-02305,12331.61,4,0.24,0,0,0,0,222,1,0,8,0,33.8,0,0
SYN-ADV-02306,50966.49,3,0.6,1,0,0,0,265,1,0,3,0,29.2,0,0
SYN-ADV-02307,5887.11,2,0.26,0,0,0,0,45,0,1,9,3,83.1,1,1
SYN-ADV-02308,20368.44,3,0.64,1,0,0,0,114,1,0,2,0,10.4,0,0
SYN-ADV-02309,15026.34,3,0.39,0,0,0,0,208,1,0,2,0,27.3,0,0
SYN-ADV-02310,8109.94,3,0.1,0,0,0,0,288,1,0,9,0,25.1,0,0
SYN-ADV-02311,58095.06,5,0.32,0,0,1,0,255,1,0,3,0,29.4,0,0
SYN-ADV-02312,25.0,1,0.16,1,1,1,0,10,0,1,1,0,10.3,1,1
SYN-ADV-02313,978.46,2,0.08,0,0,0,0,2016,1,0,1,0,3.7,0,0
SYN-ADV-02314,25982.1,4,0.58,1,0,0,0,139,1,0,3,0,24.2,1,0
SYN-ADV-02315,10.0,2,0.65,1,1,1,1,22,0,1,12,1,73.9,1,1
SYN-ADV-02316,579.94,1,0.14,0,0,0,0,1919,1,0,1,0,14.1,0,0
SYN-ADV-02317,4500.0,7,0.13,1,1,0,0,29,0,1,11,2,80.6,1,1
SYN-ADV-02318,844.69,2,0.01,0,0,0,0,1533,1,0,1,0,8.0,0,0
SYN-ADV-02319,3029.47,2,0.08,0,0,0,0,38,0,1,5,2,67.6,1,1
SYN-ADV-02320,135.14,2,0.06,0,0,0,0,581,1,0,2,0,5.9,0,0
SYN-ADV-02321,62233.29,5,0.39,0,0,0,0,145,1,0,3,0,20.3,0,0
SYN-ADV-02322,2602.53,2,0.19,0,0,0,0,329,1,0,2,0,13.2,0,0
SYN-ADV-02323,100.0,1,0.12,1,0,1,0,13,0,1,1,0,11.7,1,1
SYN-ADV-02324,19126.9,3,0.11,0,0,0,0,268,1,0,8,0,37.4,0,0
SYN-ADV-02325,1783.23,1,0.07,0,0,0,0,948,1,0,1,0,13.5,0,0
SYN-ADV-02326,50.0,5,0.33,1,1,1,1,14,0,1,8,4,84.6,1,1
SYN-ADV-02327,251.75,2,0.22,0,0,0,0,425,1,0,3,0,33.9,1,0
SYN-ADV-02328,8317.0,5,0.32,1,0,1,0,51,0,0,2,0,23.1,0,0
SYN-ADV-02329,486.06,2,0.1,0,0,0,0,1297,1,0,1,0,3.2,0,0
SYN-ADV-02330,1794.4,1,0.07,0,0,0,0,265,1,0,1,0,9.6,0,0
SYN-ADV-02331,25000.0,2,0.3,1,1,0,0,26,0,1,9,3,76.7,1,1
SYN-ADV-02332,11588.35,5,0.59,0,0,0,0,257,1,0,2,0,24.9,0,0
SYN-ADV-02333,25000.0,8,0.78,1,1,1,0,19,0,1,5,1,75.3,1,1
SYN-ADV-02334,51149.17,2,0.25,1,0,0,0,242,1,0,2,0,18.0,0,0
SYN-ADV-02335,13467.48,2,0.17,0,0,0,0,433,1,0,8,0,27.5,0,0
SYN-ADV-02336,19048.87,2,0.11,0,0,0,0,674,1,0,8,0,38.6,0,0
SYN-ADV-02337,1500.0,1,0.1,1,0,1,1,12,0,1,1,0,14.6,1,1
SYN-ADV-02338,153.81,2,0.16,0,0,0,0,266,1,0,2,0,8.6,0,0
SYN-ADV-02339,31327.75,4,0.52,1,1,0,0,150,1,0,2,0,16.7,0,0
SYN-ADV-02340,864.37,2,0.2,0,0,0,0,298,1,0,2,0,12.4,0,0
SYN-ADV-02341,465.8,1,0.17,0,0,0,0,1439,1,0,1,0,3.8,0,0
SYN-ADV-02342,4500.0,2,0.3,1,1,1,1,30,0,1,5,4,80.6,1,1
SYN-ADV-02343,1315.66,1,0.17,0,0,1,0,11,0,0,8,3,69.1,0,1
SYN-ADV-02344,11407.37,3,0.45,1,0,1,0,149,1,0,2,0,20.2,0,0
SYN-ADV-02345,1663.73,1,0.11,0,0,0,0,1461,1,0,2,0,4.2,0,0
SYN-ADV-02346,3437.99,1,0.02,0,0,0,0,2393,1,0,1,0,14.6,0,0
SYN-ADV-02347,1773.89,1,0.34,0,0,0,0,86,0,1,6,3,79.0,1,1
SYN-ADV-02348,22446.71,2,0.23,0,0,1,1,78,0,1,6,3,77.2,0,1
SYN-ADV-02349,7654.0,3,0.32,0,0,0,1,41,1,1,9,3,83.9,1,1
SYN-ADV-02350,1304.52,1,0.09,0,0,0,0,2256,1,0,1,0,7.0,0,0
SYN-ADV-02351,164.59,2,0.14,0,0,0,0,666,1,0,2,0,13.5,0,0
SYN-ADV-02352,4345.75,1,0.04,0,0,0,0,363,0,0,2,0,35.4,0,0
SYN-ADV-02353,10.0,3,0.8,1,1,1,1,7,0,1,12,1,76.5,1,1
SYN-ADV-02354,46406.51,2,0.43,1,0,0,0,257,1,0,4,0,29.1,0,0
SYN-ADV-02355,8008.37,3,0.15,0,0,0,0,12,0,1,9,3,87.2,0,1
SYN-ADV-02356,1305.63,3,0.19,0,0,1,1,79,0,0,9,1,81.5,0,1
SYN-ADV-02357,809.48,1,0.04,0,0,0,0,2134,1,0,2,0,7.1,0,0
SYN-ADV-02358,10.0,6,0.2,1,1,1,0,28,0,0,8,3,78.2,1,1
SYN-ADV-02359,685.43,2,0.13,0,0,0,0,953,1,0,2,0,6.3,0,0
SYN-ADV-02360,29192.91,3,0.37,0,0,0,0,263,1,0,6,0,20.3,0,0
SYN-ADV-02361,69840.52,3,0.37,1,0,0,0,54,1,0,2,0,31.1,0,0
SYN-ADV-02362,50.0,6,0.78,1,1,1,0,10,0,1,12,1,74.9,1,1
SYN-ADV-02363,100.0,1,0.04,1,1,1,1,12,0,1,1,0,29.1,1,1
SYN-ADV-02364,36.73,2,0.16,0,0,0,0,1340,1,0,1,0,14.6,0,0
SYN-ADV-02365,29379.74,3,0.35,0,0,0,0,1100,1,0,9,0,35.3,0,0
SYN-ADV-02366,1500.0,1,0.2,1,1,0,1,3,0,1,1,0,35.0,0,1
SYN-ADV-02367,10.0,1,0.08,1,1,1,0,5,0,1,1,0,24.6,1,1
SYN-ADV-02368,2737.11,2,0.19,0,0,0,0,913,1,0,1,0,11.7,0,0
SYN-ADV-02369,19879.62,5,0.32,0,0,1,0,241,1,0,2,0,31.3,0,0
SYN-ADV-02370,37654.51,3,0.61,1,0,0,0,124,1,0,4,0,23.3,0,0
SYN-ADV-02371,22226.9,5,0.6,1,0,0,0,275,1,0,3,0,30.2,0,0
SYN-ADV-02372,10529.42,4,0.15,0,0,0,0,715,1,0,7,0,45.1,0,0
SYN-ADV-02373,12651.65,3,0.49,1,0,0,0,124,0,0,3,0,10.2,1,0
SYN-ADV-02374,14440.85,4,0.57,1,1,0,1,2322,1,0,5,0,64.8,0,1
SYN-ADV-02375,3709.23,1,0.07,0,0,0,0,90,1,0,3,0,20.4,0,0
SYN-ADV-02376,17777.51,2,0.28,0,0,0,0,733,1,0,8,0,38.0,0,0
SYN-ADV-02377,1858.41,2,0.07,0,0,0,0,754,1,0,2,0,13.8,0,0
SYN-ADV-02378,404.86,1,0.02,0,0,0,0,948,1,0,1,0,6.4,0,0
SYN-ADV-02379,26304.91,4,0.6,1,0,1,0,1844,1,0,7,1,72.5,1,1
SYN-ADV-02380,3928.58,1,0.17,0,0,0,0,219,1,1,2,0,14.2,0,0
SYN-ADV-02381,1873.63,1,0.18,0,0,0,1,77,0,1,7,1,82.4,1,1
SYN-ADV-02382,371.69,2,0.17,0,0,0,0,227,1,0,2,0,5.2,0,0
SYN-ADV-02383,2555.61,1,0.18,0,0,0,0,192,1,1,2,0,24.5,0,0
SYN-ADV-02384,665.28,1,0.13,0,0,0,0,283,1,1,3,0,37.8,0,0
SYN-ADV-02385,10.0,1,0.15,1,1,1,0,14,0,1,1,0,25.6,1,1
SYN-ADV-02386,4806.94,2,0.25,0,0,0,0,378,1,0,6,0,32.9,0,0
SYN-ADV-02387,25.0,1,0.16,1,1,1,1,10,0,1,1,0,10.0,1,1
SYN-ADV-02388,40514.52,5,0.6,1,0,1,0,47,1,0,3,0,19.1,1,0
SYN-ADV-02389,924.81,1,0.16,0,0,0,0,339,1,0,2,0,3.2,0,0
SYN-ADV-02390,81881.09,3,0.6,1,1,0,0,143,0,0,2,0,23.3,1,0
SYN-ADV-02391,45710.68,4,0.39,1,0,0,0,209,0,0,3,0,15.7,0,0
SYN-ADV-02392,4278.02,2,0.06,0,0,0,0,679,1,0,2,0,2.6,0,0
SYN-ADV-02393,1055.8,2,0.01,0,0,0,0,1367,1,0,1,0,9.6,0,0
SYN-ADV-02394,69092.75,4,0.38,1,0,0,0,172,1,0,4,0,22.0,1,0
SYN-ADV-02395,6930.69,3,0.49,1,1,0,0,65,1,0,3,0,30.1,0,0
SYN-ADV-02396,80881.57,2,0.51,1,1,0,0,125,1,0,3,0,12.0,0,0
SYN-ADV-02397,4500.0,7,0.55,1,1,1,1,9,0,1,12,3,77.8,1,1
SYN-ADV-02398,1530.66,1,0.15,0,0,0,0,1969,1,0,2,0,2.6,0,0
SYN-ADV-02399,53409.53,5,0.65,1,1,0,0,105,1,0,4,0,12.0,0,0
SYN-ADV-02400,1846.88,2,0.17,0,0,0,0,523,1,0,1,0,4.6,0,0
SYN-ADV-02401,1667.85,1,0.16,0,0,0,0,1750,1,0,1,0,3.3,0,0
SYN-ADV-02402,20490.21,4,0.11,0,0,0,0,346,1,0,8,0,26.7,0,0
SYN-ADV-02403,44.0,1,0.12,0,0,0,0,1851,1,0,1,0,5.8,0,0
SYN-ADV-02404,24721.69,2,0.14,0,0,0,0,501,1,0,6,0,36.8,0,0
SYN-ADV-02405,5560.83,5,0.63,1,0,0,0,74,0,0,4,0,29.6,0,0
SYN-ADV-02406,76632.0,2,0.43,1,0,1,0,218,1,0,4,0,16.0,0,0
SYN-ADV-02407,15093.29,3,0.14,0,0,0,0,597,1,0,6,0,26.9,0,0
SYN-ADV-02408,21227.09,2,0.21,0,0,0,0,1179,1,0,5,0,23.9,0,0
SYN-ADV-02409,3751.34,2,0.02,0,0,0,0,221,1,0,3,0,12.2,0,0
SYN-ADV-02410,1020.6,1,0.07,0,0,0,0,412,1,0,2,0,5.1,0,0
SYN-ADV-02411,265.31,1,0.09,0,0,0,0,234,1,0,2,0,2.6,0,0
SYN-ADV-02412,75967.95,2,0.51,1,0,0,0,106,1,0,2,0,22.9,0,0
SYN-ADV-02413,3828.31,1,0.16,0,0,0,0,1171,1,0,1,0,3.9,0,0
SYN-ADV-02414,27961.49,3,0.22,1,0,0,0,2125,1,0,7,1,70.7,1,1
SYN-ADV-02415,82534.06,2,0.27,1,0,1,0,282,1,0,3,0,30.6,0,0
SYN-ADV-02416,13390.91,2,0.17,1,1,0,0,1374,1,0,4,1,48.7,1,1
SYN-ADV-02417,63.39,2,0.08,0,0,0,0,1635,1,0,1,0,5.7,0,0
SYN-ADV-02418,147.53,2,0.15,0,0,0,0,1830,1,0,2,0,4.0,0,0
SYN-ADV-02419,100.0,1,0.04,1,1,1,1,1,0,1,1,0,15.9,1,1
SYN-ADV-02420,8779.41,2,0.3,0,0,0,0,67,0,1,9,1,82.4,0,1
SYN-ADV-02421,15486.55,4,0.57,1,0,1,0,236,0,0,4,0,10.1,0,0
SYN-ADV-02422,2996.63,1,0.09,0,0,0,0,584,1,0,2,0,7.5,0,0
SYN-ADV-02423,16801.23,2,0.21,0,0,0,0,363,1,0,7,0,28.5,0,0
SYN-ADV-02424,25000.0,4,0.33,1,1,1,1,26,0,1,10,4,84.8,1,1
SYN-ADV-02425,50813.56,2,0.55,0,0,0,0,267,0,0,3,0,28.6,0,0
SYN-ADV-02426,500.0,5,0.76,1,1,1,0,11,0,1,11,1,80.2,1,1
SYN-ADV-02427,34043.5,4,0.31,0,0,0,0,1047,1,0,8,0,42.4,0,0
SYN-ADV-02428,321.94,2,0.12,0,0,1,0,82,0,1,6,2,76.2,1,1
SYN-ADV-02429,7168.83,4,0.28,0,0,0,0,670,1,0,6,0,42.0,0,0
SYN-ADV-02430,1500.0,1,0.06,1,1,0,1,13,0,1,1,0,14.1,1,1
SYN-ADV-02431,4827.92,2,0.16,0,0,0,0,333,1,0,3,0,24.3,1,0
SYN-ADV-02432,2834.78,1,0.05,0,0,0,0,2391,1,0,2,0,10.5,0,0
SYN-ADV-02433,50.0,7,0.24,1,1,0,1,22,0,1,7,3,78.5,1,1
SYN-ADV-02434,10.0,6,0.54,1,1,1,1,29,0,1,9,3,74.8,1,1
SYN-ADV-02435,5569.05,2,0.07,0,0,0,0,484,1,0,1,0,9.2,0,0
SYN-ADV-02436,7856.99,1,0.05,0,0,0,0,41,0,1,7,3,81.7,1,1
SYN-ADV-02437,555.78,2,0.19,0,0,1,0,63,1,1,4,2,74.2,1,1
SYN-ADV-02438,125.53,2,0.01,0,0,0,0,1680,1,0,1,0,5.1,0,0
SYN-ADV-02439,405.81,2,0.13,0,0,0,0,894,1,0,2,0,3.8,0,0
SYN-ADV-02440,33164.79,1,0.44,0,1,1,0,1253,1,0,3,0,71.1,1,1
SYN-ADV-02441,174.67,1,0.09,0,0,0,0,1921,1,0,1,0,6.8,0,0
SYN-ADV-02442,253.98,2,0.17,0,0,0,0,256,1,0,1,0,5.2,0,0
SYN-ADV-02443,4063.28,2,0.17,0,0,0,0,436,1,0,3,0,36.6,0,0
SYN-ADV-02444,1500.0,1,0.06,1,1,1,0,4,0,1,1,0,34.5,1,1
SYN-ADV-02445,2525.15,2,0.21,0,0,0,0,336,1,0,3,0,12.9,0,0
SYN-ADV-02446,504.36,2,0.01,0,0,0,0,1355,1,0,1,0,3.9,0,0
SYN-ADV-02447,30852.78,3,0.16,0,0,0,0,314,1,0,6,0,47.3,0,0
SYN-ADV-02448,4500.0,2,0.2,1,1,1,0,28,0,1,6,3,85.6,1,1
SYN-ADV-02449,411.94,2,0.01,0,0,0,0,499,1,0,1,0,10.9,0,0
SYN-ADV-02450,459.51,1,0.04,0,0,0,0,990,1,0,2,0,14.2,0,0
SYN-ADV-02451,1696.26,1,0.07,0,0,0,0,2088,1,0,2,0,2.8,0,0
SYN-ADV-02452,369.55,1,0.18,0,0,0,0,727,1,0,1,0,7.9,0,0
SYN-ADV-02453,23590.28,2,0.2,0,0,0,0,739,1,0,7,0,21.9,0,0
SYN-ADV-02454,644.3,2,0.14,0,0,0,0,1018,1,0,2,0,9.5,0,0
SYN-ADV-02455,12443.29,4,0.39,0,0,0,0,793,1,0,9,0,47.2,0,0
SYN-ADV-02456,144.54,2,0.01,0,0,0,0,1529,1,0,2,0,10.9,0,0
SYN-ADV-02457,555.21,2,0.05,0,0,0,0,1188,1,0,1,0,13.1,0,0
SYN-ADV-02458,40581.92,3,0.41,1,0,1,0,117,1,0,3,0,18.8,1,0
SYN-ADV-02459,14080.68,3,0.32,0,0,0,0,880,1,0,9,0,31.4,0,0
SYN-ADV-02460,4500.0,7,0.8,0,1,1,1,18,0,0,7,3,82.3,1,1
SYN-ADV-02461,18309.04,4,0.3,0,1,1,1,2099,1,0,3,1,57.4,1,1
SYN-ADV-02462,248.37,1,0.04,0,0,0,0,1251,1,0,2,0,5.4,0,0
SYN-ADV-02463,52098.27,5,0.62,1,0,0,0,148,1,0,4,0,32.0,1,0
SYN-ADV-02464,1018.66,2,0.17,0,0,0,0,371,1,0,1,0,7.9,0,0
SYN-ADV-02465,938.12,2,0.05,0,0,0,0,1421,1,0,2,0,4.0,0,0
SYN-ADV-02466,4500.0,2,0.23,1,1,1,0,20,0,0,9,1,76.7,1,1
SYN-ADV-02467,434.67,2,0.24,0,0,0,0,72,1,0,8,2,68.1,1,1
SYN-ADV-02468,934.93,2,0.03,0,0,0,0,1685,1,0,2,0,9.9,0,0
SYN-ADV-02469,28905.93,2,0.44,1,0,0,0,296,1,0,4,0,31.4,1,0
SYN-ADV-02470,56217.58,3,0.48,1,0,0,0,68,1,0,3,0,10.0,0,0
SYN-ADV-02471,25.0,1,0.13,1,1,1,1,15,0,1,1,0,23.3,0,1
SYN-ADV-02472,100.0,1,0.13,1,1,1,1,4,0,1,1,0,12.4,1,1
SYN-ADV-02473,17812.86,4,0.23,0,0,0,0,551,1,0,9,0,30.2,0,0
SYN-ADV-02474,1173.36,2,0.02,0,0,0,0,1942,1,0,2,0,14.9,0,0
SYN-ADV-02475,25953.12,2,0.1,0,0,0,0,714,1,0,6,0,43.5,0,0
SYN-ADV-02476,3278.66,2,0.18,0,0,0,0,442,0,1,3,0,16.1,0,0
SYN-ADV-02477,2057.47,2,0.06,0,0,0,0,58,0,0,5,2,74.7,1,1
SYN-ADV-02478,1023.23,1,0.03,0,0,0,0,2016,1,0,1,0,11.1,0,0
SYN-ADV-02479,19543.46,3,0.51,1,0,0,0,91,1,0,4,0,13.3,0,0
SYN-ADV-02480,1005.09,2,0.17,0,0,0,0,1479,1,0,2,0,10.1,0,0
SYN-ADV-02481,3260.62,3,0.38,0,0,0,0,421,1,0,6,0,32.9,0,0
SYN-ADV-02482,29938.71,1,0.35,1,1,0,0,1166,1,0,6,0,62.2,1,1
SYN-ADV-02483,27294.58,3,0.19,0,0,0,0,459,1,0,9,0,37.6,0,0
SYN-ADV-02484,611.77,2,0.16,0,0,0,0,2029,1,0,2,0,11.1,0,0
SYN-ADV-02485,35911.18,4,0.37,1,1,1,0,2471,1,0,7,1,65.6,0,1
SYN-ADV-02486,17539.99,2,0.21,0,0,0,0,246,1,0,7,0,33.8,0,0
SYN-ADV-02487,25000.0,4,0.38,0,1,1,1,29,0,1,12,4,76.5,1,1
SYN-ADV-02488,10.0,7,0.46,1,1,1,1,6,1,1,5,3,88.2,1,1
SYN-ADV-02489,678.89,2,0.21,0,0,0,0,431,1,0,2,0,33.2,1,0
SYN-ADV-02490,1273.05,1,0.18,0,0,0,0,1789,1,0,1,0,13.3,0,0
SYN-ADV-02491,26996.93,2,0.37,1,1,1,0,1173,1,0,4,1,66.2,1,1
SYN-ADV-02492,1567.38,2,0.13,0,0,0,0,2060,1,0,1,0,5.2,0,0
SYN-ADV-02493,1221.66,2,0.1,0,0,0,0,2085,1,0,2,0,13.2,0,0
SYN-ADV-02494,1640.59,1,0.2,0,0,0,0,982,1,0,2,0,6.6,0,0
SYN-ADV-02495,1284.02,2,0.09,0,0,0,0,615,1,0,1,0,12.9,0,0
SYN-ADV-02496,504.93,1,0.03,0,0,0,0,1548,1,0,2,0,10.2,0,0
SYN-ADV-02497,317.88,2,0.09,0,0,0,0,334,1,0,2,0,3.7,0,0
SYN-ADV-02498,1545.85,2,0.24,0,0,0,0,76,0,0,6,1,72.2,0,1
SYN-ADV-02499,702.42,1,0.09,0,0,0,0,187,0,0,2,0,31.6,0,0
SYN-ADV-02500,4007.74,1,0.07,0,0,0,0,304,0,1,3,0,33.3,0,0
SYN-ADV-02501,64492.37,5,0.6,1,0,1,0,117,1,0,3,0,27.7,0,0
SYN-ADV-02502,718.92,2,0.06,0,0,0,0,2137,1,0,2,0,2.3,0,0
SYN-ADV-02503,10036.83,3,0.32,0,0,0,0,617,1,0,7,0,42.8,0,0
SYN-ADV-02504,10979.92,2,0.43,1,0,1,1,943,1,0,5,1,59.9,1,1
SYN-ADV-02505,1235.55,1,0.14,0,0,0,0,1156,1,0,1,0,8.6,0,0
SYN-ADV-02506,27655.75,2,0.31,0,0,0,0,319,1,0,9,0,43.2,0,0
SYN-ADV-02507,14469.38,4,0.3,0,0,0,0,837,1,0,6,0,47.9,0,0
SYN-ADV-02508,50.0,4,0.17,1,1,1,1,26,0,1,11,4,72.5,1,1
SYN-ADV-02509,100.0,1,0.16,1,1,1,0,6,0,1,1,0,28.6,1,1
SYN-ADV-02510,384.25,1,0.19,0,0,0,0,2194,1,0,2,0,11.6,0,0
SYN-ADV-02511,22317.18,3,0.12,0,0,0,0,183,1,0,7,0,20.4,0,0
SYN-ADV-02512,50.0,2,0.49,1,1,1,0,12,1,1,9,3,86.7,1,1
SYN-ADV-02513,15.98,2,0.17,0,0,0,0,1033,1,0,2,0,12.5,0,0
SYN-ADV-02514,6492.32,3,0.35,0,0,0,0,26,0,1,9,1,87.3,0,1
SYN-ADV-02515,25.0,1,0.09,1,1,0,1,12,0,1,1,0,26.1,1,1
SYN-ADV-02516,6288.69,2,0.22,0,0,0,0,643,1,0,8,0,23.4,0,0
SYN-ADV-02517,934.63,2,0.09,0,0,0,0,519,1,0,1,0,3.8,0,0
SYN-ADV-02518,162.7,2,0.18,0,0,0,0,1338,1,0,1,0,12.5,0,0
SYN-ADV-02519,3817.53,1,0.16,0,0,0,0,724,1,0,1,0,10.8,0,0
SYN-ADV-02520,531.83,2,0.13,0,0,0,0,362,1,0,1,0,13.7,0,0
SYN-ADV-02521,4500.0,5,0.52,0,1,1,1,18,0,1,10,2,86.0,1,1
SYN-ADV-02522,3601.05,2,0.07,0,0,0,0,872,1,0,1,0,5.2,0,0
SYN-ADV-02523,956.88,1,0.1,0,0,0,0,1819,1,0,2,0,7.6,0,0
SYN-ADV-02524,30728.0,3,0.34,0,0,0,0,292,1,0,9,0,30.7,0,0
SYN-ADV-02525,1017.0,1,0.08,0,0,0,0,472,1,0,2,0,11.6,0,0
SYN-ADV-02526,1377.9,2,0.08,0,0,0,0,846,1,0,1,0,8.3,0,0
SYN-ADV-02527,4283.88,2,0.21,0,0,0,0,182,1,1,3,0,12.1,1,0
SYN-ADV-02528,13656.44,4,0.32,0,0,0,0,393,1,0,7,0,41.8,0,0
SYN-ADV-02529,2651.5,2,0.18,0,0,0,0,1835,1,0,2,0,3.8,0,0
SYN-ADV-02530,61.41,1,0.12,0,0,0,0,1431,1,0,2,0,11.8,0,0
SYN-ADV-02531,639.21,1,0.06,0,0,0,0,1679,1,0,2,0,6.9,0,0
SYN-ADV-02532,1447.27,1,0.08,0,0,0,0,2175,1,0,2,0,9.5,0,0
SYN-ADV-02533,3052.21,2,0.08,0,0,1,0,68,0,1,6,1,66.5,0,1
SYN-ADV-02534,2107.43,3,0.28,1,0,1,0,806,1,0,7,0,60.1,1,1
SYN-ADV-02535,68.3,2,0.19,0,0,0,0,551,1,0,2,0,4.7,0,0
SYN-ADV-02536,5506.32,1,0.26,1,1,1,1,2338,1,0,3,1,61.5,1,1
SYN-ADV-02537,28258.57,4,0.43,1,1,1,0,808,1,0,6,1,64.6,1,1
SYN-ADV-02538,29213.96,4,0.16,0,0,0,0,1126,1,0,5,0,30.4,0,0
SYN-ADV-02539,50.0,2,0.4,1,1,1,1,30,0,1,10,1,86.9,0,1
SYN-ADV-02540,500.0,7,0.17,1,1,1,1,6,0,1,7,1,74.1,1,1
SYN-ADV-02541,421.69,1,0.05,0,0,0,0,2327,1,0,1,0,3.7,0,0
SYN-ADV-02542,1949.29,2,0.02,0,0,0,0,1508,1,0,1,0,13.3,0,0
SYN-ADV-02543,1420.96,1,0.14,0,0,0,0,393,1,0,2,0,6.9,0,0
SYN-ADV-02544,300.83,1,0.19,0,0,0,0,389,1,0,1,0,3.5,0,0
SYN-ADV-02545,24737.05,2,0.25,1,1,1,1,1475,1,0,3,0,49.7,1,1
SYN-ADV-02546,2190.94,2,0.25,0,0,0,1,33,0,1,6,3,75.2,0,1
SYN-ADV-02547,1500.0,1,0.09,1,1,1,0,6,0,1,1,0,16.2,1,1
SYN-ADV-02548,2237.7,2,0.13,0,0,0,0,1193,1,0,2,0,10.6,0,0
SYN-ADV-02549,1711.98,2,0.04,0,0,0,0,2132,1,0,1,0,6.6,0,0
SYN-ADV-02550,12369.21,3,0.65,0,0,0,0,78,1,0,3,0,31.1,0,0
SYN-ADV-02551,2159.67,3,0.2,0,0,0,0,48,0,1,6,1,70.7,0,1
SYN-ADV-02552,44.01,1,0.06,0,0,0,0,2008,1,0,2,0,14.0,0,0
SYN-ADV-02553,25889.57,4,0.17,0,0,0,0,393,1,0,9,0,36.3,0,0
SYN-ADV-02554,2254.11,2,0.03,0,0,0,0,1588,1,0,1,0,4.0,0,0
SYN-ADV-02555,4500.0,5,0.79,1,1,1,1,17,0,1,11,2,88.4,1,1
SYN-ADV-02556,500.0,3,0.81,1,1,1,1,24,0,1,6,4,88.1,1,1
SYN-ADV-02557,4900.35,1,0.13,0,0,0,0,516,1,0,2,0,3.3,0,0
SYN-ADV-02558,58904.87,2,0.29,0,0,1,0,281,1,0,2,0,10.5,0,0
SYN-ADV-02559,2021.79,2,0.18,0,0,0,0,426,1,1,2,0,19.1,0,0
SYN-ADV-02560,1433.05,1,0.12,0,0,0,0,773,1,0,2,0,11.5,0,0
SYN-ADV-02561,14425.97,2,0.64,1,1,0,0,271,1,0,3,0,24.1,0,0
SYN-ADV-02562,2841.89,1,0.08,0,0,0,0,1414,1,0,2,0,11.8,0,0
SYN-ADV-02563,8846.26,1,0.23,0,0,0,0,84,1,1,6,1,70.0,0,1
SYN-ADV-02564,10.0,1,0.2,1,1,1,1,5,0,1,1,0,24.2,1,1
SYN-ADV-02565,511.13,1,0.09,0,0,0,0,1118,1,0,1,0,6.3,0,0
SYN-ADV-02566,357.74,2,0.04,0,0,0,0,209,1,0,2,0,22.4,0,0
SYN-ADV-02567,1903.44,2,0.15,0,0,0,0,338,1,0,1,0,4.5,0,0
SYN-ADV-02568,100.0,1,0.05,1,1,1,0,11,0,1,1,0,16.8,1,1
SYN-ADV-02569,100.0,1,0.03,1,1,1,0,1,0,1,1,0,11.8,1,1
SYN-ADV-02570,697.9,1,0.24,0,0,0,0,326,1,0,2,0,32.1,1,0
SYN-ADV-02571,638.21,1,0.18,0,0,0,0,358,1,0,1,0,8.9,0,0
SYN-ADV-02572,892.24,2,0.17,0,0,0,0,687,1,0,2,0,13.9,0,0
SYN-ADV-02573,645.99,1,0.18,0,0,0,0,362,1,0,1,0,5.8,0,0
SYN-ADV-02574,11163.4,1,0.13,0,0,0,0,48,0,0,4,1,72.3,1,1
SYN-ADV-02575,4500.0,6,0.84,1,1,0,1,20,0,1,12,1,90.8,1,1
SYN-ADV-02576,3974.83,1,0.05,0,0,0,0,753,1,0,1,0,9.6,0,0
SYN-ADV-02577,160.36,1,0.2,0,0,0,0,1442,1,0,2,0,10.7,0,0
SYN-ADV-02578,25000.0,6,0.7,1,1,1,1,30,0,1,12,1,89.0,1,1
SYN-ADV-02579,43114.95,4,0.45,1,0,0,0,167,1,0,2,0,10.8,0,0
SYN-ADV-02580,5181.61,1,0.13,0,0,0,0,1752,1,0,1,0,12.2,0,0
SYN-ADV-02581,1059.28,1,0.06,0,0,0,0,821,1,0,1,0,6.5,0,0
SYN-ADV-02582,970.04,1,0.14,0,0,0,0,537,1,0,2,0,4.8,0,0
SYN-ADV-02583,1500.0,1,0.19,1,1,1,0,6,0,1,1,0,14.2,1,1
SYN-ADV-02584,18647.56,3,0.37,0,0,0,0,182,1,0,6,0,37.7,0,0
SYN-ADV-02585,10.0,1,0.19,1,1,1,1,9,0,1,1,0,32.9,1,1
SYN-ADV-02586,27586.12,3,0.64,1,1,0,0,219,1,0,3,0,30.7,0,0
SYN-ADV-02587,7002.0,2,0.28,0,0,1,1,33,0,0,7,1,74.0,1,1
SYN-ADV-02588,15665.54,2,0.18,0,0,0,0,1074,1,0,5,0,33.3,0,0
SYN-ADV-02589,25.35,1,0.07,0,0,0,0,1324,1,0,1,0,12.9,0,0
SYN-ADV-02590,4500.0,6,0.59,0,0,1,0,19,0,1,5,1,93.3,0,1
SYN-ADV-02591,48319.63,2,0.52,0,0,1,0,114,1,0,2,0,20.4,1,0
SYN-ADV-02592,787.27,1,0.03,0,0,0,0,860,1,0,1,0,5.0,0,0
SYN-ADV-02593,8381.89,4,0.15,0,0,0,0,193,1,0,9,0,27.8,0,0
SYN-ADV-02594,7555.2,2,0.21,0,0,0,0,800,1,0,9,0,36.7,0,0
SYN-ADV-02595,1706.8,2,0.08,0,0,0,0,67,0,1,6,1,81.2,0,1
SYN-ADV-02596,7376.1,4,0.33,0,0,0,0,129,1,0,4,0,23.0,0,0
SYN-ADV-02597,4500.0,4,0.19,1,1,0,1,4,0,1,8,1,74.8,1,1
SYN-ADV-02598,321.17,1,0.18,0,0,0,0,619,1,0,2,0,13.8,0,0
SYN-ADV-02599,858.07,2,0.06,0,0,0,0,516,1,0,2,0,13.3,0,0
SYN-ADV-02600,710.84,3,0.28,0,0,1,0,46,0,1,7,2,81.9,1,1
SYN-ADV-02601,19022.89,3,0.26,1,0,0,0,57,1,0,2,0,20.2,0,0
SYN-ADV-02602,7847.04,2,0.52,1,0,1,0,1190,1,0,6,1,45.4,0,1
SYN-ADV-02603,1033.33,2,0.18,0,0,0,0,1724,1,0,2,0,11.1,0,0
SYN-ADV-02604,500.0,3,0.53,1,1,1,1,23,0,1,7,4,72.3,1,1
SYN-ADV-02605,15922.84,4,0.26,1,1,1,1,1517,1,0,5,1,57.4,0,1
SYN-ADV-02606,284.42,1,0.07,0,0,0,0,439,1,0,1,0,6.7,0,0
SYN-ADV-02607,1201.79,2,0.05,0,0,0,0,1832,1,0,1,0,10.3,0,0
SYN-ADV-02608,1619.65,2,0.13,0,0,0,0,285,0,1,2,0,25.8,0,0
SYN-ADV-02609,50.0,4,0.23,1,1,1,1,25,0,1,10,3,77.4,1,1
SYN-ADV-02610,31210.25,4,0.38,1,0,0,0,241,1,0,3,0,22.4,0,0
SYN-ADV-02611,25.0,1,0.08,1,0,1,0,10,0,1,1,0,29.9,1,1
SYN-ADV-02612,7081.05,1,0.33,0,0,0,1,78,1,1,7,1,66.1,1,1
SYN-ADV-02613,53408.07,5,0.32,0,0,1,0,125,1,0,3,0,30.9,0,0
SYN-ADV-02614,7115.42,2,0.41,1,0,0,0,228,1,0,4,0,13.9,0,0
SYN-ADV-02615,17932.27,2,0.22,0,0,0,0,1189,1,0,6,0,42.9,0,0
SYN-ADV-02616,608.56,1,0.03,0,0,0,0,1144,1,0,1,0,8.5,0,0
SYN-ADV-02617,2642.81,2,0.01,0,0,0,0,819,1,0,1,0,7.4,0,0
SYN-ADV-02618,4084.34,4,0.17,0,0,0,0,429,1,0,6,0,30.5,0,0
SYN-ADV-02619,25000.0,5,0.16,1,1,1,0,23,0,1,7,2,90.5,1,1
SYN-ADV-02620,27461.84,5,0.28,1,0,0,0,46,1,0,4,0,31.9,0,0
SYN-ADV-02621,1520.47,3,0.48,0,1,1,0,2033,1,0,6,1,68.5,0,1
SYN-ADV-02622,4500.0,4,0.43,1,1,1,0,22,0,1,8,1,92.2,1,1
SYN-ADV-02623,2253.96,2,0.18,0,0,0,0,204,1,1,3,0,28.9,0,0
SYN-ADV-02624,10.0,8,0.53,1,1,1,1,4,0,1,5,2,74.9,1,1
SYN-ADV-02625,4500.0,7,0.51,0,1,1,1,16,0,1,7,2,87.0,1,1
SYN-ADV-02626,17424.99,3,0.4,1,0,0,0,233,1,0,3,0,11.8,0,0
SYN-ADV-02627,100.0,1,0.05,1,0,1,0,13,0,1,1,0,32.7,1,1
SYN-ADV-02628,1627.57,1,0.18,0,0,0,0,499,1,0,1,0,3.9,0,0
SYN-ADV-02629,178.49,2,0.08,0,0,0,0,1054,1,0,1,0,14.6,0,0
SYN-ADV-02630,1273.91,2,0.03,0,0,0,0,1026,1,0,2,0,7.4,0,0
SYN-ADV-02631,4193.59,2,0.18,0,0,0,0,2345,1,0,1,0,2.5,0,0
SYN-ADV-02632,16633.91,2,0.25,0,0,1,0,55,0,1,6,1,74.9,0,1
SYN-ADV-02633,5261.08,2,0.02,0,0,0,0,791,1,0,2,0,4.4,0,0
SYN-ADV-02634,42523.42,2,0.58,0,1,0,0,1343,1,0,6,1,74.3,1,1
SYN-ADV-02635,92.49,2,0.12,0,0,0,0,854,1,0,1,0,5.6,0,0
SYN-ADV-02636,1781.54,2,0.14,0,0,0,0,692,1,0,1,0,6.0,0,0
SYN-ADV-02637,400.29,2,0.01,0,0,0,0,1892,1,0,1,0,14.6,0,0
SYN-ADV-02638,35646.2,4,0.59,1,0,0,0,109,1,0,3,0,25.6,1,0
SYN-ADV-02639,1307.82,2,0.14,0,0,0,0,2005,1,0,1,0,5.3,0,0
SYN-ADV-02640,2617.1,1,0.02,0,0,0,0,651,1,0,2,0,7.7,0,0
SYN-ADV-02641,14565.56,2,0.16,0,0,0,0,986,1,0,6,0,28.2,0,0
SYN-ADV-02642,663.07,1,0.06,0,0,0,0,1612,1,0,2,0,11.4,0,0
SYN-ADV-02643,2472.64,1,0.08,0,0,0,0,2328,1,0,2,0,11.1,0,0
SYN-ADV-02644,10.0,3,0.27,1,1,1,1,29,1,0,7,2,76.2,1,1
SYN-ADV-02645,147.74,1,0.19,0,0,0,0,1304,1,0,2,0,2.8,0,0
SYN-ADV-02646,1002.05,2,0.09,0,0,0,0,2023,1,0,1,0,7.1,0,0
SYN-ADV-02647,9640.57,2,0.35,0,0,0,0,982,1,0,9,0,31.9,0,0
SYN-ADV-02648,10.0,3,0.76,1,1,0,1,26,0,1,9,2,80.5,1,1
SYN-ADV-02649,2493.56,1,0.05,0,0,0,0,1070,1,0,2,0,13.0,0,0
SYN-ADV-02650,14883.33,4,0.15,0,0,0,0,1180,1,0,9,0,36.9,0,0
SYN-ADV-02651,936.85,1,0.14,0,0,0,0,1761,1,0,1,0,13.1,0,0
SYN-ADV-02652,4059.66,2,0.13,0,0,0,0,1371,1,0,2,0,13.4,0,0
SYN-ADV-02653,4086.47,1,0.12,0,0,0,0,1717,1,0,2,0,5.6,0,0
SYN-ADV-02654,9159.89,3,0.31,1,0,1,0,155,1,0,4,0,31.3,0,0
SYN-ADV-02655,40603.11,3,0.33,1,0,1,0,2150,1,0,3,1,46.5,0,1
SYN-ADV-02656,983.24,1,0.06,0,0,0,0,479,1,0,1,0,5.7,0,0
SYN-ADV-02657,4278.54,4,0.32,1,1,1,1,1769,1,0,3,1,64.4,1,1
SYN-ADV-02658,1617.46,2,0.11,0,0,0,0,1007,1,0,1,0,10.1,0,0
SYN-ADV-02659,3503.87,2,0.2,0,0,0,1,24,0,0,8,2,65.8,0,1
SYN-ADV-02660,17381.42,5,0.57,1,0,0,0,149,1,0,2,0,19.6,1,0
SYN-ADV-02661,826.07,2,0.09,0,0,0,0,2319,1,0,2,0,3.5,0,0
SYN-ADV-02662,1438.2,2,0.17,0,0,0,0,1778,1,0,2,0,6.6,0,0
SYN-ADV-02663,2702.32,1,0.06,0,0,0,0,63,1,1,3,0,34.5,0,0
SYN-ADV-02664,21590.35,3,0.35,1,1,1,0,212,1,0,2,0,22.0,0,0
SYN-ADV-02665,671.98,1,0.12,0,0,0,0,2285,1,0,1,0,5.7,0,0
SYN-ADV-02666,57756.65,2,0.44,1,0,0,0,79,1,0,4,0,27.9,0,0
SYN-ADV-02667,2705.44,2,0.12,0,0,0,0,1052,1,0,1,0,12.6,0,0
SYN-ADV-02668,2709.95,4,0.2,0,0,0,0,341,1,0,8,0,25.0,0,0
SYN-ADV-02669,39399.8,3,0.35,1,0,0,0,76,1,0,2,0,29.2,0,0
SYN-ADV-02670,6132.55,2,0.15,1,0,0,1,1855,1,0,6,1,66.7,1,1
SYN-ADV-02671,182.86,1,0.12,0,0,0,0,883,1,0,2,0,12.3,0,0
SYN-ADV-02672,814.54,1,0.03,0,0,0,0,2253,1,0,2,0,3.8,0,0
SYN-ADV-02673,1500.0,1,0.13,0,1,1,1,8,0,1,1,0,32.7,1,1
SYN-ADV-02674,25.0,1,0.15,1,1,1,1,15,0,1,1,0,26.9,1,1
SYN-ADV-02675,769.43,2,0.17,0,0,0,0,2031,1,0,2,0,3.2,0,0
SYN-ADV-02676,270.85,2,0.19,0,0,0,0,2144,1,0,1,0,6.9,0,0
SYN-ADV-02677,16621.33,3,0.22,0,0,0,0,646,1,0,8,0,28.3,0,0
SYN-ADV-02678,829.98,2,0.11,0,0,0,0,1160,1,0,1,0,5.7,0,0
SYN-ADV-02679,10.0,6,0.64,1,0,0,0,24,0,1,8,4,85.7,0,1
SYN-ADV-02680,3457.11,1,0.22,0,0,0,1,89,0,1,6,3,71.5,1,1
SYN-ADV-02681,1062.02,1,0.07,0,0,0,0,668,1,0,1,0,13.8,0,0
SYN-ADV-02682,64617.73,2,0.27,1,0,1,0,49,1,0,2,0,13.0,0,0
SYN-ADV-02683,1202.89,2,0.21,0,0,0,0,202,1,0,2,0,17.7,1,0
SYN-ADV-02684,3274.73,1,0.08,0,0,0,0,565,1,0,1,0,3.4,0,0
SYN-ADV-02685,2465.57,1,0.21,0,0,0,0,226,1,0,3,0,37.6,0,0
SYN-ADV-02686,4235.98,1,0.29,0,0,1,1,73,0,0,7,2,73.4,0,1
SYN-ADV-02687,1500.0,1,0.11,1,0,0,0,8,0,1,1,0,26.7,1,1
SYN-ADV-02688,2995.64,2,0.16,1,1,1,0,2317,1,0,3,1,62.7,1,1
SYN-ADV-02689,9275.32,2,0.25,0,0,0,0,297,1,0,8,0,46.7,0,0
SYN-ADV-02690,3980.37,2,0.59,1,1,0,1,1925,1,0,4,0,47.7,1,1
SYN-ADV-02691,52146.63,3,0.28,1,1,1,0,203,0,0,4,0,31.3,1,0
SYN-ADV-02692,1987.34,1,0.07,0,0,0,0,1341,1,0,1,0,6.4,0,0
SYN-ADV-02693,22004.44,2,0.29,0,0,0,0,231,1,0,9,0,40.7,0,0
SYN-ADV-02694,500.0,7,0.27,1,1,1,1,8,0,1,6,2,93.7,1,1
SYN-ADV-02695,4670.34,4,0.19,0,0,0,0,649,1,0,7,0,41.5,0,0
SYN-ADV-02696,2808.27,2,0.18,0,0,0,0,1102,1,0,1,0,14.9,0,0
SYN-ADV-02697,729.73,1,0.02,0,0,0,0,1628,1,0,1,0,10.8,0,0
SYN-ADV-02698,240.16,2,0.13,0,0,0,0,133,1,0,3,0,37.4,1,0
SYN-ADV-02699,2803.89,1,0.15,0,0,0,0,773,1,0,2,0,9.9,0,0
SYN-ADV-02700,1097.61,2,0.15,0,0,0,0,1658,1,0,1,0,11.8,0,0
SYN-ADV-02701,4500.0,5,0.46,1,1,1,0,7,0,1,8,4,92.4,1,1
SYN-ADV-02702,58184.11,4,0.26,1,0,0,0,127,1,0,3,0,13.8,1,0
SYN-ADV-02703,75.09,2,0.09,0,0,0,0,2308,1,0,1,0,9.4,0,0
SYN-ADV-02704,24.6,2,0.13,0,0,0,0,550,1,0,2,0,14.9,0,0
SYN-ADV-02705,1098.85,1,0.13,0,0,0,0,327,1,0,2,0,15.5,0,0
SYN-ADV-02706,2431.3,2,0.09,0,0,0,0,338,1,0,2,0,26.3,1,0
SYN-ADV-02707,1969.98,1,0.07,0,0,0,0,496,1,0,2,0,3.6,0,0
SYN-ADV-02708,1682.97,2,0.07,0,0,0,0,971,1,0,1,0,14.4,0,0
SYN-ADV-02709,11931.5,2,0.31,0,0,0,1,78,0,1,6,3,74.9,1,1
SYN-ADV-02710,2308.85,1,0.01,0,0,0,0,952,1,0,2,0,5.5,0,0
SYN-ADV-02711,6973.45,1,0.11,0,0,0,0,2031,1,0,2,0,6.5,0,0
SYN-ADV-02712,1402.73,1,0.13,0,0,0,0,268,1,0,1,0,9.7,0,0
SYN-ADV-02713,10.0,1,0.15,1,1,1,0,14,0,1,1,0,25.6,1,1
SYN-ADV-02714,10.0,1,0.09,1,1,0,1,14,0,1,1,0,14.7,1,1
SYN-ADV-02715,4198.8,1,0.08,0,0,0,0,371,1,0,1,0,12.2,0,0
SYN-ADV-02716,1477.28,1,0.01,0,0,0,0,757,1,0,2,0,12.2,0,0
SYN-ADV-02717,565.56,2,0.04,0,0,0,0,2048,1,0,2,0,5.1,0,0
SYN-ADV-02718,824.85,2,0.2,0,0,0,0,1537,1,0,2,0,13.5,0,0
SYN-ADV-02719,296.19,2,0.07,0,0,0,0,1705,1,0,2,0,10.8,0,0
SYN-ADV-02720,2138.79,2,0.02,0,0,0,0,1758,1,0,2,0,12.3,0,0
SYN-ADV-02721,12377.69,3,0.17,0,0,0,0,518,1,0,5,0,27.9,0,0
SYN-ADV-02722,764.1,2,0.08,0,0,0,0,2305,1,0,1,0,10.7,0,0
SYN-ADV-02723,40.1,1,0.16,0,0,0,0,1136,1,0,2,0,10.5,0,0
SYN-ADV-02724,55398.48,5,0.58,1,0,0,0,205,1,0,2,0,28.9,0,0
SYN-ADV-02725,46961.99,2,0.62,0,0,1,0,254,1,0,4,0,22.3,0,0
SYN-ADV-02726,414.49,2,0.06,0,0,0,0,1963,1,0,2,0,13.3,0,0
SYN-ADV-02727,10.0,8,0.64,1,1,1,0,22,0,1,12,2,88.1,1,1
SYN-ADV-02728,11611.83,4,0.33,0,0,0,0,760,1,0,5,0,39.5,0,0
SYN-ADV-02729,4590.46,2,0.23,0,0,0,0,332,1,0,3,0,29.3,0,0
SYN-ADV-02730,25000.0,2,0.15,1,1,1,1,24,0,1,5,3,93.8,1,1
SYN-ADV-02731,25000.0,2,0.33,1,0,1,1,11,0,1,8,2,88.5,1,1
SYN-ADV-02732,13244.88,2,0.34,0,0,0,0,922,1,0,5,0,23.1,0,0
SYN-ADV-02733,2376.34,2,0.22,0,0,1,0,61,0,0,6,1,77.7,0,1
SYN-ADV-02734,75.28,1,0.16,0,0,0,0,1608,1,0,1,0,11.0,0,0
SYN-ADV-02735,44672.81,3,0.47,1,0,1,0,86,1,0,3,0,31.5,0,0
SYN-ADV-02736,58.61,1,0.12,0,0,0,0,1527,1,0,1,0,3.0,0,0
SYN-ADV-02737,78852.76,4,0.58,1,0,0,0,61,0,0,3,0,13.0,1,0
SYN-ADV-02738,2337.32,2,0.1,0,0,0,0,1213,1,0,2,0,5.3,0,0
SYN-ADV-02739,50.0,8,0.17,1,1,0,0,27,0,1,11,3,91.4,1,1
SYN-ADV-02740,1346.38,2,0.11,0,0,0,0,2293,1,0,2,0,7.1,0,0
SYN-ADV-02741,28532.48,1,0.34,1,1,1,1,2428,1,0,4,0,62.9,0,1
SYN-ADV-02742,2571.54,1,0.09,0,0,0,0,46,1,0,2,0,35.9,1,0
SYN-ADV-02743,497.87,2,0.09,0,0,0,0,609,1,0,1,0,14.4,0,0
SYN-ADV-02744,25.0,1,0.17,1,1,0,1,6,0,1,1,0,31.3,1,1
SYN-ADV-02745,50.0,2,0.21,1,1,1,1,24,0,1,8,1,77.4,1,1
SYN-ADV-02746,1981.21,2,0.13,0,0,0,0,340,1,1,3,0,19.6,1,0
SYN-ADV-02747,12756.09,1,0.38,0,1,1,0,1462,1,0,4,0,47.5,1,1
SYN-ADV-02748,92.85,1,0.14,0,0,0,0,2181,1,0,2,0,3.5,0,0
SYN-ADV-02749,2693.94,2,0.01,0,0,0,0,802,1,0,1,0,14.3,0,0
SYN-ADV-02750,22161.09,3,0.37,0,0,0,0,1162,1,0,7,0,42.6,0,0
SYN-ADV-02751,399.43,1,0.17,0,0,0,0,2285,1,0,1,0,12.9,0,0
SYN-ADV-02752,10859.87,3,0.08,0,0,1,0,39,1,1,4,3,77.6,1,1
SYN-ADV-02753,911.92,2,0.09,0,0,0,0,2086,1,0,2,0,12.1,0,0
SYN-ADV-02754,10.0,4,0.2,1,1,1,0,14,0,1,6,3,91.0,1,1
SYN-ADV-02755,548.88,1,0.05,0,0,0,1,58,0,1,8,2,77.8,1,1
SYN-ADV-02756,500.0,7,0.36,1,1,1,1,15,0,1,5,3,72.2,1,1
SYN-ADV-02757,11377.13,4,0.31,0,0,0,0,875,1,0,7,0,28.3,0,0
SYN-ADV-02758,50.0,3,0.69,1,1,1,1,20,0,1,6,1,91.2,1,1
SYN-ADV-02759,13715.55,1,0.2,1,1,1,0,1820,1,0,4,1,52.1,1,1
SYN-ADV-02760,625.6,1,0.14,0,0,0,0,514,1,0,2,0,8.8,0,0
SYN-ADV-02761,1147.34,2,0.05,0,0,0,0,237,1,0,1,0,9.0,0,0
SYN-ADV-02762,1287.93,1,0.13,0,0,0,0,2161,1,0,1,0,11.6,0,0
SYN-ADV-02763,17640.34,4,0.28,0,0,0,0,493,1,0,8,0,32.0,0,0
SYN-ADV-02764,10.0,1,0.01,1,1,1,0,8,0,1,1,0,32.8,1,1
SYN-ADV-02765,257.45,2,0.12,0,0,0,0,312,1,0,2,0,3.4,0,0
SYN-ADV-02766,10.0,6,0.38,1,0,1,1,11,0,1,9,3,81.2,1,1
SYN-ADV-02767,802.53,2,0.07,0,0,0,0,670,1,0,1,0,7.9,0,0
SYN-ADV-02768,23906.19,5,0.54,1,0,0,0,257,1,0,3,0,15.3,0,0
SYN-ADV-02769,4500.0,8,0.72,0,1,1,1,14,0,1,8,4,88.4,1,1
SYN-ADV-02770,50.0,3,0.62,0,1,1,1,5,0,1,11,2,82.9,1,1
SYN-ADV-02771,14413.27,1,0.18,1,0,0,1,2074,1,0,3,1,53.9,1,1
SYN-ADV-02772,84228.0,5,0.33,0,0,1,0,173,1,0,3,0,21.9,0,0
SYN-ADV-02773,1553.76,2,0.19,0,0,0,0,1086,1,0,2,0,9.2,0,0
SYN-ADV-02774,3273.47,1,0.01,0,0,0,0,1339,1,0,1,0,8.3,0,0
SYN-ADV-02775,23322.63,3,0.32,0,0,0,0,886,1,0,5,0,41.4,0,0
SYN-ADV-02776,407.03,1,0.15,0,0,0,0,793,1,0,1,0,10.6,0,0
SYN-ADV-02777,42174.33,4,0.3,1,1,0,1,2221,1,0,4,1,47.5,1,1
SYN-ADV-02778,50.0,4,0.46,1,1,1,1,21,0,0,5,4,79.4,1,1
SYN-ADV-02779,68204.69,4,0.58,1,0,0,0,74,1,0,2,0,12.3,1,0
SYN-ADV-02780,4672.31,2,0.29,0,0,0,0,22,0,1,4,1,75.0,1,1
SYN-ADV-02781,24753.12,4,0.19,0,0,0,0,1062,1,0,6,0,22.7,0,0
SYN-ADV-02782,269.97,1,0.04,0,0,0,0,2088,1,0,2,0,12.8,0,0
SYN-ADV-02783,19240.68,5,0.29,1,0,1,0,81,1,0,2,0,21.6,0,0
SYN-ADV-02784,1683.78,1,0.08,0,0,0,0,882,1,0,1,0,3.5,0,0
SYN-ADV-02785,10.0,5,0.16,0,1,1,0,6,0,1,8,4,92.3,1,1
SYN-ADV-02786,4500.0,6,0.75,1,1,1,1,25,0,1,12,2,85.2,1,1
SYN-ADV-02787,3927.32,1,0.1,0,0,0,0,245,0,0,2,0,29.7,0,0
SYN-ADV-02788,6702.84,1,0.04,0,0,0,0,1340,1,0,1,0,9.8,0,0
SYN-ADV-02789,6515.99,2,0.28,0,0,0,1,44,0,1,9,1,72.4,0,1
SYN-ADV-02790,100.0,1,0.17,1,0,0,1,12,0,1,1,0,34.8,1,1
SYN-ADV-02791,7985.81,5,0.34,1,0,1,0,151,1,0,4,0,15.5,0,0
SYN-ADV-02792,9572.91,2,0.28,0,0,0,0,188,1,0,8,0,36.7,0,0
SYN-ADV-02793,960.77,2,0.16,0,0,0,0,388,1,0,2,0,11.0,0,0
SYN-ADV-02794,75554.34,5,0.3,1,0,0,0,135,1,0,3,0,20.6,0,0
SYN-ADV-02795,29812.0,1,0.34,1,1,1,0,1663,1,0,4,0,58.6,1,1
SYN-ADV-02796,22328.75,2,0.47,0,0,1,1,1051,1,0,4,0,73.4,1,1
SYN-ADV-02797,1260.97,1,0.16,0,0,0,0,451,1,0,2,0,10.8,0,0
SYN-ADV-02798,1100.22,3,0.12,0,0,0,0,22,1,1,6,2,71.2,1,1
SYN-ADV-02799,4388.55,2,0.06,0,0,0,0,372,1,0,2,0,33.0,0,0
SYN-ADV-02800,100.0,1,0.09,1,0,1,0,9,0,1,1,0,20.6,1,1
SYN-ADV-02801,34665.04,2,0.28,0,0,0,0,769,1,0,7,0,22.9,0,0
SYN-ADV-02802,20392.44,2,0.61,1,0,0,0,113,1,0,3,0,31.8,0,0
SYN-ADV-02803,19028.55,2,0.22,0,0,0,0,257,1,0,5,0,20.8,0,0
SYN-ADV-02804,4500.0,4,0.56,1,1,0,1,8,0,1,11,4,84.8,0,1
SYN-ADV-02805,8131.24,2,0.27,0,0,0,0,419,1,0,6,0,35.0,0,0
SYN-ADV-02806,500.0,2,0.73,1,1,1,0,3,0,1,9,2,78.2,1,1
SYN-ADV-02807,19494.67,1,0.16,0,0,0,0,34,0,1,6,3,76.9,1,1
SYN-ADV-02808,369.19,2,0.05,0,0,0,0,1719,1,0,1,0,14.2,0,0
SYN-ADV-02809,14890.59,4,0.18,0,0,0,0,218,1,0,9,0,32.2,0,0
SYN-ADV-02810,3024.98,2,0.04,0,0,0,0,1220,1,0,1,0,7.0,0,0
SYN-ADV-02811,216.94,1,0.12,0,0,0,0,1607,1,0,1,0,7.8,0,0
SYN-ADV-02812,4681.46,1,0.22,0,0,0,0,81,0,0,8,2,79.0,0,1
SYN-ADV-02813,29914.66,2,0.17,0,0,0,0,617,1,0,9,0,44.5,0,0
SYN-ADV-02814,1707.76,2,0.05,0,0,0,0,593,1,0,2,0,7.3,0,0
SYN-ADV-02815,21418.95,2,0.15,0,0,1,1,1741,1,0,6,1,53.2,1,1
SYN-ADV-02816,56604.5,5,0.46,1,0,0,0,177,1,0,3,0,25.4,0,0
SYN-ADV-02817,56398.22,5,0.48,1,0,0,0,87,1,0,2,0,27.6,0,0
SYN-ADV-02818,62265.94,5,0.29,1,0,0,0,211,1,0,3,0,11.7,0,0
SYN-ADV-02819,499.29,1,0.14,0,0,0,0,1774,1,0,2,0,10.6,0,0
SYN-ADV-02820,25.0,1,0.05,1,0,1,0,7,0,1,1,0,24.4,1,1
SYN-ADV-02821,1783.21,2,0.07,0,0,0,0,268,1,0,2,0,12.2,0,0
SYN-ADV-02822,1487.57,1,0.1,0,0,0,0,1473,1,0,1,0,3.8,0,0
SYN-ADV-02823,77096.07,3,0.57,1,0,0,0,130,0,0,3,0,12.7,0,0
SYN-ADV-02824,107.72,2,0.02,0,0,0,0,1185,1,0,2,0,13.3,0,0
SYN-ADV-02825,1412.1,2,0.15,0,0,0,0,1741,1,0,2,0,8.7,0,0
SYN-ADV-02826,22948.51,2,0.26,0,0,0,0,474,1,0,9,0,26.8,0,0
SYN-ADV-02827,2002.24,1,0.14,0,0,0,0,1002,1,0,2,0,8.7,0,0
SYN-ADV-02828,10.0,2,0.68,1,1,1,1,13,0,1,8,1,88.7,1,1
SYN-ADV-02829,3979.65,2,0.04,0,0,0,0,2205,1,0,2,0,6.6,0,0
SYN-ADV-02830,954.18,2,0.02,0,0,0,0,1085,1,0,2,0,6.3,0,0
SYN-ADV-02831,50.0,7,0.42,1,1,1,1,15,0,1,8,2,74.3,1,1
SYN-ADV-02832,463.81,1,0.05,0,0,0,0,2001,1,0,2,0,3.2,0,0
SYN-ADV-02833,1511.96,1,0.1,0,0,0,0,1100,1,0,1,0,13.5,0,0
SYN-ADV-02834,1206.59,2,0.1,0,0,0,0,1953,1,0,1,0,10.8,0,0
SYN-ADV-02835,541.32,2,0.06,0,0,0,0,1807,1,0,2,0,9.0,0,0
SYN-ADV-02836,45755.22,5,0.58,1,0,0,0,236,1,0,4,0,16.3,0,0
SYN-ADV-02837,406.93,3,0.26,0,0,1,0,34,0,1,6,1,87.1,0,1
SYN-ADV-02838,17636.26,4,0.24,0,0,0,0,205,1,0,7,0,44.4,0,0
SYN-ADV-02839,39196.07,4,0.36,1,1,1,1,855,1,0,5,0,68.0,1,1
SYN-ADV-02840,28556.58,1,0.5,1,1,0,0,2330,1,0,6,1,55.7,1,1
SYN-ADV-02841,14136.96,3,0.3,1,0,1,0,1448,1,0,4,1,50.4,1,1
SYN-ADV-02842,156.26,2,0.09,0,0,0,0,330,1,0,1,0,13.2,0,0
SYN-ADV-02843,1500.0,1,0.02,0,1,1,0,14,0,1,1,0,17.7,0,1
SYN-ADV-02844,3753.22,2,0.02,0,0,0,0,2255,1,0,2,0,12.8,0,0
SYN-ADV-02845,246.97,1,0.11,0,0,0,0,1503,1,0,1,0,11.7,0,0
SYN-ADV-02846,79331.92,5,0.42,1,0,0,0,92,1,0,4,0,19.0,0,0
SYN-ADV-02847,4500.0,7,0.54,1,1,1,1,7,0,1,10,2,80.1,1,1
SYN-ADV-02848,1810.16,2,0.01,0,0,0,0,477,1,0,2,0,11.3,0,0
SYN-ADV-02849,3519.95,1,0.19,0,0,0,0,324,1,0,3,0,34.2,0,0
SYN-ADV-02850,24613.3,4,0.26,0,0,0,0,358,1,0,6,0,21.9,0,0
SYN-ADV-02851,10.0,1,0.05,1,1,1,1,8,0,1,1,0,31.7,1,1
SYN-ADV-02852,12223.09,5,0.54,1,1,0,0,199,1,0,2,0,14.1,0,0
SYN-ADV-02853,1602.91,1,0.33,0,0,0,0,38,1,1,5,2,87.8,1,1
SYN-ADV-02854,491.09,2,0.09,0,0,0,0,2235,1,0,2,0,5.9,0,0
SYN-ADV-02855,50.0,4,0.16,1,1,1,1,11,1,0,10,1,79.7,0,1
SYN-ADV-02856,67065.62,4,0.51,1,0,0,0,220,0,0,4,0,11.3,0,0
SYN-ADV-02857,75895.42,2,0.62,0,0,0,0,229,1,0,2,0,18.3,0,0
SYN-ADV-02858,22210.57,3,0.63,1,1,0,0,91,1,0,4,0,26.8,0,0
SYN-ADV-02859,1972.23,1,0.17,0,0,0,0,1777,1,0,1,0,5.4,0,0
SYN-ADV-02860,1655.69,1,0.07,0,0,0,0,843,1,0,1,0,11.0,0,0
SYN-ADV-02861,50938.66,3,0.64,1,0,0,0,97,1,0,4,0,16.9,0,0
SYN-ADV-02862,10.0,2,0.32,1,1,1,0,14,0,1,6,3,76.9,1,1
SYN-ADV-02863,163.77,2,0.01,0,0,0,0,2006,1,0,1,0,10.7,0,0
SYN-ADV-02864,10223.58,1,0.23,0,0,0,0,88,0,1,6,2,75.5,0,1
SYN-ADV-02865,23990.47,4,0.38,0,1,0,0,139,1,0,2,0,13.1,0,0
SYN-ADV-02866,786.32,2,0.07,0,0,0,0,425,1,0,2,0,6.0,0,0
SYN-ADV-02867,10.0,1,0.01,0,0,1,0,7,0,1,1,0,27.3,1,1
SYN-ADV-02868,25.0,1,0.04,1,1,1,0,7,0,1,1,0,30.6,0,1
SYN-ADV-02869,10.0,7,0.71,1,1,1,0,29,0,1,7,1,83.6,1,1
SYN-ADV-02870,1882.91,1,0.15,0,0,0,0,245,1,0,2,0,9.4,0,0
SYN-ADV-02871,36284.9,3,0.37,0,1,1,0,1023,1,0,4,1,73.8,1,1
SYN-ADV-02872,34.47,2,0.12,0,0,0,0,2220,1,0,1,0,5.3,0,0
SYN-ADV-02873,21644.01,1,0.22,1,1,1,0,791,1,0,5,0,60.4,0,1
SYN-ADV-02874,25461.15,2,0.37,0,0,0,0,1150,1,0,9,0,31.2,0,0
SYN-ADV-02875,410.81,1,0.06,0,0,0,0,123,1,0,3,0,34.0,0,0
SYN-ADV-02876,43025.94,4,0.46,1,1,0,1,2483,1,0,3,1,74.2,1,1
SYN-ADV-02877,148.34,2,0.19,0,0,0,0,1263,1,0,1,0,2.5,0,0
SYN-ADV-02878,732.0,2,0.13,0,0,0,0,1651,1,0,2,0,12.5,0,0
SYN-ADV-02879,1500.0,1,0.11,0,1,0,1,12,0,1,1,0,34.6,0,1
SYN-ADV-02880,427.25,1,0.02,0,0,0,0,1794,1,0,1,0,7.4,0,0
SYN-ADV-02881,50.0,8,0.54,0,0,1,0,20,0,0,12,3,86.6,1,1
SYN-ADV-02882,167.46,1,0.05,0,0,0,0,268,1,0,1,0,6.3,0,0
SYN-ADV-02883,6568.51,2,0.17,0,0,0,0,2334,1,0,2,0,11.5,0,0
SYN-ADV-02884,1153.52,2,0.07,0,0,0,0,699,1,0,2,0,8.0,0,0
SYN-ADV-02885,4052.84,3,0.17,0,0,0,0,631,1,0,6,0,35.7,0,0
SYN-ADV-02886,4436.98,2,0.13,0,0,0,0,357,1,0,2,0,15.3,0,0
SYN-ADV-02887,69626.27,4,0.6,1,0,0,0,256,1,0,3,0,18.4,0,0
SYN-ADV-02888,7920.97,4,0.38,0,0,0,0,727,1,0,6,0,44.4,0,0
SYN-ADV-02889,50.0,7,0.5,1,1,1,1,14,0,1,10,4,83.8,1,1
SYN-ADV-02890,788.01,2,0.1,0,0,0,0,1877,1,0,2,0,8.5,0,0
SYN-ADV-02891,36937.89,4,0.57,1,0,0,0,211,1,0,3,0,17.4,1,0
SYN-ADV-02892,21053.29,5,0.38,1,0,1,0,126,0,0,4,0,23.7,0,0
SYN-ADV-02893,229.44,2,0.03,0,0,0,0,463,1,0,2,0,14.6,0,0
SYN-ADV-02894,75985.81,3,0.42,1,1,0,0,105,1,0,4,0,20.8,0,0
SYN-ADV-02895,25000.0,5,0.37,1,1,1,1,6,0,1,11,2,92.6,1,1
SYN-ADV-02896,50257.96,3,0.39,1,1,0,0,247,1,0,2,0,11.9,0,0
SYN-ADV-02897,57176.61,3,0.32,1,1,1,0,155,1,0,4,0,23.2,0,0
SYN-ADV-02898,8905.59,4,0.42,1,0,0,0,62,1,0,2,0,14.3,0,0
SYN-ADV-02899,100.0,1,0.18,1,1,1,0,7,0,1,1,0,34.7,1,1
SYN-ADV-02900,13104.62,3,0.23,0,0,0,0,196,1,0,7,0,26.9,0,0
SYN-ADV-02901,18593.37,4,0.37,1,0,0,0,982,1,0,6,1,63.9,1,1
SYN-ADV-02902,60741.12,4,0.5,1,0,1,0,223,1,0,4,0,23.8,0,0
SYN-ADV-02903,34154.46,2,0.32,1,0,0,0,209,1,0,4,0,28.4,0,0
SYN-ADV-02904,10.0,7,0.47,1,1,1,0,15,0,1,10,4,82.5,1,1
SYN-ADV-02905,4500.0,2,0.43,1,1,0,0,5,0,0,6,1,82.0,1,1
SYN-ADV-02906,25000.0,7,0.62,1,1,1,1,9,0,1,9,2,83.4,1,1
SYN-ADV-02907,35457.12,3,0.45,1,1,1,1,1353,1,0,7,0,59.4,1,1
SYN-ADV-02908,54020.56,3,0.51,1,0,0,0,286,1,0,2,0,17.4,0,0
SYN-ADV-02909,33399.36,4,0.1,0,0,0,0,776,1,0,7,0,41.5,0,0
SYN-ADV-02910,216.24,1,0.1,0,0,0,0,1187,1,0,2,0,13.2,0,0
SYN-ADV-02911,1927.72,2,0.13,0,0,0,0,56,1,1,3,0,28.7,0,0
SYN-ADV-02912,991.54,2,0.13,0,0,0,0,1276,1,0,1,0,10.6,0,0
SYN-ADV-02913,57741.06,5,0.3,1,0,0,0,217,1,0,2,0,14.9,0,0
SYN-ADV-02914,149.94,2,0.07,0,0,0,0,1811,1,0,2,0,13.4,0,0
SYN-ADV-02915,182.21,1,0.13,0,0,0,0,1486,1,0,1,0,5.1,0,0
SYN-ADV-02916,17452.26,3,0.31,1,0,0,0,2413,1,0,5,1,62.9,0,1
SYN-ADV-02917,414.35,1,0.13,0,0,0,0,1848,1,0,1,0,4.0,0,0
SYN-ADV-02918,47472.24,4,0.5,1,1,1,0,154,1,0,4,0,27.3,0,0
SYN-ADV-02919,12268.95,3,0.13,0,0,0,0,590,1,0,9,0,47.9,0,0
SYN-ADV-02920,1049.12,1,0.06,0,0,0,0,2218,1,0,2,0,11.4,0,0
SYN-ADV-02921,60482.75,4,0.3,1,0,1,0,66,1,0,2,0,21.0,0,0
SYN-ADV-02922,566.76,2,0.02,0,0,0,0,2090,1,0,1,0,4.5,0,0
SYN-ADV-02923,13061.84,2,0.43,1,1,0,0,98,1,0,2,0,30.7,0,0
SYN-ADV-02924,11265.59,2,0.25,0,0,0,0,622,1,0,9,0,25.0,0,0
SYN-ADV-02925,12699.02,2,0.22,0,0,0,0,900,1,0,6,0,23.1,0,0
SYN-ADV-02926,51264.07,3,0.52,1,0,0,0,250,1,0,3,0,32.0,0,0
SYN-ADV-02927,24212.22,4,0.53,1,1,1,0,110,1,0,4,0,14.7,0,0
SYN-ADV-02928,1551.51,1,0.16,0,0,0,0,636,1,0,1,0,10.0,0,0
SYN-ADV-02929,9745.93,4,0.56,1,1,1,0,1585,1,0,6,0,72.7,1,1
SYN-ADV-02930,1829.68,2,0.09,0,0,0,0,456,1,0,2,0,8.8,0,0
SYN-ADV-02931,32106.32,1,0.45,0,0,1,1,1987,1,0,6,0,61.8,1,1
SYN-ADV-02932,3649.41,1,0.2,0,0,0,0,1603,1,0,1,0,14.3,0,0
SYN-ADV-02933,584.2,1,0.18,0,0,0,0,2128,1,0,2,0,11.2,0,0
SYN-ADV-02934,2197.04,1,0.18,0,0,0,0,2342,1,0,2,0,7.6,0,0
SYN-ADV-02935,12076.85,3,0.52,0,0,1,0,180,1,0,2,0,17.1,1,0
SYN-ADV-02936,1703.96,1,0.12,0,0,0,0,801,1,0,2,0,12.5,0,0
SYN-ADV-02937,2132.44,2,0.2,0,0,0,0,1504,1,0,2,0,14.5,0,0
SYN-ADV-02938,812.26,2,0.08,0,0,0,0,1724,1,0,1,0,4.4,0,0
SYN-ADV-02939,1721.72,2,0.23,0,0,0,0,86,1,0,3,0,14.2,0,0
SYN-ADV-02940,207.51,1,0.14,0,0,0,0,791,1,0,1,0,4.7,0,0
SYN-ADV-02941,56477.46,2,0.53,1,0,0,0,199,1,0,4,0,27.1,0,0
SYN-ADV-02942,585.3,2,0.17,0,0,0,0,114,1,1,2,0,17.2,0,0
SYN-ADV-02943,111.07,1,0.03,0,0,0,0,2014,1,0,1,0,9.0,0,0
SYN-ADV-02944,1072.62,1,0.05,0,0,0,0,2281,1,0,2,0,13.4,0,0
SYN-ADV-02945,1624.87,2,0.1,0,0,0,0,2177,1,0,1,0,11.5,0,0
SYN-ADV-02946,2604.02,2,0.25,0,0,0,1,79,0,1,5,3,78.9,1,1
SYN-ADV-02947,783.0,2,0.14,0,0,0,0,469,1,0,2,0,4.4,0,0
SYN-ADV-02948,50.0,2,0.31,1,1,1,0,6,0,1,8,1,77.0,1,1
SYN-ADV-02949,2343.38,2,0.25,0,0,0,1,64,0,1,8,1,74.2,1,1
SYN-ADV-02950,1631.85,1,0.13,0,0,0,0,283,1,0,2,0,12.2,0,0
SYN-ADV-02951,36195.76,1,0.58,0,0,0,1,967,1,0,5,0,74.9,1,1
SYN-ADV-02952,59614.16,2,0.47,1,0,0,0,141,1,0,4,0,13.1,0,0
SYN-ADV-02953,2535.78,2,0.06,0,0,0,0,682,1,0,2,0,14.0,0,0
SYN-ADV-02954,4385.2,1,0.24,0,0,0,1,53,1,1,4,1,69.0,1,1
SYN-ADV-02955,3832.31,2,0.1,0,0,0,0,171,1,1,2,0,17.2,0,0
SYN-ADV-02956,988.45,2,0.05,0,0,0,0,538,1,0,1,0,7.3,0,0
SYN-ADV-02957,75831.16,4,0.59,1,0,1,0,156,1,0,4,0,17.6,1,0
SYN-ADV-02958,5044.7,1,0.56,0,1,1,1,1870,1,0,5,1,73.5,1,1
SYN-ADV-02959,633.93,1,0.19,0,0,0,0,1588,1,0,2,0,3.3,0,0
SYN-ADV-02960,760.74,1,0.17,0,0,0,0,309,1,0,1,0,2.4,0,0
SYN-ADV-02961,2003.45,2,0.18,0,0,0,0,1442,1,0,1,0,3.7,0,0
SYN-ADV-02962,105.53,2,0.01,0,0,0,0,581,1,0,2,0,5.3,0,0
SYN-ADV-02963,65861.29,4,0.33,1,0,1,0,277,1,0,3,0,20.1,0,0
SYN-ADV-02964,9851.28,5,0.36,1,0,0,0,277,1,0,4,0,28.5,0,0
SYN-ADV-02965,17853.62,2,0.11,0,0,0,0,411,1,0,6,0,27.4,0,0
SYN-ADV-02966,64873.35,5,0.38,1,0,0,0,219,1,0,2,0,16.6,0,0
SYN-ADV-02967,2451.92,1,0.12,0,0,0,0,1997,1,0,1,0,13.0,0,0
SYN-ADV-02968,138.9,2,0.08,0,0,0,0,1596,1,0,2,0,4.1,0,0
SYN-ADV-02969,27354.29,3,0.52,0,1,1,0,915,1,0,3,1,73.6,1,1
SYN-ADV-02970,4429.34,2,0.09,0,0,0,0,410,1,0,2,0,25.3,0,0
SYN-ADV-02971,18351.95,2,0.28,1,0,0,0,1887,1,0,3,1,52.7,1,1
SYN-ADV-02972,247.3,2,0.15,0,0,0,0,246,1,0,2,0,6.9,0,0
SYN-ADV-02973,865.49,1,0.19,0,0,0,0,1870,1,0,1,0,4.8,0,0
SYN-ADV-02974,19324.87,4,0.17,0,1,1,0,1920,1,0,5,1,67.7,1,1
SYN-ADV-02975,4224.37,2,0.04,0,0,0,0,1112,1,0,2,0,8.1,0,0
SYN-ADV-02976,1500.0,1,0.02,1,1,1,1,6,0,1,1,0,13.1,1,1
SYN-ADV-02977,19994.51,2,0.41,0,0,1,0,148,1,0,2,0,25.1,0,0
SYN-ADV-02978,534.34,1,0.11,0,0,0,1,45,0,0,9,1,84.2,0,1
SYN-ADV-02979,1506.76,2,0.14,0,0,0,0,209,1,0,2,0,10.0,0,0
SYN-ADV-02980,8698.7,3,0.26,0,0,0,0,581,1,0,7,0,41.8,0,0
SYN-ADV-02981,5436.18,4,0.2,0,0,0,0,673,1,0,5,0,20.9,0,0
SYN-ADV-02982,4257.28,2,0.06,0,0,0,0,1577,1,0,2,0,8.9,0,0
SYN-ADV-02983,3135.77,2,0.06,0,0,0,0,676,1,0,1,0,5.3,0,0
SYN-ADV-02984,4822.81,1,0.14,0,0,0,0,33,1,0,3,0,31.8,0,0
SYN-ADV-02985,500.0,8,0.12,1,0,1,1,17,0,1,7,1,77.0,1,1
SYN-ADV-02986,10.0,1,0.06,1,1,0,1,12,0,1,1,0,32.6,1,1
SYN-ADV-02987,794.86,1,0.19,0,0,0,0,739,1,0,2,0,9.4,0,0
SYN-ADV-02988,1318.56,1,0.18,0,0,0,0,2327,1,0,2,0,4.6,0,0
SYN-ADV-02989,566.19,1,0.21,0,0,0,0,320,1,0,2,0,24.3,0,0
SYN-ADV-02990,29033.36,5,0.25,1,1,0,0,48,1,0,2,0,17.1,0,0
SYN-ADV-02991,22713.57,3,0.46,1,1,0,0,2043,1,0,3,1,71.6,1,1
SYN-ADV-02992,11326.71,3,0.18,0,0,0,0,690,1,0,9,0,23.8,0,0
SYN-ADV-02993,527.12,2,0.11,0,0,0,0,97,0,0,2,0,32.3,0,0
SYN-ADV-02994,6085.16,2,0.06,0,0,0,0,899,1,0,1,0,5.0,0,0
SYN-ADV-02995,2541.14,1,0.1,0,0,0,0,1599,1,0,2,0,11.6,0,0
SYN-ADV-02996,227.66,1,0.05,0,0,0,0,1725,1,0,2,0,3.8,0,0
SYN-ADV-02997,25659.5,4,0.39,1,1,0,0,1387,1,0,6,0,49.6,1,1
SYN-ADV-02998,26431.29,4,0.45,1,0,1,0,231,1,0,2,0,22.4,0,0
SYN-ADV-02999,99.17,2,0.14,0,0,0,0,313,1,0,1,0,6.6,0,0
SYN-ADV-03000,8697.61,3,0.47,1,1,1,0,121,0,0,3,0,28.5,0,0
SYN-ADV-03001,4284.78,2,0.15,0,0,0,0,288,1,0,3,0,25.9,0,0
SYN-ADV-03002,380.66,2,0.16,0,0,0,0,516,1,0,2,0,13.0,0,0
SYN-ADV-03003,89.36,2,0.03,0,0,0,0,875,1,0,1,0,13.8,0,0
SYN-ADV-03004,29490.92,3,0.19,0,0,0,0,1059,1,0,5,0,47.9,0,0
SYN-ADV-03005,32229.06,3,0.27,0,0,0,0,658,1,0,6,0,36.3,0,0
SYN-ADV-03006,7167.44,1,0.38,1,0,1,0,2321,1,0,6,0,52.1,0,1
SYN-ADV-03007,2427.53,2,0.1,0,0,0,0,1256,1,0,2,0,4.5,0,0
SYN-ADV-03008,55373.17,4,0.59,1,0,0,0,237,1,0,2,0,17.4,0,0
SYN-ADV-03009,12490.02,4,0.36,0,0,0,0,843,1,0,5,0,43.4,0,0
SYN-ADV-03010,50708.35,3,0.36,1,1,1,0,195,1,0,3,0,31.1,0,0
SYN-ADV-03011,20947.78,2,0.28,0,0,0,0,609,1,0,7,0,33.5,0,0
SYN-ADV-03012,15195.58,3,0.41,1,0,0,0,109,1,0,4,0,13.4,1,0
SYN-ADV-03013,4768.2,1,0.02,0,0,0,0,546,1,0,2,0,14.0,0,0
SYN-ADV-03014,1408.64,1,0.18,0,0,0,0,1560,1,0,1,0,8.1,0,0
SYN-ADV-03015,10.0,8,0.45,1,1,0,1,30,0,1,5,1,86.0,1,1
SYN-ADV-03016,25.0,1,0.05,1,1,1,1,5,0,1,1,0,14.1,1,1
SYN-ADV-03017,71725.13,4,0.5,1,0,0,0,289,1,0,2,0,31.6,0,0
SYN-ADV-03018,107.15,1,0.04,0,0,0,0,869,1,0,2,0,8.0,0,0
SYN-ADV-03019,37214.72,2,0.27,1,0,1,0,64,1,0,4,0,11.2,0,0
SYN-ADV-03020,4695.49,4,0.19,0,0,0,0,329,1,0,8,0,34.1,0,0
SYN-ADV-03021,33583.24,3,0.29,1,1,0,1,1209,1,0,3,1,59.8,1,1
SYN-ADV-03022,1662.27,1,0.15,0,0,0,0,2014,1,0,2,0,12.5,0,0
SYN-ADV-03023,25000.0,3,0.57,1,1,1,1,11,0,1,7,3,75.8,1,1
SYN-ADV-03024,282.55,2,0.1,0,0,0,0,1216,1,0,1,0,13.6,0,0
SYN-ADV-03025,4500.0,3,0.31,1,0,1,1,10,0,1,7,2,78.4,1,1
SYN-ADV-03026,25000.0,6,0.38,1,1,1,1,4,0,1,5,2,77.5,1,1
SYN-ADV-03027,2732.67,1,0.31,1,1,1,0,1246,1,0,3,1,49.6,1,1
SYN-ADV-03028,775.73,2,0.19,0,0,0,0,1810,1,0,2,0,2.9,0,0
SYN-ADV-03029,1005.42,1,0.08,0,0,0,0,1724,1,0,1,0,3.7,0,0
SYN-ADV-03030,36334.12,1,0.57,0,1,1,1,2200,1,0,5,0,55.5,1,1
SYN-ADV-03031,12576.96,3,0.38,0,0,0,0,1177,1,0,5,0,37.3,0,0
SYN-ADV-03032,1071.91,1,0.07,0,0,0,0,2236,1,0,2,0,6.7,0,0
SYN-ADV-03033,125.72,2,0.09,0,0,0,0,1144,1,0,1,0,14.5,0,0
SYN-ADV-03034,15516.87,4,0.41,1,0,1,0,255,1,0,2,0,24.8,0,0
SYN-ADV-03035,76342.18,5,0.34,1,0,1,0,268,0,0,3,0,10.9,1,0
SYN-ADV-03036,20777.25,3,0.25,0,0,0,0,547,1,0,8,0,36.7,0,0
SYN-ADV-03037,11187.72,3,0.52,1,0,0,0,66,1,0,4,0,10.8,1,0
SYN-ADV-03038,3873.39,2,0.19,0,0,0,0,55,1,0,3,0,33.6,0,0
SYN-ADV-03039,169.72,1,0.02,0,0,0,0,1800,1,0,1,0,7.0,0,0
SYN-ADV-03040,25000.0,2,0.41,1,1,1,1,29,0,0,5,3,85.8,1,1
SYN-ADV-03041,1183.94,2,0.15,0,0,0,0,2396,1,0,1,0,6.9,0,0
SYN-ADV-03042,10.0,1,0.01,0,1,1,1,11,0,1,1,0,34.6,1,1
SYN-ADV-03043,4392.35,2,0.1,0,0,0,0,991,1,0,2,0,4.7,0,0
SYN-ADV-03044,3076.63,4,0.17,0,0,0,0,921,1,0,5,0,46.9,0,0
SYN-ADV-03045,4500.0,6,0.43,0,1,1,0,14,0,1,9,2,81.1,1,1
SYN-ADV-03046,4500.0,4,0.52,0,1,1,1,14,0,1,12,1,73.8,1,1
SYN-ADV-03047,218.63,2,0.14,0,0,0,0,1696,1,0,2,0,4.7,0,0
SYN-ADV-03048,1111.47,1,0.11,0,0,0,0,1997,1,0,1,0,9.7,0,0
SYN-ADV-03049,10.0,3,0.36,1,1,1,0,10,0,1,12,2,72.4,1,1
SYN-ADV-03050,6850.33,2,0.03,0,0,0,0,858,1,0,2,0,3.4,0,0
SYN-ADV-03051,1500.0,1,0.14,1,1,1,1,6,0,1,1,0,33.9,1,1
SYN-ADV-03052,3359.28,2,0.09,0,0,0,0,46,1,0,2,0,29.3,0,0
SYN-ADV-03053,737.24,1,0.12,0,0,0,0,2231,1,0,2,0,10.2,0,0
SYN-ADV-03054,23685.08,2,0.29,1,1,1,0,1277,1,0,4,1,68.2,1,1
SYN-ADV-03055,10.0,4,0.27,1,1,0,0,18,0,1,6,4,93.8,1,1
SYN-ADV-03056,1679.97,2,0.2,0,0,0,0,1892,1,0,2,0,4.0,0,0
SYN-ADV-03057,60454.96,4,0.29,1,0,1,0,124,1,0,3,0,23.9,1,0
SYN-ADV-03058,12366.81,2,0.25,0,1,1,0,2447,1,0,3,1,47.4,1,1
SYN-ADV-03059,820.35,1,0.17,0,0,0,0,618,1,0,1,0,12.0,0,0
SYN-ADV-03060,627.79,1,0.07,0,0,0,0,1890,1,0,2,0,7.6,0,0
SYN-ADV-03061,170.42,1,0.17,0,0,0,0,1090,1,0,1,0,8.3,0,0
SYN-ADV-03062,3902.36,2,0.17,0,0,0,0,47,1,0,2,0,22.8,0,0
SYN-ADV-03063,53919.91,4,0.37,1,1,0,0,177,1,0,2,0,15.5,0,0
SYN-ADV-03064,62934.95,3,0.6,1,1,0,0,160,0,0,2,0,30.1,1,0
SYN-ADV-03065,4500.0,7,0.54,1,1,1,0,24,0,1,6,1,77.8,0,1
SYN-ADV-03066,420.6,1,0.17,0,0,0,0,712,1,0,2,0,13.0,0,0
SYN-ADV-03067,310.91,1,0.18,0,0,0,0,2191,1,0,2,0,9.3,0,0
SYN-ADV-03068,9371.1,2,0.39,0,0,0,0,405,1,0,7,0,22.2,0,0
SYN-ADV-03069,10.0,1,0.11,1,1,0,0,5,0,1,1,0,10.2,0,1
SYN-ADV-03070,981.79,1,0.04,0,0,0,0,674,1,0,2,0,13.4,0,0
SYN-ADV-03071,1686.65,2,0.03,0,0,0,0,214,1,0,3,0,32.6,0,0
SYN-ADV-03072,509.01,2,0.03,0,0,0,0,2261,1,0,2,0,8.8,0,0
SYN-ADV-03073,50.0,2,0.3,1,1,1,1,7,1,1,10,4,85.2,1,1
SYN-ADV-03074,11201.19,2,0.16,0,0,0,0,1196,1,0,8,0,27.4,0,0
SYN-ADV-03075,2987.0,2,0.02,0,0,0,0,147,1,1,2,0,22.2,0,0
SYN-ADV-03076,3125.87,1,0.05,0,0,0,0,1856,1,0,2,0,2.9,0,0
SYN-ADV-03077,3049.94,2,0.23,0,0,0,0,1008,1,0,8,0,29.8,0,0
SYN-ADV-03078,779.57,1,0.08,0,0,0,0,1824,1,0,1,0,3.1,0,0
SYN-ADV-03079,5755.19,1,0.02,0,0,0,0,2386,1,0,2,0,10.4,0,0
SYN-ADV-03080,10.0,3,0.34,1,1,1,1,17,0,1,12,3,91.3,1,1
SYN-ADV-03081,21476.04,4,0.28,0,0,0,0,700,1,0,7,0,34.5,0,0
SYN-ADV-03082,1983.84,1,0.09,0,0,0,0,636,1,0,1,0,14.8,0,0
SYN-ADV-03083,1310.4,2,0.16,0,0,0,0,216,1,0,1,0,7.8,0,0
SYN-ADV-03084,27369.62,2,0.3,0,0,0,0,500,1,0,9,0,45.4,0,0
SYN-ADV-03085,28790.7,2,0.23,0,0,0,0,285,1,0,5,0,46.1,0,0
SYN-ADV-03086,445.87,1,0.22,0,0,0,0,14,0,1,4,2,71.6,1,1
SYN-ADV-03087,33533.79,5,0.43,1,1,0,0,200,1,0,4,0,19.0,0,0
SYN-ADV-03088,821.32,1,0.05,0,0,0,0,646,1,0,2,0,12.1,0,0
SYN-ADV-03089,10683.54,2,0.31,0,0,0,1,2122,1,0,7,1,56.5,1,1
SYN-ADV-03090,1114.74,2,0.15,0,0,0,0,2156,1,0,2,0,5.1,0,0
SYN-ADV-03091,1238.99,2,0.2,0,0,0,0,385,0,0,3,0,30.7,1,0
SYN-ADV-03092,1703.0,2,0.17,0,0,0,0,1740,1,0,2,0,14.6,0,0
SYN-ADV-03093,28545.43,4,0.45,1,1,1,0,1194,1,0,5,1,68.7,0,1
SYN-ADV-03094,274.28,2,0.09,0,0,0,0,336,1,0,2,0,2.1,0,0
SYN-ADV-03095,3277.2,2,0.22,0,0,0,0,193,1,1,2,0,22.1,0,0
SYN-ADV-03096,28872.68,4,0.28,0,0,0,0,1136,1,0,7,0,41.0,0,0
SYN-ADV-03097,2123.09,2,0.02,0,0,0,0,181,1,0,3,0,21.4,1,0
SYN-ADV-03098,3076.64,1,0.08,0,0,0,0,97,1,0,2,0,30.8,0,0
SYN-ADV-03099,673.78,1,0.08,0,0,0,0,716,1,0,1,0,6.3,0,0
SYN-ADV-03100,18890.77,2,0.25,1,0,0,0,101,1,0,4,0,11.2,0,0
SYN-ADV-03101,827.93,2,0.02,0,0,0,0,2082,1,0,1,0,9.3,0,0
SYN-ADV-03102,1366.29,1,0.04,0,0,0,0,559,1,0,1,0,2.0,0,0
SYN-ADV-03103,49483.29,3,0.51,1,0,0,0,237,1,0,4,0,11.1,0,0
SYN-ADV-03104,972.25,2,0.1,0,0,0,0,1005,1,0,1,0,3.0,0,0
SYN-ADV-03105,12914.37,1,0.37,0,0,0,1,1545,1,0,5,0,66.7,1,1
SYN-ADV-03106,44470.42,2,0.55,1,1,1,0,1514,1,0,5,1,56.5,1,1
SYN-ADV-03107,2048.77,1,0.17,0,0,0,0,837,1,0,1,0,7.4,0,0
SYN-ADV-03108,672.37,2,0.13,0,0,0,0,1934,1,0,1,0,6.1,0,0
SYN-ADV-03109,21709.29,3,0.35,0,0,0,0,624,1,0,7,0,20.4,0,0
SYN-ADV-03110,11301.78,1,0.47,0,0,0,1,1792,1,0,4,0,64.1,1,1
SYN-ADV-03111,1795.93,1,0.04,0,0,0,0,1184,1,0,2,0,9.6,0,0
SYN-ADV-03112,54969.41,4,0.59,1,1,1,0,257,1,0,3,0,16.6,0,0
SYN-ADV-03113,10570.16,4,0.29,0,0,0,0,965,1,0,9,0,32.2,0,0
SYN-ADV-03114,10.0,1,0.02,1,1,1,1,10,0,1,1,0,27.7,1,1
SYN-ADV-03115,43312.22,4,0.38,1,0,0,0,73,1,0,3,0,25.4,1,0
SYN-ADV-03116,229.39,2,0.19,0,0,0,0,413,1,0,1,0,14.0,0,0
SYN-ADV-03117,829.76,1,0.01,0,0,0,0,1291,1,0,2,0,14.4,0,0
SYN-ADV-03118,14298.39,3,0.6,0,0,1,0,119,1,0,4,0,16.5,0,0
SYN-ADV-03119,28578.26,3,0.45,1,0,1,1,1632,1,0,7,1,69.9,0,1
SYN-ADV-03120,24.73,2,0.16,0,0,0,0,476,1,0,1,0,5.3,0,0
SYN-ADV-03121,519.52,1,0.02,0,0,0,0,2163,1,0,1,0,14.8,0,0
SYN-ADV-03122,41483.97,3,0.53,1,0,0,0,282,0,0,2,0,12.3,0,0
SYN-ADV-03123,1333.59,1,0.05,0,0,0,0,325,1,0,1,0,9.1,0,0
SYN-ADV-03124,4789.96,1,0.19,0,0,0,0,290,1,0,2,0,28.3,0,0
SYN-ADV-03125,971.99,2,0.05,0,0,0,0,901,1,0,1,0,2.5,0,0
SYN-ADV-03126,1488.97,1,0.03,0,0,0,0,2007,1,0,1,0,11.3,0,0
SYN-ADV-03127,65999.74,4,0.47,1,1,1,0,77,1,0,2,0,22.1,1,0
SYN-ADV-03128,1120.26,1,0.09,0,0,0,0,856,1,0,2,0,10.0,0,0
SYN-ADV-03129,31360.76,4,0.22,0,0,0,0,247,1,0,6,0,37.5,0,0
SYN-ADV-03130,49.23,2,0.07,0,0,0,0,279,1,0,1,0,14.4,0,0
SYN-ADV-03131,3551.74,2,0.29,0,0,0,0,885,1,0,9,0,41.5,0,0
SYN-ADV-03132,15305.71,3,0.33,1,1,1,0,276,1,0,2,0,17.1,1,0
SYN-ADV-03133,10004.7,4,0.37,0,0,0,0,865,1,0,7,0,39.1,0,0
SYN-ADV-03134,56179.6,3,0.65,1,1,1,0,267,1,0,2,0,28.7,0,0
SYN-ADV-03135,6135.36,3,0.31,0,0,0,0,406,1,0,5,0,31.8,0,0
SYN-ADV-03136,2093.6,2,0.13,0,0,0,0,2130,1,0,2,0,2.1,0,0
SYN-ADV-03137,3595.68,1,0.13,0,0,1,1,12,0,1,6,3,75.7,1,1
SYN-ADV-03138,484.6,2,0.16,0,0,0,0,1556,1,0,1,0,3.3,0,0
SYN-ADV-03139,440.25,1,0.1,0,0,0,0,1426,1,0,1,0,9.5,0,0
SYN-ADV-03140,1229.97,1,0.11,0,0,0,0,730,1,0,2,0,3.2,0,0
SYN-ADV-03141,30428.09,2,0.51,0,0,0,0,257,1,0,4,0,27.0,1,0
SYN-ADV-03142,1448.41,2,0.08,0,0,0,0,1201,1,0,1,0,3.7,0,0
SYN-ADV-03143,152.82,1,0.07,0,0,0,0,990,1,0,2,0,10.4,0,0
SYN-ADV-03144,1109.96,1,0.08,0,0,0,0,1310,1,0,1,0,14.4,0,0
SYN-ADV-03145,514.61,2,0.1,0,0,0,0,1857,1,0,1,0,14.2,0,0
SYN-ADV-03146,2520.9,1,0.12,0,0,0,0,391,1,0,1,0,3.1,0,0
SYN-ADV-03147,1587.07,1,0.17,0,0,0,0,1508,1,0,2,0,12.9,0,0
SYN-ADV-03148,61329.95,3,0.41,1,0,1,0,54,0,0,2,0,15.6,0,0
SYN-ADV-03149,19843.52,4,0.1,0,0,0,0,957,1,0,9,0,33.2,0,0
SYN-ADV-03150,2272.48,2,0.21,0,0,0,0,97,1,0,2,0,21.6,0,0
SYN-ADV-03151,265.47,2,0.14,0,0,0,0,1692,1,0,1,0,2.6,0,0
SYN-ADV-03152,13960.29,3,0.23,0,0,0,0,635,1,0,8,0,36.8,0,0
SYN-ADV-03153,1262.2,1,0.03,0,0,0,0,971,1,0,2,0,14.9,0,0
SYN-ADV-03154,22879.97,4,0.55,1,0,0,0,173,1,0,4,0,12.3,0,0
SYN-ADV-03155,100.0,1,0.19,1,0,1,0,15,0,1,1,0,18.7,0,1
SYN-ADV-03156,23369.69,1,0.28,0,0,1,0,86,1,1,8,1,71.3,1,1
SYN-ADV-03157,15392.38,3,0.25,0,0,0,0,99,1,0,4,0,15.4,0,0
SYN-ADV-03158,3192.3,2,0.12,0,0,0,0,718,1,0,2,0,3.4,0,0
SYN-ADV-03159,409.15,2,0.14,0,0,0,0,399,1,0,1,0,4.7,0,0
SYN-ADV-03160,26815.47,4,0.3,0,0,0,0,1083,1,0,6,0,34.4,0,0
SYN-ADV-03161,388.94,2,0.11,0,0,0,0,629,1,0,2,0,12.1,0,0
SYN-ADV-03162,2954.68,2,0.09,0,0,0,0,1194,1,0,1,0,11.3,0,0
SYN-ADV-03163,1700.4,1,0.13,0,0,0,0,2126,1,0,1,0,8.5,0,0
SYN-ADV-03164,25000.0,6,0.74,0,1,1,1,17,0,1,9,3,78.1,1,1
SYN-ADV-03165,1500.0,1,0.12,1,1,1,0,15,0,1,1,0,18.6,1,1
SYN-ADV-03166,1500.0,1,0.17,0,1,1,0,12,0,1,1,0,16.5,1,1
SYN-ADV-03167,808.19,1,0.18,0,0,0,0,2312,1,0,2,0,14.4,0,0
SYN-ADV-03168,5645.03,1,0.1,0,0,0,0,1957,1,0,2,0,8.6,0,0
SYN-ADV-03169,45590.65,3,0.62,1,0,0,0,81,1,0,4,0,16.8,0,0
SYN-ADV-03170,3450.51,2,0.21,0,0,0,0,385,1,0,2,0,33.0,0,0
SYN-ADV-03171,2299.14,2,0.03,0,0,0,0,991,1,0,2,0,10.5,0,0
SYN-ADV-03172,2584.96,4,0.26,0,0,0,0,577,1,0,9,0,24.4,0,0
SYN-ADV-03173,100.0,1,0.06,1,1,1,0,3,0,1,1,0,33.8,1,1
SYN-ADV-03174,3694.62,1,0.04,0,0,0,0,100,0,0,3,0,20.2,1,0
SYN-ADV-03175,31704.48,3,0.51,1,1,1,0,1085,1,0,4,0,52.4,1,1
SYN-ADV-03176,4500.0,8,0.56,0,1,1,1,14,0,0,5,2,72.8,1,1
SYN-ADV-03177,10891.43,5,0.64,1,0,0,0,185,1,0,3,0,12.4,1,0
SYN-ADV-03178,24942.52,2,0.63,1,0,0,0,52,1,0,3,0,10.7,0,0
SYN-ADV-03179,8191.23,2,0.56,1,1,0,1,1490,1,0,5,1,61.7,1,1
SYN-ADV-03180,1068.15,2,0.08,0,0,0,0,1526,1,0,2,0,9.5,0,0
SYN-ADV-03181,4500.0,3,0.63,1,1,1,1,28,0,0,8,2,86.2,1,1
SYN-ADV-03182,1569.38,1,0.12,0,0,0,0,452,1,0,2,0,10.8,0,0
SYN-ADV-03183,7338.54,3,0.53,1,0,0,0,117,0,0,3,0,29.6,0,0
SYN-ADV-03184,50.0,3,0.15,1,0,1,1,17,0,1,12,1,92.2,1,1
SYN-ADV-03185,485.34,1,0.04,0,0,0,0,428,1,0,1,0,9.6,0,0
SYN-ADV-03186,500.0,6,0.12,1,1,1,1,8,0,1,8,2,88.6,1,1
SYN-ADV-03187,23143.78,2,0.32,0,0,0,0,341,1,0,9,0,45.8,0,0
SYN-ADV-03188,3125.12,1,0.02,0,0,0,0,202,1,0,2,0,16.5,0,0
SYN-ADV-03189,2102.13,1,0.18,0,0,0,0,2292,1,0,1,0,10.5,0,0
SYN-ADV-03190,11591.17,3,0.33,0,0,0,0,503,1,0,7,0,37.4,0,0
SYN-ADV-03191,26398.49,4,0.37,0,0,0,0,988,1,0,6,0,44.9,0,0
SYN-ADV-03192,4710.33,1,0.09,0,0,0,0,817,1,0,1,0,11.0,0,0
SYN-ADV-03193,636.55,1,0.19,0,0,0,0,885,1,0,2,0,14.7,0,0
SYN-ADV-03194,1013.8,2,0.06,0,0,0,0,1916,1,0,2,0,8.5,0,0
SYN-ADV-03195,443.61,2,0.1,0,0,0,0,253,1,0,2,0,12.6,0,0
SYN-ADV-03196,2496.86,2,0.18,0,0,0,0,1286,1,0,2,0,4.0,0,0
SYN-ADV-03197,32296.52,3,0.15,0,0,0,0,652,1,0,6,0,32.7,0,0
SYN-ADV-03198,2950.29,2,0.1,0,0,0,0,2396,1,0,2,0,2.2,0,0
SYN-ADV-03199,5986.74,3,0.26,0,0,1,1,69,0,0,7,1,68.3,1,1
SYN-ADV-03200,1773.34,2,0.19,0,0,0,0,827,1,0,2,0,4.0,0,0
SYN-ADV-03201,4018.71,1,0.14,0,0,0,0,105,0,0,2,0,30.4,0,0
SYN-ADV-03202,1500.0,1,0.02,1,1,1,0,7,0,1,1,0,10.8,1,1
SYN-ADV-03203,1056.46,1,0.16,0,0,0,0,504,1,0,2,0,6.9,0,0
SYN-ADV-03204,82553.13,4,0.5,1,0,1,0,108,0,0,3,0,12.9,0,0
SYN-ADV-03205,17729.01,3,0.19,1,1,1,1,1963,1,0,7,0,61.7,1,1
SYN-ADV-03206,10.0,5,0.1,1,1,1,0,6,0,1,12,1,87.9,1,1
SYN-ADV-03207,2447.24,1,0.06,0,0,0,0,1121,1,0,2,0,14.7,0,0
SYN-ADV-03208,26290.31,4,0.21,0,0,0,0,896,1,0,6,0,38.1,0,0
SYN-ADV-03209,10.0,7,0.14,0,1,0,1,3,0,1,6,4,84.2,1,1
SYN-ADV-03210,256.74,1,0.05,0,0,0,0,370,1,0,2,0,30.3,0,0
SYN-ADV-03211,10.0,7,0.23,0,1,0,0,18,0,1,10,2,91.1,1,1
SYN-ADV-03212,64877.69,5,0.55,1,0,1,0,241,1,0,4,0,23.5,0,0
SYN-ADV-03213,7887.31,3,0.13,0,0,0,0,471,1,0,5,0,29.8,0,0
SYN-ADV-03214,16826.28,2,0.38,0,0,0,0,985,1,0,7,0,22.6,0,0
SYN-ADV-03215,1100.74,2,0.24,0,0,0,0,343,1,0,3,0,32.7,0,0
SYN-ADV-03216,2948.25,2,0.08,0,0,0,0,671,1,0,2,0,12.0,0,0
SYN-ADV-03217,25000.0,4,0.36,1,1,1,1,4,0,1,11,1,78.1,1,1
SYN-ADV-03218,10.0,1,0.05,1,1,1,1,1,0,1,1,0,26.8,1,1
SYN-ADV-03219,10.0,1,0.12,1,1,1,1,4,0,1,1,0,17.9,0,1
SYN-ADV-03220,13742.43,2,0.29,0,0,0,0,81,0,0,3,0,19.0,0,0
SYN-ADV-03221,3110.86,2,0.12,0,0,0,0,879,1,0,1,0,5.2,0,0
SYN-ADV-03222,97.69,2,0.03,0,0,0,0,1058,1,0,1,0,12.6,0,0
SYN-ADV-03223,60555.73,4,0.53,1,1,0,0,124,1,0,3,0,15.8,0,0
SYN-ADV-03224,2851.69,2,0.14,0,0,0,0,749,1,0,1,0,6.4,0,0
SYN-ADV-03225,291.39,1,0.17,0,0,0,0,2317,1,0,2,0,14.0,0,0
SYN-ADV-03226,5814.18,4,0.14,0,0,0,0,245,1,0,7,0,33.2,0,0
SYN-ADV-03227,329.59,2,0.09,0,0,0,0,1783,1,0,1,0,5.8,0,0
SYN-ADV-03228,79838.03,2,0.44,1,0,0,0,137,1,0,3,0,11.7,1,0
SYN-ADV-03229,1405.7,1,0.16,0,0,0,0,1609,1,0,1,0,10.1,0,0
SYN-ADV-03230,2661.59,2,0.09,0,0,0,0,1952,1,0,2,0,9.7,0,0
SYN-ADV-03231,17483.29,3,0.2,0,0,0,0,465,1,0,7,0,34.4,0,0
SYN-ADV-03232,65679.34,2,0.34,1,0,0,0,114,1,0,4,0,31.8,0,0
SYN-ADV-03233,2753.17,1,0.14,0,0,0,0,1981,1,0,1,0,11.0,0,0
SYN-ADV-03234,84283.71,3,0.35,0,0,1,0,123,1,0,4,0,16.3,0,0
SYN-ADV-03235,38754.59,4,0.41,0,1,0,0,250,1,0,2,0,25.4,0,0
SYN-ADV-03236,3186.42,2,0.02,0,0,0,0,1915,1,0,2,0,10.0,0,0
SYN-ADV-03237,74311.12,3,0.29,1,0,0,0,198,1,0,2,0,14.7,0,0
SYN-ADV-03238,800.81,2,0.02,0,0,0,0,1895,1,0,1,0,5.7,0,0
SYN-ADV-03239,30915.98,3,0.16,0,0,0,0,244,1,0,5,0,23.6,0,0
SYN-ADV-03240,25000.0,7,0.11,1,1,0,1,28,0,1,6,3,87.3,1,1
SYN-ADV-03241,2651.15,2,0.11,0,0,0,0,211,1,0,3,0,14.1,0,0
SYN-ADV-03242,25.0,1,0.07,1,1,1,0,7,0,1,1,0,20.8,1,1
SYN-ADV-03243,71734.49,4,0.41,0,0,0,0,134,1,0,2,0,31.9,0,0
SYN-ADV-03244,444.11,2,0.18,0,0,0,0,1544,1,0,1,0,2.6,0,0
SYN-ADV-03245,1616.84,1,0.3,0,0,1,0,81,1,1,9,1,69.8,1,1
SYN-ADV-03246,1500.0,1,0.19,1,0,1,1,14,0,1,1,0,28.7,1,1
SYN-ADV-03247,42596.24,3,0.23,1,1,1,1,1198,1,0,4,1,74.8,1,1
SYN-ADV-03248,31.16,2,0.09,0,0,0,0,527,1,0,1,0,7.3,0,0
SYN-ADV-03249,5595.79,1,0.17,0,0,0,0,1289,1,0,2,0,12.6,0,0
SYN-ADV-03250,677.86,2,0.1,0,0,0,0,1601,1,0,2,0,4.3,0,0
SYN-ADV-03251,1117.65,1,0.17,0,0,0,0,2055,1,0,2,0,10.4,0,0
SYN-ADV-03252,3194.33,1,0.06,0,0,0,0,1072,1,0,2,0,8.9,0,0
SYN-ADV-03253,1078.18,2,0.05,0,0,0,0,715,1,0,2,0,4.9,0,0
SYN-ADV-03254,6104.01,1,0.04,0,0,0,0,1610,1,0,2,0,14.0,0,0
SYN-ADV-03255,50.0,8,0.29,1,0,1,1,16,0,1,8,4,91.6,0,1
SYN-ADV-03256,1647.16,2,0.03,0,0,0,0,1902,1,0,2,0,14.6,0,0
SYN-ADV-03257,81347.23,4,0.57,1,0,1,0,280,1,0,3,0,28.5,0,0
SYN-ADV-03258,837.77,1,0.07,0,0,0,0,1340,1,0,2,0,11.7,0,0
SYN-ADV-03259,26748.6,2,0.16,0,0,0,0,362,1,0,9,0,43.7,0,0
SYN-ADV-03260,2589.31,1,0.06,0,0,0,0,1552,1,0,2,0,9.0,0,0
SYN-ADV-03261,40016.26,2,0.51,1,1,0,0,179,0,0,4,0,28.5,0,0
SYN-ADV-03262,8445.2,3,0.16,1,1,1,1,874,1,0,4,0,46.4,0,1
SYN-ADV-03263,23756.87,1,0.26,0,1,0,1,1814,1,0,4,1,57.7,1,1
SYN-ADV-03264,2107.18,1,0.02,0,0,0,0,269,1,0,1,0,6.8,0,0
SYN-ADV-03265,21380.99,2,0.3,1,1,0,0,1747,1,0,6,1,54.6,1,1
SYN-ADV-03266,1374.7,2,0.1,0,0,0,0,1411,1,0,2,0,14.5,0,0
SYN-ADV-03267,1847.65,2,0.24,0,0,0,0,43,0,0,2,0,29.9,0,0
SYN-ADV-03268,3816.61,1,0.09,0,0,0,0,1430,1,0,2,0,13.4,0,0
SYN-ADV-03269,99.43,2,0.18,0,0,0,0,1118,1,0,2,0,14.2,0,0
SYN-ADV-03270,828.72,1,0.15,0,0,0,0,1703,1,0,1,0,12.5,0,0
SYN-ADV-03271,4500.0,7,0.68,1,1,1,1,23,0,0,7,1,78.6,0,1
SYN-ADV-03272,3712.68,2,0.07,0,0,0,0,445,1,0,1,0,2.5,0,0
SYN-ADV-03273,6903.95,4,0.22,0,0,0,0,817,1,0,7,0,33.0,0,0
SYN-ADV-03274,25.0,1,0.07,1,1,1,0,3,0,1,1,0,28.1,1,1
SYN-ADV-03275,500.0,4,0.11,1,1,0,1,12,0,1,5,3,74.0,1,1
SYN-ADV-03276,25000.0,2,0.37,1,1,1,1,21,0,1,12,3,73.9,1,1
SYN-ADV-03277,1946.19,1,0.07,0,0,0,0,1865,1,0,1,0,3.1,0,0
SYN-ADV-03278,617.41,1,0.07,0,0,0,0,184,1,0,2,0,18.8,0,0
SYN-ADV-03279,205.29,1,0.05,0,0,0,0,1971,1,0,1,0,13.6,0,0
SYN-ADV-03280,658.48,2,0.03,0,0,0,0,2221,1,0,1,0,5.8,0,0
SYN-ADV-03281,34908.14,2,0.16,1,1,0,1,871,1,0,4,1,53.7,0,1
SYN-ADV-03282,18020.89,2,0.47,1,0,0,0,256,1,0,3,0,13.5,1,0
SYN-ADV-03283,59088.03,2,0.46,1,1,1,0,150,1,0,2,0,15.1,0,0
SYN-ADV-03284,69.36,2,0.1,0,0,0,0,1430,1,0,1,0,13.8,0,0
SYN-ADV-03285,1259.66,3,0.12,0,0,0,0,89,0,1,7,2,65.8,0,1
SYN-ADV-03286,50.0,7,0.25,1,1,0,1,28,0,1,5,4,73.7,1,1
SYN-ADV-03287,74.61,2,0.08,0,0,0,0,2231,1,0,2,0,6.5,0,0
SYN-ADV-03288,2447.28,2,0.14,0,0,0,0,2081,1,0,1,0,4.9,0,0
SYN-ADV-03289,895.98,1,0.03,0,0,0,0,306,1,0,1,0,10.6,0,0
SYN-ADV-03290,45306.28,2,0.29,0,0,0,0,73,1,0,4,0,26.6,0,0
SYN-ADV-03291,2979.74,1,0.15,0,0,0,0,1752,1,0,1,0,2.8,0,0
SYN-ADV-03292,17503.84,2,0.2,0,0,0,0,802,1,0,7,0,31.3,0,0
SYN-ADV-03293,2272.93,2,0.09,0,0,0,0,1205,1,0,1,0,14.8,0,0
SYN-ADV-03294,31515.95,1,0.16,1,0,1,1,754,1,0,7,1,72.4,1,1
SYN-ADV-03295,2840.65,2,0.11,0,0,1,1,13,1,1,8,2,71.7,0,1
SYN-ADV-03296,2725.44,1,0.16,0,0,0,0,363,1,0,2,0,33.9,0,0
SYN-ADV-03297,100.0,1,0.18,1,1,1,0,12,0,1,1,0,16.9,1,1
SYN-ADV-03298,1174.57,1,0.13,0,0,0,0,668,1,0,2,0,12.2,0,0
SYN-ADV-03299,4612.82,1,0.2,0,0,0,0,150,1,0,2,0,26.2,0,0
SYN-ADV-03300,20784.25,4,0.16,0,0,0,0,1155,1,0,6,0,34.9,0,0
SYN-ADV-03301,50.0,5,0.29,1,1,1,0,19,0,1,9,1,80.6,1,1
SYN-ADV-03302,10.0,1,0.09,1,1,0,0,8,0,1,1,0,20.0,1,1
SYN-ADV-03303,25.51,2,0.01,0,0,0,0,623,1,0,1,0,11.7,0,0
SYN-ADV-03304,36267.51,3,0.35,1,0,0,0,840,1,0,3,1,56.4,1,1
SYN-ADV-03305,2577.8,1,0.17,0,0,0,0,1736,1,0,1,0,3.2,0,0
SYN-ADV-03306,2651.24,2,0.15,0,0,0,0,290,1,0,2,0,6.4,0,0
SYN-ADV-03307,566.86,2,0.08,0,0,0,0,1636,1,0,2,0,4.3,0,0
SYN-ADV-03308,414.01,1,0.08,0,0,0,0,1246,1,0,1,0,8.5,0,0
SYN-ADV-03309,500.0,8,0.12,1,1,1,0,11,1,1,10,4,89.3,1,1
SYN-ADV-03310,10.0,8,0.16,1,1,0,1,27,0,1,11,4,92.0,1,1
SYN-ADV-03311,57130.64,5,0.55,1,0,0,0,233,1,0,2,0,30.7,0,0
SYN-ADV-03312,825.37,2,0.01,0,0,0,0,993,1,0,2,0,2.4,0,0
SYN-ADV-03313,3145.06,1,0.09,0,0,0,0,1677,1,0,1,0,9.1,0,0
SYN-ADV-03314,2916.64,2,0.29,0,0,0,0,12,0,0,9,2,77.9,1,1
SYN-ADV-03315,184.42,2,0.16,0,0,0,0,338,1,0,1,0,11.0,0,0
SYN-ADV-03316,448.47,2,0.33,0,0,0,0,52,1,1,5,3,87.0,1,1
SYN-ADV-03317,545.87,2,0.09,0,0,0,0,1548,1,0,2,0,3.8,0,0
SYN-ADV-03318,4500.0,8,0.62,0,1,1,1,19,0,1,11,1,86.3,1,1
SYN-ADV-03319,4500.0,6,0.6,1,1,1,1,24,0,1,8,2,90.1,1,1
SYN-ADV-03320,19217.58,3,0.32,0,0,0,0,883,1,0,5,0,21.5,0,0
SYN-ADV-03321,1526.4,2,0.12,0,0,0,0,623,1,0,1,0,10.9,0,0
SYN-ADV-03322,124.72,2,0.1,0,0,0,0,506,1,0,1,0,2.5,0,0
SYN-ADV-03323,1043.52,3,0.14,0,0,1,0,46,0,0,9,1,72.2,1,1
SYN-ADV-03324,3346.59,3,0.11,0,0,1,1,78,1,0,7,3,76.3,0,1
SYN-ADV-03325,50.0,2,0.79,1,1,1,1,25,0,1,10,2,91.4,1,1
SYN-ADV-03326,1334.55,3,0.31,0,0,0,0,76,1,1,9,1,76.2,1,1
SYN-ADV-03327,939.59,2,0.09,0,0,0,0,42,0,1,4,3,84.7,1,1
SYN-ADV-03328,17367.99,3,0.15,0,0,0,0,965,1,0,7,0,44.4,0,0
SYN-ADV-03329,1090.49,2,0.19,0,0,0,0,956,1,0,1,0,8.5,0,0
SYN-ADV-03330,18192.71,3,0.27,0,0,0,0,1038,1,0,8,0,32.8,0,0
SYN-ADV-03331,9796.48,3,0.22,0,0,1,1,41,0,0,5,1,82.3,0,1
SYN-ADV-03332,3500.81,2,0.33,0,0,0,0,595,1,0,8,0,36.0,0,0
SYN-ADV-03333,22471.4,4,0.22,0,0,0,0,925,1,0,5,0,24.2,0,0
SYN-ADV-03334,516.5,1,0.11,0,0,0,0,1080,1,0,2,0,8.0,0,0
SYN-ADV-03335,724.94,2,0.15,0,0,0,0,2369,1,0,1,0,14.7,0,0
SYN-ADV-03336,1194.72,1,0.17,0,0,0,0,973,1,0,2,0,2.1,0,0
SYN-ADV-03337,1777.82,1,0.09,0,0,0,0,1207,1,0,2,0,8.8,0,0
SYN-ADV-03338,25000.0,8,0.65,0,1,1,0,21,0,1,5,2,78.0,1,1
SYN-ADV-03339,4500.0,5,0.64,1,0,0,1,16,0,0,9,3,89.9,1,1
SYN-ADV-03340,2402.7,2,0.1,0,0,0,0,1676,1,0,2,0,3.2,0,0
SYN-ADV-03341,17812.78,2,0.43,1,0,0,0,46,0,0,2,0,14.3,0,0
SYN-ADV-03342,25.0,1,0.02,1,1,1,0,1,0,1,1,0,15.4,1,1
SYN-ADV-03343,1202.94,2,0.08,0,0,0,0,1720,1,0,2,0,4.9,0,0
SYN-ADV-03344,10.0,5,0.67,1,1,1,1,13,0,1,7,2,78.0,1,1
SYN-ADV-03345,815.42,1,0.03,0,0,0,0,1019,1,0,2,0,11.9,0,0
SYN-ADV-03346,495.28,1,0.02,0,0,0,0,1667,1,0,1,0,7.2,0,0
SYN-ADV-03347,2159.33,1,0.06,0,0,0,0,282,1,0,3,0,15.4,0,0
SYN-ADV-03348,2121.18,1,0.13,0,0,0,0,432,1,0,3,0,29.5,1,0
SYN-ADV-03349,81.08,1,0.03,0,0,0,0,1154,1,0,1,0,11.3,0,0
SYN-ADV-03350,761.91,1,0.01,0,0,0,0,1478,1,0,1,0,10.5,0,0
SYN-ADV-03351,808.87,1,0.11,0,0,0,1,34,0,0,9,1,79.5,1,1
SYN-ADV-03352,9342.62,3,0.21,0,0,0,0,829,1,0,5,0,23.6,0,0
SYN-ADV-03353,5980.45,1,0.06,0,0,0,0,1097,1,0,2,0,3.3,0,0
SYN-ADV-03354,2254.05,2,0.15,0,0,0,0,665,1,0,2,0,14.3,0,0
SYN-ADV-03355,1496.96,2,0.11,0,0,0,0,1781,1,0,2,0,6.8,0,0
SYN-ADV-03356,251.77,2,0.07,0,0,0,0,790,1,0,1,0,6.8,0,0
SYN-ADV-03357,2789.02,1,0.13,0,0,0,0,372,1,0,3,0,17.4,1,0
SYN-ADV-03358,1151.45,2,0.14,0,0,0,0,215,1,0,2,0,25.7,0,0
SYN-ADV-03359,21095.4,2,0.28,0,0,0,0,808,1,0,9,0,33.1,0,0
SYN-ADV-03360,58770.42,3,0.52,1,0,1,0,93,1,0,3,0,26.7,0,0
SYN-ADV-03361,13726.97,3,0.33,0,0,0,0,877,1,0,5,0,23.6,0,0
SYN-ADV-03362,4500.0,5,0.76,1,1,1,0,15,0,1,9,4,81.2,1,1
SYN-ADV-03363,25000.0,6,0.61,1,1,1,0,5,1,1,10,2,78.8,1,1
SYN-ADV-03364,1529.44,1,0.03,0,0,0,0,1643,1,0,2,0,5.1,0,0
SYN-ADV-03365,256.15,2,0.05,0,0,0,0,1898,1,0,1,0,9.8,0,0
SYN-ADV-03366,16151.53,3,0.15,1,1,0,1,1441,1,0,6,0,64.6,1,1
SYN-ADV-03367,19190.3,2,0.11,0,0,0,0,333,1,0,5,0,20.4,0,0
SYN-ADV-03368,36589.93,4,0.57,1,1,0,0,1418,1,0,6,0,58.8,1,1
SYN-ADV-03369,343.52,1,0.19,0,0,0,0,1037,1,0,2,0,13.9,0,0
SYN-ADV-03370,549.79,1,0.12,0,0,0,0,467,1,0,2,0,10.7,0,0
SYN-ADV-03371,10.0,1,0.12,1,1,1,1,12,0,1,1,0,34.3,1,1
SYN-ADV-03372,83093.01,3,0.42,1,0,0,0,146,1,0,4,0,17.9,0,0
SYN-ADV-03373,12309.26,5,0.57,1,0,1,0,146,1,0,3,0,16.4,0,0
SYN-ADV-03374,2620.89,2,0.13,0,0,0,0,640,1,0,1,0,5.7,0,0
SYN-ADV-03375,964.6,1,0.15,0,0,0,0,1914,1,0,2,0,14.5,0,0
SYN-ADV-03376,10785.6,3,0.34,0,0,0,0,885,1,0,6,0,35.1,0,0
SYN-ADV-03377,189.57,1,0.15,0,0,0,0,1533,1,0,1,0,8.5,0,0
SYN-ADV-03378,23923.38,3,0.23,0,0,0,0,1120,1,0,5,0,35.5,0,0
SYN-ADV-03379,1742.4,2,0.15,0,0,0,0,2012,1,0,1,0,9.7,0,0
SYN-ADV-03380,1772.0,1,0.2,0,0,0,0,1320,1,0,1,0,12.6,0,0
SYN-ADV-03381,101.03,2,0.11,0,0,0,0,1077,1,0,1,0,7.1,0,0
SYN-ADV-03382,9620.63,3,0.27,1,0,0,0,244,1,0,4,0,31.0,1,0
SYN-ADV-03383,748.61,2,0.16,0,0,0,0,1151,1,0,2,0,5.3,0,0
SYN-ADV-03384,253.78,2,0.04,0,0,0,0,659,1,0,1,0,12.7,0,0
SYN-ADV-03385,156.07,2,0.02,0,0,0,0,1163,1,0,2,0,2.8,0,0
SYN-ADV-03386,416.03,2,0.22,0,0,0,0,244,1,0,2,0,35.5,0,0
SYN-ADV-03387,4500.0,5,0.29,1,1,0,1,26,1,1,7,2,74.5,1,1
SYN-ADV-03388,212.3,1,0.15,0,0,0,0,1859,1,0,2,0,14.7,0,0
SYN-ADV-03389,3921.74,2,0.14,0,0,0,0,487,1,0,1,0,2.6,0,0
SYN-ADV-03390,5079.71,1,0.07,0,0,0,0,1107,1,0,1,0,4.8,0,0
SYN-ADV-03391,25000.0,5,0.64,1,1,1,1,13,0,1,5,2,84.9,1,1
SYN-ADV-03392,68185.48,2,0.29,1,1,1,0,195,1,0,3,0,12.1,0,0
SYN-ADV-03393,3252.45,1,0.08,0,0,0,0,571,1,0,2,0,9.9,0,0
SYN-ADV-03394,14274.86,5,0.5,1,1,0,0,106,1,0,4,0,27.9,0,0
SYN-ADV-03395,41898.53,4,0.39,1,1,0,1,715,1,0,7,1,54.3,0,1
SYN-ADV-03396,287.7,1,0.14,0,0,0,0,1697,1,0,1,0,8.4,0,0
SYN-ADV-03397,686.78,2,0.04,0,0,0,0,332,1,0,2,0,31.8,1,0
SYN-ADV-03398,713.02,1,0.02,0,0,0,0,1286,1,0,1,0,10.7,0,0
SYN-ADV-03399,29372.42,3,0.36,0,0,0,0,254,1,0,8,0,33.9,0,0
SYN-ADV-03400,4571.78,2,0.08,0,0,0,0,2038,1,0,2,0,9.0,0,0
SYN-ADV-03401,13497.34,3,0.61,1,0,0,0,162,0,0,3,0,23.0,0,0
SYN-ADV-03402,39346.1,5,0.52,1,1,0,0,77,1,0,2,0,24.7,1,0
SYN-ADV-03403,23464.77,2,0.36,0,0,0,0,809,1,0,9,0,45.9,0,0
SYN-ADV-03404,50.0,4,0.37,1,1,1,0,7,0,1,8,1,89.4,1,1
SYN-ADV-03405,953.33,2,0.12,0,0,0,0,2268,1,0,1,0,13.0,0,0
SYN-ADV-03406,2058.31,2,0.13,0,0,0,0,1857,1,0,1,0,14.6,0,0
SYN-ADV-03407,1850.14,1,0.03,0,0,0,0,416,1,0,3,0,12.2,1,0
SYN-ADV-03408,643.13,1,0.19,0,0,0,0,254,1,0,2,0,5.3,0,0
SYN-ADV-03409,2153.94,1,0.22,0,0,0,0,389,1,0,2,0,18.7,0,0
SYN-ADV-03410,1022.22,1,0.06,0,0,0,0,1533,1,0,2,0,5.6,0,0
SYN-ADV-03411,3619.41,1,0.17,0,0,0,0,247,1,0,2,0,12.8,0,0
SYN-ADV-03412,7778.52,3,0.53,1,0,0,0,157,1,0,4,0,22.0,0,0
SYN-ADV-03413,3820.2,3,0.14,0,0,0,0,1186,1,0,7,0,22.2,0,0
SYN-ADV-03414,1873.28,3,0.25,0,0,1,0,66,1,1,5,3,82.5,1,1
SYN-ADV-03415,2845.48,2,0.12,0,0,0,0,1614,1,0,1,0,2.6,0,0
SYN-ADV-03416,2384.35,2,0.1,0,0,0,0,2348,1,0,2,0,3.6,0,0
SYN-ADV-03417,3427.02,2,0.22,0,0,0,0,193,1,1,3,0,15.4,0,0
SYN-ADV-03418,11784.19,5,0.4,1,0,0,0,142,1,0,4,0,12.8,0,0
SYN-ADV-03419,48871.33,5,0.44,1,0,0,0,299,1,0,4,0,16.5,1,0
SYN-ADV-03420,29210.44,3,0.39,0,0,0,0,391,1,0,5,0,40.1,0,0
SYN-ADV-03421,2210.46,1,0.13,0,0,0,1,53,1,1,4,1,77.0,0,1
SYN-ADV-03422,785.94,2,0.12,0,0,0,0,456,1,0,2,0,4.3,0,0
SYN-ADV-03423,72937.99,4,0.56,1,0,0,0,161,1,0,2,0,14.1,1,0
SYN-ADV-03424,41456.58,1,0.3,0,1,1,1,1006,1,0,4,0,66.3,1,1
SYN-ADV-03425,25.0,1,0.19,1,0,0,1,2,0,1,1,0,29.8,1,1
SYN-ADV-03426,1525.74,1,0.06,0,0,0,0,326,1,0,2,0,8.7,0,0
SYN-ADV-03427,50.0,7,0.73,1,1,1,1,25,0,1,7,1,92.4,1,1
SYN-ADV-03428,23246.88,3,0.45,0,0,0,0,86,1,0,4,0,10.3,1,0
SYN-ADV-03429,357.36,2,0.04,0,0,0,0,1472,1,0,1,0,14.7,0,0
SYN-ADV-03430,2086.12,2,0.11,0,0,0,0,1982,1,0,1,0,10.8,0,0
SYN-ADV-03431,380.08,2,0.1,0,0,0,0,1356,1,0,2,0,13.3,0,0
SYN-ADV-03432,3882.77,2,0.14,0,0,0,0,302,1,0,3,0,33.4,1,0
SYN-ADV-03433,64828.16,3,0.51,1,1,0,0,140,1,0,3,0,11.0,0,0
SYN-ADV-03434,1305.93,1,0.14,0,0,0,0,271,1,0,3,0,22.3,0,0
SYN-ADV-03435,981.82,1,0.11,0,0,0,0,2228,1,0,2,0,6.2,0,0
SYN-ADV-03436,18768.0,2,0.32,0,0,0,0,312,1,0,5,0,37.5,0,0
SYN-ADV-03437,1857.8,1,0.14,0,0,0,0,1081,1,0,2,0,9.2,0,0
SYN-ADV-03438,902.85,1,0.08,0,0,0,0,758,1,0,2,0,3.7,0,0
SYN-ADV-03439,360.97,1,0.1,0,0,0,0,1410,1,0,1,0,5.3,0,0
SYN-ADV-03440,75.09,1,0.01,0,0,0,0,698,1,0,1,0,12.5,0,0
SYN-ADV-03441,1310.15,2,0.16,0,0,0,0,58,1,1,7,2,71.2,1,1
SYN-ADV-03442,1500.0,1,0.03,1,1,1,0,15,0,1,1,0,16.9,1,1
SYN-ADV-03443,22722.19,4,0.24,0,0,0,0,274,1,0,5,0,41.0,0,0
SYN-ADV-03444,68345.88,4,0.34,1,0,0,0,227,1,0,4,0,19.1,1,0
SYN-ADV-03445,1968.57,1,0.17,0,0,0,0,2150,1,0,2,0,2.7,0,0
SYN-ADV-03446,79430.86,3,0.3,1,1,0,0,156,1,0,2,0,21.3,0,0
SYN-ADV-03447,10.0,1,0.19,1,1,1,1,10,0,1,1,0,18.0,1,1
SYN-ADV-03448,16766.59,3,0.24,0,0,0,0,882,1,0,5,0,47.5,0,0
SYN-ADV-03449,4416.22,1,0.2,0,0,0,0,314,1,0,3,0,18.7,0,0
SYN-ADV-03450,18247.32,3,0.33,1,0,1,0,1031,1,0,7,0,48.6,0,1
SYN-ADV-03451,1583.17,1,0.03,0,0,0,0,1070,1,0,2,0,13.2,0,0
SYN-ADV-03452,3430.34,2,0.12,0,0,0,0,1271,1,0,2,0,3.7,0,0
SYN-ADV-03453,50.0,6,0.25,1,0,1,1,21,1,1,7,1,91.8,1,1
SYN-ADV-03454,2552.16,1,0.18,0,0,0,0,1643,1,0,1,0,3.2,0,0
SYN-ADV-03455,29924.28,3,0.24,1,0,1,0,1851,1,0,3,1,60.6,1,1
SYN-ADV-03456,977.07,2,0.08,0,0,0,0,830,1,0,2,0,4.4,0,0
SYN-ADV-03457,1862.09,2,0.27,0,0,0,0,70,1,1,8,3,81.7,1,1
SYN-ADV-03458,22842.37,4,0.13,0,0,0,0,885,1,0,8,0,40.3,0,0
SYN-ADV-03459,2264.52,2,0.15,0,0,0,0,1724,1,0,2,0,4.2,0,0
SYN-ADV-03460,18738.32,2,0.38,0,0,0,0,393,1,0,8,0,25.4,0,0
SYN-ADV-03461,859.09,2,0.12,0,0,0,0,926,1,0,2,0,7.2,0,0
SYN-ADV-03462,1854.35,2,0.1,0,0,0,0,1699,1,0,1,0,6.7,0,0
SYN-ADV-03463,1528.12,1,0.05,0,0,0,0,1464,1,0,1,0,8.3,0,0
SYN-ADV-03464,371.9,1,0.12,0,0,0,0,1101,1,0,1,0,14.5,0,0
SYN-ADV-03465,598.06,2,0.04,0,0,0,0,2212,1,0,1,0,4.5,0,0
SYN-ADV-03466,6038.88,5,0.59,1,0,1,0,83,1,0,4,0,12.3,0,0
SYN-ADV-03467,12504.07,2,0.32,0,0,0,0,602,1,0,7,0,34.0,0,0
SYN-ADV-03468,10.0,1,0.06,1,1,1,0,7,0,1,1,0,12.4,0,1
SYN-ADV-03469,4605.25,2,0.17,0,0,0,0,275,1,0,2,0,12.9,0,0
SYN-ADV-03470,57693.9,2,0.39,0,1,0,0,58,1,0,4,0,30.6,0,0
SYN-ADV-03471,2058.1,1,0.24,0,0,0,0,329,1,1,2,0,31.8,0,0
SYN-ADV-03472,464.44,1,0.14,0,0,0,0,434,1,0,2,0,8.6,0,0
SYN-ADV-03473,1957.41,2,0.2,0,0,0,0,1293,1,0,2,0,10.1,0,0
SYN-ADV-03474,555.97,2,0.08,0,0,0,0,2018,1,0,1,0,4.0,0,0
SYN-ADV-03475,1261.6,2,0.01,0,0,0,0,673,1,0,2,0,6.0,0,0
SYN-ADV-03476,71682.95,5,0.52,1,0,0,0,256,1,0,4,0,19.3,0,0
SYN-ADV-03477,731.42,2,0.15,0,0,0,0,343,1,0,2,0,10.8,0,0
SYN-ADV-03478,80341.11,5,0.64,1,0,0,0,195,1,0,4,0,30.1,0,0
SYN-ADV-03479,1503.4,2,0.03,0,0,0,0,225,1,0,3,0,29.1,0,0
SYN-ADV-03480,33052.01,5,0.57,1,0,0,0,243,1,0,3,0,28.0,0,0
SYN-ADV-03481,3773.99,2,0.1,0,0,0,0,351,1,0,3,0,35.6,0,0
SYN-ADV-03482,25799.29,2,0.18,0,0,0,0,973,1,0,7,0,26.8,0,0
SYN-ADV-03483,53041.26,2,0.47,1,0,0,0,248,1,0,2,0,24.1,0,0
SYN-ADV-03484,1663.0,1,0.09,0,0,0,0,1631,1,0,2,0,9.2,0,0
SYN-ADV-03485,66828.18,5,0.46,1,0,1,0,235,0,0,4,0,14.1,0,0
SYN-ADV-03486,1500.0,1,0.12,1,1,1,0,13,0,1,1,0,29.5,1,1
SYN-ADV-03487,1143.25,1,0.19,0,0,0,0,1325,1,0,1,0,6.6,0,0
SYN-ADV-03488,1113.81,2,0.05,0,0,0,0,1254,1,0,1,0,6.1,0,0
SYN-ADV-03489,50.0,5,0.37,1,1,1,1,9,1,0,12,3,86.2,1,1
SYN-ADV-03490,28132.19,3,0.36,0,0,0,0,943,1,0,5,0,26.9,0,0
SYN-ADV-03491,148.19,1,0.18,0,0,0,0,1005,1,0,2,0,5.4,0,0
SYN-ADV-03492,1625.77,1,0.16,0,0,0,0,1361,1,0,1,0,2.7,0,0
SYN-ADV-03493,9288.21,4,0.35,1,1,0,0,935,1,0,6,1,60.5,1,1
SYN-ADV-03494,1240.25,2,0.05,0,0,0,0,1004,1,0,1,0,13.2,0,0
SYN-ADV-03495,10.0,4,0.29,0,1,1,1,18,0,1,10,1,92.8,0,1
SYN-ADV-03496,3888.96,1,0.11,0,0,0,0,125,1,1,3,0,34.4,0,0
SYN-ADV-03497,2458.14,2,0.04,0,0,0,0,388,1,0,2,0,27.6,1,0
SYN-ADV-03498,610.99,1,0.17,0,0,0,0,649,1,0,1,0,4.4,0,0
SYN-ADV-03499,34113.24,4,0.63,1,0,1,0,172,1,0,4,0,19.8,0,0
SYN-ADV-03500,980.88,1,0.1,0,0,0,0,470,1,0,1,0,10.2,0,0
SYN-ADV-03501,3813.67,2,0.03,0,0,0,0,322,1,0,2,0,5.5,0,0
SYN-ADV-03502,1222.17,2,0.11,0,0,0,0,1434,1,0,2,0,8.9,0,0
SYN-ADV-03503,25.0,1,0.16,1,1,1,1,7,0,1,1,0,33.2,1,1
SYN-ADV-03504,31010.11,3,0.54,1,1,1,0,1087,1,0,3,0,61.6,0,1
SYN-ADV-03505,4500.0,8,0.84,1,0,1,0,13,0,1,9,3,93.9,1,1
SYN-ADV-03506,3363.15,2,0.25,0,0,0,0,330,1,1,2,0,37.3,1,0
SYN-ADV-03507,1443.6,2,0.09,0,0,0,0,1601,1,0,1,0,7.5,0,0
SYN-ADV-03508,1006.01,1,0.03,0,0,0,0,1681,1,0,1,0,4.7,0,0
SYN-ADV-03509,131.77,1,0.18,0,0,0,0,1847,1,0,2,0,4.5,0,0
SYN-ADV-03510,25000.0,8,0.77,0,1,0,1,3,1,1,6,3,78.1,1,1
SYN-ADV-03511,1296.8,1,0.25,0,0,1,1,25,0,0,8,2,69.9,1,1
SYN-ADV-03512,1069.53,1,0.01,0,0,0,0,724,1,0,1,0,3.0,0,0
SYN-ADV-03513,7051.02,2,0.33,0,0,0,0,889,1,0,8,0,46.1,0,0
SYN-ADV-03514,10.0,4,0.5,1,1,1,0,4,1,1,9,4,76.8,1,1
SYN-ADV-03515,70964.37,5,0.6,1,0,0,0,183,1,0,3,0,24.0,0,0
SYN-ADV-03516,70.71,1,0.08,0,0,0,0,546,1,0,1,0,8.3,0,0
SYN-ADV-03517,2710.13,1,0.16,0,0,0,0,765,1,0,2,0,14.1,0,0
SYN-ADV-03518,84.3,2,0.17,0,0,0,0,603,1,0,2,0,4.4,0,0
SYN-ADV-03519,2801.79,2,0.14,0,0,0,0,2362,1,0,1,0,6.4,0,0
SYN-ADV-03520,836.53,1,0.06,0,0,0,0,2302,1,0,1,0,9.5,0,0
SYN-ADV-03521,909.24,2,0.17,0,0,0,0,1272,1,0,2,0,7.0,0,0
SYN-ADV-03522,32086.73,4,0.45,1,0,0,0,211,1,0,4,0,22.6,0,0
SYN-ADV-03523,32465.27,1,0.26,1,1,0,0,1439,1,0,5,0,63.0,0,1
SYN-ADV-03524,583.67,2,0.17,0,0,0,0,2282,1,0,1,0,13.2,0,0
SYN-ADV-03525,700.45,1,0.14,0,0,0,0,2029,1,0,2,0,12.1,0,0
SYN-ADV-03526,2197.48,2,0.13,0,0,0,0,2219,1,0,2,0,6.8,0,0
SYN-ADV-03527,1975.7,1,0.05,0,0,0,0,293,1,0,2,0,24.5,0,0
SYN-ADV-03528,8212.03,2,0.07,0,0,1,1,56,0,1,6,3,80.8,1,1
SYN-ADV-03529,78761.84,2,0.42,1,0,1,0,260,1,0,3,0,12.6,0,0
SYN-ADV-03530,32480.49,2,0.62,1,0,1,0,55,1,0,2,0,27.2,0,0
SYN-ADV-03531,1509.5,2,0.04,0,0,0,0,2177,1,0,2,0,6.7,0,0
SYN-ADV-03532,1001.72,2,0.17,0,0,0,0,663,1,0,1,0,5.6,0,0
SYN-ADV-03533,32688.89,2,0.12,0,0,0,0,469,1,0,7,0,29.4,0,0
SYN-ADV-03534,500.0,4,0.37,0,0,1,1,8,1,1,8,2,80.2,0,1
SYN-ADV-03535,3893.25,2,0.09,0,0,0,0,421,1,0,2,0,11.9,0,0
SYN-ADV-03536,1012.23,1,0.02,0,0,0,0,1909,1,0,1,0,5.8,0,0
SYN-ADV-03537,3970.16,1,0.16,0,0,0,0,51,1,1,9,3,75.5,1,1
SYN-ADV-03538,446.01,2,0.18,0,0,0,0,1193,1,0,1,0,10.7,0,0
SYN-ADV-03539,2881.31,2,0.13,0,0,0,0,300,1,0,1,0,2.4,0,0
SYN-ADV-03540,65997.74,3,0.49,1,0,1,0,67,1,0,3,0,11.1,0,0
SYN-ADV-03541,30987.16,2,0.47,0,1,1,1,704,1,0,4,1,64.1,1,1
SYN-ADV-03542,39.24,1,0.12,0,0,0,0,1065,1,0,2,0,5.7,0,0
SYN-ADV-03543,2694.72,2,0.2,0,0,0,0,251,1,0,3,0,34.9,0,0
SYN-ADV-03544,1401.53,1,0.07,0,0,0,0,579,1,0,1,0,5.8,0,0
SYN-ADV-03545,1738.82,2,0.09,0,0,0,0,2169,1,0,2,0,3.9,0,0
SYN-ADV-03546,1673.38,1,0.08,0,0,0,0,361,1,0,2,0,31.8,0,0
SYN-ADV-03547,24169.43,4,0.46,1,0,0,0,199,1,0,4,0,13.7,0,0
SYN-ADV-03548,1322.41,1,0.07,0,0,0,0,1253,1,0,2,0,12.6,0,0
SYN-ADV-03549,100.0,1,0.06,1,1,1,1,3,0,1,1,0,14.9,1,1
SYN-ADV-03550,3193.37,2,0.16,0,0,0,0,245,1,0,2,0,5.5,0,0
SYN-ADV-03551,36088.08,5,0.52,1,1,0,0,138,1,0,4,0,27.2,1,0
SYN-ADV-03552,23622.61,4,0.14,0,0,0,0,572,1,0,9,0,33.7,0,0
SYN-ADV-03553,10.0,1,0.05,1,1,1,1,7,0,1,1,0,26.9,1,1
SYN-ADV-03554,570.93,2,0.18,0,0,0,0,2333,1,0,2,0,8.4,0,0
SYN-ADV-03555,500.0,8,0.35,1,1,0,1,27,0,1,10,4,83.1,1,1
SYN-ADV-03556,5915.14,2,0.15,0,0,0,1,60,0,1,7,2,79.7,0,1
SYN-ADV-03557,1500.0,1,0.18,1,1,1,1,7,0,1,1,0,18.9,0,1
SYN-ADV-03558,320.09,1,0.02,0,0,0,0,1395,1,0,1,0,3.1,0,0
SYN-ADV-03559,16517.05,3,0.24,0,0,0,0,282,1,0,7,0,23.8,0,0
SYN-ADV-03560,5102.76,1,0.41,1,0,0,0,1537,1,0,5,1,52.1,1,1
SYN-ADV-03561,1453.1,2,0.02,0,0,0,0,558,1,0,2,0,14.9,0,0
SYN-ADV-03562,607.17,1,0.14,0,0,0,0,2250,1,0,2,0,13.7,0,0
SYN-ADV-03563,255.18,1,0.05,0,0,0,0,2206,1,0,1,0,12.1,0,0
SYN-ADV-03564,1138.32,1,0.21,0,0,1,1,74,0,1,7,1,65.9,1,1
SYN-ADV-03565,356.36,2,0.08,0,0,0,0,1410,1,0,2,0,6.7,0,0
SYN-ADV-03566,13346.95,2,0.24,0,0,0,0,900,1,0,6,0,29.8,0,0
SYN-ADV-03567,1265.05,1,0.19,0,0,0,0,1387,1,0,1,0,6.1,0,0
SYN-ADV-03568,67.56,1,0.02,0,0,0,0,225,1,0,2,0,8.2,0,0
SYN-ADV-03569,2559.58,2,0.03,0,0,0,0,364,1,0,2,0,3.0,0,0
SYN-ADV-03570,7477.14,2,0.13,0,0,0,0,742,1,0,9,0,32.8,0,0
SYN-ADV-03571,1174.46,1,0.17,0,0,0,0,651,1,0,2,0,15.0,0,0
SYN-ADV-03572,2163.91,1,0.06,0,0,1,0,66,0,0,5,2,74.8,1,1
SYN-ADV-03573,8204.85,2,0.22,0,0,0,0,1106,1,0,8,0,47.1,0,0
SYN-ADV-03574,4124.18,1,0.09,0,0,0,0,796,1,0,2,0,7.9,0,0
SYN-ADV-03575,7368.21,3,0.38,0,0,0,0,1095,1,0,5,0,38.9,0,0
SYN-ADV-03576,4479.91,1,0.05,0,0,0,0,400,1,1,3,0,35.5,0,0
SYN-ADV-03577,78864.26,5,0.27,1,0,0,0,81,0,0,2,0,25.4,1,0
SYN-ADV-03578,4190.32,1,0.16,0,0,0,0,1186,1,0,2,0,12.4,0,0
SYN-ADV-03579,50.0,8,0.62,1,1,1,1,26,0,1,6,4,79.3,1,1
SYN-ADV-03580,1825.01,2,0.05,0,0,0,0,643,1,0,1,0,2.4,0,0
SYN-ADV-03581,1500.0,1,0.14,1,1,1,0,6,0,1,1,0,28.5,1,1
SYN-ADV-03582,1116.66,1,0.14,0,0,0,0,18,0,1,8,1,82.9,1,1
SYN-ADV-03583,8686.74,3,0.33,0,0,0,0,920,1,0,6,0,26.3,0,0
SYN-ADV-03584,66116.24,2,0.38,1,0,1,0,283,1,0,2,0,10.1,0,0
SYN-ADV-03585,749.63,1,0.09,0,0,0,0,1279,1,0,1,0,7.9,0,0
SYN-ADV-03586,559.67,1,0.03,0,0,0,0,2094,1,0,1,0,12.8,0,0
SYN-ADV-03587,2316.01,1,0.21,0,0,0,0,204,1,0,2,0,26.3,0,0
SYN-ADV-03588,74008.67,5,0.29,1,0,0,0,100,1,0,4,0,19.8,1,0
SYN-ADV-03589,44486.46,3,0.64,1,1,0,0,80,0,0,4,0,17.6,0,0
SYN-ADV-03590,603.02,2,0.16,0,0,0,0,310,1,0,2,0,24.7,1,0
SYN-ADV-03591,2443.02,2,0.13,0,0,0,0,314,1,0,2,0,11.4,0,0
SYN-ADV-03592,16741.77,3,0.57,0,0,0,1,1114,1,0,5,1,64.9,0,1
SYN-ADV-03593,30612.64,2,0.27,0,0,0,0,581,1,0,6,0,44.3,0,0
SYN-ADV-03594,4440.74,2,0.09,0,0,0,0,946,1,0,2,0,3.4,0,0
SYN-ADV-03595,607.28,1,0.09,0,0,0,0,727,1,0,2,0,12.2,0,0
SYN-ADV-03596,4607.78,4,0.23,0,0,0,0,1061,1,0,5,0,40.7,0,0
SYN-ADV-03597,27876.83,2,0.35,1,1,1,0,707,1,0,7,1,59.0,1,1
SYN-ADV-03598,25.0,1,0.1,1,1,1,0,13,0,1,1,0,26.7,1,1
SYN-ADV-03599,2049.35,2,0.17,0,0,0,0,403,1,0,1,0,5.6,0,0
SYN-ADV-03600,105.35,1,0.14,0,0,0,0,2274,1,0,1,0,13.5,0,0
SYN-ADV-03601,25000.0,4,0.42,1,1,0,1,3,1,1,10,3,80.6,1,1
SYN-ADV-03602,290.92,1,0.04,0,0,0,0,1650,1,0,1,0,14.6,0,0
SYN-ADV-03603,781.2,1,0.17,0,0,0,0,2082,1,0,2,0,11.5,0,0
SYN-ADV-03604,1328.11,1,0.08,0,0,0,0,399,1,0,2,0,6.6,0,0
SYN-ADV-03605,26777.75,4,0.26,0,0,0,0,834,1,0,8,0,25.3,0,0
SYN-ADV-03606,1381.24,1,0.15,0,0,0,0,2207,1,0,2,0,5.4,0,0
SYN-ADV-03607,83430.2,5,0.43,1,0,0,0,215,1,0,3,0,14.8,0,0
SYN-ADV-03608,1826.46,2,0.15,0,0,0,0,926,1,0,2,0,3.9,0,0
SYN-ADV-03609,4991.04,2,0.18,1,1,0,1,1481,1,0,6,1,47.7,1,1
SYN-ADV-03610,26.07,1,0.05,0,0,0,0,1178,1,0,1,0,4.8,0,0
SYN-ADV-03611,1500.0,1,0.12,1,1,1,0,12,0,1,1,0,28.1,1,1
SYN-ADV-03612,100.0,1,0.17,1,1,1,0,5,0,1,1,0,29.4,0,1
SYN-ADV-03613,25000.0,2,0.19,1,1,0,1,12,0,1,8,2,89.6,1,1
SYN-ADV-03614,20661.58,4,0.38,1,0,0,0,1267,1,0,6,1,67.7,1,1
SYN-ADV-03615,4834.09,2,0.19,0,0,0,0,429,1,1,3,0,17.3,0,0
SYN-ADV-03616,1060.57,1,0.07,0,0,0,0,1507,1,0,1,0,6.5,0,0
SYN-ADV-03617,3539.2,1,0.18,0,0,0,0,283,1,0,2,0,35.4,0,0
SYN-ADV-03618,100.0,1,0.11,1,1,1,0,8,0,1,1,0,26.1,0,1
SYN-ADV-03619,28113.79,2,0.24,1,1,0,0,709,1,0,7,1,54.7,1,1
SYN-ADV-03620,9904.45,4,0.29,0,0,0,0,459,1,0,7,0,42.5,0,0
SYN-ADV-03621,2641.76,3,0.07,0,0,1,0,85,0,1,6,2,84.4,1,1
SYN-ADV-03622,746.76,1,0.03,0,0,0,0,2348,1,0,1,0,8.6,0,0
SYN-ADV-03623,3151.77,1,0.07,0,0,0,0,109,1,0,2,0,21.6,0,0
SYN-ADV-03624,47293.55,2,0.29,1,0,0,0,198,1,0,3,0,11.2,1,0
SYN-ADV-03625,2996.22,2,0.06,0,0,0,0,860,1,0,2,0,4.4,0,0
SYN-ADV-03626,121.85,2,0.18,0,0,0,0,1362,1,0,2,0,14.9,0,0
SYN-ADV-03627,9237.29,1,0.52,1,1,1,0,1047,1,0,4,0,62.1,1,1
SYN-ADV-03628,3167.52,1,0.15,0,0,0,0,1208,1,0,2,0,5.0,0,0
SYN-ADV-03629,2642.06,1,0.18,0,0,0,0,1594,1,0,2,0,8.1,0,0
SYN-ADV-03630,30296.61,4,0.17,0,0,1,0,805,1,0,6,1,68.2,1,1
SYN-ADV-03631,50.0,2,0.29,1,1,1,0,8,0,1,10,4,73.5,1,1
SYN-ADV-03632,1819.69,2,0.17,0,0,0,0,73,1,0,3,0,19.0,1,0
SYN-ADV-03633,530.59,2,0.08,0,0,0,0,250,1,0,1,0,8.7,0,0
SYN-ADV-03634,2941.39,1,0.07,0,0,0,0,1965,1,0,2,0,9.2,0,0
SYN-ADV-03635,336.05,1,0.14,0,0,0,0,2139,1,0,1,0,9.4,0,0
SYN-ADV-03636,545.43,1,0.15,0,0,0,0,1445,1,0,1,0,4.2,0,0
SYN-ADV-03637,30540.58,4,0.31,0,0,0,0,846,1,0,7,0,24.5,0,0
SYN-ADV-03638,402.15,2,0.11,0,0,0,0,1388,1,0,1,0,5.7,0,0
SYN-ADV-03639,621.84,1,0.16,0,0,0,0,1682,1,0,2,0,13.7,0,0
SYN-ADV-03640,2986.34,2,0.22,0,0,0,0,241,1,1,2,0,33.6,0,0
SYN-ADV-03641,4500.0,4,0.77,1,1,1,1,12,0,0,11,4,80.0,1,1
SYN-ADV-03642,2856.14,3,0.09,0,0,1,0,25,0,1,9,2,86.8,0,1
SYN-ADV-03643,3341.54,2,0.19,0,0,0,0,706,1,0,2,0,4.5,0,0
SYN-ADV-03644,6445.04,1,0.55,1,1,1,1,909,1,0,5,1,71.3,0,1
SYN-ADV-03645,23865.8,3,0.47,0,0,0,0,120,0,0,4,0,30.3,0,0
SYN-ADV-03646,2487.75,1,0.16,0,0,0,0,429,1,0,3,0,18.4,0,0
SYN-ADV-03647,167.54,2,0.04,0,0,0,0,2399,1,0,2,0,7.7,0,0
SYN-ADV-03648,1500.0,1,0.1,1,1,1,0,11,0,1,1,0,34.8,0,1
SYN-ADV-03649,320.57,2,0.13,0,0,0,0,1947,1,0,2,0,13.8,0,0
SYN-ADV-03650,48.13,2,0.1,0,0,0,0,749,1,0,1,0,2.5,0,0
SYN-ADV-03651,8300.54,3,0.35,0,0,0,0,233,1,0,5,0,26.8,0,0
SYN-ADV-03652,10.0,8,0.38,1,1,1,0,25,0,0,7,3,89.6,1,1
SYN-ADV-03653,13528.15,4,0.31,0,1,0,0,1913,1,0,4,1,59.6,0,1
SYN-ADV-03654,81280.2,3,0.48,1,1,0,0,97,1,0,2,0,27.5,0,0
SYN-ADV-03655,18087.72,2,0.59,1,0,1,0,1756,1,0,3,1,74.5,0,1
SYN-ADV-03656,50.0,4,0.78,1,1,1,0,14,0,1,6,4,87.0,1,1
SYN-ADV-03657,23651.02,3,0.17,0,0,0,0,904,1,0,8,0,40.2,0,0
SYN-ADV-03658,2167.53,2,0.2,0,0,0,0,213,1,0,2,0,8.2,0,0
SYN-ADV-03659,2468.45,3,0.22,0,0,0,1,46,0,1,7,1,83.0,1,1
SYN-ADV-03660,987.21,2,0.03,0,0,0,0,489,1,0,1,0,9.1,0,0
SYN-ADV-03661,15652.94,3,0.18,0,1,1,1,2232,1,0,4,1,56.1,1,1
SYN-ADV-03662,9174.76,1,0.26,0,0,0,0,54,0,1,5,3,80.8,1,1
SYN-ADV-03663,1447.04,1,0.01,0,0,0,0,1882,1,0,2,0,6.0,0,0
SYN-ADV-03664,13286.84,1,0.34,0,0,0,0,61,1,0,4,2,81.9,1,1
SYN-ADV-03665,919.48,2,0.18,0,0,0,0,783,1,0,1,0,5.1,0,0
SYN-ADV-03666,4500.0,8,0.48,1,0,0,0,9,1,1,7,2,85.9,1,1
SYN-ADV-03667,816.4,1,0.18,0,0,0,0,89,0,1,5,2,86.7,1,1
SYN-ADV-03668,59559.23,4,0.6,0,1,0,0,270,1,0,4,0,19.3,0,0
SYN-ADV-03669,505.69,1,0.02,0,0,0,0,1452,1,0,1,0,5.1,0,0
SYN-ADV-03670,10094.35,1,0.2,0,0,0,0,2263,1,0,2,0,4.1,0,0
SYN-ADV-03671,4500.0,7,0.68,1,1,1,0,3,0,0,6,1,77.4,1,1
SYN-ADV-03672,34777.84,2,0.52,0,1,0,0,200,1,0,3,0,10.5,1,0
SYN-ADV-03673,25000.0,4,0.83,1,1,1,1,28,0,1,6,3,84.5,1,1
SYN-ADV-03674,883.56,1,0.05,0,0,0,0,725,1,0,1,0,5.6,0,0
SYN-ADV-03675,464.21,2,0.06,0,0,0,0,1039,1,0,2,0,6.0,0,0
SYN-ADV-03676,4500.0,4,0.15,1,1,0,1,3,0,1,6,2,79.4,1,1
SYN-ADV-03677,556.93,2,0.04,0,0,0,0,2134,1,0,1,0,10.9,0,0
SYN-ADV-03678,11780.46,1,0.23,0,0,0,0,69,0,1,7,1,81.3,0,1
SYN-ADV-03679,1283.94,2,0.15,0,0,0,0,2059,1,0,2,0,7.5,0,0
SYN-ADV-03680,4605.56,1,0.07,0,0,0,0,275,1,1,2,0,27.8,1,0
SYN-ADV-03681,2511.5,1,0.13,0,0,0,0,858,1,0,1,0,5.6,0,0
SYN-ADV-03682,386.41,2,0.05,0,0,0,0,159,1,0,3,0,36.2,0,0
SYN-ADV-03683,4500.0,8,0.64,1,1,0,1,21,0,1,5,2,85.8,1,1
SYN-ADV-03684,4871.56,2,0.16,0,0,0,0,2288,1,0,2,0,10.1,0,0
SYN-ADV-03685,36.45,1,0.16,0,0,0,0,1532,1,0,1,0,10.6,0,0
SYN-ADV-03686,911.6,1,0.08,0,0,0,0,1342,1,0,2,0,9.8,0,0
SYN-ADV-03687,51682.34,5,0.28,1,0,0,0,161,1,0,3,0,29.7,1,0
SYN-ADV-03688,64110.52,2,0.56,1,0,1,0,73,1,0,3,0,17.9,0,0
SYN-ADV-03689,3827.66,2,0.08,0,0,0,0,418,1,0,3,0,23.9,0,0
SYN-ADV-03690,1174.0,1,0.13,0,0,0,0,754,1,0,1,0,11.9,0,0
SYN-ADV-03691,3183.41,2,0.46,1,1,0,0,1712,1,0,3,0,68.5,1,1
SYN-ADV-03692,20796.3,4,0.39,1,0,1,0,2121,1,0,5,1,57.3,1,1
SYN-ADV-03693,5703.47,2,0.04,0,0,0,0,1975,1,0,1,0,12.0,0,0
SYN-ADV-03694,33284.55,3,0.12,0,0,0,0,444,1,0,9,0,35.4,0,0
SYN-ADV-03695,1401.66,1,0.16,0,0,0,0,681,1,0,2,0,8.1,0,0
SYN-ADV-03696,50.0,3,0.34,1,1,1,1,27,0,1,9,4,86.5,1,1
SYN-ADV-03697,1796.02,2,0.13,0,0,0,0,1250,1,0,1,0,11.8,0,0
SYN-ADV-03698,6966.15,1,0.06,0,0,0,0,1132,1,0,1,0,12.4,0,0
SYN-ADV-03699,52584.09,3,0.35,1,1,0,0,189,0,0,2,0,12.3,0,0
SYN-ADV-03700,5556.14,4,0.5,1,1,1,1,1431,1,0,6,0,47.9,0,1
SYN-ADV-03701,100.0,1,0.12,1,1,1,1,15,0,1,1,0,29.0,1,1
SYN-ADV-03702,743.02,1,0.08,0,0,0,0,1761,1,0,2,0,5.8,0,0
SYN-ADV-03703,862.94,2,0.05,0,0,0,0,765,1,0,2,0,3.2,0,0
SYN-ADV-03704,7532.16,2,0.12,0,0,0,0,524,1,0,7,0,23.1,0,0
SYN-ADV-03705,27246.46,1,0.44,1,1,1,0,2030,1,0,7,1,68.5,1,1
SYN-ADV-03706,10.0,1,0.2,1,1,0,0,8,0,1,1,0,26.3,0,1
SYN-ADV-03707,34242.99,3,0.47,1,0,0,0,108,1,0,2,0,31.2,0,0
SYN-ADV-03708,2505.93,2,0.06,0,0,0,0,780,1,0,2,0,12.3,0,0
SYN-ADV-03709,500.0,8,0.72,1,1,1,0,20,1,1,7,3,73.3,1,1
SYN-ADV-03710,1068.29,2,0.19,0,0,0,0,949,1,0,1,0,3.7,0,0
SYN-ADV-03711,28.69,2,0.12,0,0,0,0,1624,1,0,1,0,11.0,0,0
SYN-ADV-03712,63944.77,4,0.6,1,0,1,0,298,1,0,3,0,25.8,0,0
SYN-ADV-03713,899.58,2,0.16,0,0,0,0,1677,1,0,2,0,12.2,0,0
SYN-ADV-03714,4577.93,2,0.06,0,0,0,0,390,1,0,3,0,18.6,0,0
SYN-ADV-03715,18487.55,2,0.17,1,0,1,1,1863,1,0,7,0,72.7,1,1
SYN-ADV-03716,6591.94,4,0.3,0,0,0,0,552,1,0,7,0,42.5,0,0
SYN-ADV-03717,1278.19,1,0.16,0,0,0,0,1640,1,0,2,0,10.5,0,0
SYN-ADV-03718,21441.31,2,0.14,0,0,0,0,1087,1,0,7,0,20.7,0,0
SYN-ADV-03719,17180.07,3,0.48,1,1,0,1,2407,1,0,7,0,69.4,1,1
SYN-ADV-03720,25229.79,2,0.43,1,0,0,0,98,1,0,3,0,14.4,0,0
SYN-ADV-03721,160.51,1,0.04,0,0,0,0,440,1,0,1,0,11.7,0,0
SYN-ADV-03722,767.5,2,0.06,0,0,0,0,2282,1,0,2,0,14.3,0,0
SYN-ADV-03723,17447.7,4,0.21,0,0,0,0,882,1,0,6,0,32.0,0,0
SYN-ADV-03724,5119.84,2,0.12,0,0,0,0,1283,1,0,2,0,11.4,0,0
SYN-ADV-03725,4032.5,2,0.18,0,0,0,0,211,1,0,2,0,16.5,0,0
SYN-ADV-03726,656.69,2,0.14,0,0,0,0,1379,1,0,1,0,7.7,0,0
SYN-ADV-03727,13799.46,1,0.09,0,0,1,0,13,0,1,5,2,84.8,0,1
SYN-ADV-03728,595.69,1,0.1,0,0,0,0,1308,1,0,1,0,12.0,0,0
SYN-ADV-03729,3258.92,4,0.3,1,1,1,1,862,1,0,3,0,55.5,0,1
SYN-ADV-03730,69372.56,3,0.27,1,0,0,0,227,1,0,4,0,31.5,0,0
SYN-ADV-03731,2015.4,2,0.1,0,0,0,0,1317,1,0,1,0,4.7,0,0
SYN-ADV-03732,500.0,3,0.78,1,1,0,1,28,0,1,8,4,88.9,1,1
SYN-ADV-03733,500.0,2,0.13,1,1,1,1,11,0,1,9,4,93.0,1,1
SYN-ADV-03734,669.21,2,0.05,0,0,0,0,2234,1,0,1,0,6.7,0,0
SYN-ADV-03735,1028.02,1,0.03,0,0,0,0,307,1,0,2,0,4.4,0,0
SYN-ADV-03736,335.27,1,0.02,0,0,0,0,2056,1,0,1,0,2.4,0,0
SYN-ADV-03737,5542.59,2,0.02,0,0,0,0,1058,1,0,1,0,8.1,0,0
SYN-ADV-03738,897.4,1,0.03,0,0,0,0,733,1,0,2,0,14.9,0,0
SYN-ADV-03739,27012.57,2,0.55,1,1,0,0,126,1,0,3,0,24.7,0,0
SYN-ADV-03740,4181.39,1,0.14,0,0,0,0,240,1,1,2,0,24.3,1,0
SYN-ADV-03741,1730.17,2,0.03,0,0,0,0,841,1,0,1,0,8.8,0,0
SYN-ADV-03742,83038.36,4,0.32,1,0,1,0,256,1,0,2,0,15.2,1,0
SYN-ADV-03743,54654.51,5,0.63,1,0,0,0,60,1,0,2,0,10.3,0,0
SYN-ADV-03744,1709.56,1,0.16,0,0,0,0,212,1,0,2,0,14.2,0,0
SYN-ADV-03745,1375.04,1,0.04,0,0,0,0,1345,1,0,1,0,14.3,0,0
SYN-ADV-03746,8766.35,5,0.45,1,0,0,0,219,1,0,3,0,30.9,1,0
SYN-ADV-03747,2779.16,1,0.07,0,0,0,0,376,1,0,2,0,10.0,0,0
SYN-ADV-03748,2800.05,1,0.18,0,0,0,0,1800,1,0,2,0,10.1,0,0
SYN-ADV-03749,383.06,1,0.09,0,0,0,0,2254,1,0,2,0,14.4,0,0
SYN-ADV-03750,10.0,4,0.68,1,1,0,1,20,0,1,5,3,91.9,1,1
SYN-ADV-03751,2053.12,1,0.23,0,0,0,0,339,0,0,3,0,14.8,0,0
SYN-ADV-03752,348.02,2,0.1,0,0,0,0,337,1,0,2,0,9.2,0,0
SYN-ADV-03753,1467.3,2,0.12,0,0,0,0,1674,1,0,2,0,7.8,0,0
SYN-ADV-03754,216.4,1,0.02,0,0,0,0,1988,1,0,2,0,10.3,0,0
SYN-ADV-03755,424.19,2,0.19,0,0,0,0,2264,1,0,2,0,10.1,0,0
SYN-ADV-03756,809.36,2,0.11,0,0,0,0,1498,1,0,1,0,7.9,0,0
SYN-ADV-03757,25.0,1,0.06,1,1,1,1,11,0,1,1,0,26.7,1,1
SYN-ADV-03758,500.0,3,0.84,1,1,1,1,18,0,1,10,1,89.6,1,1
SYN-ADV-03759,758.7,1,0.2,0,0,0,0,771,1,0,1,0,12.8,0,0
SYN-ADV-03760,4714.28,1,0.17,0,0,0,0,401,1,0,3,0,32.2,1,0
SYN-ADV-03761,4476.92,1,0.25,0,0,0,0,109,0,1,3,0,23.9,0,0
SYN-ADV-03762,28099.33,2,0.21,0,0,0,0,325,1,0,7,0,25.1,0,0
SYN-ADV-03763,120.69,2,0.01,0,0,0,0,203,1,0,2,0,13.9,0,0
SYN-ADV-03764,480.49,1,0.09,0,0,0,0,389,1,0,1,0,2.4,0,0
SYN-ADV-03765,2270.78,2,0.02,0,0,0,0,1207,1,0,2,0,6.4,0,0
SYN-ADV-03766,7653.81,3,0.2,0,0,0,0,44,0,1,7,3,83.5,0,1
SYN-ADV-03767,23177.57,1,0.34,1,1,1,0,2312,1,0,4,1,58.4,0,1
SYN-ADV-03768,63660.45,2,0.54,1,0,0,0,190,1,0,4,0,19.6,0,0
SYN-ADV-03769,109.26,2,0.06,0,0,0,0,2077,1,0,2,0,4.4,0,0
SYN-ADV-03770,100.0,1,0.18,1,1,1,0,5,0,1,1,0,34.3,1,1
SYN-ADV-03771,804.37,1,0.11,0,0,0,0,1389,1,0,2,0,6.0,0,0
SYN-ADV-03772,4500.0,6,0.37,1,1,1,0,19,0,1,8,3,87.1,1,1
SYN-ADV-03773,15908.24,3,0.48,1,0,0,0,126,1,0,4,0,27.3,1,0
SYN-ADV-03774,6495.02,2,0.3,0,0,0,0,186,1,0,7,0,40.1,0,0
SYN-ADV-03775,2519.0,2,0.19,0,0,0,0,1638,1,0,2,0,7.9,0,0
SYN-ADV-03776,901.77,1,0.08,0,0,0,0,1289,1,0,1,0,11.5,0,0
SYN-ADV-03777,60658.4,5,0.25,1,0,0,0,88,0,0,3,0,25.1,0,0
SYN-ADV-03778,57232.64,5,0.62,1,0,0,0,249,0,0,3,0,25.8,0,0
SYN-ADV-03779,2507.16,2,0.03,0,0,0,0,210,1,0,3,0,34.1,1,0
SYN-ADV-03780,1643.48,2,0.18,0,0,0,0,957,1,0,1,0,8.4,0,0
SYN-ADV-03781,1500.0,1,0.11,1,1,0,1,5,0,1,1,0,28.5,1,1
SYN-ADV-03782,880.13,1,0.26,0,0,0,0,63,1,1,8,2,83.0,1,1
SYN-ADV-03783,28016.47,3,0.11,0,0,0,0,569,1,0,8,0,23.9,0,0
SYN-ADV-03784,81807.41,3,0.48,1,0,1,0,171,1,0,2,0,22.0,1,0
SYN-ADV-03785,979.92,1,0.06,0,0,0,0,281,1,0,1,0,3.4,0,0
SYN-ADV-03786,25000.0,4,0.6,1,1,1,1,18,0,1,9,3,75.4,1,1
SYN-ADV-03787,27118.41,5,0.49,0,0,0,0,153,1,0,3,0,31.1,0,0
SYN-ADV-03788,3569.42,3,0.19,0,0,0,0,52,0,1,7,3,74.9,0,1
SYN-ADV-03789,21266.7,4,0.53,1,0,1,0,282,1,0,2,0,17.2,0,0
SYN-ADV-03790,93.78,1,0.12,0,0,0,0,654,1,0,2,0,3.7,0,0
SYN-ADV-03791,1030.92,2,0.13,0,0,0,0,1924,1,0,1,0,9.7,0,0
SYN-ADV-03792,315.91,2,0.04,0,0,0,0,2351,1,0,2,0,12.9,0,0
SYN-ADV-03793,599.7,2,0.05,0,0,0,0,2171,1,0,1,0,3.2,0,0
SYN-ADV-03794,950.39,1,0.13,0,0,0,0,2225,1,0,1,0,9.9,0,0
SYN-ADV-03795,25000.0,4,0.74,1,0,0,1,24,0,1,7,1,89.1,1,1
SYN-ADV-03796,2946.23,2,0.23,0,0,0,0,404,1,1,3,0,33.2,0,0
SYN-ADV-03797,8443.35,2,0.13,0,0,0,0,524,1,0,8,0,31.4,0,0
SYN-ADV-03798,23865.74,3,0.64,1,0,1,0,112,1,0,3,0,15.3,0,0
SYN-ADV-03799,2258.34,1,0.05,0,0,0,0,2225,1,0,2,0,6.1,0,0
SYN-ADV-03800,27093.32,3,0.12,0,0,0,0,460,1,0,6,0,21.7,0,0
SYN-ADV-03801,19699.64,2,0.33,0,0,0,0,534,1,0,5,0,33.7,0,0
SYN-ADV-03802,1563.85,1,0.15,0,0,0,0,1210,1,0,1,0,8.7,0,0
SYN-ADV-03803,23288.66,4,0.28,0,0,0,0,656,1,0,5,0,23.9,0,0
SYN-ADV-03804,14649.18,2,0.19,0,1,1,0,1056,1,0,4,0,66.1,1,1
SYN-ADV-03805,65519.27,5,0.44,1,0,0,0,176,1,0,2,0,19.6,0,0
SYN-ADV-03806,1143.41,1,0.07,0,0,0,0,1469,1,0,1,0,5.7,0,0
SYN-ADV-03807,1543.16,1,0.18,0,0,0,0,1864,1,0,2,0,3.4,0,0
SYN-ADV-03808,871.43,1,0.12,0,0,0,0,722,1,0,2,0,4.3,0,0
SYN-ADV-03809,1197.6,1,0.19,0,0,0,0,1616,1,0,1,0,14.1,0,0
SYN-ADV-03810,500.0,8,0.74,1,1,1,1,30,0,0,10,2,91.6,1,1
SYN-ADV-03811,22217.47,2,0.58,1,0,1,0,275,0,0,4,0,23.2,1,0
SYN-ADV-03812,21982.27,4,0.31,0,0,0,0,551,1,0,7,0,32.9,0,0
SYN-ADV-03813,180.25,2,0.16,0,0,0,0,545,1,0,1,0,7.5,0,0
SYN-ADV-03814,3159.91,1,0.02,0,0,0,0,1803,1,0,2,0,9.8,0,0
SYN-ADV-03815,32695.65,3,0.24,1,1,1,1,2386,1,0,4,0,61.9,0,1
SYN-ADV-03816,184.27,2,0.04,0,0,0,0,230,1,0,1,0,8.0,0,0
SYN-ADV-03817,1500.0,1,0.09,1,1,1,1,11,0,1,1,0,22.7,0,1
SYN-ADV-03818,20224.43,4,0.24,0,0,0,0,237,1,0,9,0,45.6,0,0
SYN-ADV-03819,4134.58,2,0.12,0,0,1,0,17,0,1,5,2,76.8,0,1
SYN-ADV-03820,193.85,2,0.19,0,0,0,0,1554,1,0,2,0,7.2,0,0
SYN-ADV-03821,461.56,1,0.1,0,0,0,0,1465,1,0,2,0,10.5,0,0
SYN-ADV-03822,500.0,8,0.42,1,1,1,1,23,0,1,11,3,92.6,1,1
SYN-ADV-03823,744.34,2,0.15,0,0,0,0,1563,1,0,1,0,8.1,0,0
SYN-ADV-03824,1705.19,1,0.21,0,0,0,0,293,1,0,3,0,22.3,0,0
SYN-ADV-03825,70361.02,4,0.62,1,0,1,0,162,1,0,3,0,26.4,1,0
SYN-ADV-03826,15342.75,3,0.25,0,0,0,0,832,1,0,6,0,22.5,0,0
SYN-ADV-03827,19720.93,3,0.38,1,0,0,0,233,1,0,2,0,20.0,1,0
SYN-ADV-03828,2012.26,2,0.02,0,0,0,0,487,1,0,2,0,3.9,0,0
SYN-ADV-03829,1543.76,1,0.02,0,0,0,0,2132,1,0,1,0,9.1,0,0
SYN-ADV-03830,4500.0,3,0.23,1,1,1,1,23,0,1,8,2,75.7,1,1
SYN-ADV-03831,1423.66,3,0.35,0,0,0,0,82,0,1,6,1,75.6,1,1
SYN-ADV-03832,4018.37,2,0.05,0,0,0,0,422,1,0,2,0,9.0,0,0
SYN-ADV-03833,500.0,8,0.47,1,1,1,0,19,0,1,11,4,80.3,1,1
SYN-ADV-03834,39514.37,2,0.52,1,0,0,0,126,0,0,4,0,17.8,0,0
SYN-ADV-03835,31831.22,3,0.38,1,1,0,0,139,1,0,4,0,26.5,1,0
SYN-ADV-03836,27787.0,3,0.23,0,0,0,0,1014,1,0,6,0,33.7,0,0
SYN-ADV-03837,1660.02,2,0.23,0,0,0,0,449,1,0,3,0,37.0,0,0
SYN-ADV-03838,470.02,1,0.11,0,0,0,1,42,1,0,7,2,67.4,1,1
SYN-ADV-03839,12193.52,4,0.32,0,0,0,0,269,1,0,9,0,21.3,0,0
SYN-ADV-03840,46056.15,3,0.45,1,0,0,0,286,0,0,4,0,31.3,0,0
SYN-ADV-03841,100.0,1,0.18,1,1,1,0,15,0,1,1,0,25.6,1,1
SYN-ADV-03842,1590.54,2,0.09,0,0,0,0,555,1,0,1,0,10.7,0,0
SYN-ADV-03843,9913.44,3,0.34,0,0,1,0,22,0,1,4,2,78.3,1,1
SYN-ADV-03844,76.15,1,0.16,0,0,0,0,1033,1,0,2,0,14.6,0,0
SYN-ADV-03845,2641.42,1,0.13,0,0,0,0,209,1,0,1,0,12.1,0,0
SYN-ADV-03846,17795.44,2,0.28,1,0,0,0,60,1,0,2,0,15.3,1,0
SYN-ADV-03847,4684.03,2,0.26,0,1,0,0,1296,1,0,3,1,50.3,1,1
SYN-ADV-03848,50.0,2,0.51,0,1,1,1,22,0,1,8,1,86.6,1,1
SYN-ADV-03849,964.56,2,0.18,0,0,0,0,256,1,0,1,0,11.1,0,0
SYN-ADV-03850,3349.56,1,0.24,0,0,0,0,222,0,0,2,0,33.3,1,0
SYN-ADV-03851,100.0,1,0.11,1,1,0,0,8,0,1,1,0,12.8,0,1
SYN-ADV-03852,1132.67,2,0.07,0,0,0,0,672,1,0,1,0,8.0,0,0
SYN-ADV-03853,5409.08,2,0.01,0,0,0,0,2176,1,0,1,0,8.9,0,0
SYN-ADV-03854,2943.28,3,0.17,1,0,0,0,2463,1,0,7,0,51.1,1,1
SYN-ADV-03855,673.42,1,0.04,0,0,0,0,1039,1,0,1,0,3.5,0,0
SYN-ADV-03856,6009.51,4,0.59,1,1,1,0,83,1,0,2,0,25.0,0,0
SYN-ADV-03857,1500.0,1,0.08,1,1,1,1,4,0,1,1,0,12.8,1,1
SYN-ADV-03858,63043.73,3,0.46,0,1,0,0,297,1,0,2,0,26.5,1,0
SYN-ADV-03859,583.97,1,0.03,0,0,0,0,1973,1,0,2,0,12.3,0,0
SYN-ADV-03860,1613.54,2,0.15,0,0,0,0,228,1,0,1,0,6.2,0,0
SYN-ADV-03861,1380.77,2,0.18,0,0,0,0,893,1,0,2,0,7.8,0,0
SYN-ADV-03862,8045.54,2,0.28,0,0,0,0,486,1,0,5,0,33.5,0,0
SYN-ADV-03863,33141.67,2,0.29,0,0,0,0,203,1,0,7,0,46.5,0,0
SYN-ADV-03864,35949.43,1,0.42,1,1,0,1,1360,1,0,5,1,52.8,1,1
SYN-ADV-03865,135.14,2,0.19,0,0,0,0,2029,1,0,1,0,5.0,0,0
SYN-ADV-03866,25040.27,5,0.49,1,1,0,0,161,0,0,4,0,19.9,0,0
SYN-ADV-03867,1322.32,1,0.15,0,0,0,1,10,0,0,7,1,75.5,1,1
SYN-ADV-03868,2753.03,1,0.11,0,0,0,0,305,1,0,1,0,13.0,0,0
SYN-ADV-03869,10178.39,2,0.21,0,0,0,0,272,1,0,6,0,21.8,0,0
SYN-ADV-03870,10.0,5,0.77,1,1,1,0,4,0,1,5,4,78.9,1,1
SYN-ADV-03871,62060.57,4,0.59,1,1,1,0,70,1,0,3,0,21.9,0,0
SYN-ADV-03872,176.18,2,0.18,0,0,0,0,1861,1,0,1,0,10.2,0,0
SYN-ADV-03873,7070.49,2,0.3,0,0,0,0,13,0,1,9,1,86.6,1,1
SYN-ADV-03874,6415.29,2,0.37,0,0,0,0,282,1,0,7,0,43.0,0,0
SYN-ADV-03875,2799.24,2,0.1,0,0,0,0,1847,1,0,2,0,7.7,0,0
SYN-ADV-03876,643.73,2,0.03,0,0,0,0,1834,1,0,1,0,3.3,0,0
SYN-ADV-03877,8167.62,1,0.35,1,1,0,0,1655,1,0,3,1,49.6,1,1
SYN-ADV-03878,500.0,3,0.33,1,1,1,1,30,0,1,10,2,83.7,1,1
SYN-ADV-03879,27974.81,3,0.31,0,0,0,0,690,1,0,6,0,47.4,0,0
SYN-ADV-03880,54551.93,3,0.34,1,0,0,0,53,1,0,3,0,10.7,0,0
SYN-ADV-03881,25000.0,5,0.6,1,1,1,0,12,0,1,12,2,84.9,1,1
SYN-ADV-03882,320.47,2,0.16,0,0,0,0,1620,1,0,1,0,11.2,0,0
SYN-ADV-03883,1344.36,2,0.14,0,0,0,0,1859,1,0,1,0,12.3,0,0
SYN-ADV-03884,270.61,1,0.15,0,0,0,1,40,1,0,7,3,68.6,0,1
SYN-ADV-03885,1290.65,1,0.06,0,0,0,0,442,1,0,1,0,5.4,0,0
SYN-ADV-03886,5485.65,3,0.31,0,0,0,0,441,1,0,7,0,25.0,0,0
SYN-ADV-03887,660.28,1,0.09,0,0,0,0,2363,1,0,2,0,4.4,0,0
SYN-ADV-03888,17353.01,1,0.28,1,1,0,0,2036,1,0,5,1,71.1,0,1
SYN-ADV-03889,10.0,5,0.35,0,1,0,1,23,0,1,6,3,76.0,1,1
SYN-ADV-03890,2008.33,1,0.11,0,0,0,0,1703,1,0,1,0,4.1,0,0
SYN-ADV-03891,1500.0,1,0.06,1,1,0,0,5,0,1,1,0,14.5,1,1
SYN-ADV-03892,40372.76,4,0.43,1,1,0,0,298,1,0,4,0,22.5,1,0
SYN-ADV-03893,10.0,1,0.02,1,1,1,0,2,0,1,1,0,29.9,1,1
SYN-ADV-03894,25.0,1,0.18,1,1,0,0,9,0,1,1,0,14.3,1,1
SYN-ADV-03895,10.0,2,0.64,1,1,0,0,10,0,1,11,2,78.8,1,1
SYN-ADV-03896,217.2,1,0.18,0,0,0,0,1902,1,0,1,0,7.5,0,0
SYN-ADV-03897,1706.42,2,0.03,0,0,0,0,308,1,0,2,0,12.5,0,0
SYN-ADV-03898,15929.66,4,0.23,0,0,0,0,496,1,0,9,0,22.9,0,0
SYN-ADV-03899,4035.1,1,0.14,0,0,0,0,281,1,0,2,0,22.0,1,0
SYN-ADV-03900,100.0,1,0.09,1,1,1,1,1,0,1,1,0,13.5,0,1
SYN-ADV-03901,10.0,2,0.78,1,1,0,1,28,0,1,8,2,74.5,1,1
SYN-ADV-03902,2528.78,1,0.06,0,0,0,0,1409,1,0,1,0,6.8,0,0
SYN-ADV-03903,54478.18,5,0.5,1,0,0,0,178,1,0,2,0,24.2,0,0
SYN-ADV-03904,100.0,1,0.04,1,1,1,1,4,0,1,1,0,27.6,1,1
SYN-ADV-03905,25848.09,3,0.27,0,0,0,0,353,1,0,9,0,39.7,0,0
SYN-ADV-03906,64189.41,4,0.43,1,0,0,0,295,1,0,4,0,21.1,0,0
SYN-ADV-03907,431.42,2,0.2,0,0,0,0,86,0,0,5,2,75.2,1,1
SYN-ADV-03908,55058.77,2,0.4,1,0,0,0,97,1,0,3,0,28.0,0,0
SYN-ADV-03909,1548.25,1,0.15,0,0,0,0,27,0,0,9,2,79.2,0,1
SYN-ADV-03910,6206.27,5,0.33,1,0,0,0,53,0,0,3,0,28.6,0,0
SYN-ADV-03911,10.0,6,0.32,1,1,1,0,12,1,1,7,3,79.6,1,1
SYN-ADV-03912,4916.8,1,0.09,0,0,0,0,221,1,1,3,0,28.7,0,0
SYN-ADV-03913,1315.51,2,0.02,0,0,0,0,2031,1,0,2,0,14.0,0,0
SYN-ADV-03914,1883.34,2,0.1,0,0,0,0,1115,1,0,2,0,13.4,0,0
SYN-ADV-03915,500.0,7,0.79,1,1,1,1,29,0,1,11,4,89.4,1,1
SYN-ADV-03916,4500.0,8,0.34,1,1,1,0,8,0,1,11,3,91.3,1,1
SYN-ADV-03917,3709.75,2,0.06,0,0,0,0,416,1,0,1,0,2.8,0,0
SYN-ADV-03918,25000.0,4,0.3,1,1,1,1,21,0,0,9,2,81.1,1,1
SYN-ADV-03919,2149.29,2,0.05,0,0,0,0,1595,1,0,1,0,11.2,0,0
SYN-ADV-03920,42459.1,4,0.32,1,1,1,1,967,1,0,6,0,45.7,1,1
SYN-ADV-03921,307.63,1,0.07,0,0,0,0,238,1,0,3,0,25.7,1,0
SYN-ADV-03922,50.0,7,0.39,1,1,0,0,25,0,1,6,4,73.9,1,1
SYN-ADV-03923,84390.64,3,0.64,1,0,1,0,236,1,0,2,0,21.6,0,0
SYN-ADV-03924,270.76,2,0.02,0,0,0,0,940,1,0,1,0,10.2,0,0
SYN-ADV-03925,11972.95,5,0.61,1,0,0,0,79,1,0,2,0,30.5,0,0
SYN-ADV-03926,79544.14,5,0.63,1,0,0,0,220,1,0,3,0,18.3,0,0
SYN-ADV-03927,10.0,1,0.05,1,1,1,0,12,0,1,1,0,16.3,1,1
SYN-ADV-03928,906.23,1,0.03,0,0,0,0,406,1,0,1,0,7.0,0,0
SYN-ADV-03929,15208.34,2,0.26,1,1,0,1,1210,1,0,4,0,71.4,1,1
SYN-ADV-03930,4920.31,2,0.24,0,0,0,0,296,1,0,2,0,24.1,1,0
SYN-ADV-03931,4500.0,3,0.7,1,1,1,1,23,1,1,9,3,89.9,1,1
SYN-ADV-03932,4500.0,4,0.52,1,0,1,1,29,1,1,5,2,84.8,1,1
SYN-ADV-03933,1262.21,2,0.18,0,0,0,0,1612,1,0,1,0,10.7,0,0
SYN-ADV-03934,500.0,6,0.57,1,1,1,1,20,0,0,6,3,90.3,1,1
SYN-ADV-03935,1435.27,3,0.27,0,0,0,1,84,0,0,7,3,88.0,0,1
SYN-ADV-03936,27442.3,2,0.17,0,0,0,0,778,1,0,5,0,20.8,0,0
SYN-ADV-03937,500.0,3,0.33,1,0,0,1,18,0,1,12,1,89.3,1,1
SYN-ADV-03938,44045.42,4,0.56,1,0,0,0,67,1,0,4,0,24.9,0,0
SYN-ADV-03939,3842.1,2,0.23,0,0,0,0,410,1,0,2,0,13.5,0,0
SYN-ADV-03940,5193.43,2,0.1,0,0,0,0,332,1,0,2,0,5.1,0,0
SYN-ADV-03941,4385.26,2,0.02,0,0,0,0,1216,1,0,1,0,7.4,0,0
SYN-ADV-03942,100.0,1,0.01,1,1,1,0,7,0,1,1,0,32.1,1,1
SYN-ADV-03943,327.94,1,0.1,0,0,0,0,1382,1,0,1,0,11.3,0,0
SYN-ADV-03944,161.45,1,0.18,0,0,0,0,1836,1,0,2,0,10.9,0,0
SYN-ADV-03945,180.83,1,0.19,0,0,0,0,413,1,0,2,0,13.8,0,0
SYN-ADV-03946,2396.36,1,0.08,0,0,0,0,2117,1,0,1,0,11.0,0,0
SYN-ADV-03947,224.45,2,0.14,0,0,0,0,531,1,0,2,0,7.4,0,0
SYN-ADV-03948,76318.92,2,0.48,1,0,0,0,253,1,0,3,0,22.5,0,0
SYN-ADV-03949,4500.0,2,0.75,1,1,1,0,8,0,0,6,2,80.2,1,1
SYN-ADV-03950,50.0,2,0.81,1,1,1,0,12,0,1,11,4,84.2,1,1
SYN-ADV-03951,3875.24,2,0.15,0,0,0,0,549,1,0,2,0,14.1,0,0
SYN-ADV-03952,1948.22,1,0.2,0,0,1,0,59,0,0,5,1,82.5,0,1
SYN-ADV-03953,38756.5,3,0.34,0,1,1,0,50,1,0,3,0,14.5,1,0
SYN-ADV-03954,1710.73,2,0.06,0,0,0,0,269,1,0,2,0,10.7,0,0
SYN-ADV-03955,1500.0,1,0.01,1,1,1,1,7,0,1,1,0,21.8,1,1
SYN-ADV-03956,41381.9,5,0.5,1,0,0,0,78,1,0,3,0,29.4,0,0
SYN-ADV-03957,74.68,1,0.17,0,0,0,0,852,1,0,2,0,4.6,0,0
SYN-ADV-03958,7044.55,2,0.47,1,0,1,0,1365,1,0,4,0,51.9,1,1
SYN-ADV-03959,6267.92,4,0.31,0,0,0,0,334,1,0,5,0,47.0,0,0
SYN-ADV-03960,48203.42,5,0.59,1,0,1,0,256,0,0,4,0,11.5,0,0
SYN-ADV-03961,33952.61,2,0.31,0,0,0,0,276,1,0,6,0,34.1,0,0
SYN-ADV-03962,914.67,2,0.29,0,0,1,0,60,0,1,7,3,81.6,1,1
SYN-ADV-03963,45569.46,3,0.31,0,0,0,0,217,1,0,2,0,31.5,0,0
SYN-ADV-03964,25.0,1,0.14,1,0,1,1,6,0,1,1,0,15.5,1,1
SYN-ADV-03965,17162.31,3,0.08,0,0,1,0,53,0,1,9,2,74.5,0,1
SYN-ADV-03966,32384.29,3,0.27,1,0,1,0,79,1,0,3,0,17.3,0,0
SYN-ADV-03967,2418.36,2,0.16,0,0,0,0,495,1,0,2,0,4.1,0,0
SYN-ADV-03968,2290.97,1,0.11,0,0,0,0,893,1,0,1,0,13.8,0,0
SYN-ADV-03969,2130.47,1,0.13,0,0,0,0,44,0,1,9,1,74.4,1,1
SYN-ADV-03970,32710.31,3,0.63,1,0,0,0,212,1,0,4,0,30.4,0,0
SYN-ADV-03971,38797.68,2,0.4,1,1,0,1,2445,1,0,5,0,54.6,1,1
SYN-ADV-03972,572.4,2,0.17,0,0,0,0,514,1,0,1,0,13.9,0,0
SYN-ADV-03973,16700.2,4,0.2,0,0,0,0,975,1,0,5,0,39.8,0,0
SYN-ADV-03974,633.94,2,0.16,0,0,0,0,398,1,0,2,0,15.7,1,0
SYN-ADV-03975,4870.28,2,0.24,0,0,0,0,417,1,1,2,0,36.0,0,0
SYN-ADV-03976,50.0,7,0.44,1,1,1,0,16,0,1,5,4,75.0,1,1
SYN-ADV-03977,5548.97,1,0.33,0,0,0,0,80,0,1,4,3,79.2,1,1
SYN-ADV-03978,119.48,1,0.09,0,0,0,0,271,1,0,1,0,10.4,0,0
SYN-ADV-03979,500.0,6,0.27,0,1,1,1,6,0,1,10,4,86.5,1,1
SYN-ADV-03980,4227.17,1,0.16,0,0,0,0,280,1,0,3,0,33.3,1,0
SYN-ADV-03981,1500.0,1,0.06,1,1,1,1,7,0,1,1,0,32.4,1,1
SYN-ADV-03982,82353.66,2,0.55,1,0,0,0,74,1,0,3,0,14.7,1,0
SYN-ADV-03983,1921.17,1,0.09,0,0,0,0,1918,1,0,1,0,6.1,0,0
SYN-ADV-03984,720.78,1,0.14,0,0,0,0,1542,1,0,1,0,6.0,0,0
SYN-ADV-03985,67366.44,5,0.3,1,0,0,0,51,1,0,2,0,30.2,0,0
SYN-ADV-03986,2612.44,1,0.1,0,0,0,0,2326,1,0,2,0,5.3,0,0
SYN-ADV-03987,1599.54,1,0.13,0,0,0,0,2232,1,0,2,0,5.2,0,0
SYN-ADV-03988,1374.67,1,0.17,0,0,0,0,332,1,0,2,0,3.4,0,0
SYN-ADV-03989,25000.0,4,0.81,1,1,1,1,3,0,1,9,2,79.9,1,1
SYN-ADV-03990,25000.0,7,0.13,1,1,0,1,12,0,1,6,2,78.9,1,1
SYN-ADV-03991,4138.09,1,0.19,0,0,0,0,146,1,1,3,0,29.7,0,0
SYN-ADV-03992,2584.51,2,0.02,0,0,0,0,1786,1,0,1,0,12.9,0,0
SYN-ADV-03993,4702.01,1,0.23,0,0,0,0,429,0,0,2,0,26.7,0,0
SYN-ADV-03994,477.18,1,0.11,0,0,0,0,1374,1,0,2,0,10.7,0,0
SYN-ADV-03995,6707.78,2,0.45,1,1,0,0,149,1,0,4,0,28.0,0,0
SYN-ADV-03996,10098.92,2,0.12,0,0,1,1,25,0,1,4,3,72.5,1,1
SYN-ADV-03997,2392.93,1,0.02,0,0,0,0,2124,1,0,2,0,2.7,0,0
SYN-ADV-03998,5702.24,2,0.09,0,0,0,0,2052,1,0,2,0,2.9,0,0
SYN-ADV-03999,915.21,3,0.28,0,0,0,0,87,0,1,5,1,86.2,1,1
SYN-ADV-04000,173.3,2,0.07,0,0,0,0,1993,1,0,2,0,2.4,0,0
SYN-ADV-04001,2553.87,1,0.06,0,0,0,0,252,1,0,1,0,7.4,0,0
SYN-ADV-04002,153.83,2,0.11,0,0,0,0,653,1,0,1,0,5.5,0,0
SYN-ADV-04003,5990.55,1,0.08,0,0,0,0,1599,1,0,2,0,2.8,0,0
SYN-ADV-04004,27544.31,5,0.44,1,0,0,0,203,1,0,3,0,17.8,1,0
SYN-ADV-04005,288.25,2,0.19,0,0,0,0,1417,1,0,1,0,14.8,0,0
SYN-ADV-04006,3657.44,1,0.18,0,0,0,0,447,1,0,2,0,33.3,0,0
SYN-ADV-04007,31527.53,2,0.26,0,0,0,0,532,1,0,5,0,29.0,0,0
SYN-ADV-04008,123.97,2,0.1,0,0,0,0,351,1,0,2,0,2.8,0,0
SYN-ADV-04009,207.39,1,0.19,0,0,0,0,1028,1,0,1,0,14.9,0,0
SYN-ADV-04010,22867.15,5,0.38,1,0,1,0,264,1,0,4,0,16.6,0,0
SYN-ADV-04011,1173.2,1,0.22,0,0,0,0,428,1,1,3,0,28.2,0,0
SYN-ADV-04012,34964.84,4,0.17,1,0,0,0,2447,1,0,7,0,64.1,1,1
SYN-ADV-04013,2745.58,4,0.16,0,0,0,0,350,1,0,7,0,47.9,0,0
SYN-ADV-04014,1864.5,1,0.1,0,0,0,0,1746,1,0,1,0,10.6,0,0
SYN-ADV-04015,36174.7,3,0.54,1,0,0,0,281,0,0,3,0,20.6,0,0
SYN-ADV-04016,50.0,7,0.45,1,1,1,1,20,0,1,7,4,83.6,1,1
SYN-ADV-04017,1536.28,1,0.16,0,0,0,0,834,1,0,1,0,11.4,0,0
SYN-ADV-04018,688.04,1,0.16,0,0,0,0,919,1,0,1,0,3.8,0,0
SYN-ADV-04019,8383.83,1,0.17,0,0,0,0,1804,1,0,1,0,6.5,0,0
SYN-ADV-04020,2554.69,2,0.17,0,0,0,0,588,1,0,2,0,5.6,0,0
SYN-ADV-04021,2402.33,1,0.17,0,0,0,0,872,1,0,2,0,9.0,0,0
SYN-ADV-04022,78796.54,3,0.28,1,1,1,0,250,1,0,2,0,29.9,1,0
SYN-ADV-04023,2316.93,2,0.11,0,0,0,0,11,0,1,8,2,73.3,1,1
SYN-ADV-04024,45299.64,5,0.51,1,1,0,0,232,1,0,3,0,13.8,0,0
SYN-ADV-04025,30098.3,4,0.63,1,0,1,0,134,1,0,4,0,13.7,0,0
SYN-ADV-04026,248.77,2,0.09,0,0,0,0,1074,1,0,2,0,4.7,0,0
SYN-ADV-04027,40.22,1,0.01,0,0,0,0,1402,1,0,2,0,2.5,0,0
SYN-ADV-04028,26687.14,2,0.25,0,0,0,0,194,1,0,6,0,46.5,0,0
SYN-ADV-04029,371.45,2,0.07,0,0,0,0,401,1,0,2,0,12.2,0,0
SYN-ADV-04030,27503.02,2,0.5,1,0,1,0,158,0,0,4,0,10.8,0,0
SYN-ADV-04031,10.0,5,0.41,1,1,0,0,19,0,1,9,1,78.4,1,1
SYN-ADV-04032,281.02,2,0.13,0,0,0,0,1749,1,0,1,0,4.1,0,0
SYN-ADV-04033,564.57,1,0.17,0,0,0,0,291,1,0,2,0,21.9,0,0
SYN-ADV-04034,3922.18,4,0.34,0,0,0,0,367,1,0,8,0,44.9,0,0
SYN-ADV-04035,2288.72,3,0.06,0,0,1,1,52,0,0,8,1,85.9,0,1
SYN-ADV-04036,6858.17,3,0.18,0,0,0,0,1167,1,0,5,0,31.7,0,0
SYN-ADV-04037,27.98,2,0.07,0,0,0,0,2127,1,0,1,0,13.0,0,0
SYN-ADV-04038,10.0,5,0.36,1,0,1,0,27,0,1,9,3,90.6,1,1
SYN-ADV-04039,4443.71,1,0.46,0,1,1,1,2054,1,0,3,0,64.2,1,1
SYN-ADV-04040,1109.76,2,0.09,0,0,0,0,1234,1,0,2,0,5.0,0,0
SYN-ADV-04041,50.0,8,0.19,1,1,1,1,11,0,1,7,3,88.6,1,1
SYN-ADV-04042,37200.0,2,0.38,1,1,1,0,797,1,0,7,1,75.0,1,1
SYN-ADV-04043,1500.0,1,0.18,1,1,1,1,7,0,1,1,0,14.2,0,1
SYN-ADV-04044,1991.38,1,0.1,0,0,0,0,1133,1,0,1,0,5.6,0,0
SYN-ADV-04045,2531.11,1,0.05,0,0,0,0,1409,1,0,1,0,2.7,0,0
SYN-ADV-04046,60039.93,3,0.4,1,1,1,0,248,1,0,2,0,22.3,0,0
SYN-ADV-04047,10.0,8,0.78,0,0,0,1,15,0,1,9,2,90.5,1,1
SYN-ADV-04048,1498.41,1,0.05,0,0,0,0,307,1,0,2,0,10.3,0,0
SYN-ADV-04049,11843.17,3,0.3,0,0,0,0,1029,1,0,6,0,36.5,0,0
SYN-ADV-04050,15390.57,1,0.3,1,0,0,0,1714,1,0,3,1,45.8,1,1
SYN-ADV-04051,3041.24,1,0.1,0,0,0,0,897,1,0,1,0,2.8,0,0
SYN-ADV-04052,100.0,1,0.06,1,1,1,0,8,0,1,1,0,13.1,0,1
SYN-ADV-04053,1018.85,1,0.02,0,0,0,0,1249,1,0,2,0,7.1,0,0
SYN-ADV-04054,1493.47,2,0.18,0,0,0,0,2370,1,0,2,0,6.3,0,0
SYN-ADV-04055,8169.71,1,0.1,0,0,0,0,1339,1,0,2,0,7.3,0,0
SYN-ADV-04056,1012.96,2,0.04,0,0,0,0,1812,1,0,2,0,11.5,0,0
SYN-ADV-04057,73096.11,5,0.36,1,0,0,0,143,1,0,4,0,14.6,0,0
SYN-ADV-04058,4316.42,2,0.02,0,0,0,0,140,1,0,2,0,22.5,1,0
SYN-ADV-04059,25527.93,3,0.39,0,0,0,0,562,1,0,6,0,39.3,0,0
SYN-ADV-04060,1917.5,2,0.19,0,0,0,0,410,1,0,1,0,10.7,0,0
SYN-ADV-04061,10038.99,4,0.39,1,1,0,0,1208,1,0,5,1,56.6,1,1
SYN-ADV-04062,335.38,1,0.15,0,0,0,0,1101,1,0,1,0,4.7,0,0
SYN-ADV-04063,438.18,2,0.06,0,0,0,0,1701,1,0,1,0,11.6,0,0
SYN-ADV-04064,2106.23,2,0.06,0,0,0,0,337,1,0,2,0,19.5,0,0
SYN-ADV-04065,500.0,6,0.71,1,1,1,1,26,0,1,12,4,72.8,1,1
SYN-ADV-04066,391.29,2,0.13,0,0,0,0,64,1,0,3,0,37.4,0,0
SYN-ADV-04067,1512.65,2,0.05,0,0,0,0,1776,1,0,1,0,12.1,0,0
SYN-ADV-04068,10224.82,3,0.16,1,0,1,0,2193,1,0,7,1,46.5,0,1
SYN-ADV-04069,10.0,7,0.61,0,1,1,1,9,0,0,7,1,91.8,1,1
SYN-ADV-04070,171.62,2,0.14,0,0,0,0,479,1,0,2,0,14.4,0,0
SYN-ADV-04071,13069.41,4,0.45,1,0,1,0,80,1,0,3,0,21.8,0,0
SYN-ADV-04072,2272.52,2,0.1,0,0,0,0,652,1,0,1,0,7.0,0,0
SYN-ADV-04073,284.71,1,0.11,0,0,0,0,473,1,0,1,0,12.9,0,0
SYN-ADV-04074,3932.45,1,0.04,0,0,0,0,2209,1,0,2,0,13.9,0,0
SYN-ADV-04075,10.0,1,0.13,1,1,1,0,6,0,1,1,0,26.9,1,1
SYN-ADV-04076,1107.45,2,0.05,0,0,0,0,1129,1,0,1,0,11.2,0,0
SYN-ADV-04077,4500.0,5,0.25,1,1,1,1,18,0,1,9,3,84.0,0,1
SYN-ADV-04078,4591.34,3,0.14,0,0,1,0,44,0,1,7,1,68.4,0,1
SYN-ADV-04079,1337.14,1,0.15,0,0,0,0,1479,1,0,1,0,7.8,0,0
SYN-ADV-04080,5079.9,2,0.04,0,0,0,0,1883,1,0,1,0,4.3,0,0
SYN-ADV-04081,1581.32,2,0.15,0,0,0,0,1451,1,0,1,0,7.9,0,0
SYN-ADV-04082,500.0,4,0.85,1,1,1,1,30,0,1,12,2,89.9,1,1
SYN-ADV-04083,30736.23,4,0.43,0,0,0,0,169,0,0,3,0,30.0,0,0
SYN-ADV-04084,12984.97,4,0.32,0,0,0,0,326,1,0,7,0,38.1,0,0
SYN-ADV-04085,68687.59,5,0.43,1,1,0,0,99,1,0,2,0,25.4,0,0
SYN-ADV-04086,17624.43,5,0.63,1,0,1,0,95,1,0,3,0,28.6,0,0
SYN-ADV-04087,527.56,1,0.18,0,0,0,0,83,1,0,7,1,75.1,1,1
SYN-ADV-04088,443.1,1,0.09,0,0,0,0,1410,1,0,1,0,15.0,0,0
SYN-ADV-04089,2933.46,1,0.18,0,0,0,0,137,1,0,3,0,35.6,0,0
SYN-ADV-04090,1993.59,1,0.17,0,0,0,0,1995,1,0,1,0,3.9,0,0
SYN-ADV-04091,24725.97,2,0.41,0,1,1,0,203,0,0,3,0,29.5,1,0
SYN-ADV-04092,424.68,2,0.08,0,0,0,0,2114,1,0,1,0,14.8,0,0
SYN-ADV-04093,50.0,5,0.57,1,0,1,0,14,0,1,11,1,77.2,1,1
SYN-ADV-04094,415.5,2,0.05,0,0,0,0,753,1,0,1,0,12.3,0,0
SYN-ADV-04095,3187.83,2,0.08,0,0,0,0,1983,1,0,2,0,14.6,0,0
SYN-ADV-04096,1871.59,1,0.15,0,0,0,1,30,0,1,9,2,87.5,1,1
SYN-ADV-04097,25.68,1,0.19,0,0,0,0,2250,1,0,2,0,13.9,0,0
SYN-ADV-04098,58242.36,4,0.47,1,0,0,0,215,1,0,2,0,12.5,0,0
SYN-ADV-04099,30360.87,4,0.27,0,0,0,0,483,1,0,7,0,29.3,0,0
SYN-ADV-04100,275.93,2,0.03,0,0,0,0,688,1,0,1,0,7.7,0,0
SYN-ADV-04101,13802.87,3,0.39,0,0,0,0,188,1,0,7,0,47.0,0,0
SYN-ADV-04102,100.0,1,0.02,1,1,1,1,3,0,1,1,0,29.3,1,1
SYN-ADV-04103,1476.46,2,0.13,0,0,0,0,1502,1,0,2,0,9.8,0,0
SYN-ADV-04104,705.02,1,0.07,0,0,0,0,302,1,0,1,0,7.0,0,0
SYN-ADV-04105,100.0,1,0.02,1,1,0,0,8,0,1,1,0,27.4,1,1
SYN-ADV-04106,9024.57,4,0.18,0,0,0,0,522,1,0,6,0,21.9,0,0
SYN-ADV-04107,4425.53,2,0.16,0,0,0,0,1294,1,0,2,0,12.5,0,0
SYN-ADV-04108,2231.54,1,0.14,0,0,0,0,2217,1,0,2,0,10.9,0,0
SYN-ADV-04109,42299.41,4,0.49,1,0,1,1,2133,1,0,6,0,52.4,0,1
SYN-ADV-04110,9733.5,3,0.29,0,0,0,0,15,0,1,4,1,71.2,1,1
SYN-ADV-04111,4500.0,2,0.56,1,1,0,0,24,0,1,9,1,89.8,1,1
SYN-ADV-04112,2540.16,1,0.02,0,0,0,0,37,1,1,2,0,20.6,0,0
SYN-ADV-04113,3858.52,2,0.18,0,0,0,0,377,1,0,6,0,27.9,0,0
SYN-ADV-04114,13547.28,2,0.27,0,0,0,0,938,1,0,5,0,39.5,0,0
SYN-ADV-04115,2468.05,2,0.08,0,0,0,0,1106,1,0,2,0,14.4,0,0
SYN-ADV-04116,29267.06,3,0.34,0,0,0,0,785,1,0,9,0,21.1,0,0
SYN-ADV-04117,10.0,8,0.28,1,1,1,1,3,1,0,6,2,92.1,1,1
SYN-ADV-04118,4821.4,2,0.2,0,0,0,0,103,1,1,3,0,26.7,0,0
SYN-ADV-04119,258.62,1,0.02,0,0,0,0,1295,1,0,2,0,9.6,0,0
SYN-ADV-04120,1301.3,2,0.12,0,0,0,0,905,1,0,2,0,2.1,0,0
SYN-ADV-04121,5039.01,3,0.28,1,0,0,0,226,1,0,2,0,26.7,0,0
SYN-ADV-04122,4857.13,1,0.05,0,0,0,0,1369,1,0,2,0,13.0,0,0
SYN-ADV-04123,246.58,2,0.07,0,0,0,0,611,1,0,2,0,5.5,0,0
SYN-ADV-04124,4500.0,3,0.76,1,1,1,0,7,0,1,5,4,93.9,0,1
SYN-ADV-04125,83318.87,5,0.4,1,1,1,0,156,1,0,4,0,18.0,0,0
SYN-ADV-04126,2552.04,2,0.15,0,0,0,0,90,1,1,3,0,34.2,1,0
SYN-ADV-04127,10.0,1,0.11,1,1,0,0,11,0,1,1,0,26.0,1,1
SYN-ADV-04128,20236.08,4,0.14,0,0,0,0,356,1,0,5,0,32.1,0,0
SYN-ADV-04129,1186.38,2,0.13,0,0,0,0,928,1,0,2,0,10.6,0,0
SYN-ADV-04130,1051.63,1,0.19,0,0,0,0,1984,1,0,1,0,3.8,0,0
SYN-ADV-04131,1745.09,1,0.03,0,0,0,0,912,1,0,2,0,6.4,0,0
SYN-ADV-04132,2188.21,1,0.11,0,0,0,0,1610,1,0,2,0,10.3,0,0
SYN-ADV-04133,257.69,1,0.04,0,0,0,0,749,1,0,1,0,3.1,0,0
SYN-ADV-04134,11453.26,2,0.42,1,0,0,0,113,1,0,4,0,26.7,0,0
SYN-ADV-04135,3103.22,2,0.14,0,0,0,0,1336,1,0,1,0,14.9,0,0
SYN-ADV-04136,27549.95,3,0.5,1,1,0,0,108,1,0,3,0,28.4,0,0
SYN-ADV-04137,4933.66,1,0.18,0,0,0,0,1928,1,0,2,0,14.5,0,0
SYN-ADV-04138,22470.06,2,0.49,0,1,0,1,703,1,0,7,1,52.5,1,1
SYN-ADV-04139,1493.59,1,0.08,0,0,0,0,547,1,0,2,0,8.1,0,0
SYN-ADV-04140,2457.12,2,0.13,0,0,0,0,971,1,0,2,0,3.9,0,0
SYN-ADV-04141,21722.87,4,0.14,0,0,0,0,450,1,0,6,0,30.1,0,0
SYN-ADV-04142,2489.09,1,0.12,0,0,0,0,159,1,0,2,0,16.3,1,0
SYN-ADV-04143,925.34,2,0.05,0,0,0,0,608,1,0,2,0,8.8,0,0
SYN-ADV-04144,3632.48,4,0.21,0,0,0,0,723,1,0,6,0,36.3,0,0
SYN-ADV-04145,1202.52,2,0.11,0,0,0,0,2270,1,0,2,0,4.3,0,0
SYN-ADV-04146,155.6,2,0.1,0,0,0,0,1210,1,0,2,0,10.6,0,0
SYN-ADV-04147,2893.89,2,0.09,0,0,0,0,2144,1,0,1,0,13.4,0,0
SYN-ADV-04148,33445.84,2,0.3,0,0,0,0,361,1,0,9,0,29.5,0,0
SYN-ADV-04149,10.0,3,0.84,0,1,1,1,24,0,1,9,4,88.4,1,1
SYN-ADV-04150,472.13,1,0.11,0,0,0,0,2316,1,0,2,0,4.8,0,0
SYN-ADV-04151,32384.01,2,0.36,0,0,0,0,513,1,0,9,0,40.1,0,0
SYN-ADV-04152,1924.43,2,0.2,0,0,0,0,753,1,0,1,0,3.5,0,0
SYN-ADV-04153,1478.81,2,0.04,0,0,0,0,1560,1,0,1,0,3.1,0,0
SYN-ADV-04154,10798.74,4,0.41,1,0,1,0,1476,1,0,5,1,73.8,0,1
SYN-ADV-04155,24566.41,4,0.13,0,0,0,0,670,1,0,9,0,37.6,0,0
SYN-ADV-04156,50.0,2,0.13,1,1,1,1,11,0,1,11,1,80.7,1,1
SYN-ADV-04157,30869.04,4,0.29,1,0,0,0,248,1,0,4,0,25.3,0,0
SYN-ADV-04158,1890.86,1,0.01,0,0,0,0,1286,1,0,2,0,8.7,0,0
SYN-ADV-04159,8460.26,2,0.3,0,0,0,0,675,1,0,7,0,44.5,0,0
SYN-ADV-04160,3036.56,2,0.09,0,0,0,0,726,1,0,2,0,12.6,0,0
SYN-ADV-04161,3452.01,3,0.2,1,1,0,1,2036,1,0,4,0,52.7,0,1
SYN-ADV-04162,50.0,5,0.45,1,1,1,1,26,0,1,10,4,79.1,1,1
SYN-ADV-04163,14530.71,4,0.42,1,1,1,0,2104,1,0,4,0,45.9,0,1
SYN-ADV-04164,25000.0,6,0.13,1,0,1,0,16,0,1,9,4,75.3,1,1
SYN-ADV-04165,12208.19,2,0.55,1,0,0,0,261,1,0,2,0,27.2,0,0
SYN-ADV-04166,100.0,1,0.15,1,0,0,1,3,0,1,1,0,32.1,1,1
SYN-ADV-04167,1073.25,2,0.1,0,0,0,0,1511,1,0,1,0,8.2,0,0
SYN-ADV-04168,5542.54,2,0.3,0,0,0,0,360,1,0,9,0,39.3,0,0
SYN-ADV-04169,1628.17,2,0.21,0,0,0,0,167,0,0,2,0,16.8,0,0
SYN-ADV-04170,31848.61,2,0.45,1,1,0,1,2462,1,0,6,1,65.9,1,1
SYN-ADV-04171,3857.86,2,0.03,0,0,0,0,339,1,0,3,0,17.7,1,0
SYN-ADV-04172,766.78,1,0.08,0,0,0,0,683,1,0,1,0,6.7,0,0
SYN-ADV-04173,2916.84,2,0.07,0,0,0,0,17,1,0,8,1,67.1,0,1
SYN-ADV-04174,1025.94,1,0.18,0,0,0,0,2151,1,0,1,0,9.9,0,0
SYN-ADV-04175,7702.98,4,0.37,0,0,0,0,963,1,0,9,0,28.9,0,0
SYN-ADV-04176,15258.43,3,0.24,0,0,0,0,242,1,0,7,0,30.1,0,0
SYN-ADV-04177,623.12,1,0.1,0,0,0,0,946,1,0,2,0,9.9,0,0
SYN-ADV-04178,1290.66,1,0.07,0,0,0,0,949,1,0,2,0,2.1,0,0
SYN-ADV-04179,2384.49,1,0.05,0,0,0,0,629,1,0,1,0,14.7,0,0
SYN-ADV-04180,624.8,1,0.1,0,0,0,0,1272,1,0,2,0,2.3,0,0
SYN-ADV-04181,4500.0,8,0.51,1,1,1,1,7,0,0,9,2,87.4,1,1
SYN-ADV-04182,25000.0,4,0.7,1,1,1,0,13,0,1,8,3,80.0,1,1
SYN-ADV-04183,2870.59,1,0.22,0,0,0,0,253,1,0,2,0,32.0,0,0
SYN-ADV-04184,292.43,1,0.13,0,0,0,0,1112,1,0,1,0,6.6,0,0
SYN-ADV-04185,38642.99,4,0.2,0,1,0,0,1539,1,0,5,1,49.7,1,1
SYN-ADV-04186,68.69,2,0.06,0,0,0,0,1334,1,0,2,0,6.2,0,0
SYN-ADV-04187,1193.25,1,0.18,0,0,0,0,1205,1,0,1,0,11.9,0,0
SYN-ADV-04188,14832.3,4,0.54,1,0,0,0,290,1,0,4,0,16.8,0,0
SYN-ADV-04189,904.42,1,0.15,0,0,0,0,1586,1,0,1,0,10.5,0,0
SYN-ADV-04190,250.58,1,0.15,0,0,0,0,358,1,0,3,0,24.6,0,0
SYN-ADV-04191,463.07,2,0.1,0,0,0,0,525,1,0,1,0,7.8,0,0
SYN-ADV-04192,933.08,2,0.08,0,0,0,0,1773,1,0,2,0,7.1,0,0
SYN-ADV-04193,32920.73,2,0.19,0,0,0,0,634,1,0,8,0,27.7,0,0
SYN-ADV-04194,1868.18,1,0.05,0,0,0,0,2164,1,0,1,0,4.0,0,0
SYN-ADV-04195,829.33,2,0.18,0,0,0,0,897,1,0,1,0,10.0,0,0
SYN-ADV-04196,10.0,1,0.04,1,1,0,1,5,0,1,1,0,34.7,1,1
SYN-ADV-04197,1259.27,1,0.12,0,0,0,0,235,1,0,2,0,13.8,0,0
SYN-ADV-04198,4500.0,3,0.66,1,1,0,1,8,0,1,12,4,77.2,0,1
SYN-ADV-04199,50771.23,4,0.48,1,1,0,0,293,0,0,2,0,18.6,0,0
SYN-ADV-04200,2886.32,2,0.11,0,0,0,0,1426,1,0,2,0,13.7,0,0
SYN-ADV-04201,3126.96,2,0.03,0,0,0,0,663,1,0,2,0,14.5,0,0
SYN-ADV-04202,35980.1,4,0.18,1,0,1,1,1213,1,0,6,1,53.3,1,1
SYN-ADV-04203,25.0,1,0.05,1,1,1,0,2,0,1,1,0,29.6,0,1
SYN-ADV-04204,25000.0,8,0.52,1,1,1,0,20,0,1,7,1,86.1,1,1
SYN-ADV-04205,741.62,3,0.05,0,0,1,0,66,0,1,6,2,65.7,0,1
SYN-ADV-04206,50.0,4,0.33,1,1,0,0,18,0,1,8,2,92.6,0,1
SYN-ADV-04207,143.24,2,0.07,0,0,0,0,1028,1,0,2,0,13.4,0,0
SYN-ADV-04208,500.0,6,0.81,1,0,1,1,21,0,1,7,1,85.1,0,1
SYN-ADV-04209,2888.67,2,0.17,0,0,0,0,288,1,0,3,0,37.6,0,0
SYN-ADV-04210,1388.24,2,0.12,0,0,0,0,327,1,0,2,0,34.6,0,0
SYN-ADV-04211,3866.51,2,0.13,0,0,0,0,2242,1,0,2,0,14.1,0,0
SYN-ADV-04212,486.54,1,0.14,0,0,0,0,1397,1,0,2,0,14.9,0,0
SYN-ADV-04213,40495.23,3,0.49,1,0,0,0,58,1,0,2,0,30.4,0,0
SYN-ADV-04214,60178.89,3,0.41,1,0,1,0,242,1,0,3,0,23.7,0,0
SYN-ADV-04215,2241.7,1,0.04,0,0,0,0,256,1,0,3,0,16.3,0,0
SYN-ADV-04216,1687.38,1,0.15,0,0,0,0,2085,1,0,1,0,14.8,0,0
SYN-ADV-04217,195.96,2,0.01,0,0,0,0,1548,1,0,2,0,11.9,0,0
SYN-ADV-04218,11302.81,1,0.08,0,0,0,0,1805,1,0,2,0,10.0,0,0
SYN-ADV-04219,16714.81,2,0.36,0,0,0,0,1148,1,0,7,0,20.9,0,0
SYN-ADV-04220,25191.98,2,0.2,0,0,0,0,996,1,0,6,0,43.9,0,0
SYN-ADV-04221,550.16,2,0.1,0,0,0,0,465,1,0,1,0,9.0,0,0
SYN-ADV-04222,517.53,1,0.12,0,0,0,0,315,1,0,1,0,8.3,0,0
SYN-ADV-04223,2132.79,2,0.05,0,0,0,0,837,1,0,1,0,5.8,0,0
SYN-ADV-04224,135.98,1,0.07,0,0,0,0,1112,1,0,2,0,3.3,0,0
SYN-ADV-04225,4500.0,7,0.24,1,0,1,1,16,0,1,8,4,89.1,1,1
SYN-ADV-04226,807.72,2,0.09,0,0,0,0,1014,1,0,2,0,7.5,0,0
SYN-ADV-04227,420.45,2,0.13,0,0,0,0,220,0,0,3,0,23.7,1,0
SYN-ADV-04228,68260.28,4,0.29,1,0,0,0,271,1,0,4,0,12.9,0,0
SYN-ADV-04229,2712.24,1,0.15,0,0,0,0,88,0,1,4,3,77.4,1,1
SYN-ADV-04230,187.11,2,0.04,0,0,0,0,1603,1,0,2,0,8.6,0,0
SYN-ADV-04231,27986.07,4,0.14,0,0,0,0,719,1,0,5,0,24.3,0,0
SYN-ADV-04232,3033.53,3,0.13,0,0,0,0,240,1,0,8,0,40.6,0,0
SYN-ADV-04233,1091.96,2,0.12,0,0,0,0,678,1,0,2,0,6.9,0,0
SYN-ADV-04234,1486.61,1,0.09,0,0,0,0,669,1,0,1,0,6.5,0,0
SYN-ADV-04235,2035.55,2,0.04,0,0,0,0,361,1,0,3,0,29.3,0,0
SYN-ADV-04236,39418.13,3,0.3,1,0,1,1,1982,1,0,6,1,71.2,1,1
SYN-ADV-04237,92.45,2,0.07,0,0,0,0,1460,1,0,1,0,6.3,0,0
SYN-ADV-04238,326.18,1,0.18,0,0,0,0,1122,1,0,2,0,4.7,0,0
SYN-ADV-04239,500.0,5,0.21,1,1,1,0,6,0,1,8,2,79.7,1,1
SYN-ADV-04240,74694.24,3,0.35,1,0,0,0,253,1,0,2,0,24.8,1,0
SYN-ADV-04241,10.0,1,0.06,1,0,1,1,12,0,1,1,0,34.3,0,1
SYN-ADV-04242,2727.56,2,0.1,0,0,0,0,878,1,0,2,0,3.4,0,0
SYN-ADV-04243,25000.0,5,0.18,1,1,1,1,5,0,1,6,4,93.3,0,1
SYN-ADV-04244,444.48,1,0.05,0,0,0,0,272,1,0,1,0,13.2,0,0
SYN-ADV-04245,455.88,2,0.12,0,0,0,0,939,1,0,1,0,6.7,0,0
SYN-ADV-04246,12478.63,3,0.57,1,1,1,1,2473,1,0,5,1,48.2,1,1
SYN-ADV-04247,6480.34,2,0.08,0,0,0,0,862,1,0,2,0,14.1,0,0
SYN-ADV-04248,245.04,2,0.1,0,0,0,0,1690,1,0,1,0,9.2,0,0
SYN-ADV-04249,1489.61,2,0.03,0,0,0,0,1148,1,0,1,0,3.2,0,0
SYN-ADV-04250,2730.86,2,0.03,0,0,0,0,1937,1,0,1,0,13.6,0,0
SYN-ADV-04251,42295.29,1,0.27,0,1,1,0,775,1,0,5,1,48.1,1,1
SYN-ADV-04252,43631.74,2,0.42,0,0,1,0,1226,1,0,3,0,70.2,0,1
SYN-ADV-04253,11034.97,4,0.4,1,1,0,1,1934,1,0,4,0,69.2,1,1
SYN-ADV-04254,345.39,2,0.15,0,0,0,0,1479,1,0,1,0,12.6,0,0
SYN-ADV-04255,1365.24,1,0.14,0,0,0,0,2190,1,0,2,0,10.6,0,0
SYN-ADV-04256,4500.0,4,0.73,0,1,1,0,9,0,1,10,3,79.5,1,1
SYN-ADV-04257,4500.0,7,0.21,1,1,0,0,14,0,1,10,3,92.5,1,1
SYN-ADV-04258,3909.11,2,0.1,0,0,0,0,218,1,0,2,0,25.3,1,0
SYN-ADV-04259,2449.53,1,0.14,0,0,0,0,1996,1,0,1,0,8.1,0,0
SYN-ADV-04260,25.0,1,0.05,1,1,1,1,9,0,1,1,0,33.4,1,1
SYN-ADV-04261,4500.0,5,0.22,1,1,1,1,26,0,1,10,1,84.8,1,1
SYN-ADV-04262,251.08,2,0.13,0,0,0,0,2075,1,0,2,0,9.6,0,0
SYN-ADV-04263,100.0,1,0.06,1,1,1,1,11,0,1,1,0,32.1,1,1
SYN-ADV-04264,63214.73,5,0.41,1,0,0,0,47,0,0,3,0,15.1,0,0
SYN-ADV-04265,23500.43,2,0.33,0,0,0,0,212,1,0,6,0,22.1,0,0
SYN-ADV-04266,4909.68,3,0.26,0,0,1,1,67,0,1,6,1,86.0,1,1
SYN-ADV-04267,433.47,1,0.05,0,0,0,0,1506,1,0,1,0,8.7,0,0
SYN-ADV-04268,1139.38,2,0.13,0,0,0,1,64,0,1,4,3,70.1,1,1
SYN-ADV-04269,1837.45,2,0.19,0,0,0,0,494,1,0,1,0,6.6,0,0
SYN-ADV-04270,3804.34,1,0.12,0,0,0,0,586,1,0,2,0,8.3,0,0
SYN-ADV-04271,10.0,1,0.17,1,1,1,0,1,0,1,1,0,22.5,1,1
SYN-ADV-04272,4500.0,4,0.14,1,0,1,0,8,0,1,12,2,75.2,0,1
SYN-ADV-04273,3263.97,1,0.22,0,0,0,0,248,0,1,2,0,20.8,0,0
SYN-ADV-04274,10.0,6,0.32,1,0,0,0,18,1,1,7,1,72.8,0,1
SYN-ADV-04275,786.9,2,0.04,0,0,0,0,1931,1,0,2,0,7.4,0,0
SYN-ADV-04276,1044.3,1,0.09,0,0,0,0,580,1,0,2,0,9.2,0,0
SYN-ADV-04277,783.67,1,0.03,0,0,0,0,371,1,0,2,0,14.4,0,0
SYN-ADV-04278,2238.15,1,0.02,0,0,0,0,2057,1,0,1,0,14.0,0,0
SYN-ADV-04279,21303.33,2,0.29,0,0,0,0,797,1,0,6,0,20.7,0,0
SYN-ADV-04280,4500.0,3,0.4,1,1,1,0,12,0,1,10,4,85.7,1,1
SYN-ADV-04281,716.06,1,0.02,0,0,0,0,889,1,0,2,0,5.0,0,0
SYN-ADV-04282,500.0,3,0.21,1,1,1,1,24,0,1,9,1,74.5,1,1
SYN-ADV-04283,10586.7,4,0.39,0,0,0,0,1094,1,0,7,0,33.7,0,0
SYN-ADV-04284,28331.29,2,0.45,1,0,0,0,277,1,0,2,0,20.5,0,0
SYN-ADV-04285,700.27,1,0.15,0,0,0,0,1304,1,0,2,0,4.8,0,0
SYN-ADV-04286,1499.13,1,0.1,0,0,0,0,1635,1,0,2,0,14.7,0,0
SYN-ADV-04287,6411.01,1,0.06,0,0,0,0,1577,1,0,1,0,9.0,0,0
SYN-ADV-04288,2942.36,4,0.25,0,0,0,0,655,1,0,5,0,37.3,0,0
SYN-ADV-04289,9690.4,4,0.51,1,0,0,0,1903,1,0,7,1,50.8,1,1
SYN-ADV-04290,34980.77,5,0.48,1,1,1,0,252,1,0,4,0,24.9,0,0
SYN-ADV-04291,1769.0,1,0.22,0,0,0,0,252,1,1,3,0,13.4,0,0
SYN-ADV-04292,18366.62,3,0.21,1,0,1,1,893,1,0,5,1,61.5,1,1
SYN-ADV-04293,10.0,5,0.16,1,1,1,1,26,0,1,6,3,72.6,1,1
SYN-ADV-04294,2793.65,1,0.01,0,0,0,0,1562,1,0,2,0,12.0,0,0
SYN-ADV-04295,23620.03,4,0.31,1,1,0,0,89,1,0,3,0,15.2,1,0
SYN-ADV-04296,10.0,1,0.04,1,0,1,0,8,0,1,1,0,34.9,1,1
SYN-ADV-04297,26630.96,2,0.15,0,0,0,0,775,1,0,6,0,47.1,0,0
SYN-ADV-04298,16986.91,3,0.19,0,0,0,0,860,1,0,7,0,36.2,0,0
SYN-ADV-04299,610.16,2,0.06,0,0,0,0,95,1,0,3,0,30.0,0,0
SYN-ADV-04300,1193.31,2,0.2,0,0,0,0,1493,1,0,2,0,14.3,0,0
SYN-ADV-04301,61251.25,2,0.41,1,0,1,0,99,1,0,2,0,12.1,0,0
SYN-ADV-04302,6270.31,3,0.31,0,0,0,0,692,1,0,7,0,47.8,0,0
SYN-ADV-04303,82292.24,5,0.34,0,0,0,0,285,0,0,4,0,15.8,0,0
SYN-ADV-04304,2409.93,2,0.09,0,0,0,0,1515,1,0,2,0,13.8,0,0
SYN-ADV-04305,9280.38,4,0.44,1,1,1,0,107,1,0,2,0,30.5,0,0
SYN-ADV-04306,949.9,2,0.02,0,0,0,0,627,1,0,1,0,10.5,0,0
SYN-ADV-04307,10.0,7,0.19,1,1,1,0,23,0,1,7,1,92.6,0,1
SYN-ADV-04308,42.37,2,0.08,0,0,0,0,1928,1,0,2,0,2.2,0,0
SYN-ADV-04309,4276.39,3,0.28,1,1,1,0,1596,1,0,7,0,49.5,1,1
SYN-ADV-04310,39348.03,2,0.27,1,1,0,0,842,1,0,3,1,75.0,1,1
SYN-ADV-04311,1500.0,1,0.19,1,0,1,1,14,0,1,1,0,11.6,1,1
SYN-ADV-04312,28508.19,2,0.57,1,0,0,0,159,1,0,4,0,27.8,1,0
SYN-ADV-04313,22434.9,2,0.18,0,0,0,0,885,1,0,8,0,30.9,0,0
SYN-ADV-04314,4500.0,4,0.42,1,1,1,0,27,0,1,10,1,81.5,1,1
SYN-ADV-04315,2876.13,2,0.03,0,0,0,0,1073,1,0,2,0,14.7,0,0
SYN-ADV-04316,5533.99,1,0.19,0,0,0,0,1390,1,0,2,0,11.7,0,0
SYN-ADV-04317,23063.93,4,0.1,0,0,0,0,688,1,0,9,0,36.8,0,0
SYN-ADV-04318,5993.62,2,0.11,0,0,0,0,1515,1,0,2,0,11.7,0,0
SYN-ADV-04319,25000.0,8,0.67,1,1,1,0,23,0,1,9,4,78.7,1,1
SYN-ADV-04320,50.0,4,0.84,1,0,1,1,22,0,1,11,3,75.4,0,1
SYN-ADV-04321,11120.25,5,0.57,1,0,1,0,154,1,0,2,0,30.1,1,0
SYN-ADV-04322,3969.42,2,0.12,0,0,0,0,2033,1,0,2,0,10.4,0,0
SYN-ADV-04323,1210.8,2,0.04,0,0,0,0,287,1,0,2,0,11.4,0,0
SYN-ADV-04324,33344.68,4,0.44,1,0,0,0,273,1,0,3,0,18.8,1,0
SYN-ADV-04325,64280.84,3,0.37,1,0,1,0,222,0,0,2,0,27.9,0,0
SYN-ADV-04326,695.17,2,0.04,0,0,0,0,2198,1,0,1,0,8.6,0,0
SYN-ADV-04327,26410.49,4,0.12,0,0,0,0,694,1,0,6,0,22.5,0,0
SYN-ADV-04328,10.0,5,0.8,1,1,1,0,8,0,0,7,3,80.6,1,1
SYN-ADV-04329,29298.33,4,0.35,0,0,0,0,711,1,0,7,0,46.4,0,0
SYN-ADV-04330,14862.91,3,0.53,1,0,1,0,142,1,0,2,0,20.9,0,0
SYN-ADV-04331,25.0,1,0.07,1,1,0,1,13,0,1,1,0,12.5,0,1
SYN-ADV-04332,5949.23,4,0.32,1,1,0,0,102,1,0,4,0,20.0,0,0
SYN-ADV-04333,1276.82,1,0.08,0,0,0,0,1548,1,0,1,0,10.6,0,0
SYN-ADV-04334,13225.24,4,0.34,0,0,0,0,182,1,0,9,0,30.2,0,0
SYN-ADV-04335,5113.38,2,0.1,0,0,0,0,1116,1,0,2,0,5.8,0,0
SYN-ADV-04336,246.1,2,0.05,0,0,0,0,1626,1,0,2,0,3.9,0,0
SYN-ADV-04337,4560.56,1,0.09,0,0,0,0,492,1,0,1,0,9.6,0,0
SYN-ADV-04338,500.0,2,0.18,0,1,1,1,3,0,1,5,2,91.1,1,1
SYN-ADV-04339,33527.06,3,0.31,0,0,0,0,1077,1,0,5,0,24.8,0,0
SYN-ADV-04340,1924.28,3,0.09,0,0,1,1,14,0,0,8,2,85.4,0,1
SYN-ADV-04341,1949.07,2,0.05,0,0,0,0,629,1,0,1,0,8.2,0,0
SYN-ADV-04342,2306.26,2,0.12,0,0,0,0,2000,1,0,1,0,8.2,0,0
SYN-ADV-04343,11295.81,1,0.34,0,1,1,0,1756,1,0,3,1,69.3,1,1
SYN-ADV-04344,6141.86,2,0.18,1,1,1,0,1845,1,0,4,1,50.9,1,1
SYN-ADV-04345,16724.31,4,0.34,0,0,0,0,736,1,0,5,0,22.7,0,0
SYN-ADV-04346,893.13,2,0.02,0,0,0,0,1224,1,0,2,0,7.1,0,0
SYN-ADV-04347,701.73,2,0.07,0,0,0,0,327,1,0,2,0,13.1,0,0
SYN-ADV-04348,2496.65,1,0.01,0,0,0,0,1152,1,0,2,0,6.2,0,0
SYN-ADV-04349,1129.31,1,0.17,0,0,0,0,1280,1,0,1,0,10.7,0,0
SYN-ADV-04350,7194.69,3,0.48,1,0,1,0,114,1,0,4,0,16.2,0,0
SYN-ADV-04351,502.6,1,0.19,0,0,0,0,2311,1,0,2,0,11.6,0,0
SYN-ADV-04352,5342.68,1,0.35,0,0,0,1,51,1,0,5,1,82.1,1,1
SYN-ADV-04353,19377.0,4,0.18,0,0,1,0,885,1,0,3,1,74.6,1,1
SYN-ADV-04354,84911.97,4,0.38,1,0,0,0,103,1,0,3,0,25.1,0,0
SYN-ADV-04355,1458.91,1,0.19,0,0,0,0,234,1,0,1,0,8.3,0,0
SYN-ADV-04356,1198.66,1,0.02,0,0,0,0,599,1,0,1,0,13.4,0,0
SYN-ADV-04357,142.48,2,0.2,0,0,0,0,1719,1,0,1,0,2.6,0,0
SYN-ADV-04358,10.0,5,0.24,1,0,1,1,20,0,1,7,3,91.3,0,1
SYN-ADV-04359,2301.72,2,0.33,0,0,0,0,87,0,0,5,2,83.6,0,1
SYN-ADV-04360,96.22,1,0.03,0,0,0,0,2044,1,0,1,0,13.8,0,0
SYN-ADV-04361,1909.42,1,0.13,0,0,0,0,2152,1,0,1,0,13.0,0,0
SYN-ADV-04362,1081.07,2,0.01,0,0,0,0,2400,1,0,1,0,9.4,0,0
SYN-ADV-04363,2063.27,2,0.11,0,0,0,0,1277,1,0,2,0,6.2,0,0
SYN-ADV-04364,330.96,2,0.2,0,0,0,0,525,1,0,2,0,5.4,0,0
SYN-ADV-04365,520.9,1,0.19,0,0,0,0,1266,1,0,1,0,14.0,0,0
SYN-ADV-04366,1569.46,1,0.2,0,0,0,0,1715,1,0,2,0,7.5,0,0
SYN-ADV-04367,27448.65,3,0.27,1,0,0,0,169,1,0,2,0,11.6,0,0
SYN-ADV-04368,5049.24,2,0.2,0,0,0,0,824,1,0,9,0,21.5,0,0
SYN-ADV-04369,128.84,1,0.12,0,0,0,0,1243,1,0,2,0,14.4,0,0
SYN-ADV-04370,5883.44,2,0.01,0,0,0,0,400,1,0,1,0,2.5,0,0
SYN-ADV-04371,2478.69,4,0.26,1,1,1,0,1305,1,0,7,0,55.5,1,1
SYN-ADV-04372,25.0,1,0.17,1,1,1,1,4,0,1,1,0,23.3,1,1
SYN-ADV-04373,1110.36,1,0.03,0,0,0,0,2277,1,0,1,0,4.2,0,0
SYN-ADV-04374,1278.27,2,0.08,0,0,0,0,1727,1,0,1,0,9.2,0,0
SYN-ADV-04375,14020.81,3,0.15,0,0,1,1,53,1,1,4,2,70.9,1,1
SYN-ADV-04376,934.3,2,0.19,0,0,0,0,2183,1,0,2,0,13.4,0,0
SYN-ADV-04377,4199.13,1,0.16,0,0,0,0,383,0,0,2,0,30.2,1,0
SYN-ADV-04378,42744.79,3,0.39,0,1,0,0,194,1,0,4,0,19.2,0,0
SYN-ADV-04379,955.27,1,0.06,0,0,0,0,1462,1,0,1,0,14.2,0,0
SYN-ADV-04380,966.76,1,0.11,0,0,0,0,475,1,0,1,0,13.1,0,0
SYN-ADV-04381,1323.93,2,0.13,0,0,0,0,1313,1,0,2,0,12.0,0,0
SYN-ADV-04382,284.18,1,0.16,0,0,0,0,2074,1,0,2,0,14.7,0,0
SYN-ADV-04383,38875.02,3,0.59,0,1,1,0,1876,1,0,5,1,70.5,0,1
SYN-ADV-04384,4562.72,2,0.12,0,0,0,0,47,0,0,8,2,77.9,1,1
SYN-ADV-04385,4127.17,1,0.1,0,0,0,0,2155,1,0,2,0,12.4,0,0
SYN-ADV-04386,2456.1,1,0.12,0,0,0,0,53,1,0,2,0,21.1,0,0
SYN-ADV-04387,75.32,2,0.03,0,0,0,0,719,1,0,2,0,6.0,0,0
SYN-ADV-04388,41618.48,5,0.53,1,1,0,0,106,1,0,3,0,13.6,0,0
SYN-ADV-04389,13951.18,3,0.25,0,0,0,1,65,1,1,4,3,83.3,1,1
SYN-ADV-04390,12853.16,2,0.11,0,0,0,0,563,1,0,8,0,40.5,0,0
SYN-ADV-04391,1500.0,1,0.1,1,1,1,1,8,0,1,1,0,32.9,0,1
SYN-ADV-04392,16961.53,4,0.53,1,0,1,1,2235,1,0,3,0,55.8,0,1
SYN-ADV-04393,500.0,2,0.58,1,1,0,1,28,0,1,8,4,77.7,0,1
SYN-ADV-04394,938.21,2,0.08,0,0,0,0,1579,1,0,2,0,7.1,0,0
SYN-ADV-04395,65226.88,5,0.33,1,0,0,0,46,1,0,3,0,10.6,0,0
SYN-ADV-04396,22265.3,2,0.52,1,0,0,0,118,1,0,4,0,17.2,0,0
SYN-ADV-04397,9815.3,4,0.59,1,0,0,0,263,1,0,2,0,15.2,0,0
SYN-ADV-04398,1263.45,1,0.16,0,0,0,0,967,1,0,2,0,7.7,0,0
SYN-ADV-04399,815.8,2,0.11,0,0,0,0,1369,1,0,1,0,11.0,0,0
SYN-ADV-04400,1500.0,1,0.12,1,1,1,1,14,0,1,1,0,29.5,1,1
SYN-ADV-04401,100.0,1,0.1,1,1,0,0,7,0,1,1,0,14.8,1,1
SYN-ADV-04402,304.19,2,0.2,0,0,0,0,205,1,0,2,0,22.1,1,0
SYN-ADV-04403,1049.3,2,0.11,0,0,0,0,2167,1,0,1,0,4.7,0,0
SYN-ADV-04404,886.34,1,0.01,0,0,0,0,459,1,0,1,0,4.8,0,0
SYN-ADV-04405,12505.9,4,0.27,0,0,0,0,324,1,0,6,0,46.5,0,0
SYN-ADV-04406,23535.87,5,0.48,1,0,1,0,189,1,0,2,0,12.0,0,0
SYN-ADV-04407,13954.89,4,0.28,0,0,0,0,300,1,0,6,0,36.0,0,0
SYN-ADV-04408,3114.62,2,0.02,0,0,0,0,479,1,0,1,0,9.1,0,0
SYN-ADV-04409,3306.93,1,0.06,0,0,0,0,1663,1,0,2,0,3.2,0,0
SYN-ADV-04410,50.0,2,0.71,1,1,0,0,14,0,1,11,4,86.2,1,1
SYN-ADV-04411,500.0,8,0.24,1,1,1,0,26,1,1,7,3,80.5,1,1
SYN-ADV-04412,4252.47,2,0.13,0,0,0,0,1529,1,0,1,0,11.6,0,0
SYN-ADV-04413,50.0,8,0.44,1,1,1,1,9,0,1,10,1,92.9,1,1
SYN-ADV-04414,19966.56,2,0.28,0,1,0,0,1203,1,0,6,1,73.6,1,1
SYN-ADV-04415,18341.03,2,0.32,0,0,0,0,1080,1,0,9,0,35.9,0,0
SYN-ADV-04416,27361.32,2,0.53,0,1,1,0,1719,1,0,7,1,63.5,1,1
SYN-ADV-04417,4500.0,7,0.75,1,1,0,0,15,0,1,9,1,88.4,1,1
SYN-ADV-04418,23849.98,2,0.16,1,1,0,0,909,1,0,7,1,62.9,0,1
SYN-ADV-04419,31448.72,4,0.18,0,1,1,0,1296,1,0,7,1,69.0,1,1
SYN-ADV-04420,5940.84,1,0.16,0,0,0,0,13,1,0,8,2,73.5,1,1
SYN-ADV-04421,39574.78,2,0.36,1,0,0,0,2119,1,0,6,1,50.7,0,1
SYN-ADV-04422,2191.29,1,0.2,0,0,0,0,149,1,0,3,0,17.5,1,0
SYN-ADV-04423,105.0,2,0.16,0,0,0,0,381,1,0,1,0,12.9,0,0
SYN-ADV-04424,874.24,1,0.14,0,0,0,0,1385,1,0,1,0,7.4,0,0
SYN-ADV-04425,25000.0,6,0.74,0,1,1,0,3,1,1,8,4,79.4,1,1
SYN-ADV-04426,4647.38,1,0.06,0,0,0,0,362,1,1,3,0,18.5,0,0
SYN-ADV-04427,100.0,1,0.17,1,1,1,1,13,0,1,1,0,10.8,1,1
SYN-ADV-04428,500.0,7,0.28,1,1,0,0,29,0,1,7,4,80.9,1,1
SYN-ADV-04429,61222.63,4,0.57,0,0,0,0,268,1,0,3,0,15.6,0,0
SYN-ADV-04430,35081.92,4,0.44,1,0,1,0,250,0,0,2,0,18.5,0,0
SYN-ADV-04431,3522.79,2,0.19,0,0,0,0,429,1,0,3,0,34.9,0,0
SYN-ADV-04432,3096.01,2,0.08,0,0,1,0,22,0,1,8,1,86.8,1,1
SYN-ADV-04433,30541.3,3,0.37,0,0,0,0,223,1,0,9,0,24.8,0,0
SYN-ADV-04434,48872.16,4,0.61,1,0,1,0,198,0,0,3,0,26.4,0,0
SYN-ADV-04435,66260.27,5,0.45,1,0,1,0,222,1,0,2,0,17.2,1,0
SYN-ADV-04436,217.25,2,0.2,0,0,0,0,924,1,0,2,0,8.6,0,0
SYN-ADV-04437,484.73,2,0.02,0,0,0,0,785,1,0,2,0,2.8,0,0
SYN-ADV-04438,1939.74,1,0.07,0,0,0,0,222,1,0,2,0,14.7,0,0
SYN-ADV-04439,1371.83,1,0.09,0,0,0,0,243,1,0,1,0,7.6,0,0
SYN-ADV-04440,13013.53,4,0.31,1,0,1,0,2311,1,0,6,1,67.1,1,1
SYN-ADV-04441,783.19,2,0.2,0,0,0,0,195,1,0,3,0,12.4,0,0
SYN-ADV-04442,113.57,2,0.15,0,0,0,0,654,1,0,1,0,2.1,0,0
SYN-ADV-04443,42860.17,4,0.32,1,0,0,0,97,1,0,3,0,30.3,0,0
SYN-ADV-04444,23240.5,2,0.2,0,0,0,0,30,1,1,5,2,78.5,1,1
SYN-ADV-04445,42854.59,2,0.2,1,0,0,0,1795,1,0,4,1,73.6,1,1
SYN-ADV-04446,3572.15,1,0.18,0,0,0,0,618,1,0,1,0,10.9,0,0
SYN-ADV-04447,25000.0,6,0.71,1,1,1,0,21,0,1,5,1,75.9,1,1
SYN-ADV-04448,37400.37,3,0.27,1,1,1,0,64,1,0,3,0,28.1,1,0
SYN-ADV-04449,19049.28,2,0.47,0,1,1,1,1461,1,0,5,1,71.5,1,1
SYN-ADV-04450,654.93,2,0.09,0,0,0,0,1751,1,0,1,0,7.7,0,0
SYN-ADV-04451,1752.98,2,0.18,0,0,0,0,1622,1,0,2,0,14.0,0,0
SYN-ADV-04452,2051.65,1,0.05,0,0,0,0,214,1,0,3,0,16.9,1,0
SYN-ADV-04453,50.0,3,0.34,1,1,1,0,3,0,1,12,4,90.0,1,1
SYN-ADV-04454,30518.03,3,0.37,0,0,0,0,1016,1,0,9,0,45.6,0,0
SYN-ADV-04455,1173.68,2,0.18,0,0,0,0,429,1,0,1,0,10.3,0,0
SYN-ADV-04456,4092.9,2,0.11,0,0,0,0,2310,1,0,2,0,14.9,0,0
SYN-ADV-04457,10327.53,4,0.33,0,0,0,0,989,1,0,9,0,26.5,0,0
SYN-ADV-04458,10.0,1,0.06,1,1,1,0,7,0,1,1,0,10.0,1,1
SYN-ADV-04459,33431.24,3,0.37,0,0,0,0,573,1,0,7,0,35.8,0,0
SYN-ADV-04460,24598.09,4,0.5,1,0,0,0,71,1,0,3,0,26.4,0,0
SYN-ADV-04461,5206.47,2,0.05,0,0,0,0,13,0,1,6,2,67.6,1,1
SYN-ADV-04462,3886.12,2,0.23,0,0,0,0,437,1,0,3,0,35.8,0,0
SYN-ADV-04463,201.75,1,0.11,0,0,0,0,937,1,0,2,0,6.0,0,0
SYN-ADV-04464,218.51,1,0.11,0,0,0,0,210,1,0,2,0,4.1,0,0
SYN-ADV-04465,19702.75,4,0.53,0,0,1,0,234,0,0,2,0,14.1,1,0
SYN-ADV-04466,1476.58,1,0.16,0,0,0,0,2289,1,0,2,0,10.7,0,0
SYN-ADV-04467,340.07,2,0.01,0,0,0,0,1680,1,0,1,0,4.7,0,0
SYN-ADV-04468,4523.78,1,0.18,0,0,0,0,1294,1,0,1,0,8.7,0,0
SYN-ADV-04469,843.44,1,0.17,0,0,0,0,617,1,0,1,0,2.3,0,0
SYN-ADV-04470,70985.2,5,0.35,0,0,0,0,236,1,0,3,0,22.8,0,0
SYN-ADV-04471,25.0,1,0.1,1,1,1,0,15,0,1,1,0,32.9,1,1
SYN-ADV-04472,4500.0,8,0.56,1,0,1,1,9,0,1,5,3,81.1,1,1
SYN-ADV-04473,5021.48,3,0.52,0,1,1,0,1960,1,0,3,1,54.4,0,1
SYN-ADV-04474,50.0,5,0.39,1,1,1,0,14,0,1,9,3,87.2,1,1
SYN-ADV-04475,1989.6,2,0.15,0,0,0,0,90,1,0,3,0,37.8,0,0
SYN-ADV-04476,712.43,1,0.16,0,0,0,0,641,1,0,2,0,10.0,0,0
SYN-ADV-04477,391.12,2,0.16,0,0,0,0,1182,1,0,1,0,3.7,0,0
SYN-ADV-04478,25.0,1,0.16,1,1,1,0,13,0,1,1,0,16.0,1,1
SYN-ADV-04479,140.18,1,0.07,0,0,0,0,828,1,0,2,0,2.2,0,0
SYN-ADV-04480,35352.23,2,0.5,1,1,1,0,1657,1,0,3,0,64.6,1,1
SYN-ADV-04481,147.86,2,0.07,0,0,0,0,2273,1,0,2,0,14.4,0,0
SYN-ADV-04482,6104.41,3,0.06,0,0,1,0,34,0,0,8,1,69.6,0,1
SYN-ADV-04483,7910.74,2,0.06,0,0,0,0,79,0,1,4,3,80.8,1,1
SYN-ADV-04484,78775.36,3,0.29,1,0,0,0,256,1,0,3,0,20.1,0,0
SYN-ADV-04485,2305.74,1,0.18,0,0,0,0,1786,1,0,1,0,2.2,0,0
SYN-ADV-04486,31708.49,4,0.3,0,0,0,0,716,1,0,5,0,44.5,0,0
SYN-ADV-04487,10.0,1,0.07,1,1,1,1,6,0,1,1,0,22.6,1,1
SYN-ADV-04488,412.71,1,0.14,0,0,0,0,749,1,0,1,0,10.2,0,0
SYN-ADV-04489,5395.52,3,0.23,0,0,0,0,11,0,1,4,3,69.9,1,1
SYN-ADV-04490,876.95,3,0.32,0,0,0,0,42,1,0,8,3,66.0,0,1
SYN-ADV-04491,372.0,1,0.05,0,0,0,0,1905,1,0,2,0,9.0,0,0
SYN-ADV-04492,17380.76,4,0.29,0,0,0,0,576,1,0,5,0,25.1,0,0
SYN-ADV-04493,25000.0,7,0.12,1,1,1,1,23,0,1,9,2,86.1,1,1
SYN-ADV-04494,9830.51,1,0.17,0,0,0,0,1066,1,0,2,0,8.8,0,0
SYN-ADV-04495,2719.94,2,0.14,0,0,0,0,1187,1,0,2,0,3.4,0,0
SYN-ADV-04496,2779.09,2,0.01,0,0,0,0,528,1,0,2,0,12.2,0,0
SYN-ADV-04497,48240.99,2,0.34,1,1,1,0,130,0,0,2,0,28.5,0,0
SYN-ADV-04498,860.12,2,0.16,0,0,0,0,171,0,0,2,0,33.7,0,0
SYN-ADV-04499,2358.0,1,0.1,0,0,0,0,345,1,0,2,0,25.7,0,0
SYN-ADV-04500,132.61,2,0.11,0,0,0,0,1842,1,0,2,0,13.7,0,0
SYN-ADV-04501,1674.89,2,0.09,0,0,0,0,1405,1,0,2,0,14.6,0,0
SYN-ADV-04502,2664.31,3,0.23,0,0,0,0,64,0,1,6,3,84.6,1,1
SYN-ADV-04503,68059.87,5,0.43,1,0,1,0,282,1,0,4,0,19.2,0,0
SYN-ADV-04504,10.0,2,0.34,1,1,1,1,10,0,1,8,2,85.6,1,1
SYN-ADV-04505,24158.29,4,0.26,0,0,0,0,321,1,0,6,0,30.0,0,0
SYN-ADV-04506,2231.39,2,0.06,0,0,0,0,241,0,0,2,0,17.9,0,0
SYN-ADV-04507,1039.28,1,0.12,0,0,0,0,1478,1,0,1,0,8.4,0,0
SYN-ADV-04508,1243.53,2,0.17,0,0,0,0,859,1,0,2,0,3.9,0,0
SYN-ADV-04509,17405.01,4,0.16,0,1,1,0,2451,1,0,6,1,46.1,0,1
SYN-ADV-04510,25000.0,8,0.13,0,1,1,1,15,0,1,10,3,79.5,1,1
SYN-ADV-04511,624.93,1,0.02,0,0,0,0,2143,1,0,2,0,13.1,0,0
SYN-ADV-04512,33480.9,4,0.48,0,0,1,0,2024,1,0,5,1,66.4,1,1
SYN-ADV-04513,50648.88,5,0.52,1,1,0,0,146,1,0,3,0,31.8,0,0
SYN-ADV-04514,2161.98,2,0.12,0,0,0,0,634,1,0,1,0,11.7,0,0
SYN-ADV-04515,1500.0,1,0.15,1,1,1,1,15,0,1,1,0,16.3,1,1
SYN-ADV-04516,96.58,1,0.09,0,0,0,0,921,1,0,1,0,14.7,0,0
SYN-ADV-04517,32015.06,3,0.17,0,0,0,0,1032,1,0,9,0,38.1,0,0
SYN-ADV-04518,2186.71,1,0.23,0,0,0,0,374,1,0,3,0,37.3,1,0
SYN-ADV-04519,601.29,2,0.03,0,0,0,0,1884,1,0,1,0,4.0,0,0
SYN-ADV-04520,1305.35,2,0.05,0,0,0,0,2241,1,0,2,0,6.7,0,0
SYN-ADV-04521,675.54,2,0.19,0,0,0,0,967,1,0,1,0,5.4,0,0
SYN-ADV-04522,100.0,1,0.18,1,1,1,0,15,0,1,1,0,14.1,1,1
SYN-ADV-04523,12917.59,4,0.54,1,0,0,0,113,1,0,3,0,20.1,0,0
SYN-ADV-04524,832.74,2,0.05,0,0,0,0,795,1,0,2,0,6.5,0,0
SYN-ADV-04525,39286.98,5,0.53,1,0,1,0,286,0,0,2,0,15.8,0,0
SYN-ADV-04526,137.64,2,0.18,0,0,0,0,2169,1,0,1,0,12.2,0,0
SYN-ADV-04527,28677.79,2,0.3,0,0,0,0,482,1,0,5,0,35.8,0,0
SYN-ADV-04528,4500.0,7,0.77,1,1,1,1,20,0,0,7,2,73.5,1,1
SYN-ADV-04529,25.0,1,0.11,1,1,0,1,13,0,1,1,0,11.3,0,1
SYN-ADV-04530,1564.09,1,0.02,0,0,0,0,359,1,0,2,0,21.4,0,0
SYN-ADV-04531,709.22,2,0.05,0,0,0,0,1636,1,0,2,0,6.6,0,0
SYN-ADV-04532,7911.33,2,0.28,0,1,0,0,754,1,0,7,0,57.4,1,1
SYN-ADV-04533,11582.74,3,0.12,0,0,0,0,40,0,1,9,3,86.1,0,1
SYN-ADV-04534,64394.14,3,0.65,1,1,0,0,82,1,0,2,0,14.0,0,0
SYN-ADV-04535,25000.0,2,0.34,1,1,1,1,27,0,0,5,4,73.3,1,1
SYN-ADV-04536,54737.28,2,0.51,0,0,1,0,272,1,0,3,0,25.7,0,0
SYN-ADV-04537,969.3,1,0.03,0,0,0,0,1570,1,0,2,0,4.0,0,0
SYN-ADV-04538,333.05,2,0.13,0,0,0,0,415,1,0,2,0,11.6,0,0
SYN-ADV-04539,25.0,1,0.09,0,1,1,1,11,0,1,1,0,14.8,1,1
SYN-ADV-04540,553.58,1,0.08,0,0,0,0,645,1,0,2,0,6.7,0,0
SYN-ADV-04541,39186.91,2,0.59,0,1,0,0,1779,1,0,4,1,49.4,1,1
SYN-ADV-04542,5729.19,2,0.08,0,0,0,0,31,0,1,8,3,87.9,0,1
SYN-ADV-04543,202.5,2,0.15,0,0,0,0,990,1,0,1,0,2.9,0,0
SYN-ADV-04544,3817.84,1,0.02,0,0,0,0,1073,1,0,2,0,12.6,0,0
SYN-ADV-04545,35633.83,2,0.5,1,1,0,0,229,1,0,2,0,12.5,1,0
SYN-ADV-04546,3385.14,4,0.39,1,1,1,0,2382,1,0,7,0,67.7,0,1
SYN-ADV-04547,1717.44,1,0.44,0,1,0,1,2030,1,0,6,1,63.4,1,1
SYN-ADV-04548,2483.43,2,0.17,0,0,0,0,1769,1,0,1,0,4.2,0,0
SYN-ADV-04549,201.22,1,0.14,0,0,0,0,2239,1,0,2,0,10.8,0,0
SYN-ADV-04550,1169.59,1,0.04,0,0,0,0,2311,1,0,2,0,6.1,0,0
SYN-ADV-04551,1674.71,3,0.31,0,0,1,1,36,0,1,9,1,75.2,1,1
SYN-ADV-04552,5977.31,1,0.14,0,0,0,1,87,0,0,4,3,81.2,1,1
SYN-ADV-04553,25000.0,8,0.67,1,1,1,1,3,1,0,7,4,81.8,1,1
SYN-ADV-04554,176.12,2,0.17,0,0,0,0,1136,1,0,2,0,8.9,0,0
SYN-ADV-04555,1500.0,1,0.02,1,0,1,1,15,0,1,1,0,13.0,1,1
SYN-ADV-04556,25000.0,5,0.44,0,1,1,1,29,0,1,6,4,89.7,1,1
SYN-ADV-04557,1059.83,1,0.19,0,0,0,0,1563,1,0,1,0,11.3,0,0
SYN-ADV-04558,10.0,1,0.16,1,1,1,1,7,0,1,1,0,27.4,1,1
SYN-ADV-04559,797.24,2,0.08,0,0,0,0,2075,1,0,1,0,11.4,0,0
SYN-ADV-04560,1182.49,2,0.1,0,0,0,0,1432,1,0,1,0,11.9,0,0
SYN-ADV-04561,16579.67,3,0.28,0,0,0,0,991,1,0,6,0,26.8,0,0
SYN-ADV-04562,500.0,8,0.42,1,1,1,0,30,0,1,11,3,76.8,1,1
SYN-ADV-04563,29681.72,2,0.2,0,0,0,0,974,1,0,7,0,24.6,0,0
SYN-ADV-04564,81075.14,2,0.5,1,1,1,0,238,1,0,2,0,20.5,0,0
SYN-ADV-04565,18816.44,4,0.42,1,0,1,1,820,1,0,5,1,58.8,0,1
SYN-ADV-04566,59484.07,5,0.49,1,1,0,0,190,1,0,2,0,22.5,0,0
SYN-ADV-04567,238.44,2,0.06,0,0,0,0,1921,1,0,1,0,13.2,0,0
SYN-ADV-04568,25.0,1,0.01,1,1,1,0,8,0,1,1,0,31.2,1,1
SYN-ADV-04569,1544.87,1,0.06,0,0,0,0,1087,1,0,2,0,6.5,0,0
SYN-ADV-04570,3575.58,2,0.11,0,0,0,0,1964,1,0,1,0,7.8,0,0
SYN-ADV-04571,23346.63,2,0.16,0,1,0,1,1364,1,0,5,1,55.0,0,1
SYN-ADV-04572,50.0,8,0.67,0,1,0,0,5,0,1,12,1,78.1,1,1
SYN-ADV-04573,2133.07,1,0.19,0,0,0,0,1861,1,0,2,0,14.2,0,0
SYN-ADV-04574,29556.94,2,0.29,0,0,0,0,640,1,0,5,0,31.8,0,0
SYN-ADV-04575,3392.09,2,0.14,0,0,0,0,886,1,0,1,0,10.6,0,0
SYN-ADV-04576,807.97,2,0.13,0,0,0,0,2121,1,0,1,0,12.4,0,0
SYN-ADV-04577,9263.34,3,0.3,0,0,1,1,19,0,1,8,1,65.6,0,1
SYN-ADV-04578,29309.1,4,0.36,1,0,0,0,78,1,0,4,0,26.7,0,0
SYN-ADV-04579,18571.7,4,0.37,0,0,0,0,1066,1,0,5,0,37.4,0,0
SYN-ADV-04580,3018.66,2,0.16,0,0,0,0,2390,1,0,1,0,2.3,0,0
SYN-ADV-04581,309.63,2,0.19,0,0,0,0,404,1,0,2,0,12.7,0,0
SYN-ADV-04582,826.85,2,0.07,0,0,0,0,530,1,0,2,0,13.7,0,0
SYN-ADV-04583,594.75,2,0.03,0,0,0,0,2153,1,0,2,0,10.9,0,0
SYN-ADV-04584,541.84,2,0.04,0,0,0,0,208,1,0,2,0,13.6,0,0
SYN-ADV-04585,49569.6,2,0.39,1,0,0,0,188,0,0,2,0,15.6,0,0
SYN-ADV-04586,653.62,2,0.14,0,0,0,0,923,1,0,2,0,15.0,0,0
SYN-ADV-04587,10.0,1,0.05,1,1,1,1,8,0,1,1,0,18.7,1,1
SYN-ADV-04588,27628.21,4,0.19,0,0,0,0,491,1,0,8,0,31.7,0,0
SYN-ADV-04589,5767.57,3,0.28,0,0,0,0,1043,1,0,7,0,44.2,0,0
SYN-ADV-04590,2061.46,1,0.2,0,0,0,0,508,1,0,1,0,3.1,0,0
SYN-ADV-04591,4500.0,3,0.26,0,1,0,1,27,0,1,5,3,84.7,1,1
SYN-ADV-04592,25000.0,3,0.28,1,1,1,1,11,0,1,6,2,83.5,1,1
SYN-ADV-04593,500.0,5,0.4,1,1,0,0,6,0,1,10,3,89.7,1,1
SYN-ADV-04594,9155.43,3,0.1,0,0,0,0,956,1,0,6,0,37.1,0,0
SYN-ADV-04595,4500.0,4,0.77,1,1,0,1,11,0,1,6,2,84.5,1,1
SYN-ADV-04596,226.84,2,0.07,0,0,0,0,1990,1,0,1,0,9.2,0,0
SYN-ADV-04597,31310.59,3,0.11,0,0,0,0,610,1,0,7,0,44.0,0,0
SYN-ADV-04598,31085.63,2,0.65,1,0,0,0,194,1,0,4,0,21.9,0,0
SYN-ADV-04599,500.0,6,0.43,1,1,1,1,27,0,1,10,4,87.9,1,1
SYN-ADV-04600,34375.22,3,0.58,1,1,1,0,87,0,0,3,0,18.2,1,0
SYN-ADV-04601,10111.54,2,0.44,1,1,0,0,2270,1,0,3,0,71.2,0,1
SYN-ADV-04602,78989.86,5,0.59,1,0,0,0,294,1,0,3,0,31.7,0,0
SYN-ADV-04603,3012.1,1,0.17,0,0,0,0,1563,1,0,1,0,8.6,0,0
SYN-ADV-04604,1791.9,1,0.16,0,0,0,0,814,1,0,1,0,14.8,0,0
SYN-ADV-04605,714.39,2,0.16,0,0,0,0,1552,1,0,2,0,10.9,0,0
SYN-ADV-04606,1191.2,1,0.15,0,0,0,0,2193,1,0,2,0,5.5,0,0
SYN-ADV-04607,10.0,3,0.57,0,1,1,1,24,0,1,11,3,86.9,1,1
SYN-ADV-04608,1500.0,1,0.03,1,1,1,0,7,0,1,1,0,11.1,1,1
SYN-ADV-04609,1710.33,1,0.12,0,0,0,0,1277,1,0,2,0,3.0,0,0
SYN-ADV-04610,23885.76,4,0.16,0,0,0,0,917,1,0,6,0,37.3,0,0
SYN-ADV-04611,7838.09,4,0.16,1,1,1,0,2335,1,0,3,0,52.4,1,1
SYN-ADV-04612,33823.53,4,0.51,1,0,1,0,62,1,0,3,0,23.5,1,0
SYN-ADV-04613,25.0,1,0.11,1,1,1,1,9,0,1,1,0,32.2,1,1
SYN-ADV-04614,2497.11,2,0.15,0,0,0,0,2351,1,0,1,0,3.2,0,0
SYN-ADV-04615,1285.19,2,0.03,0,0,0,0,914,1,0,1,0,11.2,0,0
SYN-ADV-04616,1500.0,1,0.11,1,1,1,0,5,0,1,1,0,29.6,1,1
SYN-ADV-04617,555.95,2,0.04,0,0,0,0,662,1,0,1,0,4.3,0,0
SYN-ADV-04618,2570.32,2,0.2,0,0,0,0,1906,1,0,1,0,13.2,0,0
SYN-ADV-04619,1273.53,1,0.18,0,0,0,0,68,1,0,3,0,18.1,0,0
SYN-ADV-04620,1639.7,1,0.16,0,0,0,0,2120,1,0,2,0,6.3,0,0
SYN-ADV-04621,2660.55,2,0.06,0,0,0,0,314,1,0,2,0,13.7,0,0
SYN-ADV-04622,411.1,2,0.1,0,0,0,0,574,1,0,1,0,3.4,0,0
SYN-ADV-04623,1500.0,1,0.08,1,1,1,1,11,0,1,1,0,15.3,1,1
SYN-ADV-04624,6183.12,2,0.19,0,0,0,0,900,1,0,6,0,44.3,0,0
SYN-ADV-04625,12728.22,4,0.27,0,0,0,0,1073,1,0,5,0,34.9,0,0
SYN-ADV-04626,155.38,1,0.01,0,0,0,0,1095,1,0,1,0,13.1,0,0
SYN-ADV-04627,16467.03,4,0.23,1,1,1,1,1404,1,0,4,1,46.3,0,1
SYN-ADV-04628,531.27,2,0.12,0,0,0,0,940,1,0,2,0,2.8,0,0
SYN-ADV-04629,23210.08,2,0.16,0,0,0,0,847,1,0,5,0,22.1,0,0
SYN-ADV-04630,2651.74,1,0.04,0,0,0,0,572,1,0,2,0,2.1,0,0
SYN-ADV-04631,1374.75,2,0.08,0,0,0,0,1787,1,0,1,0,13.2,0,0
SYN-ADV-04632,4500.0,2,0.8,1,0,1,0,12,0,1,5,4,88.2,1,1
SYN-ADV-04633,155.97,2,0.05,0,0,0,0,1047,1,0,2,0,2.4,0,0
SYN-ADV-04634,3609.23,2,0.05,0,0,0,0,64,1,0,3,0,21.8,1,0
SYN-ADV-04635,2662.03,2,0.25,0,0,0,0,22,0,1,4,3,74.1,1,1
SYN-ADV-04636,4079.82,1,0.07,0,0,0,0,200,1,0,2,0,6.0,0,0
SYN-ADV-04637,278.29,1,0.07,0,0,0,0,1918,1,0,2,0,6.4,0,0
SYN-ADV-04638,3670.12,4,0.25,0,0,1,1,1153,1,0,7,1,54.6,1,1
SYN-ADV-04639,332.79,2,0.04,0,0,0,0,102,1,0,2,0,14.4,0,0
SYN-ADV-04640,422.96,1,0.06,0,0,0,0,1685,1,0,1,0,14.5,0,0
SYN-ADV-04641,1280.72,2,0.2,0,0,0,0,219,0,0,3,0,22.1,0,0
SYN-ADV-04642,195.28,1,0.03,0,0,0,0,632,1,0,1,0,3.8,0,0
SYN-ADV-04643,5629.12,3,0.2,1,0,1,0,2426,1,0,7,1,59.6,1,1
SYN-ADV-04644,13665.23,4,0.27,0,0,0,0,345,1,0,8,0,42.8,0,0
SYN-ADV-04645,7837.14,2,0.16,0,0,0,0,1349,1,0,2,0,3.2,0,0
SYN-ADV-04646,17759.19,3,0.52,0,0,1,0,145,1,0,4,0,19.5,0,0
SYN-ADV-04647,7422.22,2,0.16,0,0,0,0,874,1,0,1,0,3.8,0,0
SYN-ADV-04648,38271.27,4,0.19,1,1,0,1,1282,1,0,6,1,53.9,1,1
SYN-ADV-04649,1239.26,2,0.03,0,0,0,0,1993,1,0,2,0,6.4,0,0
SYN-ADV-04650,500.0,4,0.54,1,0,0,1,23,0,1,11,3,78.7,1,1
SYN-ADV-04651,17.14,2,0.04,0,0,0,0,2039,1,0,1,0,9.7,0,0
SYN-ADV-04652,28869.67,1,0.58,1,1,0,1,816,1,0,7,1,66.3,1,1
SYN-ADV-04653,7403.23,2,0.23,0,0,0,0,630,1,0,7,0,23.1,0,0
SYN-ADV-04654,20113.3,2,0.23,1,1,0,0,864,1,0,4,1,47.8,1,1
SYN-ADV-04655,2820.75,2,0.09,0,0,0,0,65,1,0,2,0,14.5,1,0
SYN-ADV-04656,508.7,1,0.08,0,0,0,0,1298,1,0,1,0,9.2,0,0
SYN-ADV-04657,283.8,1,0.05,0,0,0,0,1863,1,0,1,0,2.3,0,0
SYN-ADV-04658,2376.4,1,0.16,0,0,0,0,1933,1,0,2,0,7.6,0,0
SYN-ADV-04659,14969.49,1,0.28,0,0,0,1,45,0,0,7,2,71.0,1,1
SYN-ADV-04660,3211.7,1,0.07,0,0,0,0,395,1,0,2,0,14.0,0,0
SYN-ADV-04661,10.0,7,0.75,0,1,1,0,21,0,1,12,1,91.4,1,1
SYN-ADV-04662,4500.0,2,0.11,1,1,1,1,10,0,0,10,3,75.1,1,1
SYN-ADV-04663,24358.81,4,0.26,0,0,0,0,599,1,0,7,0,43.3,0,0
SYN-ADV-04664,10.0,1,0.17,1,1,1,1,9,0,1,1,0,31.4,1,1
SYN-ADV-04665,857.73,1,0.17,0,0,0,0,1587,1,0,1,0,2.2,0,0
SYN-ADV-04666,2017.23,1,0.18,0,0,0,0,1121,1,0,1,0,5.0,0,0
SYN-ADV-04667,6818.46,2,0.01,0,0,0,0,1964,1,0,2,0,8.0,0,0
SYN-ADV-04668,672.79,1,0.14,0,0,0,0,466,1,0,1,0,11.5,0,0
SYN-ADV-04669,1064.15,2,0.18,0,0,0,0,2076,1,0,1,0,9.8,0,0
SYN-ADV-04670,1974.79,2,0.19,0,0,0,0,1455,1,0,2,0,14.2,0,0
SYN-ADV-04671,11369.16,2,0.23,0,0,0,1,49,0,1,7,2,69.8,1,1
SYN-ADV-04672,7803.98,3,0.33,0,0,0,0,62,0,1,8,2,79.4,1,1
SYN-ADV-04673,19288.77,2,0.47,1,0,0,0,787,1,0,4,0,64.0,1,1
SYN-ADV-04674,3809.43,3,0.22,0,0,0,0,508,1,0,5,0,45.9,0,0
SYN-ADV-04675,50.0,4,0.24,0,1,1,1,21,0,1,6,4,72.7,1,1
SYN-ADV-04676,586.7,1,0.12,0,0,0,0,2128,1,0,1,0,4.1,0,0
SYN-ADV-04677,39157.86,4,0.49,1,0,1,1,792,1,0,3,1,47.3,0,1
SYN-ADV-04678,10.0,3,0.36,1,1,1,0,7,0,1,9,4,80.4,1,1
SYN-ADV-04679,1700.78,1,0.13,0,0,0,0,39,0,1,6,2,86.4,0,1
SYN-ADV-04680,1137.41,2,0.1,0,0,0,0,994,1,0,1,0,10.5,0,0
SYN-ADV-04681,190.72,2,0.12,0,0,0,0,1856,1,0,2,0,5.0,0,0
SYN-ADV-04682,951.41,1,0.01,0,0,0,0,2340,1,0,2,0,4.9,0,0
SYN-ADV-04683,6919.03,3,0.36,0,0,1,0,720,1,0,7,1,46.4,1,1
SYN-ADV-04684,31654.59,4,0.31,0,0,0,0,218,1,0,6,0,27.9,0,0
SYN-ADV-04685,69514.33,3,0.47,1,0,0,0,179,1,0,2,0,30.4,0,0
SYN-ADV-04686,624.03,2,0.17,0,0,0,0,520,1,0,2,0,9.3,0,0
SYN-ADV-04687,2245.8,1,0.05,0,0,0,0,747,1,0,1,0,9.7,0,0
SYN-ADV-04688,10.0,4,0.35,1,1,0,1,26,0,1,6,4,78.3,1,1
SYN-ADV-04689,2396.11,2,0.05,0,0,0,0,1867,1,0,1,0,4.6,0,0
SYN-ADV-04690,33170.6,2,0.55,1,1,0,0,1843,1,0,3,1,71.9,1,1
SYN-ADV-04691,25000.0,6,0.29,0,1,1,1,4,0,1,9,1,92.1,1,1
SYN-ADV-04692,4058.53,2,0.01,0,0,0,0,2292,1,0,2,0,6.0,0,0
SYN-ADV-04693,17842.5,3,0.37,0,0,0,0,882,1,0,7,0,34.9,0,0
SYN-ADV-04694,100.0,1,0.14,1,1,1,1,9,0,1,1,0,22.8,1,1
SYN-ADV-04695,1116.97,1,0.12,0,0,0,0,1547,1,0,1,0,14.2,0,0
SYN-ADV-04696,3930.05,1,0.24,0,0,0,0,435,1,0,2,0,19.1,0,0
SYN-ADV-04697,1169.66,2,0.12,0,0,0,0,29,0,0,5,1,75.1,1,1
SYN-ADV-04698,15965.53,4,0.13,0,0,0,0,622,1,0,6,0,26.5,0,0
SYN-ADV-04699,4500.0,5,0.51,1,1,1,1,5,0,0,7,1,77.6,1,1
SYN-ADV-04700,1705.95,1,0.02,0,0,0,0,1025,1,0,2,0,3.7,0,0
SYN-ADV-04701,4037.36,2,0.11,0,0,0,0,1849,1,0,1,0,4.8,0,0
SYN-ADV-04702,1089.7,2,0.14,0,0,0,0,2164,1,0,1,0,12.4,0,0
SYN-ADV-04703,9578.37,2,0.19,0,0,0,0,34,0,1,6,3,66.5,1,1
SYN-ADV-04704,700.07,1,0.09,0,0,0,0,2143,1,0,2,0,3.0,0,0
SYN-ADV-04705,48902.42,3,0.63,1,0,1,0,171,1,0,3,0,19.2,1,0
SYN-ADV-04706,5179.07,2,0.08,0,0,0,0,1603,1,0,2,0,7.9,0,0
SYN-ADV-04707,4468.14,2,0.15,0,0,0,0,382,1,0,2,0,22.8,0,0
SYN-ADV-04708,208.72,1,0.09,0,0,0,0,1478,1,0,1,0,4.5,0,0
SYN-ADV-04709,3617.67,2,0.02,0,0,0,0,734,1,0,2,0,5.5,0,0
SYN-ADV-04710,500.0,8,0.74,1,1,1,1,19,0,1,6,4,88.7,1,1
SYN-ADV-04711,908.63,2,0.15,0,0,0,0,1053,1,0,1,0,9.7,0,0
SYN-ADV-04712,37780.53,1,0.29,1,1,1,0,2383,1,0,7,0,60.4,1,1
SYN-ADV-04713,400.75,1,0.01,0,0,0,0,1892,1,0,1,0,10.0,0,0
SYN-ADV-04714,4606.12,1,0.22,0,0,0,0,401,1,0,2,0,29.6,1,0
SYN-ADV-04715,354.94,2,0.2,0,0,0,0,331,1,0,2,0,13.7,0,0
SYN-ADV-04716,14344.34,3,0.24,0,0,0,0,713,1,0,8,0,25.9,0,0
SYN-ADV-04717,10.0,2,0.61,1,1,1,0,15,0,0,10,4,76.6,1,1
SYN-ADV-04718,1498.13,2,0.03,0,0,0,0,1857,1,0,1,0,12.1,0,0
SYN-ADV-04719,3620.05,2,0.17,0,0,0,0,1871,1,0,1,0,10.6,0,0
SYN-ADV-04720,10.0,1,0.09,1,1,1,1,6,0,1,1,0,19.4,1,1
SYN-ADV-04721,3610.44,1,0.07,0,0,0,0,1142,1,0,2,0,13.3,0,0
SYN-ADV-04722,1775.08,2,0.21,0,0,0,0,215,1,0,3,0,26.5,1,0
SYN-ADV-04723,1155.09,2,0.01,0,0,0,0,996,1,0,1,0,13.3,0,0
SYN-ADV-04724,763.44,2,0.13,0,0,0,0,1982,1,0,2,0,6.9,0,0
SYN-ADV-04725,10.0,6,0.45,1,1,1,1,3,0,0,9,4,77.7,1,1
SYN-ADV-04726,36227.36,3,0.6,1,0,1,0,151,0,0,4,0,24.2,0,0
SYN-ADV-04727,2997.25,1,0.26,0,0,1,1,51,0,1,8,3,65.7,1,1
SYN-ADV-04728,4500.0,5,0.69,1,1,1,1,15,0,0,10,4,91.0,0,1
SYN-ADV-04729,10896.09,4,0.29,1,0,1,0,293,1,0,3,0,31.9,0,0
SYN-ADV-04730,2921.13,1,0.15,0,0,0,0,743,1,0,2,0,13.3,0,0
SYN-ADV-04731,336.35,1,0.1,0,0,0,0,1927,1,0,2,0,6.1,0,0
SYN-ADV-04732,2211.48,1,0.16,0,0,0,0,323,1,0,2,0,6.3,0,0
SYN-ADV-04733,2201.58,1,0.11,0,0,0,0,1337,1,0,2,0,4.6,0,0
SYN-ADV-04734,597.22,1,0.08,0,0,0,0,2030,1,0,2,0,9.4,0,0
SYN-ADV-04735,4317.22,1,0.14,0,0,0,0,1784,1,0,2,0,5.5,0,0
SYN-ADV-04736,2246.88,2,0.16,0,0,0,0,34,1,0,3,0,18.0,0,0
SYN-ADV-04737,680.26,2,0.03,0,0,0,0,1180,1,0,2,0,9.6,0,0
SYN-ADV-04738,1084.98,2,0.13,0,0,0,0,1352,1,0,2,0,5.4,0,0
SYN-ADV-04739,21424.81,4,0.21,1,1,1,0,830,1,0,3,1,52.6,0,1
SYN-ADV-04740,10837.35,2,0.13,0,0,1,1,21,1,1,4,2,73.8,1,1
SYN-ADV-04741,1030.14,1,0.2,0,0,0,0,326,1,0,1,0,6.1,0,0
SYN-ADV-04742,21945.73,4,0.13,0,0,0,0,1105,1,0,5,0,35.7,0,0
SYN-ADV-04743,19885.57,3,0.24,0,0,0,0,1092,1,0,8,0,30.0,0,0
SYN-ADV-04744,25000.0,7,0.6,1,1,1,0,15,1,1,12,3,89.0,1,1
SYN-ADV-04745,836.69,1,0.15,0,0,0,0,2162,1,0,2,0,2.9,0,0
SYN-ADV-04746,348.91,2,0.09,0,0,0,0,2000,1,0,2,0,2.9,0,0
SYN-ADV-04747,1561.58,1,0.16,0,0,0,0,1806,1,0,1,0,12.3,0,0
SYN-ADV-04748,10.0,3,0.21,1,1,1,0,16,0,1,11,4,80.1,1,1
SYN-ADV-04749,408.96,2,0.02,0,0,0,0,1481,1,0,1,0,7.1,0,0
SYN-ADV-04750,7828.39,1,0.3,0,0,0,0,46,0,1,7,2,68.9,0,1
SYN-ADV-04751,821.96,1,0.14,0,0,0,0,2375,1,0,1,0,13.7,0,0
SYN-ADV-04752,984.9,1,0.23,0,0,0,0,434,1,1,2,0,21.2,0,0
SYN-ADV-04753,378.79,2,0.13,0,0,0,0,1835,1,0,2,0,10.0,0,0
SYN-ADV-04754,299.49,1,0.19,0,0,0,0,893,1,0,1,0,4.4,0,0
SYN-ADV-04755,3640.89,2,0.04,0,0,0,0,1430,1,0,1,0,14.3,0,0
SYN-ADV-04756,14826.48,4,0.5,1,0,0,0,119,1,0,4,0,19.2,0,0
SYN-ADV-04757,4101.52,1,0.1,0,0,0,0,1008,1,0,1,0,4.9,0,0
SYN-ADV-04758,369.11,2,0.19,0,0,0,0,1472,1,0,1,0,2.3,0,0
SYN-ADV-04759,25519.81,4,0.43,0,1,0,0,134,0,0,4,0,27.0,1,0
SYN-ADV-04760,10226.33,3,0.28,1,0,0,0,294,0,0,4,0,14.0,0,0
SYN-ADV-04761,788.85,1,0.06,0,0,0,0,1953,1,0,2,0,11.1,0,0
SYN-ADV-04762,27515.42,2,0.3,1,1,0,0,188,1,0,3,0,20.0,1,0
SYN-ADV-04763,10.0,1,0.02,1,1,1,1,9,0,1,1,0,32.5,1,1
SYN-ADV-04764,21812.53,4,0.64,1,0,1,0,137,1,0,4,0,31.2,0,0
SYN-ADV-04765,162.28,2,0.16,0,0,0,0,209,1,0,2,0,11.0,0,0
SYN-ADV-04766,221.75,1,0.16,0,0,0,0,2275,1,0,2,0,14.6,0,0
SYN-ADV-04767,1798.84,1,0.08,0,0,0,0,421,1,1,3,0,28.1,0,0
SYN-ADV-04768,587.46,1,0.08,0,0,0,0,2394,1,0,1,0,10.7,0,0
SYN-ADV-04769,100.0,1,0.14,1,1,1,1,1,0,1,1,0,20.0,1,1
SYN-ADV-04770,571.67,2,0.03,0,0,0,0,1628,1,0,2,0,4.8,0,0
SYN-ADV-04771,13166.37,2,0.17,0,0,0,0,503,1,0,9,0,27.6,0,0
SYN-ADV-04772,33892.42,4,0.33,0,0,0,0,457,1,0,6,0,35.3,0,0
SYN-ADV-04773,25334.02,2,0.27,0,0,0,0,152,1,0,3,0,30.5,1,0
SYN-ADV-04774,1268.18,2,0.06,0,0,0,0,1601,1,0,1,0,9.6,0,0
SYN-ADV-04775,10296.57,3,0.29,0,0,0,0,961,1,0,6,0,46.5,0,0
SYN-ADV-04776,404.46,1,0.18,0,0,0,0,782,1,0,1,0,13.6,0,0
SYN-ADV-04777,27491.6,3,0.31,0,0,0,0,1141,1,0,8,0,42.9,0,0
SYN-ADV-04778,2110.89,2,0.13,0,0,0,0,1721,1,0,2,0,12.4,0,0
SYN-ADV-04779,902.98,2,0.11,0,0,0,0,1099,1,0,1,0,9.7,0,0
SYN-ADV-04780,2582.19,2,0.05,0,0,0,0,320,1,0,2,0,3.0,0,0
SYN-ADV-04781,1182.29,2,0.15,0,0,0,0,2001,1,0,1,0,12.2,0,0
SYN-ADV-04782,73429.77,4,0.44,1,0,1,0,273,1,0,2,0,25.0,1,0
SYN-ADV-04783,39573.18,4,0.5,1,0,0,0,251,1,0,4,0,25.2,1,0
SYN-ADV-04784,1603.2,2,0.06,0,0,0,0,193,1,0,3,0,12.1,1,0
SYN-ADV-04785,5824.16,4,0.31,1,1,0,0,765,1,0,4,1,55.2,0,1
SYN-ADV-04786,4624.04,1,0.06,0,0,0,0,392,1,0,2,0,14.8,0,0
SYN-ADV-04787,10.0,1,0.13,1,0,1,0,4,0,1,1,0,25.3,1,1
SYN-ADV-04788,500.0,8,0.77,1,1,1,1,18,0,1,5,1,73.5,1,1
SYN-ADV-04789,4500.0,5,0.78,1,0,1,1,28,0,0,11,1,93.5,1,1
SYN-ADV-04790,24024.34,3,0.25,0,0,0,0,1194,1,0,5,0,33.7,0,0
SYN-ADV-04791,1635.29,2,0.04,0,0,0,0,1599,1,0,2,0,6.8,0,0
SYN-ADV-04792,347.71,1,0.11,0,0,0,0,635,1,0,1,0,2.1,0,0
SYN-ADV-04793,1500.0,1,0.03,1,1,1,1,10,0,1,1,0,33.4,1,1
SYN-ADV-04794,814.97,2,0.02,0,0,0,0,1769,1,0,2,0,11.2,0,0
SYN-ADV-04795,42798.94,4,0.16,1,1,0,1,1705,1,0,4,1,70.5,1,1
SYN-ADV-04796,2086.5,2,0.2,0,0,0,0,2142,1,0,1,0,2.5,0,0
SYN-ADV-04797,6100.38,2,0.07,0,0,0,0,72,1,1,8,1,66.7,1,1
SYN-ADV-04798,10.0,5,0.22,1,1,1,0,29,0,1,6,1,82.0,1,1
SYN-ADV-04799,1168.77,2,0.1,0,0,0,0,1955,1,0,2,0,9.0,0,0
SYN-ADV-04800,3830.46,2,0.16,0,0,0,0,145,1,0,3,0,34.6,0,0
SYN-ADV-04801,26157.23,3,0.33,0,0,0,0,1134,1,0,9,0,47.4,0,0
SYN-ADV-04802,3173.7,4,0.33,0,0,0,0,913,1,0,9,0,36.4,0,0
SYN-ADV-04803,856.73,2,0.11,0,0,0,0,1847,1,0,2,0,4.1,0,0
SYN-ADV-04804,271.84,1,0.06,0,0,0,0,1076,1,0,1,0,5.4,0,0
SYN-ADV-04805,500.0,6,0.71,1,1,0,1,7,0,1,10,3,77.8,1,1
SYN-ADV-04806,3923.93,2,0.21,0,0,0,0,434,1,0,2,0,25.8,0,0
SYN-ADV-04807,50.0,8,0.84,1,1,1,1,5,0,0,11,2,87.1,1,1
SYN-ADV-04808,145.59,1,0.16,0,0,0,0,1257,1,0,1,0,9.0,0,0
SYN-ADV-04809,3624.71,1,0.04,0,0,0,0,425,1,1,3,0,30.3,1,0
SYN-ADV-04810,30484.76,5,0.62,1,1,0,0,252,1,0,2,0,22.4,0,0
SYN-ADV-04811,73082.69,5,0.65,0,0,0,0,110,1,0,2,0,30.5,0,0
SYN-ADV-04812,2367.68,1,0.02,0,0,0,0,421,1,0,3,0,25.7,0,0
SYN-ADV-04813,1472.34,2,0.03,0,0,0,0,2136,1,0,1,0,6.5,0,0
SYN-ADV-04814,325.12,2,0.09,0,0,0,0,1574,1,0,1,0,10.3,0,0
SYN-ADV-04815,6022.89,1,0.15,0,0,0,0,58,0,0,9,3,76.3,1,1
SYN-ADV-04816,724.36,2,0.03,0,0,0,0,1780,1,0,1,0,4.9,0,0
SYN-ADV-04817,30561.13,2,0.45,0,1,1,0,1959,1,0,5,0,74.0,1,1
SYN-ADV-04818,429.11,1,0.08,0,0,0,0,599,1,0,2,0,11.5,0,0
SYN-ADV-04819,447.49,1,0.04,0,0,0,0,437,1,0,2,0,8.3,0,0
SYN-ADV-04820,13445.64,4,0.23,0,0,0,0,898,1,0,5,0,30.1,0,0
SYN-ADV-04821,333.9,2,0.14,0,0,0,0,1141,1,0,1,0,12.5,0,0
SYN-ADV-04822,3025.9,2,0.03,0,0,0,0,714,1,0,1,0,7.6,0,0
SYN-ADV-04823,137.69,1,0.07,0,0,0,0,1873,1,0,2,0,2.7,0,0
SYN-ADV-04824,2080.42,1,0.02,0,0,0,0,2391,1,0,1,0,6.6,0,0
SYN-ADV-04825,24205.93,3,0.57,1,1,1,1,1780,1,0,3,0,73.0,1,1
SYN-ADV-04826,32372.01,2,0.19,0,0,0,0,328,1,0,7,0,45.3,0,0
SYN-ADV-04827,6493.63,3,0.18,0,0,0,1,78,0,1,4,3,74.4,1,1
SYN-ADV-04828,25.0,1,0.04,1,1,1,1,12,0,1,1,0,33.7,1,1
SYN-ADV-04829,76.34,1,0.09,0,0,0,0,891,1,0,1,0,9.2,0,0
SYN-ADV-04830,2725.82,1,0.11,0,0,0,0,254,1,0,2,0,34.4,1,0
SYN-ADV-04831,262.72,1,0.14,0,0,0,0,2104,1,0,2,0,14.8,0,0
SYN-ADV-04832,10.0,1,0.06,1,1,0,1,15,0,1,1,0,34.7,1,1
SYN-ADV-04833,1337.03,1,0.07,0,0,0,0,1842,1,0,2,0,14.2,0,0
SYN-ADV-04834,27283.24,1,0.36,1,1,1,0,1988,1,0,7,1,52.8,1,1
SYN-ADV-04835,2727.92,2,0.01,0,0,0,0,294,1,0,2,0,12.5,0,0
SYN-ADV-04836,908.03,2,0.14,0,0,0,0,378,1,0,2,0,7.4,0,0
SYN-ADV-04837,1649.29,2,0.11,0,0,0,0,671,1,0,1,0,9.1,0,0
SYN-ADV-04838,25.0,1,0.1,1,1,1,1,5,0,1,1,0,23.5,1,1
SYN-ADV-04839,1572.89,1,0.18,0,0,0,0,1684,1,0,1,0,5.7,0,0
SYN-ADV-04840,4061.74,1,0.08,0,0,0,0,263,1,0,1,0,13.4,0,0
SYN-ADV-04841,1976.34,2,0.03,0,0,0,0,1936,1,0,2,0,6.0,0,0
SYN-ADV-04842,500.0,2,0.18,1,1,1,1,24,0,0,6,2,90.2,1,1
SYN-ADV-04843,1016.46,2,0.11,0,0,0,0,1353,1,0,1,0,10.8,0,0
SYN-ADV-04844,3196.8,2,0.07,0,0,0,0,23,1,1,8,2,69.5,0,1
SYN-ADV-04845,2845.02,3,0.08,0,0,0,1,82,1,1,8,1,80.1,1,1
SYN-ADV-04846,206.32,1,0.04,0,0,0,0,383,1,0,2,0,5.4,0,0
SYN-ADV-04847,1334.58,3,0.28,0,0,0,0,14,0,1,7,2,70.8,1,1
SYN-ADV-04848,12867.04,3,0.39,0,0,0,0,717,1,0,5,0,46.0,0,0
SYN-ADV-04849,11680.64,2,0.15,0,0,1,0,11,0,1,8,1,80.4,1,1
SYN-ADV-04850,1710.59,1,0.01,0,0,0,0,1213,1,0,1,0,2.0,0,0
SYN-ADV-04851,17322.1,2,0.26,0,0,0,0,586,1,0,9,0,40.6,0,0
SYN-ADV-04852,1393.03,1,0.02,0,0,0,0,980,1,0,1,0,7.9,0,0
SYN-ADV-04853,25000.0,2,0.77,1,1,0,1,25,0,1,11,2,74.5,1,1
SYN-ADV-04854,267.35,1,0.2,0,0,0,0,443,1,0,2,0,2.0,0,0
SYN-ADV-04855,696.31,1,0.1,0,0,0,0,749,1,0,1,0,12.8,0,0
SYN-ADV-04856,1478.95,2,0.17,0,0,0,0,833,1,0,2,0,4.8,0,0
SYN-ADV-04857,1065.84,1,0.07,0,0,0,0,886,1,0,2,0,4.6,0,0
SYN-ADV-04858,1294.89,2,0.13,0,0,0,0,1303,1,0,2,0,6.6,0,0
SYN-ADV-04859,25.0,1,0.16,1,0,1,0,9,0,1,1,0,18.7,1,1
SYN-ADV-04860,23922.48,2,0.27,1,1,0,1,1590,1,0,3,0,45.8,1,1
SYN-ADV-04861,44059.98,3,0.26,1,0,1,0,74,0,0,4,0,28.9,0,0
SYN-ADV-04862,4500.0,5,0.52,1,1,1,1,27,1,1,6,3,79.2,1,1
SYN-ADV-04863,28811.81,4,0.39,0,0,0,0,1161,1,0,5,0,33.2,0,0
SYN-ADV-04864,13660.98,3,0.39,1,1,1,1,2479,1,0,4,1,61.6,0,1
SYN-ADV-04865,1581.62,2,0.15,0,0,0,0,290,1,0,2,0,10.5,0,0
SYN-ADV-04866,1606.95,1,0.12,0,0,0,0,292,1,0,2,0,7.9,0,0
SYN-ADV-04867,1500.0,1,0.06,1,1,1,1,6,0,1,1,0,27.1,1,1
SYN-ADV-04868,149.55,2,0.08,0,0,0,0,1730,1,0,2,0,8.5,0,0
SYN-ADV-04869,3865.29,2,0.09,0,0,0,0,254,1,0,1,0,3.4,0,0
SYN-ADV-04870,49970.08,3,0.56,1,1,0,0,195,1,0,4,0,16.3,0,0
SYN-ADV-04871,50.0,4,0.19,1,1,1,0,12,0,1,5,3,89.8,1,1
SYN-ADV-04872,1361.51,1,0.17,0,0,0,0,2381,1,0,2,0,8.3,0,0
SYN-ADV-04873,10391.52,2,0.38,0,0,0,0,724,1,0,6,0,29.3,0,0
SYN-ADV-04874,25000.0,6,0.12,1,0,1,1,25,0,1,12,3,85.8,1,1
SYN-ADV-04875,3322.49,2,0.18,0,0,0,0,751,1,0,1,0,10.8,0,0
SYN-ADV-04876,10.0,4,0.69,1,0,1,1,27,0,0,7,4,80.3,0,1
SYN-ADV-04877,4807.16,2,0.08,0,0,0,0,1559,1,0,2,0,9.2,0,0
SYN-ADV-04878,75144.11,4,0.26,0,0,1,0,289,1,0,4,0,18.8,0,0
SYN-ADV-04879,119.01,1,0.05,0,0,0,0,410,1,0,1,0,4.3,0,0
SYN-ADV-04880,436.05,2,0.13,0,0,0,0,1594,1,0,1,0,5.1,0,0
SYN-ADV-04881,19065.75,2,0.28,0,0,0,0,830,1,0,9,0,28.0,0,0
SYN-ADV-04882,1926.24,2,0.17,0,0,0,0,1475,1,0,2,0,2.5,0,0
SYN-ADV-04883,2051.06,1,0.13,0,0,0,0,248,1,0,2,0,34.2,0,0
SYN-ADV-04884,333.45,1,0.05,0,0,0,0,2005,1,0,2,0,10.5,0,0
SYN-ADV-04885,3595.32,2,0.04,0,0,0,0,2348,1,0,1,0,10.6,0,0
SYN-ADV-04886,472.39,3,0.1,0,0,1,0,68,1,0,9,1,66.9,1,1
SYN-ADV-04887,1500.0,1,0.09,1,1,1,1,14,0,1,1,0,16.6,1,1
SYN-ADV-04888,27301.04,3,0.42,1,0,1,0,2276,1,0,5,1,75.0,1,1
SYN-ADV-04889,3922.64,2,0.18,0,0,0,0,294,1,0,3,0,14.1,0,0
SYN-ADV-04890,25000.0,7,0.46,1,1,1,1,4,0,1,11,3,75.6,1,1
SYN-ADV-04891,3188.69,1,0.13,0,0,0,0,313,1,0,2,0,4.5,0,0
SYN-ADV-04892,44688.03,1,0.32,1,1,1,0,2337,1,0,7,0,54.1,1,1
SYN-ADV-04893,124.6,2,0.09,0,0,0,0,1514,1,0,2,0,9.3,0,0
SYN-ADV-04894,603.47,1,0.09,0,0,0,0,570,1,0,1,0,2.5,0,0
SYN-ADV-04895,2364.9,1,0.05,0,0,0,0,296,1,0,3,0,14.8,0,0
SYN-ADV-04896,941.69,2,0.07,0,0,0,0,906,1,0,1,0,4.3,0,0
SYN-ADV-04897,46306.56,3,0.37,1,0,0,0,241,0,0,4,0,20.2,0,0
SYN-ADV-04898,1014.59,2,0.12,0,0,0,0,2306,1,0,2,0,4.6,0,0
SYN-ADV-04899,9376.81,3,0.29,1,0,1,0,83,1,0,3,0,10.1,0,0
SYN-ADV-04900,10053.52,3,0.18,0,0,0,0,392,1,0,7,0,39.0,0,0
SYN-ADV-04901,1500.0,1,0.19,1,1,1,1,7,0,1,1,0,26.0,1,1
SYN-ADV-04902,80408.53,2,0.57,1,1,0,0,90,1,0,4,0,31.0,0,0
SYN-ADV-04903,4386.96,1,0.1,0,0,0,0,1010,1,0,2,0,14.0,0,0
SYN-ADV-04904,2250.3,2,0.15,0,0,0,0,1477,1,0,2,0,4.2,0,0
SYN-ADV-04905,50.0,8,0.64,1,1,1,0,11,0,1,10,2,73.0,1,1
SYN-ADV-04906,5291.28,1,0.35,0,0,0,1,56,0,0,5,2,73.4,1,1
SYN-ADV-04907,10.0,1,0.11,1,1,1,0,11,0,1,1,0,15.6,1,1
SYN-ADV-04908,892.89,2,0.06,0,0,0,0,1718,1,0,1,0,8.8,0,0
SYN-ADV-04909,100.0,1,0.18,1,1,1,0,10,0,1,1,0,24.0,1,1
SYN-ADV-04910,14186.11,4,0.39,0,0,0,0,1025,1,0,6,0,45.4,0,0
SYN-ADV-04911,25000.0,7,0.83,1,1,1,1,12,0,0,10,1,74.3,1,1
SYN-ADV-04912,9037.13,2,0.25,0,0,0,0,76,0,1,9,1,79.8,1,1
SYN-ADV-04913,2610.38,2,0.17,0,0,0,0,745,1,0,1,0,4.6,0,0
SYN-ADV-04914,3332.69,2,0.16,1,0,1,0,2392,1,0,6,0,59.1,0,1
SYN-ADV-04915,581.27,1,0.08,0,0,0,0,1191,1,0,2,0,9.7,0,0
SYN-ADV-04916,68757.59,2,0.59,0,1,1,0,123,1,0,2,0,12.9,1,0
SYN-ADV-04917,1500.0,1,0.14,1,1,1,0,3,0,1,1,0,25.9,0,1
SYN-ADV-04918,7835.45,2,0.23,1,1,0,0,814,1,0,3,1,50.7,1,1
SYN-ADV-04919,18703.97,3,0.36,1,1,0,0,295,1,0,4,0,30.5,0,0
SYN-ADV-04920,53333.29,5,0.3,0,0,1,0,188,0,0,4,0,21.4,0,0
SYN-ADV-04921,35068.06,2,0.61,1,0,0,0,277,1,0,3,0,14.7,1,0
SYN-ADV-04922,25000.0,3,0.1,1,1,1,0,10,0,1,8,1,87.9,1,1
SYN-ADV-04923,26031.1,3,0.12,0,0,0,0,943,1,0,6,0,32.0,0,0
SYN-ADV-04924,471.56,2,0.07,0,0,0,0,2127,1,0,2,0,13.2,0,0
SYN-ADV-04925,50.0,7,0.33,0,1,1,1,8,0,0,8,2,83.5,1,1
SYN-ADV-04926,42338.26,3,0.23,1,1,0,1,1693,1,0,3,0,70.9,1,1
SYN-ADV-04927,30173.14,4,0.31,0,0,0,0,464,1,0,7,0,22.1,0,0
SYN-ADV-04928,2092.8,1,0.05,0,0,0,0,834,1,0,2,0,12.5,0,0
SYN-ADV-04929,984.56,1,0.11,0,0,0,0,1103,1,0,1,0,13.8,0,0
SYN-ADV-04930,1872.57,2,0.12,0,0,0,0,110,1,0,2,0,17.1,0,0
SYN-ADV-04931,100.0,1,0.19,1,1,1,0,14,0,1,1,0,15.9,1,1
SYN-ADV-04932,1059.05,2,0.16,0,0,0,0,526,1,0,1,0,6.4,0,0
SYN-ADV-04933,805.33,2,0.07,0,0,0,0,2175,1,0,2,0,9.4,0,0
SYN-ADV-04934,25.0,1,0.08,1,1,1,0,4,0,1,1,0,10.4,1,1
SYN-ADV-04935,30904.24,2,0.27,0,0,0,0,797,1,0,7,0,34.1,0,0
SYN-ADV-04936,4500.0,4,0.45,1,1,1,1,20,0,1,11,3,72.9,1,1
SYN-ADV-04937,854.62,1,0.13,0,0,0,0,368,1,1,2,0,29.6,0,0
SYN-ADV-04938,58439.29,4,0.61,1,1,0,0,233,1,0,3,0,13.9,0,0
SYN-ADV-04939,19892.7,4,0.35,0,1,0,0,2394,1,0,5,0,67.2,1,1
SYN-ADV-04940,1408.57,1,0.06,0,0,0,0,1937,1,0,2,0,4.2,0,0
SYN-ADV-04941,34806.91,2,0.59,1,1,1,0,1160,1,0,4,0,64.0,1,1
SYN-ADV-04942,39278.73,2,0.37,1,0,0,1,945,1,0,3,1,55.1,0,1
SYN-ADV-04943,306.13,1,0.13,0,0,0,0,323,1,0,2,0,5.1,0,0
SYN-ADV-04944,5035.97,2,0.15,0,0,0,0,552,1,0,6,0,40.7,0,0
SYN-ADV-04945,225.76,2,0.12,0,0,0,0,1353,1,0,2,0,9.1,0,0
SYN-ADV-04946,1500.0,1,0.13,1,1,1,1,15,0,1,1,0,31.7,1,1
SYN-ADV-04947,3737.85,2,0.14,0,0,0,0,406,1,1,2,0,14.8,1,0
SYN-ADV-04948,1591.97,1,0.11,0,0,0,0,340,1,0,2,0,14.9,0,0
SYN-ADV-04949,233.44,1,0.01,0,0,0,0,1249,1,0,1,0,12.7,0,0
SYN-ADV-04950,194.2,1,0.09,0,0,0,0,987,1,0,1,0,11.5,0,0
SYN-ADV-04951,4604.07,1,0.25,0,0,0,0,175,1,0,3,0,19.5,0,0
SYN-ADV-04952,10.0,2,0.44,1,1,0,1,28,0,1,8,1,80.0,1,1
SYN-ADV-04953,797.92,2,0.02,0,0,0,0,1900,1,0,1,0,12.0,0,0
SYN-ADV-04954,2389.65,2,0.13,0,0,0,0,1294,1,0,1,0,5.4,0,0
SYN-ADV-04955,42269.65,3,0.33,1,1,0,0,1671,1,0,3,0,47.0,0,1
SYN-ADV-04956,481.34,1,0.03,0,0,0,0,1571,1,0,1,0,3.5,0,0
SYN-ADV-04957,254.29,2,0.04,0,0,0,0,2128,1,0,1,0,5.3,0,0
SYN-ADV-04958,54306.95,4,0.29,1,0,0,0,211,1,0,3,0,31.0,0,0
SYN-ADV-04959,15315.47,2,0.2,1,1,1,1,998,1,0,3,1,54.7,1,1
SYN-ADV-04960,29494.58,3,0.37,1,0,0,0,62,1,0,3,0,24.8,1,0
SYN-ADV-04961,1305.13,1,0.11,0,0,0,0,80,1,0,2,0,32.3,0,0
SYN-ADV-04962,672.26,2,0.2,0,0,0,0,43,1,0,2,0,16.3,0,0
SYN-ADV-04963,4719.17,1,0.25,0,0,0,0,330,1,0,2,0,25.4,0,0
SYN-ADV-04964,226.59,1,0.07,0,0,0,0,1252,1,0,1,0,12.4,0,0
SYN-ADV-04965,50.0,4,0.63,1,1,1,0,18,0,0,11,4,90.5,1,1
SYN-ADV-04966,31058.62,2,0.2,0,0,0,0,1155,1,0,6,0,35.8,0,0
SYN-ADV-04967,3554.43,2,0.05,0,0,0,0,168,1,0,3,0,24.2,0,0
SYN-ADV-04968,666.21,2,0.19,0,0,0,1,10,0,0,6,1,76.6,0,1
SYN-ADV-04969,599.57,1,0.06,0,0,0,0,420,1,0,2,0,13.4,1,0
SYN-ADV-04970,20303.85,1,0.52,1,1,1,0,1009,1,0,7,0,54.8,1,1
SYN-ADV-04971,4500.0,2,0.76,1,0,0,1,6,1,0,5,3,72.0,1,1
SYN-ADV-04972,26207.4,4,0.33,1,0,1,0,1168,1,0,4,1,62.5,1,1
SYN-ADV-04973,1192.49,2,0.08,0,0,0,0,1856,1,0,2,0,7.6,0,0
SYN-ADV-04974,977.07,2,0.08,0,0,0,0,2355,1,0,1,0,10.4,0,0
SYN-ADV-04975,78716.64,2,0.47,1,0,1,0,69,1,0,4,0,26.8,0,0
SYN-ADV-04976,34223.14,3,0.37,0,0,0,0,1130,1,0,7,0,28.7,0,0
SYN-ADV-04977,100.0,1,0.16,1,1,1,1,6,0,1,1,0,10.3,1,1
SYN-ADV-04978,2582.44,1,0.09,0,0,0,0,577,1,0,1,0,11.9,0,0
SYN-ADV-04979,3761.48,2,0.16,0,0,0,0,304,1,0,3,0,27.9,1,0
SYN-ADV-04980,1153.72,1,0.1,0,0,0,0,1343,1,0,1,0,14.7,0,0
SYN-ADV-04981,87.31,2,0.09,0,0,0,0,1721,1,0,1,0,14.6,0,0
SYN-ADV-04982,68216.9,4,0.33,1,0,1,0,98,1,0,3,0,17.8,0,0
SYN-ADV-04983,31526.83,4,0.2,0,0,0,0,913,1,0,9,0,26.9,0,0
SYN-ADV-04984,2525.27,1,0.18,0,0,0,0,441,1,0,1,0,7.5,0,0
SYN-ADV-04985,10029.5,2,0.18,0,0,0,0,57,1,0,6,1,85.4,1,1
SYN-ADV-04986,3529.38,2,0.06,0,0,0,0,759,1,0,2,0,2.0,0,0
SYN-ADV-04987,10.0,5,0.51,1,1,1,1,30,0,1,7,1,83.1,1,1
SYN-ADV-04988,5712.41,4,0.15,1,1,1,0,1765,1,0,7,0,55.6,0,1
SYN-ADV-04989,82.31,1,0.1,0,0,0,0,1823,1,0,2,0,6.1,0,0
SYN-ADV-04990,8838.09,3,0.56,1,0,0,0,249,1,0,3,0,31.1,1,0
SYN-ADV-04991,459.16,2,0.14,0,0,0,0,2018,1,0,1,0,7.6,0,0
SYN-ADV-04992,500.0,8,0.59,1,1,1,1,30,0,1,11,3,87.9,1,1
SYN-ADV-04993,61583.25,4,0.4,1,0,1,0,156,1,0,4,0,22.9,0,0
SYN-ADV-04994,2474.0,1,0.11,0,0,0,0,921,1,0,1,0,9.0,0,0
SYN-ADV-04995,333.84,2,0.03,0,0,0,0,1444,1,0,2,0,5.3,0,0
SYN-ADV-04996,1009.97,1,0.14,0,0,0,0,2007,1,0,1,0,6.9,0,0
SYN-ADV-04997,595.07,1,0.13,0,0,0,0,453,1,0,2,0,7.7,0,0
SYN-ADV-04998,4304.2,3,0.19,0,0,0,0,37,0,0,9,2,69.1,1,1
SYN-ADV-04999,500.0,6,0.22,1,0,1,0,12,0,0,6,3,73.5,0,1
SYN-ADV-05000,3134.27,1,0.15,0,0,0,0,1946,1,0,2,0,7.2,0,0
